age,sex,score_text,priors_count.1,days_b_screening_arrest,is_recid,age_cat,v_score_text,priors_count,juv_misd_count,juv_other_count,juv_fel_count,is_violent_recid,race
-0.8302468421979533,0.4870285058378622,-0.8382842205939496,0.10563880253243754,-0.06589759600423688,1.034871877633807,-0.8024484737087255,-0.2544884306547635,0.10563880253243754,-0.18935256184712382,-0.21303769768270914,-0.1401098514754074,2.792161751651698,-0.8659042062818543
0.18190623281541937,0.4870285058378622,1.7276430481413345,2.564510784028913,-0.06589759600423688,1.034871877633807,-0.8024484737087255,-0.2544884306547635,2.564510784028913,-0.18935256184712382,-0.21303769768270914,-0.1401098514754074,2.792161751651698,-0.8659042062818543
-0.7459007526135056,0.4870285058378622,0.4446794137736925,0.5154507994485168,-0.15915711058832824,-0.966303193286565,-0.8024484737087255,-0.2544884306547635,0.5154507994485168,2.103311910014095,-0.21303769768270914,-0.1401098514754074,-0.358145440323592,-0.8659042062818543
-0.32417030469126695,0.4870285058378622,-0.8382842205939496,-0.713985191299721,-0.06589759600423688,-0.966303193286565,-0.8024484737087255,-0.2544884306547635,-0.713985191299721,-0.18935256184712382,-0.21303769768270914,-0.1401098514754074,-0.358145440323592,2.6885269624312205
-1.251977290120192,0.4870285058378622,1.7276430481413345,-0.5090791928416813,-0.6787458346996944,1.034871877633807,1.672543794926189,-2.0219053307591675,-0.5090791928416813,-0.18935256184712382,1.7533742503977268,1.8868661946544836,-0.358145440323592,-0.8659042062818543
-0.6615546630290579,0.4870285058378622,-0.8382842205939496,-0.5090791928416813,-0.05257480820650953,1.034871877633807,-0.8024484737087255,-0.2544884306547635,-0.5090791928416813,-0.18935256184712382,-0.21303769768270914,-0.1401098514754074,-0.358145440323592,-0.8659042062818543
1.7844819349199261,0.4870285058378622,1.7276430481413345,0.9252627963645961,0.840051974241222,-0.966303193286565,0.4350476606087318,-0.2544884306547635,0.9252627963645961,-0.18935256184712382,-0.21303769768270914,-0.1401098514754074,-0.358145440323592,-0.8659042062818543
2.037520203673269,0.4870285058378622,-0.8382842205939496,-0.713985191299721,-0.05257480820650953,-0.966303193286565,0.4350476606087318,-0.2544884306547635,-0.713985191299721,-0.18935256184712382,-0.21303769768270914,-0.1401098514754074,-0.358145440323592,0.5558682612033757
-0.4085163942757147,0.4870285058378622,1.7276430481413345,2.3596047855708737,-0.06589759600423688,1.034871877633807,-0.8024484737087255,-2.0219053307591675,2.3596047855708737,-0.18935256184712382,-0.21303769768270914,-0.1401098514754074,-0.358145440323592,-0.8659042062818543
1.3627514869976876,-2.053267905293714,0.4446794137736925,0.7203567979065565,-2.1442524924497013,-0.966303193286565,0.4350476606087318,-0.2544884306547635,0.7203567979065565,-0.18935256184712382,-0.21303769768270914,-0.1401098514754074,-0.358145440323592,0.5558682612033757
1.3627514869976876,0.4870285058378622,-0.8382842205939496,-0.5090791928416813,-0.06589759600423688,1.034871877633807,0.4350476606087318,-0.2544884306547635,-0.5090791928416813,-0.18935256184712382,-0.21303769768270914,-0.1401098514754074,-0.358145440323592,-0.1550179725392393
0.6879827703221058,0.4870285058378622,-0.8382842205939496,-0.5090791928416813,-0.09254317159969154,-0.966303193286565,-0.8024484737087255,-0.2544884306547635,-0.5090791928416813,-0.18935256184712382,-0.21303769768270914,-0.1401098514754074,-0.358145440323592,2.6885269624312205
-0.15547812552237153,-2.053267905293714,1.7276430481413345,-0.713985191299721,-0.06589759600423688,1.034871877633807,-0.8024484737087255,1.5129284694496405,-0.713985191299721,-0.18935256184712382,-0.21303769768270914,-0.1401098514754074,-0.358145440323592,-0.8659042062818543
-0.23982421510681926,0.4870285058378622,0.4446794137736925,0.5154507994485168,-0.00854614825704895,-0.966303193286565,-0.8024484737087255,1.5129284694496405,0.5154507994485168,-0.18935256184712382,-0.21303769768270914,-0.1401098514754074,-0.358145440323592,-0.8659042062818543
-0.07113203593792379,0.4870285058378622,0.4446794137736925,0.7203567979065565,-0.05257480820650953,1.034871877633807,-0.8024484737087255,-0.2544884306547635,0.7203567979065565,-0.18935256184712382,-0.21303769768270914,-0.1401098514754074,-0.358145440323592,-0.8659042062818543
-1.1676312005357443,0.4870285058378622,-0.8382842205939496,-0.5090791928416813,-0.19912547398151023,-0.966303193286565,1.672543794926189,1.5129284694496405,-0.5090791928416813,-0.18935256184712382,-0.21303769768270914,-0.1401098514754074,-0.358145440323592,0.5558682612033757
-1.1676312005357443,0.4870285058378622,-0.8382842205939496,-0.713985191299721,-0.06589759600423688,-0.966303193286565,1.672543794926189,1.5129284694496405,-0.713985191299721,-0.18935256184712382,-0.21303769768270914,-0.1401098514754074,-0.358145440323592,0.5558682612033757
-0.7459007526135056,0.4870285058378622,1.7276430481413345,0.9252627963645961,-0.06589759600423688,1.034871877633807,-0.8024484737087255,1.5129284694496405,0.9252627963645961,6.688640853736533,-0.21303769768270914,-0.1401098514754074,2.792161751651698,0.5558682612033757
0.603636680737658,-2.053267905293714,-0.8382842205939496,-0.713985191299721,-0.05257480820650953,-0.966303193286565,-0.8024484737087255,-0.2544884306547635,-0.713985191299721,-0.18935256184712382,-0.21303769768270914,-0.1401098514754074,-0.358145440323592,-0.8659042062818543
2.796635009933299,0.4870285058378622,-0.8382842205939496,-0.713985191299721,-0.09254317159969154,-0.966303193286565,0.4350476606087318,-0.2544884306547635,-0.713985191299721,-0.18935256184712382,-0.21303769768270914,-0.1401098514754074,-0.358145440323592,1.2667544949459906
-0.5772085734446102,0.4870285058378622,0.4446794137736925,0.7203567979065565,-0.06589759600423688,1.034871877633807,-0.8024484737087255,1.5129284694496405,0.7203567979065565,-0.18935256184712382,-0.21303769768270914,-0.1401098514754074,2.792161751651698,-0.8659042062818543
-0.6615546630290579,0.4870285058378622,-0.8382842205939496,-0.5090791928416813,-0.06589759600423688,-0.966303193286565,-0.8024484737087255,-0.2544884306547635,-0.5090791928416813,-0.18935256184712382,-0.21303769768270914,-0.1401098514754074,-0.358145440323592,0.5558682612033757
-0.9145929317824011,0.4870285058378622,-0.8382842205939496,-0.5090791928416813,-0.06589759600423688,1.034871877633807,1.672543794926189,-0.2544884306547635,-0.5090791928416813,-0.18935256184712382,-0.21303769768270914,-0.1401098514754074,-0.358145440323592,-0.8659042062818543
-0.9145929317824011,0.4870285058378622,0.4446794137736925,-0.5090791928416813,-0.06589759600423688,-0.966303193286565,1.672543794926189,1.5129284694496405,-0.5090791928416813,2.103311910014095,-0.21303769768270914,-0.1401098514754074,-0.358145440323592,-0.8659042062818543
0.9410210390754489,0.4870285058378622,1.7276430481413345,-0.30417319438364177,-0.06589759600423688,-0.966303193286565,0.4350476606087318,-0.2544884306547635,-0.30417319438364177,-0.18935256184712382,-0.21303769768270914,-0.1401098514754074,-0.358145440323592,-0.8659042062818543
-0.32417030469126695,0.4870285058378622,-0.8382842205939496,-0.5090791928416813,-0.06589759600423688,-0.966303193286565,-0.8024484737087255,-0.2544884306547635,-0.5090791928416813,-0.18935256184712382,-0.21303769768270914,-0.1401098514754074,-0.358145440323592,-0.8659042062818543
-0.4928624838601624,0.4870285058378622,0.4446794137736925,-0.0992671959256021,-0.06589759600423688,-0.966303193286565,-0.8024484737087255,-0.2544884306547635,-0.0992671959256021,-0.18935256184712382,-0.21303769768270914,-0.1401098514754074,-0.358145440323592,2.6885269624312205
0.9410210390754489,0.4870285058378622,-0.8382842205939496,0.10563880253243754,-0.05257480820650953,-0.966303193286565,0.4350476606087318,-0.2544884306547635,0.10563880253243754,-0.18935256184712382,-0.21303769768270914,-0.1401098514754074,-0.358145440323592,0.5558682612033757
2.6279428307644035,0.4870285058378622,-0.8382842205939496,-0.713985191299721,-0.05257480820650953,1.034871877633807,0.4350476606087318,-0.2544884306547635,-0.713985191299721,-0.18935256184712382,-0.21303769768270914,-0.1401098514754074,-0.358145440323592,0.5558682612033757
-0.7459007526135056,0.4870285058378622,-0.8382842205939496,-0.713985191299721,-0.06589759600423688,-0.966303193286565,-0.8024484737087255,-0.2544884306547635,-0.713985191299721,-0.18935256184712382,-0.21303769768270914,-0.1401098514754074,-0.358145440323592,0.5558682612033757
0.35059841198431485,0.4870285058378622,-0.8382842205939496,-0.713985191299721,-0.09254317159969154,1.034871877633807,-0.8024484737087255,-0.2544884306547635,-0.713985191299721,-0.18935256184712382,-0.21303769768270914,-0.1401098514754074,-0.358145440323592,0.5558682612033757
-1.0832851109512964,0.4870285058378622,-0.8382842205939496,-0.713985191299721,-0.00854614825704895,1.034871877633807,1.672543794926189,-0.2544884306547635,-0.713985191299721,-0.18935256184712382,3.719786198478163,-0.1401098514754074,-0.358145440323592,1.9776407286886057
-0.5772085734446102,0.4870285058378622,-0.8382842205939496,-0.713985191299721,-0.05257480820650953,-0.966303193286565,-0.8024484737087255,-0.2544884306547635,-0.713985191299721,-0.18935256184712382,-0.21303769768270914,-0.1401098514754074,-0.358145440323592,0.5558682612033757
-0.9145929317824011,0.4870285058378622,-0.8382842205939496,-0.713985191299721,7.474800297509437,1.034871877633807,1.672543794926189,-0.2544884306547635,-0.713985191299721,-0.18935256184712382,-0.21303769768270914,-0.1401098514754074,-0.358145440323592,1.2667544949459906
-0.9145929317824011,-2.053267905293714,0.4446794137736925,-0.30417319438364177,-0.06589759600423688,1.034871877633807,1.672543794926189,-0.2544884306547635,-0.30417319438364177,-0.18935256184712382,-0.21303769768270914,-0.1401098514754074,-0.358145440323592,-0.8659042062818543
-0.5772085734446102,0.4870285058378622,-0.8382842205939496,-0.30417319438364177,-0.06589759600423688,-0.966303193286565,-0.8024484737087255,-0.2544884306547635,-0.30417319438364177,-0.18935256184712382,-0.21303769768270914,-0.1401098514754074,-0.358145440323592,2.6885269624312205
-0.4928624838601624,0.4870285058378622,0.4446794137736925,1.3350747932806755,-0.05257480820650953,1.034871877633807,-0.8024484737087255,1.5129284694496405,1.3350747932806755,-0.18935256184712382,-0.21303769768270914,-0.1401098514754074,-0.358145440323592,-0.8659042062818543
1.8688280245043738,0.4870285058378622,-0.8382842205939496,1.1301687948226358,-0.06589759600423688,1.034871877633807,0.4350476606087318,-0.2544884306547635,1.1301687948226358,-0.18935256184712382,-0.21303769768270914,-0.1401098514754074,-0.358145440323592,0.5558682612033757
-1.0832851109512964,0.4870285058378622,0.4446794137736925,-0.5090791928416813,-0.06589759600423688,-0.966303193286565,1.672543794926189,1.5129284694496405,-0.5090791928416813,2.103311910014095,3.719786198478163,-0.1401098514754074,-0.358145440323592,-0.8659042062818543
-0.6615546630290579,0.4870285058378622,0.4446794137736925,-0.5090791928416813,-0.06589759600423688,-0.966303193286565,-0.8024484737087255,-0.2544884306547635,-0.5090791928416813,-0.18935256184712382,-0.21303769768270914,-0.1401098514754074,-0.358145440323592,-0.8659042062818543
-0.9145929317824011,-2.053267905293714,-0.8382842205939496,-0.713985191299721,-0.06589759600423688,-0.966303193286565,1.672543794926189,-0.2544884306547635,-0.713985191299721,-0.18935256184712382,-0.21303769768270914,-0.1401098514754074,-0.358145440323592,2.6885269624312205
-1.0832851109512964,-2.053267905293714,0.4446794137736925,-0.30417319438364177,0.60024179388213,1.034871877633807,1.672543794926189,-0.2544884306547635,-0.30417319438364177,-0.18935256184712382,-0.21303769768270914,-0.1401098514754074,-0.358145440323592,1.2667544949459906
-1.1676312005357443,-2.053267905293714,0.4446794137736925,-0.713985191299721,-0.10586595939741889,1.034871877633807,1.672543794926189,1.5129284694496405,-0.713985191299721,-0.18935256184712382,-0.21303769768270914,-0.1401098514754074,-0.358145440323592,-0.8659042062818543
-0.8302468421979533,-2.053267905293714,-0.8382842205939496,-0.30417319438364177,-0.06589759600423688,-0.966303193286565,-0.8024484737087255,-0.2544884306547635,-0.30417319438364177,-0.18935256184712382,-0.21303769768270914,-0.1401098514754074,-0.358145440323592,-0.8659042062818543
-0.5772085734446102,-2.053267905293714,1.7276430481413345,-0.713985191299721,-0.00854614825704895,1.034871877633807,-0.8024484737087255,-0.2544884306547635,-0.713985191299721,-0.18935256184712382,-0.21303769768270914,-0.1401098514754074,-0.358145440323592,-0.8659042062818543
-1.251977290120192,0.4870285058378622,1.7276430481413345,-0.5090791928416813,5.636255581423063,1.034871877633807,1.672543794926189,-2.0219053307591675,-0.5090791928416813,-0.18935256184712382,-0.21303769768270914,1.8868661946544836,-0.358145440323592,-0.8659042062818543
0.2662523223998671,-2.053267905293714,0.4446794137736925,-0.5090791928416813,-0.06589759600423688,1.034871877633807,-0.8024484737087255,-0.2544884306547635,-0.5090791928416813,-0.18935256184712382,-0.21303769768270914,-0.1401098514754074,2.792161751651698,0.5558682612033757
0.013214053646523933,0.4870285058378622,0.4446794137736925,0.7203567979065565,-0.05257480820650953,-0.966303193286565,-0.8024484737087255,-0.2544884306547635,0.7203567979065565,-0.18935256184712382,-0.21303769768270914,-0.1401098514754074,-0.358145440323592,1.2667544949459906
-0.4928624838601624,0.4870285058378622,-0.8382842205939496,-0.713985191299721,-0.06589759600423688,-0.966303193286565,-0.8024484737087255,-0.2544884306547635,-0.713985191299721,-0.18935256184712382,-0.21303769768270914,-0.1401098514754074,-0.358145440323592,0.5558682612033757
-0.23982421510681926,0.4870285058378622,0.4446794137736925,-0.30417319438364177,-0.06589759600423688,-0.966303193286565,-0.8024484737087255,-0.2544884306547635,-0.30417319438364177,-0.18935256184712382,-0.21303769768270914,-0.1401098514754074,-0.358145440323592,-0.8659042062818543
-0.9145929317824011,-2.053267905293714,0.4446794137736925,-0.5090791928416813,-0.06589759600423688,-0.966303193286565,1.672543794926189,1.5129284694496405,-0.5090791928416813,-0.18935256184712382,-0.21303769768270914,-0.1401098514754074,-0.358145440323592,0.5558682612033757
1.6157897557510308,-2.053267905293714,-0.8382842205939496,-0.5090791928416813,-0.10586595939741889,-0.966303193286565,0.4350476606087318,-0.2544884306547635,-0.5090791928416813,-0.18935256184712382,-0.21303769768270914,-0.1401098514754074,-0.358145440323592,0.5558682612033757
1.194059307828792,0.4870285058378622,-0.8382842205939496,1.9497927886547946,-0.06589759600423688,-0.966303193286565,0.4350476606087318,-0.2544884306547635,1.9497927886547946,-0.18935256184712382,-0.21303769768270914,3.913842240784374,-0.358145440323592,-0.8659042062818543
-0.9145929317824011,0.4870285058378622,1.7276430481413345,0.5154507994485168,-0.06589759600423688,1.034871877633807,1.672543794926189,-2.0219053307591675,0.5154507994485168,-0.18935256184712382,-0.21303769768270914,1.8868661946544836,-0.358145440323592,1.2667544949459906
0.35059841198431485,0.4870285058378622,-0.8382842205939496,-0.5090791928416813,-0.4389356543406023,-0.966303193286565,-0.8024484737087255,-0.2544884306547635,-0.5090791928416813,-0.18935256184712382,-0.21303769768270914,-0.1401098514754074,-0.358145440323592,0.5558682612033757
-0.23982421510681926,0.4870285058378622,0.4446794137736925,0.10563880253243754,-0.6787458346996944,-0.966303193286565,-0.8024484737087255,-0.2544884306547635,0.10563880253243754,-0.18935256184712382,-0.21303769768270914,-0.1401098514754074,-0.358145440323592,0.5558682612033757
-0.4085163942757147,0.4870285058378622,-0.8382842205939496,-0.0992671959256021,-0.06589759600423688,1.034871877633807,-0.8024484737087255,-0.2544884306547635,-0.0992671959256021,-0.18935256184712382,1.7533742503977268,-0.1401098514754074,-0.358145440323592,-0.8659042062818543
-0.23982421510681926,0.4870285058378622,1.7276430481413345,0.9252627963645961,-0.06589759600423688,-0.966303193286565,-0.8024484737087255,-0.2544884306547635,0.9252627963645961,-0.18935256184712382,1.7533742503977268,-0.1401098514754074,-0.358145440323592,-0.8659042062818543
0.6879827703221058,0.4870285058378622,-0.8382842205939496,-0.5090791928416813,-0.06589759600423688,1.034871877633807,-0.8024484737087255,-0.2544884306547635,-0.5090791928416813,-0.18935256184712382,-0.21303769768270914,-0.1401098514754074,-0.358145440323592,1.2667544949459906
-0.8302468421979533,0.4870285058378622,0.4446794137736925,-0.0992671959256021,-0.06589759600423688,1.034871877633807,-0.8024484737087255,-0.2544884306547635,-0.0992671959256021,-0.18935256184712382,-0.21303769768270914,-0.1401098514754074,-0.358145440323592,-0.8659042062818543
-0.4928624838601624,0.4870285058378622,-0.8382842205939496,-0.0992671959256021,-0.05257480820650953,1.034871877633807,-0.8024484737087255,-0.2544884306547635,-0.0992671959256021,-0.18935256184712382,-0.21303769768270914,-0.1401098514754074,-0.358145440323592,-0.8659042062818543
1.3627514869976876,0.4870285058378622,-0.8382842205939496,-0.713985191299721,-0.05257480820650953,-0.966303193286565,0.4350476606087318,-0.2544884306547635,-0.713985191299721,-0.18935256184712382,-0.21303769768270914,-0.1401098514754074,-0.358145440323592,0.5558682612033757
2.121866293257717,0.4870285058378622,-0.8382842205939496,-0.5090791928416813,-0.06589759600423688,1.034871877633807,0.4350476606087318,-0.2544884306547635,-0.5090791928416813,-0.18935256184712382,-0.21303769768270914,-0.1401098514754074,-0.358145440323592,2.6885269624312205
1.6157897557510308,0.4870285058378622,-0.8382842205939496,-0.713985191299721,-0.06589759600423688,-0.966303193286565,0.4350476606087318,-0.2544884306547635,-0.713985191299721,-0.18935256184712382,-0.21303769768270914,-0.1401098514754074,-0.358145440323592,0.5558682612033757
-0.4928624838601624,0.4870285058378622,0.4446794137736925,0.5154507994485168,-0.06589759600423688,1.034871877633807,-0.8024484737087255,1.5129284694496405,0.5154507994485168,-0.18935256184712382,-0.21303769768270914,-0.1401098514754074,2.792161751651698,-0.8659042062818543
-0.5772085734446102,0.4870285058378622,0.4446794137736925,0.3105448009904772,-0.06589759600423688,-0.966303193286565,-0.8024484737087255,1.5129284694496405,0.3105448009904772,-0.18935256184712382,1.7533742503977268,-0.1401098514754074,-0.358145440323592,-0.8659042062818543
-1.251977290120192,-2.053267905293714,0.4446794137736925,-0.713985191299721,-0.06589759600423688,1.034871877633807,1.672543794926189,1.5129284694496405,-0.713985191299721,-0.18935256184712382,-0.21303769768270914,-0.1401098514754074,-0.358145440323592,0.5558682612033757
-0.23982421510681926,0.4870285058378622,-0.8382842205939496,-0.5090791928416813,-0.05257480820650953,-0.966303193286565,-0.8024484737087255,-0.2544884306547635,-0.5090791928416813,-0.18935256184712382,-0.21303769768270914,-0.1401098514754074,-0.358145440323592,-0.8659042062818543
0.013214053646523933,-2.053267905293714,-0.8382842205939496,-0.713985191299721,-0.05257480820650953,-0.966303193286565,-0.8024484737087255,-0.2544884306547635,-0.713985191299721,-0.18935256184712382,-0.21303769768270914,-0.1401098514754074,-0.358145440323592,1.2667544949459906
-1.0832851109512964,-2.053267905293714,0.4446794137736925,-0.30417319438364177,-0.06589759600423688,-0.966303193286565,1.672543794926189,1.5129284694496405,-0.30417319438364177,-0.18935256184712382,-0.21303769768270914,-0.1401098514754074,-0.358145440323592,-0.8659042062818543
1.7001358453354785,0.4870285058378622,-0.8382842205939496,-0.713985191299721,-0.06589759600423688,-0.966303193286565,0.4350476606087318,-0.2544884306547635,-0.713985191299721,-0.18935256184712382,-0.21303769768270914,-0.1401098514754074,-0.358145440323592,1.2667544949459906
-0.15547812552237153,-2.053267905293714,0.4446794137736925,-0.0992671959256021,-0.07922038380196421,1.034871877633807,-0.8024484737087255,-0.2544884306547635,-0.0992671959256021,-0.18935256184712382,-0.21303769768270914,-0.1401098514754074,2.792161751651698,0.5558682612033757
-0.32417030469126695,-2.053267905293714,-0.8382842205939496,-0.5090791928416813,-0.3456761397565109,1.034871877633807,-0.8024484737087255,-0.2544884306547635,-0.5090791928416813,-0.18935256184712382,-0.21303769768270914,-0.1401098514754074,-0.358145440323592,0.5558682612033757
1.194059307828792,0.4870285058378622,-0.8382842205939496,-0.5090791928416813,-0.05257480820650953,-0.966303193286565,0.4350476606087318,-0.2544884306547635,-0.5090791928416813,-0.18935256184712382,-0.21303769768270914,-0.1401098514754074,-0.358145440323592,0.5558682612033757
-0.7459007526135056,0.4870285058378622,0.4446794137736925,-0.713985191299721,-0.06589759600423688,-0.966303193286565,-0.8024484737087255,1.5129284694496405,-0.713985191299721,-0.18935256184712382,-0.21303769768270914,-0.1401098514754074,-0.358145440323592,2.6885269624312205
-0.4928624838601624,0.4870285058378622,1.7276430481413345,2.3596047855708737,2.971698021877596,1.034871877633807,-0.8024484737087255,1.5129284694496405,2.3596047855708737,8.981305325597752,1.7533742503977268,-0.1401098514754074,2.792161751651698,-0.8659042062818543
0.4349445015687626,0.4870285058378622,-0.8382842205939496,0.3105448009904772,0.04068470637758183,1.034871877633807,-0.8024484737087255,-0.2544884306547635,0.3105448009904772,-0.18935256184712382,-0.21303769768270914,-0.1401098514754074,-0.358145440323592,0.5558682612033757
-0.4928624838601624,-2.053267905293714,-0.8382842205939496,-0.713985191299721,-0.06589759600423688,-0.966303193286565,-0.8024484737087255,-0.2544884306547635,-0.713985191299721,-0.18935256184712382,-0.21303769768270914,-0.1401098514754074,-0.358145440323592,2.6885269624312205
-1.0832851109512964,0.4870285058378622,1.7276430481413345,-0.713985191299721,-0.06589759600423688,1.034871877633807,1.672543794926189,1.5129284694496405,-0.713985191299721,-0.18935256184712382,1.7533742503977268,-0.1401098514754074,-0.358145440323592,-0.8659042062818543
-1.0832851109512964,0.4870285058378622,-0.8382842205939496,-0.5090791928416813,-0.06589759600423688,1.034871877633807,1.672543794926189,1.5129284694496405,-0.5090791928416813,-0.18935256184712382,-0.21303769768270914,-0.1401098514754074,-0.358145440323592,2.6885269624312205
-1.251977290120192,0.4870285058378622,-0.8382842205939496,-0.713985191299721,-0.06589759600423688,1.034871877633807,1.672543794926189,1.5129284694496405,-0.713985191299721,-0.18935256184712382,-0.21303769768270914,-0.1401098514754074,-0.358145440323592,2.6885269624312205
-0.8302468421979533,0.4870285058378622,0.4446794137736925,-0.713985191299721,-0.05257480820650953,-0.966303193286565,-0.8024484737087255,-0.2544884306547635,-0.713985191299721,-0.18935256184712382,-0.21303769768270914,-0.1401098514754074,-0.358145440323592,-0.8659042062818543
0.013214053646523933,0.4870285058378622,-0.8382842205939496,-0.713985191299721,-0.06589759600423688,-0.966303193286565,-0.8024484737087255,-0.2544884306547635,-0.713985191299721,-0.18935256184712382,-0.21303769768270914,-0.1401098514754074,-0.358145440323592,0.5558682612033757
1.2784053974132399,0.4870285058378622,-0.8382842205939496,1.3350747932806755,-0.06589759600423688,-0.966303193286565,0.4350476606087318,-0.2544884306547635,1.3350747932806755,-0.18935256184712382,-0.21303769768270914,-0.1401098514754074,-0.358145440323592,0.5558682612033757
-0.7459007526135056,-2.053267905293714,1.7276430481413345,0.10563880253243754,-0.06589759600423688,1.034871877633807,-0.8024484737087255,1.5129284694496405,0.10563880253243754,-0.18935256184712382,-0.21303769768270914,-0.1401098514754074,-0.358145440323592,-0.8659042062818543
-0.9989390213668488,0.4870285058378622,1.7276430481413345,0.3105448009904772,-0.00854614825704895,1.034871877633807,1.672543794926189,-2.0219053307591675,0.3105448009904772,6.688640853736533,-0.21303769768270914,-0.1401098514754074,-0.358145440323592,-0.8659042062818543
-1.251977290120192,0.4870285058378622,1.7276430481413345,-0.713985191299721,-0.06589759600423688,1.034871877633807,1.672543794926189,-2.0219053307591675,-0.713985191299721,-0.18935256184712382,-0.21303769768270914,-0.1401098514754074,2.792161751651698,-0.8659042062818543
-0.23982421510681926,0.4870285058378622,0.4446794137736925,1.3350747932806755,-0.06589759600423688,1.034871877633807,-0.8024484737087255,1.5129284694496405,1.3350747932806755,6.688640853736533,-0.21303769768270914,-0.1401098514754074,-0.358145440323592,-0.8659042062818543
-0.8302468421979533,0.4870285058378622,-0.8382842205939496,-0.713985191299721,-0.06589759600423688,1.034871877633807,-0.8024484737087255,1.5129284694496405,-0.713985191299721,-0.18935256184712382,-0.21303769768270914,-0.1401098514754074,-0.358145440323592,-0.8659042062818543
0.7723288599065534,0.4870285058378622,-0.8382842205939496,0.10563880253243754,-0.00854614825704895,-0.966303193286565,-0.8024484737087255,-0.2544884306547635,0.10563880253243754,-0.18935256184712382,-0.21303769768270914,-0.1401098514754074,-0.358145440323592,0.5558682612033757
-1.0832851109512964,0.4870285058378622,0.4446794137736925,-0.713985191299721,-0.05257480820650953,1.034871877633807,1.672543794926189,1.5129284694496405,-0.713985191299721,-0.18935256184712382,-0.21303769768270914,-0.1401098514754074,-0.358145440323592,-0.8659042062818543
-0.6615546630290579,0.4870285058378622,-0.8382842205939496,-0.713985191299721,-0.06589759600423688,1.034871877633807,-0.8024484737087255,-0.2544884306547635,-0.713985191299721,-0.18935256184712382,-0.21303769768270914,-0.1401098514754074,-0.358145440323592,0.5558682612033757
0.9410210390754489,0.4870285058378622,-0.8382842205939496,-0.0992671959256021,-0.06589759600423688,1.034871877633807,0.4350476606087318,-0.2544884306547635,-0.0992671959256021,-0.18935256184712382,-0.21303769768270914,-0.1401098514754074,-0.358145440323592,-0.8659042062818543
1.531443666166583,0.4870285058378622,0.4446794137736925,-0.5090791928416813,9.71302864752763,-0.966303193286565,0.4350476606087318,-0.2544884306547635,-0.5090791928416813,-0.18935256184712382,-0.21303769768270914,-0.1401098514754074,-0.358145440323592,2.6885269624312205
-0.8302468421979533,0.4870285058378622,0.4446794137736925,-0.30417319438364177,-0.06589759600423688,-0.966303193286565,-0.8024484737087255,1.5129284694496405,-0.30417319438364177,-0.18935256184712382,-0.21303769768270914,-0.1401098514754074,-0.358145440323592,0.5558682612033757
0.4349445015687626,-2.053267905293714,-0.8382842205939496,-0.713985191299721,-0.05257480820650953,-0.966303193286565,-0.8024484737087255,-0.2544884306547635,-0.713985191299721,-0.18935256184712382,-0.21303769768270914,-0.1401098514754074,-0.358145440323592,0.5558682612033757
-0.15547812552237153,-2.053267905293714,-0.8382842205939496,-0.0992671959256021,-0.06589759600423688,-0.966303193286565,-0.8024484737087255,-0.2544884306547635,-0.0992671959256021,-0.18935256184712382,-0.21303769768270914,-0.1401098514754074,-0.358145440323592,-0.8659042062818543
-0.6615546630290579,0.4870285058378622,1.7276430481413345,1.539980791738715,-0.06589759600423688,1.034871877633807,-0.8024484737087255,-2.0219053307591675,1.539980791738715,-0.18935256184712382,-0.21303769768270914,-0.1401098514754074,-0.358145440323592,-0.8659042062818543
-0.23982421510681926,0.4870285058378622,-0.8382842205939496,-0.0992671959256021,-0.06589759600423688,-0.966303193286565,-0.8024484737087255,1.5129284694496405,-0.0992671959256021,-0.18935256184712382,-0.21303769768270914,-0.1401098514754074,-0.358145440323592,-0.8659042062818543
-0.15547812552237153,0.4870285058378622,-0.8382842205939496,1.3350747932806755,-0.05257480820650953,-0.966303193286565,-0.8024484737087255,-0.2544884306547635,1.3350747932806755,-0.18935256184712382,-0.21303769768270914,-0.1401098514754074,-0.358145440323592,0.5558682612033757
-0.23982421510681926,0.4870285058378622,-0.8382842205939496,0.9252627963645961,-0.06589759600423688,-0.966303193286565,-0.8024484737087255,-0.2544884306547635,0.9252627963645961,-0.18935256184712382,1.7533742503977268,-0.1401098514754074,-0.358145440323592,-0.8659042062818543
-0.6615546630290579,0.4870285058378622,-0.8382842205939496,-0.713985191299721,-0.05257480820650953,-0.966303193286565,-0.8024484737087255,-0.2544884306547635,-0.713985191299721,-0.18935256184712382,-0.21303769768270914,-0.1401098514754074,-0.358145440323592,-0.8659042062818543
0.013214053646523933,0.4870285058378622,1.7276430481413345,-0.30417319438364177,-0.00854614825704895,-0.966303193286565,-0.8024484737087255,-2.0219053307591675,-0.30417319438364177,-0.18935256184712382,-0.21303769768270914,-0.1401098514754074,-0.358145440323592,-0.8659042062818543
-1.0832851109512964,0.4870285058378622,1.7276430481413345,-0.0992671959256021,-0.05257480820650953,1.034871877633807,1.672543794926189,1.5129284694496405,-0.0992671959256021,-0.18935256184712382,-0.21303769768270914,-0.1401098514754074,-0.358145440323592,0.5558682612033757
-0.4085163942757147,0.4870285058378622,-0.8382842205939496,-0.713985191299721,-0.05257480820650953,1.034871877633807,-0.8024484737087255,-0.2544884306547635,-0.713985191299721,-0.18935256184712382,-0.21303769768270914,-0.1401098514754074,-0.358145440323592,-0.8659042062818543
-0.7459007526135056,0.4870285058378622,1.7276430481413345,0.7203567979065565,2.771856204911686,1.034871877633807,-0.8024484737087255,1.5129284694496405,0.7203567979065565,-0.18935256184712382,1.7533742503977268,-0.1401098514754074,-0.358145440323592,-0.8659042062818543
-0.4085163942757147,0.4870285058378622,-0.8382842205939496,-0.30417319438364177,-0.05257480820650953,1.034871877633807,-0.8024484737087255,-0.2544884306547635,-0.30417319438364177,-0.18935256184712382,1.7533742503977268,-0.1401098514754074,-0.358145440323592,0.5558682612033757
-0.5772085734446102,0.4870285058378622,1.7276430481413345,0.3105448009904772,-0.06589759600423688,-0.966303193286565,-0.8024484737087255,1.5129284694496405,0.3105448009904772,-0.18935256184712382,-0.21303769768270914,-0.1401098514754074,-0.358145440323592,-0.8659042062818543
-0.07113203593792379,0.4870285058378622,-0.8382842205939496,-0.0992671959256021,-0.06589759600423688,1.034871877633807,-0.8024484737087255,-0.2544884306547635,-0.0992671959256021,-0.18935256184712382,-0.21303769768270914,-0.1401098514754074,-0.358145440323592,0.5558682612033757
-1.0832851109512964,0.4870285058378622,0.4446794137736925,-0.5090791928416813,-0.06589759600423688,-0.966303193286565,1.672543794926189,1.5129284694496405,-0.5090791928416813,-0.18935256184712382,-0.21303769768270914,-0.1401098514754074,-0.358145440323592,0.5558682612033757
-0.9989390213668488,0.4870285058378622,0.4446794137736925,0.5154507994485168,-0.06589759600423688,1.034871877633807,1.672543794926189,1.5129284694496405,0.5154507994485168,-0.18935256184712382,-0.21303769768270914,-0.1401098514754074,-0.358145440323592,1.2667544949459906
0.4349445015687626,0.4870285058378622,-0.8382842205939496,-0.5090791928416813,-0.06589759600423688,-0.966303193286565,-0.8024484737087255,-0.2544884306547635,-0.5090791928416813,-0.18935256184712382,-0.21303769768270914,-0.1401098514754074,-0.358145440323592,0.5558682612033757
-1.0832851109512964,0.4870285058378622,1.7276430481413345,0.3105448009904772,-0.07922038380196421,1.034871877633807,1.672543794926189,1.5129284694496405,0.3105448009904772,-0.18935256184712382,3.719786198478163,-0.1401098514754074,2.792161751651698,0.5558682612033757
-0.32417030469126695,-2.053267905293714,-0.8382842205939496,-0.30417319438364177,-0.06589759600423688,1.034871877633807,-0.8024484737087255,-0.2544884306547635,-0.30417319438364177,-0.18935256184712382,-0.21303769768270914,-0.1401098514754074,-0.358145440323592,-0.8659042062818543
1.8688280245043738,0.4870285058378622,1.7276430481413345,-0.30417319438364177,-0.00854614825704895,-0.966303193286565,0.4350476606087318,-0.2544884306547635,-0.30417319438364177,-0.18935256184712382,-0.21303769768270914,-0.1401098514754074,-0.358145440323592,-0.8659042062818543
-0.4085163942757147,0.4870285058378622,-0.8382842205939496,0.10563880253243754,4.290654013852602,-0.966303193286565,-0.8024484737087255,-0.2544884306547635,0.10563880253243754,-0.18935256184712382,-0.21303769768270914,-0.1401098514754074,-0.358145440323592,-0.8659042062818543
2.037520203673269,0.4870285058378622,-0.8382842205939496,-0.5090791928416813,-0.38564450314969295,-0.966303193286565,0.4350476606087318,-0.2544884306547635,-0.5090791928416813,-0.18935256184712382,-0.21303769768270914,-0.1401098514754074,-0.358145440323592,2.6885269624312205
-0.9145929317824011,0.4870285058378622,1.7276430481413345,1.1301687948226358,-0.06589759600423688,1.034871877633807,1.672543794926189,1.5129284694496405,1.1301687948226358,2.103311910014095,-0.21303769768270914,-0.1401098514754074,-0.358145440323592,-0.8659042062818543
-0.4085163942757147,0.4870285058378622,0.4446794137736925,1.1301687948226358,-0.06589759600423688,1.034871877633807,-0.8024484737087255,-0.2544884306547635,1.1301687948226358,2.103311910014095,-0.21303769768270914,-0.1401098514754074,2.792161751651698,-0.8659042062818543
-1.1676312005357443,0.4870285058378622,0.4446794137736925,-0.713985191299721,-0.06589759600423688,1.034871877633807,1.672543794926189,-2.0219053307591675,-0.713985191299721,-0.18935256184712382,-0.21303769768270914,-0.1401098514754074,-0.358145440323592,-0.8659042062818543
-0.07113203593792379,0.4870285058378622,0.4446794137736925,0.10563880253243754,-0.06589759600423688,1.034871877633807,-0.8024484737087255,-0.2544884306547635,0.10563880253243754,-0.18935256184712382,-0.21303769768270914,-0.1401098514754074,-0.358145440323592,0.5558682612033757
1.3627514869976876,0.4870285058378622,-0.8382842205939496,-0.713985191299721,-0.06589759600423688,-0.966303193286565,0.4350476606087318,-0.2544884306547635,-0.713985191299721,-0.18935256184712382,-0.21303769768270914,-0.1401098514754074,-0.358145440323592,0.5558682612033757
-0.6615546630290579,0.4870285058378622,0.4446794137736925,-0.713985191299721,-0.06589759600423688,-0.966303193286565,-0.8024484737087255,1.5129284694496405,-0.713985191299721,-0.18935256184712382,-0.21303769768270914,-0.1401098514754074,-0.358145440323592,-0.8659042062818543
-0.9989390213668488,0.4870285058378622,1.7276430481413345,-0.5090791928416813,9.126825984427626,-0.966303193286565,1.672543794926189,-2.0219053307591675,-0.5090791928416813,2.103311910014095,-0.21303769768270914,-0.1401098514754074,-0.358145440323592,-0.8659042062818543
-0.4085163942757147,-2.053267905293714,0.4446794137736925,-0.0992671959256021,-0.05257480820650953,1.034871877633807,-0.8024484737087255,-0.2544884306547635,-0.0992671959256021,-0.18935256184712382,-0.21303769768270914,-0.1401098514754074,-0.358145440323592,0.5558682612033757
-0.32417030469126695,0.4870285058378622,0.4446794137736925,1.3350747932806755,-0.15915711058832824,1.034871877633807,-0.8024484737087255,-0.2544884306547635,1.3350747932806755,-0.18935256184712382,-0.21303769768270914,-0.1401098514754074,-0.358145440323592,-0.8659042062818543
-1.0832851109512964,0.4870285058378622,0.4446794137736925,-0.713985191299721,-0.05257480820650953,-0.966303193286565,1.672543794926189,1.5129284694496405,-0.713985191299721,-0.18935256184712382,-0.21303769768270914,-0.1401098514754074,-0.358145440323592,-0.8659042062818543
-0.15547812552237153,0.4870285058378622,1.7276430481413345,0.3105448009904772,-0.05257480820650953,1.034871877633807,-0.8024484737087255,1.5129284694496405,0.3105448009904772,-0.18935256184712382,-0.21303769768270914,-0.1401098514754074,-0.358145440323592,-0.8659042062818543
0.35059841198431485,0.4870285058378622,-0.8382842205939496,-0.30417319438364177,-0.07922038380196421,1.034871877633807,-0.8024484737087255,-0.2544884306547635,-0.30417319438364177,-0.18935256184712382,-0.21303769768270914,-0.1401098514754074,-0.358145440323592,0.5558682612033757
-0.23982421510681926,-2.053267905293714,-0.8382842205939496,-0.713985191299721,-0.06589759600423688,-0.966303193286565,-0.8024484737087255,-0.2544884306547635,-0.713985191299721,-0.18935256184712382,-0.21303769768270914,-0.1401098514754074,-0.358145440323592,2.6885269624312205
-0.6615546630290579,-2.053267905293714,-0.8382842205939496,-0.713985191299721,-0.06589759600423688,1.034871877633807,-0.8024484737087255,-0.2544884306547635,-0.713985191299721,-0.18935256184712382,-0.21303769768270914,-0.1401098514754074,-0.358145440323592,0.5558682612033757
-0.32417030469126695,0.4870285058378622,1.7276430481413345,0.9252627963645961,-0.06589759600423688,1.034871877633807,-0.8024484737087255,-2.0219053307591675,0.9252627963645961,4.395976381875314,-0.21303769768270914,-0.1401098514754074,2.792161751651698,-0.8659042062818543
-0.7459007526135056,0.4870285058378622,-0.8382842205939496,-0.30417319438364177,-0.06589759600423688,1.034871877633807,-0.8024484737087255,-0.2544884306547635,-0.30417319438364177,-0.18935256184712382,-0.21303769768270914,-0.1401098514754074,-0.358145440323592,-0.8659042062818543
0.4349445015687626,0.4870285058378622,-0.8382842205939496,0.10563880253243754,-0.06589759600423688,1.034871877633807,-0.8024484737087255,-0.2544884306547635,0.10563880253243754,-0.18935256184712382,-0.21303769768270914,-0.1401098514754074,-0.358145440323592,2.6885269624312205
-1.1676312005357443,0.4870285058378622,1.7276430481413345,-0.713985191299721,-0.06589759600423688,1.034871877633807,1.672543794926189,1.5129284694496405,-0.713985191299721,-0.18935256184712382,-0.21303769768270914,-0.1401098514754074,2.792161751651698,0.5558682612033757
0.4349445015687626,0.4870285058378622,-0.8382842205939496,-0.30417319438364177,-0.06589759600423688,-0.966303193286565,-0.8024484737087255,-0.2544884306547635,-0.30417319438364177,-0.18935256184712382,-0.21303769768270914,-0.1401098514754074,-0.358145440323592,-0.8659042062818543
0.8566749494910012,0.4870285058378622,-0.8382842205939496,-0.5090791928416813,1.5594825153184981,1.034871877633807,0.4350476606087318,-0.2544884306547635,-0.5090791928416813,-0.18935256184712382,-0.21303769768270914,-0.1401098514754074,-0.358145440323592,-0.8659042062818543
-0.7459007526135056,0.4870285058378622,-0.8382842205939496,-0.30417319438364177,-0.1458343227906009,-0.966303193286565,-0.8024484737087255,-0.2544884306547635,-0.30417319438364177,-0.18935256184712382,1.7533742503977268,-0.1401098514754074,-0.358145440323592,-0.8659042062818543
-0.07113203593792379,0.4870285058378622,-0.8382842205939496,-0.713985191299721,-0.06589759600423688,1.034871877633807,-0.8024484737087255,-0.2544884306547635,-0.713985191299721,-0.18935256184712382,-0.21303769768270914,-0.1401098514754074,-0.358145440323592,0.5558682612033757
2.206212382842165,0.4870285058378622,0.4446794137736925,4.40866477015127,-0.06589759600423688,-0.966303193286565,0.4350476606087318,-0.2544884306547635,4.40866477015127,-0.18935256184712382,-0.21303769768270914,-0.1401098514754074,-0.358145440323592,-0.8659042062818543
1.3627514869976876,0.4870285058378622,-0.8382842205939496,0.10563880253243754,-0.3989672909474203,-0.966303193286565,0.4350476606087318,-0.2544884306547635,0.10563880253243754,-0.18935256184712382,-0.21303769768270914,-0.1401098514754074,-0.358145440323592,0.5558682612033757
-0.07113203593792379,0.4870285058378622,-0.8382842205939496,-0.5090791928416813,-0.06589759600423688,-0.966303193286565,-0.8024484737087255,-0.2544884306547635,-0.5090791928416813,-0.18935256184712382,-0.21303769768270914,-0.1401098514754074,-0.358145440323592,1.2667544949459906
-1.251977290120192,0.4870285058378622,1.7276430481413345,-0.5090791928416813,-0.05257480820650953,1.034871877633807,1.672543794926189,-2.0219053307591675,-0.5090791928416813,2.103311910014095,-0.21303769768270914,-0.1401098514754074,2.792161751651698,-0.8659042062818543
0.2662523223998671,0.4870285058378622,-0.8382842205939496,-0.5090791928416813,-0.06589759600423688,1.034871877633807,-0.8024484737087255,-0.2544884306547635,-0.5090791928416813,-0.18935256184712382,-0.21303769768270914,-0.1401098514754074,2.792161751651698,0.5558682612033757
-1.251977290120192,0.4870285058378622,1.7276430481413345,-0.30417319438364177,-0.06589759600423688,1.034871877633807,1.672543794926189,-2.0219053307591675,-0.30417319438364177,-0.18935256184712382,1.7533742503977268,-0.1401098514754074,-0.358145440323592,-0.8659042062818543
-0.5772085734446102,0.4870285058378622,-0.8382842205939496,-0.5090791928416813,-0.06589759600423688,-0.966303193286565,-0.8024484737087255,-0.2544884306547635,-0.5090791928416813,-0.18935256184712382,-0.21303769768270914,-0.1401098514754074,-0.358145440323592,1.2667544949459906
-0.8302468421979533,0.4870285058378622,1.7276430481413345,-0.0992671959256021,-0.00854614825704895,1.034871877633807,-0.8024484737087255,1.5129284694496405,-0.0992671959256021,-0.18935256184712382,-0.21303769768270914,-0.1401098514754074,-0.358145440323592,-0.8659042062818543
0.09756014323097166,-2.053267905293714,-0.8382842205939496,-0.713985191299721,-0.05257480820650953,-0.966303193286565,-0.8024484737087255,-0.2544884306547635,-0.713985191299721,-0.18935256184712382,-0.21303769768270914,-0.1401098514754074,-0.358145440323592,-0.8659042062818543
-0.4085163942757147,-2.053267905293714,0.4446794137736925,-0.30417319438364177,-0.06589759600423688,-0.966303193286565,-0.8024484737087255,-0.2544884306547635,-0.30417319438364177,-0.18935256184712382,-0.21303769768270914,-0.1401098514754074,-0.358145440323592,-0.8659042062818543
3.3027115474399853,-2.053267905293714,-0.8382842205939496,-0.713985191299721,-0.06589759600423688,-0.966303193286565,0.4350476606087318,-0.2544884306547635,-0.713985191299721,-0.18935256184712382,-0.21303769768270914,-0.1401098514754074,-0.358145440323592,-0.8659042062818543
-0.15547812552237153,-2.053267905293714,-0.8382842205939496,-0.5090791928416813,-0.06589759600423688,-0.966303193286565,-0.8024484737087255,-0.2544884306547635,-0.5090791928416813,-0.18935256184712382,-0.21303769768270914,-0.1401098514754074,-0.358145440323592,-0.8659042062818543
-0.7459007526135056,0.4870285058378622,-0.8382842205939496,-0.713985191299721,-0.05257480820650953,-0.966303193286565,-0.8024484737087255,-0.2544884306547635,-0.713985191299721,-0.18935256184712382,-0.21303769768270914,-0.1401098514754074,-0.358145440323592,-0.8659042062818543
1.3627514869976876,0.4870285058378622,-0.8382842205939496,-0.30417319438364177,-0.06589759600423688,-0.966303193286565,0.4350476606087318,-0.2544884306547635,-0.30417319438364177,-0.18935256184712382,-0.21303769768270914,-0.1401098514754074,-0.358145440323592,-0.8659042062818543
-0.9145929317824011,0.4870285058378622,-0.8382842205939496,-0.713985191299721,-0.06589759600423688,-0.966303193286565,1.672543794926189,-0.2544884306547635,-0.713985191299721,-0.18935256184712382,-0.21303769768270914,-0.1401098514754074,-0.358145440323592,-0.8659042062818543
0.09756014323097166,0.4870285058378622,-0.8382842205939496,-0.5090791928416813,-0.05257480820650953,-0.966303193286565,-0.8024484737087255,-0.2544884306547635,-0.5090791928416813,-0.18935256184712382,-0.21303769768270914,-0.1401098514754074,-0.358145440323592,1.2667544949459906
-0.8302468421979533,0.4870285058378622,-0.8382842205939496,-0.0992671959256021,-0.06589759600423688,1.034871877633807,-0.8024484737087255,-0.2544884306547635,-0.0992671959256021,-0.18935256184712382,-0.21303769768270914,-0.1401098514754074,-0.358145440323592,-0.8659042062818543
-0.23982421510681926,0.4870285058378622,1.7276430481413345,2.3596047855708737,-0.05257480820650953,1.034871877633807,-0.8024484737087255,-2.0219053307591675,2.3596047855708737,2.103311910014095,-0.21303769768270914,-0.1401098514754074,-0.358145440323592,0.5558682612033757
0.2662523223998671,0.4870285058378622,-0.8382842205939496,-0.713985191299721,-0.05257480820650953,1.034871877633807,-0.8024484737087255,-0.2544884306547635,-0.713985191299721,-0.18935256184712382,-0.21303769768270914,-0.1401098514754074,-0.358145440323592,0.5558682612033757
0.4349445015687626,0.4870285058378622,1.7276430481413345,0.9252627963645961,-0.42561286654287495,1.034871877633807,-0.8024484737087255,-2.0219053307591675,0.9252627963645961,-0.18935256184712382,-0.21303769768270914,-0.1401098514754074,-0.358145440323592,0.5558682612033757
1.0253671286598967,0.4870285058378622,-0.8382842205939496,-0.713985191299721,-0.10586595939741889,-0.966303193286565,0.4350476606087318,-0.2544884306547635,-0.713985191299721,-0.18935256184712382,-0.21303769768270914,-0.1401098514754074,-0.358145440323592,1.2667544949459906
0.35059841198431485,0.4870285058378622,-0.8382842205939496,-0.5090791928416813,-0.10586595939741889,-0.966303193286565,-0.8024484737087255,-0.2544884306547635,-0.5090791928416813,-0.18935256184712382,-0.21303769768270914,-0.1401098514754074,-0.358145440323592,0.5558682612033757
1.2784053974132399,0.4870285058378622,-0.8382842205939496,-0.5090791928416813,-0.10586595939741889,-0.966303193286565,0.4350476606087318,-0.2544884306547635,-0.5090791928416813,-0.18935256184712382,-0.21303769768270914,-0.1401098514754074,-0.358145440323592,0.5558682612033757
0.18190623281541937,0.4870285058378622,1.7276430481413345,2.769416782486953,-0.06589759600423688,-0.966303193286565,-0.8024484737087255,-0.2544884306547635,2.769416782486953,-0.18935256184712382,-0.21303769768270914,-0.1401098514754074,-0.358145440323592,-0.8659042062818543
1.6157897557510308,0.4870285058378622,-0.8382842205939496,-0.0992671959256021,-0.06589759600423688,1.034871877633807,0.4350476606087318,-0.2544884306547635,-0.0992671959256021,-0.18935256184712382,-0.21303769768270914,-0.1401098514754074,2.792161751651698,0.5558682612033757
-0.9145929317824011,-2.053267905293714,1.7276430481413345,1.1301687948226358,-0.06589759600423688,1.034871877633807,1.672543794926189,-2.0219053307591675,1.1301687948226358,-0.18935256184712382,-0.21303769768270914,-0.1401098514754074,-0.358145440323592,0.5558682612033757
-1.1676312005357443,0.4870285058378622,1.7276430481413345,0.10563880253243754,-0.06589759600423688,1.034871877633807,1.672543794926189,-2.0219053307591675,0.10563880253243754,-0.18935256184712382,-0.21303769768270914,1.8868661946544836,-0.358145440323592,1.2667544949459906
1.531443666166583,0.4870285058378622,-0.8382842205939496,0.9252627963645961,-0.06589759600423688,-0.966303193286565,0.4350476606087318,-0.2544884306547635,0.9252627963645961,-0.18935256184712382,-0.21303769768270914,-0.1401098514754074,-0.358145440323592,0.5558682612033757
-0.32417030469126695,0.4870285058378622,1.7276430481413345,0.5154507994485168,-0.7720053492837857,1.034871877633807,-0.8024484737087255,-2.0219053307591675,0.5154507994485168,-0.18935256184712382,-0.21303769768270914,-0.1401098514754074,-0.358145440323592,-0.8659042062818543
0.603636680737658,0.4870285058378622,0.4446794137736925,-0.713985191299721,-0.06589759600423688,-0.966303193286565,-0.8024484737087255,1.5129284694496405,-0.713985191299721,-0.18935256184712382,-0.21303769768270914,-0.1401098514754074,-0.358145440323592,-0.8659042062818543
0.4349445015687626,0.4870285058378622,1.7276430481413345,4.203758771693231,-0.06589759600423688,1.034871877633807,-0.8024484737087255,1.5129284694496405,4.203758771693231,2.103311910014095,1.7533742503977268,-0.1401098514754074,-0.358145440323592,-0.8659042062818543
-0.6615546630290579,0.4870285058378622,0.4446794137736925,-0.30417319438364177,-0.05257480820650953,1.034871877633807,-0.8024484737087255,1.5129284694496405,-0.30417319438364177,-0.18935256184712382,-0.21303769768270914,-0.1401098514754074,2.792161751651698,-0.8659042062818543
-0.8302468421979533,0.4870285058378622,1.7276430481413345,0.9252627963645961,-0.06589759600423688,1.034871877633807,-0.8024484737087255,-2.0219053307591675,0.9252627963645961,-0.18935256184712382,-0.21303769768270914,-0.1401098514754074,2.792161751651698,-0.8659042062818543
-0.4085163942757147,0.4870285058378622,1.7276430481413345,1.9497927886547946,-0.06589759600423688,1.034871877633807,-0.8024484737087255,1.5129284694496405,1.9497927886547946,-0.18935256184712382,-0.21303769768270914,-0.1401098514754074,2.792161751651698,-0.8659042062818543
-0.6615546630290579,-2.053267905293714,0.4446794137736925,-0.30417319438364177,-0.00854614825704895,-0.966303193286565,-0.8024484737087255,-0.2544884306547635,-0.30417319438364177,-0.18935256184712382,-0.21303769768270914,-0.1401098514754074,-0.358145440323592,-0.8659042062818543
-0.9989390213668488,0.4870285058378622,-0.8382842205939496,-0.713985191299721,-0.06589759600423688,1.034871877633807,1.672543794926189,1.5129284694496405,-0.713985191299721,-0.18935256184712382,-0.21303769768270914,-0.1401098514754074,-0.358145440323592,0.5558682612033757
-0.6615546630290579,0.4870285058378622,1.7276430481413345,-0.713985191299721,-0.06589759600423688,-0.966303193286565,-0.8024484737087255,1.5129284694496405,-0.713985191299721,-0.18935256184712382,-0.21303769768270914,-0.1401098514754074,-0.358145440323592,1.2667544949459906
-0.7459007526135056,0.4870285058378622,1.7276430481413345,0.7203567979065565,-0.625454683508785,1.034871877633807,-0.8024484737087255,1.5129284694496405,0.7203567979065565,-0.18935256184712382,-0.21303769768270914,1.8868661946544836,-0.358145440323592,-0.8659042062818543
-0.9989390213668488,0.4870285058378622,0.4446794137736925,-0.5090791928416813,-0.05257480820650953,1.034871877633807,1.672543794926189,1.5129284694496405,-0.5090791928416813,-0.18935256184712382,1.7533742503977268,-0.1401098514754074,-0.358145440323592,0.5558682612033757
-0.9989390213668488,0.4870285058378622,-0.8382842205939496,-0.30417319438364177,-0.06589759600423688,1.034871877633807,1.672543794926189,-0.2544884306547635,-0.30417319438364177,-0.18935256184712382,-0.21303769768270914,-0.1401098514754074,-0.358145440323592,-0.8659042062818543
-1.0832851109512964,0.4870285058378622,-0.8382842205939496,-0.0992671959256021,-0.05257480820650953,1.034871877633807,1.672543794926189,1.5129284694496405,-0.0992671959256021,2.103311910014095,1.7533742503977268,-0.1401098514754074,-0.358145440323592,0.5558682612033757
2.037520203673269,0.4870285058378622,-0.8382842205939496,-0.713985191299721,-0.06589759600423688,-0.966303193286565,0.4350476606087318,-0.2544884306547635,-0.713985191299721,-0.18935256184712382,-0.21303769768270914,-0.1401098514754074,-0.358145440323592,-0.8659042062818543
0.013214053646523933,0.4870285058378622,-0.8382842205939496,-0.5090791928416813,-0.06589759600423688,-0.966303193286565,-0.8024484737087255,-0.2544884306547635,-0.5090791928416813,-0.18935256184712382,-0.21303769768270914,-0.1401098514754074,-0.358145440323592,-0.8659042062818543
0.35059841198431485,0.4870285058378622,-0.8382842205939496,-0.0992671959256021,4.170748923673056,1.034871877633807,-0.8024484737087255,-0.2544884306547635,-0.0992671959256021,2.103311910014095,-0.21303769768270914,-0.1401098514754074,-0.358145440323592,0.5558682612033757
-0.9145929317824011,0.4870285058378622,1.7276430481413345,-0.713985191299721,-0.06589759600423688,1.034871877633807,1.672543794926189,-2.0219053307591675,-0.713985191299721,-0.18935256184712382,-0.21303769768270914,-0.1401098514754074,2.792161751651698,-0.8659042062818543
-0.7459007526135056,0.4870285058378622,1.7276430481413345,0.7203567979065565,-0.7053914102951491,-0.966303193286565,-0.8024484737087255,1.5129284694496405,0.7203567979065565,-0.18935256184712382,-0.21303769768270914,-0.1401098514754074,-0.358145440323592,-0.8659042062818543
1.9531741140888217,-2.053267905293714,0.4446794137736925,-0.5090791928416813,-4.648936598422441,-0.966303193286565,0.4350476606087318,-0.2544884306547635,-0.5090791928416813,-0.18935256184712382,-0.21303769768270914,-0.1401098514754074,-0.358145440323592,1.2667544949459906
1.6157897557510308,0.4870285058378622,0.4446794137736925,1.9497927886547946,-0.00854614825704895,-0.966303193286565,0.4350476606087318,-0.2544884306547635,1.9497927886547946,-0.18935256184712382,-0.21303769768270914,-0.1401098514754074,-0.358145440323592,-0.8659042062818543
-1.0832851109512964,0.4870285058378622,-0.8382842205939496,-0.713985191299721,-0.06589759600423688,-0.966303193286565,1.672543794926189,1.5129284694496405,-0.713985191299721,-0.18935256184712382,1.7533742503977268,-0.1401098514754074,-0.358145440323592,0.5558682612033757
0.5192905911532103,-2.053267905293714,-0.8382842205939496,-0.713985191299721,-0.06589759600423688,-0.966303193286565,-0.8024484737087255,-0.2544884306547635,-0.713985191299721,-0.18935256184712382,-0.21303769768270914,-0.1401098514754074,-0.358145440323592,-0.8659042062818543
-0.32417030469126695,-2.053267905293714,-0.8382842205939496,-0.713985191299721,-0.06589759600423688,-0.966303193286565,-0.8024484737087255,-0.2544884306547635,-0.713985191299721,-0.18935256184712382,-0.21303769768270914,-0.1401098514754074,-0.358145440323592,-0.8659042062818543
-1.0832851109512964,0.4870285058378622,0.4446794137736925,-0.30417319438364177,-0.9052332272610591,-0.966303193286565,1.672543794926189,1.5129284694496405,-0.30417319438364177,-0.18935256184712382,-0.21303769768270914,-0.1401098514754074,-0.358145440323592,-0.8659042062818543
2.037520203673269,0.4870285058378622,-0.8382842205939496,-0.5090791928416813,-0.07922038380196421,1.034871877633807,0.4350476606087318,-0.2544884306547635,-0.5090791928416813,-0.18935256184712382,-0.21303769768270914,-0.1401098514754074,-0.358145440323592,1.2667544949459906
0.4349445015687626,-2.053267905293714,-0.8382842205939496,-0.30417319438364177,-0.06589759600423688,-0.966303193286565,-0.8024484737087255,-0.2544884306547635,-0.30417319438364177,-0.18935256184712382,-0.21303769768270914,-0.1401098514754074,-0.358145440323592,-0.8659042062818543
-0.9145929317824011,0.4870285058378622,0.4446794137736925,-0.713985191299721,-0.06589759600423688,1.034871877633807,1.672543794926189,-0.2544884306547635,-0.713985191299721,-0.18935256184712382,-0.21303769768270914,-0.1401098514754074,2.792161751651698,-0.8659042062818543
-0.7459007526135056,0.4870285058378622,-0.8382842205939496,-0.713985191299721,-0.06589759600423688,-0.966303193286565,-0.8024484737087255,-0.2544884306547635,-0.713985191299721,-0.18935256184712382,-0.21303769768270914,-0.1401098514754074,-0.358145440323592,-0.8659042062818543
-0.32417030469126695,0.4870285058378622,1.7276430481413345,-0.5090791928416813,-0.06589759600423688,1.034871877633807,-0.8024484737087255,-2.0219053307591675,-0.5090791928416813,-0.18935256184712382,-0.21303769768270914,-0.1401098514754074,-0.358145440323592,1.2667544949459906
1.4470975765821352,0.4870285058378622,-0.8382842205939496,-0.30417319438364177,-0.06589759600423688,-0.966303193286565,0.4350476606087318,-0.2544884306547635,-0.30417319438364177,-0.18935256184712382,-0.21303769768270914,-0.1401098514754074,-0.358145440323592,0.5558682612033757
-1.1676312005357443,-2.053267905293714,0.4446794137736925,-0.713985191299721,-0.06589759600423688,1.034871877633807,1.672543794926189,1.5129284694496405,-0.713985191299721,-0.18935256184712382,-0.21303769768270914,-0.1401098514754074,2.792161751651698,0.5558682612033757
1.9531741140888217,0.4870285058378622,-0.8382842205939496,1.3350747932806755,-0.09254317159969154,1.034871877633807,0.4350476606087318,-0.2544884306547635,1.3350747932806755,-0.18935256184712382,-0.21303769768270914,-0.1401098514754074,-0.358145440323592,-0.8659042062818543
-0.7459007526135056,-2.053267905293714,1.7276430481413345,-0.30417319438364177,-0.00854614825704895,-0.966303193286565,-0.8024484737087255,-2.0219053307591675,-0.30417319438364177,-0.18935256184712382,-0.21303769768270914,-0.1401098514754074,-0.358145440323592,-0.8659042062818543
-0.32417030469126695,0.4870285058378622,0.4446794137736925,-0.30417319438364177,-0.06589759600423688,1.034871877633807,-0.8024484737087255,-0.2544884306547635,-0.30417319438364177,-0.18935256184712382,-0.21303769768270914,-0.1401098514754074,-0.358145440323592,-0.8659042062818543
-0.6615546630290579,0.4870285058378622,-0.8382842205939496,-0.30417319438364177,-0.05257480820650953,-0.966303193286565,-0.8024484737087255,-0.2544884306547635,-0.30417319438364177,-0.18935256184712382,-0.21303769768270914,-0.1401098514754074,-0.358145440323592,-0.8659042062818543
-0.23982421510681926,-2.053267905293714,-0.8382842205939496,-0.713985191299721,-0.05257480820650953,1.034871877633807,-0.8024484737087255,-0.2544884306547635,-0.713985191299721,-0.18935256184712382,-0.21303769768270914,-0.1401098514754074,2.792161751651698,-0.8659042062818543
-0.9145929317824011,-2.053267905293714,0.4446794137736925,-0.713985191299721,-0.06589759600423688,-0.966303193286565,1.672543794926189,1.5129284694496405,-0.713985191299721,-0.18935256184712382,-0.21303769768270914,-0.1401098514754074,-0.358145440323592,-0.8659042062818543
1.2784053974132399,0.4870285058378622,-0.8382842205939496,-0.713985191299721,-0.05257480820650953,-0.966303193286565,0.4350476606087318,-0.2544884306547635,-0.713985191299721,-0.18935256184712382,-0.21303769768270914,-0.1401098514754074,-0.358145440323592,-0.8659042062818543
-0.07113203593792379,0.4870285058378622,-0.8382842205939496,-0.5090791928416813,-0.09254317159969154,-0.966303193286565,-0.8024484737087255,-0.2544884306547635,-0.5090791928416813,-0.18935256184712382,-0.21303769768270914,-0.1401098514754074,-0.358145440323592,-0.8659042062818543
-0.9989390213668488,0.4870285058378622,1.7276430481413345,0.5154507994485168,-0.06589759600423688,1.034871877633807,1.672543794926189,1.5129284694496405,0.5154507994485168,6.688640853736533,1.7533742503977268,-0.1401098514754074,-0.358145440323592,-0.8659042062818543
-0.9989390213668488,-2.053267905293714,-0.8382842205939496,-0.713985191299721,-0.05257480820650953,1.034871877633807,1.672543794926189,-0.2544884306547635,-0.713985191299721,-0.18935256184712382,-0.21303769768270914,-0.1401098514754074,-0.358145440323592,-0.8659042062818543
-0.15547812552237153,0.4870285058378622,-0.8382842205939496,-0.30417319438364177,-0.00854614825704895,1.034871877633807,-0.8024484737087255,-0.2544884306547635,-0.30417319438364177,-0.18935256184712382,-0.21303769768270914,-0.1401098514754074,-0.358145440323592,0.5558682612033757
2.3749045620110603,0.4870285058378622,1.7276430481413345,3.7939467747771514,3.571223472775326,1.034871877633807,0.4350476606087318,1.5129284694496405,3.7939467747771514,-0.18935256184712382,-0.21303769768270914,-0.1401098514754074,-0.358145440323592,-0.8659042062818543
-0.5772085734446102,-2.053267905293714,0.4446794137736925,1.3350747932806755,0.14726700875940052,1.034871877633807,-0.8024484737087255,-0.2544884306547635,1.3350747932806755,-0.18935256184712382,-0.21303769768270914,-0.1401098514754074,-0.358145440323592,-0.8659042062818543
2.6279428307644035,0.4870285058378622,-0.8382842205939496,-0.5090791928416813,4.357267952841239,-0.966303193286565,0.4350476606087318,-0.2544884306547635,-0.5090791928416813,-0.18935256184712382,-0.21303769768270914,-0.1401098514754074,-0.358145440323592,0.5558682612033757
-0.6615546630290579,0.4870285058378622,0.4446794137736925,-0.5090791928416813,-0.625454683508785,1.034871877633807,-0.8024484737087255,-2.0219053307591675,-0.5090791928416813,-0.18935256184712382,-0.21303769768270914,-0.1401098514754074,2.792161751651698,0.5558682612033757
-0.5772085734446102,0.4870285058378622,-0.8382842205939496,-0.713985191299721,-0.06589759600423688,1.034871877633807,-0.8024484737087255,-0.2544884306547635,-0.713985191299721,-0.18935256184712382,-0.21303769768270914,-0.1401098514754074,2.792161751651698,0.5558682612033757
-0.7459007526135056,0.4870285058378622,1.7276430481413345,0.5154507994485168,-0.05257480820650953,1.034871877633807,-0.8024484737087255,-0.2544884306547635,0.5154507994485168,-0.18935256184712382,-0.21303769768270914,-0.1401098514754074,-0.358145440323592,-0.8659042062818543
-0.4085163942757147,0.4870285058378622,0.4446794137736925,0.5154507994485168,-0.05257480820650953,1.034871877633807,-0.8024484737087255,-0.2544884306547635,0.5154507994485168,-0.18935256184712382,1.7533742503977268,-0.1401098514754074,-0.358145440323592,-0.8659042062818543
-1.3363233797046397,0.4870285058378622,-0.8382842205939496,-0.0992671959256021,-0.06589759600423688,1.034871877633807,1.672543794926189,1.5129284694496405,-0.0992671959256021,4.395976381875314,-0.21303769768270914,-0.1401098514754074,-0.358145440323592,-0.8659042062818543
-0.4928624838601624,0.4870285058378622,-0.8382842205939496,-0.30417319438364177,-0.06589759600423688,1.034871877633807,-0.8024484737087255,-0.2544884306547635,-0.30417319438364177,-0.18935256184712382,-0.21303769768270914,-0.1401098514754074,-0.358145440323592,2.6885269624312205
-0.4928624838601624,0.4870285058378622,-0.8382842205939496,0.10563880253243754,-0.06589759600423688,1.034871877633807,-0.8024484737087255,-0.2544884306547635,0.10563880253243754,-0.18935256184712382,-0.21303769768270914,-0.1401098514754074,2.792161751651698,2.6885269624312205
0.4349445015687626,0.4870285058378622,-0.8382842205939496,-0.5090791928416813,-0.06589759600423688,-0.966303193286565,-0.8024484737087255,-0.2544884306547635,-0.5090791928416813,-0.18935256184712382,-0.21303769768270914,-0.1401098514754074,-0.358145440323592,2.6885269624312205
1.3627514869976876,0.4870285058378622,-0.8382842205939496,-0.713985191299721,-0.05257480820650953,-0.966303193286565,0.4350476606087318,-0.2544884306547635,-0.713985191299721,-0.18935256184712382,-0.21303769768270914,-0.1401098514754074,-0.358145440323592,0.5558682612033757
-0.6615546630290579,0.4870285058378622,-0.8382842205939496,-0.713985191299721,-0.05257480820650953,-0.966303193286565,-0.8024484737087255,-0.2544884306547635,-0.713985191299721,-0.18935256184712382,-0.21303769768270914,-0.1401098514754074,-0.358145440323592,0.5558682612033757
-0.8302468421979533,0.4870285058378622,-0.8382842205939496,-0.713985191299721,-0.06589759600423688,1.034871877633807,-0.8024484737087255,-0.2544884306547635,-0.713985191299721,-0.18935256184712382,-0.21303769768270914,-0.1401098514754074,2.792161751651698,2.6885269624312205
0.6879827703221058,0.4870285058378622,-0.8382842205939496,-0.0992671959256021,-0.06589759600423688,-0.966303193286565,-0.8024484737087255,-0.2544884306547635,-0.0992671959256021,-0.18935256184712382,-0.21303769768270914,-0.1401098514754074,-0.358145440323592,2.6885269624312205
-0.4928624838601624,0.4870285058378622,-0.8382842205939496,-0.713985191299721,-0.05257480820650953,-0.966303193286565,-0.8024484737087255,-0.2544884306547635,-0.713985191299721,-0.18935256184712382,-0.21303769768270914,-0.1401098514754074,-0.358145440323592,-0.8659042062818543
-0.9145929317824011,0.4870285058378622,-0.8382842205939496,-0.713985191299721,-0.05257480820650953,-0.966303193286565,1.672543794926189,-0.2544884306547635,-0.713985191299721,-0.18935256184712382,-0.21303769768270914,-0.1401098514754074,-0.358145440323592,-0.8659042062818543
1.7001358453354785,0.4870285058378622,-0.8382842205939496,0.3105448009904772,-0.06589759600423688,1.034871877633807,0.4350476606087318,-0.2544884306547635,0.3105448009904772,-0.18935256184712382,-0.21303769768270914,-0.1401098514754074,-0.358145440323592,-0.8659042062818543
0.2662523223998671,0.4870285058378622,-0.8382842205939496,0.10563880253243754,-0.06589759600423688,1.034871877633807,-0.8024484737087255,-0.2544884306547635,0.10563880253243754,-0.18935256184712382,-0.21303769768270914,-0.1401098514754074,-0.358145440323592,-0.8659042062818543
0.18190623281541937,-2.053267905293714,-0.8382842205939496,-0.30417319438364177,-0.06589759600423688,-0.966303193286565,-0.8024484737087255,-0.2544884306547635,-0.30417319438364177,-0.18935256184712382,-0.21303769768270914,-0.1401098514754074,-0.358145440323592,2.6885269624312205
0.6879827703221058,0.4870285058378622,-0.8382842205939496,-0.30417319438364177,-0.06589759600423688,1.034871877633807,-0.8024484737087255,-0.2544884306547635,-0.30417319438364177,-0.18935256184712382,-0.21303769768270914,-0.1401098514754074,-0.358145440323592,2.6885269624312205
-0.15547812552237153,0.4870285058378622,0.4446794137736925,0.3105448009904772,-0.47890401773378427,-0.966303193286565,-0.8024484737087255,-0.2544884306547635,0.3105448009904772,-0.18935256184712382,-0.21303769768270914,-0.1401098514754074,-0.358145440323592,0.5558682612033757
-0.4085163942757147,0.4870285058378622,1.7276430481413345,0.10563880253243754,-0.06589759600423688,-0.966303193286565,-0.8024484737087255,-0.2544884306547635,0.10563880253243754,-0.18935256184712382,-0.21303769768270914,-0.1401098514754074,-0.358145440323592,-0.8659042062818543
-0.4085163942757147,0.4870285058378622,-0.8382842205939496,-0.713985191299721,-0.06589759600423688,-0.966303193286565,-0.8024484737087255,-0.2544884306547635,-0.713985191299721,-0.18935256184712382,-0.21303769768270914,-0.1401098514754074,-0.358145440323592,-0.8659042062818543
1.7001358453354785,0.4870285058378622,-0.8382842205939496,-0.30417319438364177,-0.47890401773378427,-0.966303193286565,0.4350476606087318,-0.2544884306547635,-0.30417319438364177,-0.18935256184712382,-0.21303769768270914,-0.1401098514754074,-0.358145440323592,1.2667544949459906
-0.15547812552237153,-2.053267905293714,-0.8382842205939496,0.5154507994485168,-0.7320369858906037,1.034871877633807,-0.8024484737087255,-0.2544884306547635,0.5154507994485168,-0.18935256184712382,-0.21303769768270914,-0.1401098514754074,-0.358145440323592,-0.8659042062818543
-0.8302468421979533,0.4870285058378622,1.7276430481413345,-0.30417319438364177,-0.06589759600423688,-0.966303193286565,-0.8024484737087255,-2.0219053307591675,-0.30417319438364177,-0.18935256184712382,1.7533742503977268,-0.1401098514754074,-0.358145440323592,-0.8659042062818543
-0.4085163942757147,0.4870285058378622,-0.8382842205939496,-0.30417319438364177,-1.1583661954178786,-0.966303193286565,-0.8024484737087255,-0.2544884306547635,-0.30417319438364177,-0.18935256184712382,-0.21303769768270914,-0.1401098514754074,-0.358145440323592,-0.8659042062818543
0.18190623281541937,0.4870285058378622,1.7276430481413345,2.769416782486953,-0.05257480820650953,1.034871877633807,-0.8024484737087255,1.5129284694496405,2.769416782486953,-0.18935256184712382,-0.21303769768270914,1.8868661946544836,-0.358145440323592,-0.8659042062818543
0.4349445015687626,-2.053267905293714,-0.8382842205939496,-0.0992671959256021,-0.06589759600423688,1.034871877633807,-0.8024484737087255,-0.2544884306547635,-0.0992671959256021,-0.18935256184712382,-0.21303769768270914,-0.1401098514754074,2.792161751651698,0.5558682612033757
0.18190623281541937,0.4870285058378622,-0.8382842205939496,-0.30417319438364177,-0.06589759600423688,-0.966303193286565,-0.8024484737087255,-0.2544884306547635,-0.30417319438364177,-0.18935256184712382,-0.21303769768270914,-0.1401098514754074,-0.358145440323592,2.6885269624312205
-1.1676312005357443,0.4870285058378622,0.4446794137736925,-0.713985191299721,-0.06589759600423688,-0.966303193286565,1.672543794926189,1.5129284694496405,-0.713985191299721,-0.18935256184712382,-0.21303769768270914,-0.1401098514754074,-0.358145440323592,-0.8659042062818543
0.18190623281541937,0.4870285058378622,-0.8382842205939496,-0.713985191299721,-0.05257480820650953,-0.966303193286565,-0.8024484737087255,-0.2544884306547635,-0.713985191299721,-0.18935256184712382,-0.21303769768270914,-0.1401098514754074,-0.358145440323592,0.5558682612033757
1.7001358453354785,0.4870285058378622,-0.8382842205939496,-0.5090791928416813,-0.09254317159969154,-0.966303193286565,0.4350476606087318,-0.2544884306547635,-0.5090791928416813,-0.18935256184712382,-0.21303769768270914,-0.1401098514754074,-0.358145440323592,0.5558682612033757
1.2784053974132399,0.4870285058378622,1.7276430481413345,0.7203567979065565,-0.00854614825704895,-0.966303193286565,0.4350476606087318,-0.2544884306547635,0.7203567979065565,-0.18935256184712382,-0.21303769768270914,1.8868661946544836,-0.358145440323592,-0.8659042062818543
-0.5772085734446102,0.4870285058378622,1.7276430481413345,-0.5090791928416813,-0.5721635323178756,-0.966303193286565,-0.8024484737087255,-2.0219053307591675,-0.5090791928416813,-0.18935256184712382,-0.21303769768270914,-0.1401098514754074,-0.358145440323592,0.5558682612033757
0.013214053646523933,0.4870285058378622,0.4446794137736925,-0.713985191299721,-0.06589759600423688,-0.966303193286565,-0.8024484737087255,-0.2544884306547635,-0.713985191299721,-0.18935256184712382,-0.21303769768270914,-0.1401098514754074,-0.358145440323592,-0.1550179725392393
2.712288920348851,0.4870285058378622,-0.8382842205939496,0.9252627963645961,-0.06589759600423688,-0.966303193286565,0.4350476606087318,-0.2544884306547635,0.9252627963645961,-0.18935256184712382,-0.21303769768270914,-0.1401098514754074,-0.358145440323592,-0.8659042062818543
-0.15547812552237153,0.4870285058378622,1.7276430481413345,3.1792287794030325,-0.06589759600423688,1.034871877633807,-0.8024484737087255,1.5129284694496405,3.1792287794030325,-0.18935256184712382,-0.21303769768270914,-0.1401098514754074,-0.358145440323592,-0.8659042062818543
-1.1676312005357443,0.4870285058378622,1.7276430481413345,-0.30417319438364177,-0.06589759600423688,1.034871877633807,1.672543794926189,-2.0219053307591675,-0.30417319438364177,-0.18935256184712382,-0.21303769768270914,-0.1401098514754074,-0.358145440323592,-0.8659042062818543
-1.4206694692890873,0.4870285058378622,1.7276430481413345,-0.30417319438364177,-1.1850117710133332,1.034871877633807,1.672543794926189,1.5129284694496405,-0.30417319438364177,-0.18935256184712382,-0.21303769768270914,5.940818286914266,-0.358145440323592,-0.8659042062818543
0.013214053646523933,0.4870285058378622,1.7276430481413345,-0.0992671959256021,-0.00854614825704895,1.034871877633807,-0.8024484737087255,-2.0219053307591675,-0.0992671959256021,-0.18935256184712382,-0.21303769768270914,-0.1401098514754074,2.792161751651698,-0.8659042062818543
-0.15547812552237153,0.4870285058378622,0.4446794137736925,0.10563880253243754,-0.06589759600423688,1.034871877633807,-0.8024484737087255,1.5129284694496405,0.10563880253243754,-0.18935256184712382,-0.21303769768270914,-0.1401098514754074,2.792161751651698,-0.8659042062818543
-1.0832851109512964,0.4870285058378622,1.7276430481413345,-0.0992671959256021,-0.06589759600423688,-0.966303193286565,1.672543794926189,-2.0219053307591675,-0.0992671959256021,-0.18935256184712382,-0.21303769768270914,-0.1401098514754074,-0.358145440323592,-0.8659042062818543
-0.32417030469126695,-2.053267905293714,1.7276430481413345,-0.713985191299721,-0.06589759600423688,-0.966303193286565,-0.8024484737087255,1.5129284694496405,-0.713985191299721,-0.18935256184712382,-0.21303769768270914,-0.1401098514754074,-0.358145440323592,0.5558682612033757
-0.4085163942757147,0.4870285058378622,-0.8382842205939496,-0.5090791928416813,-0.05257480820650953,1.034871877633807,-0.8024484737087255,-0.2544884306547635,-0.5090791928416813,-0.18935256184712382,-0.21303769768270914,-0.1401098514754074,-0.358145440323592,1.2667544949459906
-0.4085163942757147,0.4870285058378622,-0.8382842205939496,-0.5090791928416813,-0.05257480820650953,1.034871877633807,-0.8024484737087255,-0.2544884306547635,-0.5090791928416813,-0.18935256184712382,-0.21303769768270914,-0.1401098514754074,-0.358145440323592,1.2667544949459906
2.206212382842165,0.4870285058378622,1.7276430481413345,-0.30417319438364177,-0.05257480820650953,-0.966303193286565,0.4350476606087318,-2.0219053307591675,-0.30417319438364177,-0.18935256184712382,-0.21303769768270914,-0.1401098514754074,-0.358145440323592,-0.8659042062818543
2.037520203673269,0.4870285058378622,-0.8382842205939496,-0.713985191299721,-0.06589759600423688,-0.966303193286565,0.4350476606087318,-0.2544884306547635,-0.713985191299721,-0.18935256184712382,-0.21303769768270914,-0.1401098514754074,-0.358145440323592,0.5558682612033757
1.4470975765821352,0.4870285058378622,-0.8382842205939496,-0.5090791928416813,-0.039252020408782194,1.034871877633807,0.4350476606087318,-0.2544884306547635,-0.5090791928416813,-0.18935256184712382,-0.21303769768270914,-0.1401098514754074,2.792161751651698,-0.8659042062818543
-0.5772085734446102,-2.053267905293714,-0.8382842205939496,-0.5090791928416813,-0.05257480820650953,-0.966303193286565,-0.8024484737087255,-0.2544884306547635,-0.5090791928416813,-0.18935256184712382,1.7533742503977268,-0.1401098514754074,-0.358145440323592,2.6885269624312205
-0.23982421510681926,-2.053267905293714,-0.8382842205939496,0.10563880253243754,-0.06589759600423688,-0.966303193286565,-0.8024484737087255,-0.2544884306547635,0.10563880253243754,-0.18935256184712382,1.7533742503977268,-0.1401098514754074,-0.358145440323592,0.5558682612033757
-0.9145929317824011,0.4870285058378622,0.4446794137736925,-0.5090791928416813,-3.116816001683797,1.034871877633807,1.672543794926189,1.5129284694496405,-0.5090791928416813,-0.18935256184712382,1.7533742503977268,1.8868661946544836,-0.358145440323592,-0.8659042062818543
0.7723288599065534,0.4870285058378622,-0.8382842205939496,-0.713985191299721,-0.06589759600423688,-0.966303193286565,-0.8024484737087255,-0.2544884306547635,-0.713985191299721,-0.18935256184712382,-0.21303769768270914,-0.1401098514754074,-0.358145440323592,0.5558682612033757
-1.0832851109512964,0.4870285058378622,-0.8382842205939496,-0.713985191299721,-0.06589759600423688,1.034871877633807,1.672543794926189,1.5129284694496405,-0.713985191299721,-0.18935256184712382,-0.21303769768270914,-0.1401098514754074,-0.358145440323592,1.2667544949459906
-0.4085163942757147,0.4870285058378622,-0.8382842205939496,0.7203567979065565,-0.06589759600423688,-0.966303193286565,-0.8024484737087255,-0.2544884306547635,0.7203567979065565,-0.18935256184712382,-0.21303769768270914,-0.1401098514754074,-0.358145440323592,-0.8659042062818543
0.6879827703221058,-2.053267905293714,-0.8382842205939496,-0.713985191299721,-0.06589759600423688,-0.966303193286565,-0.8024484737087255,-0.2544884306547635,-0.713985191299721,-0.18935256184712382,-0.21303769768270914,-0.1401098514754074,-0.358145440323592,0.5558682612033757
0.35059841198431485,0.4870285058378622,-0.8382842205939496,0.10563880253243754,-0.47890401773378427,-0.966303193286565,-0.8024484737087255,-0.2544884306547635,0.10563880253243754,-0.18935256184712382,-0.21303769768270914,-0.1401098514754074,-0.358145440323592,-0.8659042062818543
-0.15547812552237153,-2.053267905293714,-0.8382842205939496,-0.713985191299721,-0.07922038380196421,-0.966303193286565,-0.8024484737087255,-0.2544884306547635,-0.713985191299721,-0.18935256184712382,-0.21303769768270914,-0.1401098514754074,-0.358145440323592,1.2667544949459906
-0.15547812552237153,-2.053267905293714,-0.8382842205939496,-0.30417319438364177,-0.06589759600423688,1.034871877633807,-0.8024484737087255,-0.2544884306547635,-0.30417319438364177,-0.18935256184712382,-0.21303769768270914,-0.1401098514754074,-0.358145440323592,-0.8659042062818543
0.09756014323097166,-2.053267905293714,0.4446794137736925,0.5154507994485168,-0.33235335195878357,1.034871877633807,-0.8024484737087255,-0.2544884306547635,0.5154507994485168,2.103311910014095,-0.21303769768270914,-0.1401098514754074,-0.358145440323592,2.6885269624312205
-0.32417030469126695,0.4870285058378622,0.4446794137736925,-0.5090791928416813,-0.09254317159969154,-0.966303193286565,-0.8024484737087255,-0.2544884306547635,-0.5090791928416813,-0.18935256184712382,-0.21303769768270914,-0.1401098514754074,-0.358145440323592,0.5558682612033757
1.2784053974132399,0.4870285058378622,0.4446794137736925,0.10563880253243754,-0.09254317159969154,-0.966303193286565,0.4350476606087318,-0.2544884306547635,0.10563880253243754,-0.18935256184712382,-0.21303769768270914,-0.1401098514754074,-0.358145440323592,-0.8659042062818543
0.013214053646523933,0.4870285058378622,1.7276430481413345,-0.5090791928416813,-0.06589759600423688,1.034871877633807,-0.8024484737087255,-0.2544884306547635,-0.5090791928416813,-0.18935256184712382,1.7533742503977268,-0.1401098514754074,2.792161751651698,-0.8659042062818543
-0.9145929317824011,0.4870285058378622,-0.8382842205939496,-0.713985191299721,-0.06589759600423688,-0.966303193286565,1.672543794926189,-0.2544884306547635,-0.713985191299721,-0.18935256184712382,-0.21303769768270914,-0.1401098514754074,-0.358145440323592,-0.8659042062818543
-0.9989390213668488,-2.053267905293714,-0.8382842205939496,-0.713985191299721,-0.06589759600423688,-0.966303193286565,1.672543794926189,1.5129284694496405,-0.713985191299721,-0.18935256184712382,-0.21303769768270914,-0.1401098514754074,-0.358145440323592,-0.8659042062818543
1.2784053974132399,0.4870285058378622,-0.8382842205939496,-0.713985191299721,-0.06589759600423688,-0.966303193286565,0.4350476606087318,-0.2544884306547635,-0.713985191299721,-0.18935256184712382,-0.21303769768270914,-0.1401098514754074,-0.358145440323592,0.5558682612033757
0.013214053646523933,0.4870285058378622,1.7276430481413345,-0.30417319438364177,-0.7187141980928764,-0.966303193286565,-0.8024484737087255,1.5129284694496405,-0.30417319438364177,-0.18935256184712382,-0.21303769768270914,-0.1401098514754074,-0.358145440323592,0.5558682612033757
1.531443666166583,0.4870285058378622,-0.8382842205939496,2.3596047855708737,-0.06589759600423688,1.034871877633807,0.4350476606087318,-0.2544884306547635,2.3596047855708737,-0.18935256184712382,-0.21303769768270914,-0.1401098514754074,-0.358145440323592,-0.8659042062818543
0.6879827703221058,0.4870285058378622,-0.8382842205939496,0.10563880253243754,-0.05257480820650953,-0.966303193286565,-0.8024484737087255,-0.2544884306547635,0.10563880253243754,-0.18935256184712382,-0.21303769768270914,-0.1401098514754074,-0.358145440323592,0.5558682612033757
-0.8302468421979533,0.4870285058378622,1.7276430481413345,1.3350747932806755,-0.10586595939741889,1.034871877633807,-0.8024484737087255,1.5129284694496405,1.3350747932806755,2.103311910014095,1.7533742503977268,-0.1401098514754074,-0.358145440323592,-0.8659042062818543
1.1097132182443443,-2.053267905293714,-0.8382842205939496,-0.713985191299721,-0.05257480820650953,-0.966303193286565,0.4350476606087318,-0.2544884306547635,-0.713985191299721,-0.18935256184712382,-0.21303769768270914,-0.1401098514754074,-0.358145440323592,-0.8659042062818543
0.18190623281541937,0.4870285058378622,-0.8382842205939496,0.9252627963645961,-0.15915711058832824,1.034871877633807,-0.8024484737087255,-0.2544884306547635,0.9252627963645961,-0.18935256184712382,-0.21303769768270914,-0.1401098514754074,-0.358145440323592,1.2667544949459906
0.2662523223998671,0.4870285058378622,-0.8382842205939496,-0.713985191299721,-0.06589759600423688,-0.966303193286565,-0.8024484737087255,-0.2544884306547635,-0.713985191299721,-0.18935256184712382,-0.21303769768270914,-0.1401098514754074,-0.358145440323592,0.5558682612033757
-1.251977290120192,0.4870285058378622,0.4446794137736925,-0.713985191299721,-0.06589759600423688,1.034871877633807,1.672543794926189,1.5129284694496405,-0.713985191299721,-0.18935256184712382,-0.21303769768270914,-0.1401098514754074,-0.358145440323592,-0.8659042062818543
1.194059307828792,0.4870285058378622,-0.8382842205939496,-0.5090791928416813,-0.00854614825704895,-0.966303193286565,0.4350476606087318,-0.2544884306547635,-0.5090791928416813,-0.18935256184712382,-0.21303769768270914,-0.1401098514754074,-0.358145440323592,-0.8659042062818543
-0.7459007526135056,0.4870285058378622,0.4446794137736925,0.3105448009904772,-0.06589759600423688,-0.966303193286565,-0.8024484737087255,1.5129284694496405,0.3105448009904772,2.103311910014095,-0.21303769768270914,-0.1401098514754074,-0.358145440323592,-0.8659042062818543
-0.8302468421979533,0.4870285058378622,1.7276430481413345,1.539980791738715,-0.06589759600423688,1.034871877633807,-0.8024484737087255,1.5129284694496405,1.539980791738715,-0.18935256184712382,-0.21303769768270914,-0.1401098514754074,-0.358145440323592,-0.8659042062818543
-0.32417030469126695,0.4870285058378622,1.7276430481413345,1.1301687948226358,-0.06589759600423688,1.034871877633807,-0.8024484737087255,-2.0219053307591675,1.1301687948226358,-0.18935256184712382,-0.21303769768270914,-0.1401098514754074,2.792161751651698,-0.8659042062818543
-0.07113203593792379,0.4870285058378622,-0.8382842205939496,-0.713985191299721,-0.05257480820650953,-0.966303193286565,-0.8024484737087255,-0.2544884306547635,-0.713985191299721,-0.18935256184712382,-0.21303769768270914,-0.1401098514754074,-0.358145440323592,-0.8659042062818543
-1.0832851109512964,0.4870285058378622,1.7276430481413345,-0.713985191299721,-0.05257480820650953,-0.966303193286565,1.672543794926189,-2.0219053307591675,-0.713985191299721,-0.18935256184712382,-0.21303769768270914,-0.1401098514754074,-0.358145440323592,0.5558682612033757
-0.4928624838601624,0.4870285058378622,0.4446794137736925,-0.713985191299721,-0.05257480820650953,-0.966303193286565,-0.8024484737087255,-0.2544884306547635,-0.713985191299721,-0.18935256184712382,-0.21303769768270914,-0.1401098514754074,-0.358145440323592,-0.8659042062818543
-0.07113203593792379,0.4870285058378622,1.7276430481413345,3.5890407763191114,-0.05257480820650953,1.034871877633807,-0.8024484737087255,1.5129284694496405,3.5890407763191114,2.103311910014095,5.686198146558598,3.913842240784374,-0.358145440323592,-0.8659042062818543
0.8566749494910012,-2.053267905293714,-0.8382842205939496,-0.5090791928416813,-0.06589759600423688,1.034871877633807,0.4350476606087318,-0.2544884306547635,-0.5090791928416813,-0.18935256184712382,-0.21303769768270914,-0.1401098514754074,-0.358145440323592,0.5558682612033757
-0.23982421510681926,0.4870285058378622,-0.8382842205939496,-0.30417319438364177,-0.00854614825704895,-0.966303193286565,-0.8024484737087255,-0.2544884306547635,-0.30417319438364177,-0.18935256184712382,-0.21303769768270914,-0.1401098514754074,-0.358145440323592,-0.8659042062818543
-0.5772085734446102,0.4870285058378622,0.4446794137736925,0.3105448009904772,-0.06589759600423688,1.034871877633807,-0.8024484737087255,-2.0219053307591675,0.3105448009904772,4.395976381875314,-0.21303769768270914,1.8868661946544836,-0.358145440323592,-0.8659042062818543
-1.0832851109512964,0.4870285058378622,0.4446794137736925,-0.5090791928416813,3.078280324259415,1.034871877633807,1.672543794926189,1.5129284694496405,-0.5090791928416813,-0.18935256184712382,-0.21303769768270914,-0.1401098514754074,-0.358145440323592,-0.8659042062818543
-1.0832851109512964,0.4870285058378622,0.4446794137736925,-0.5090791928416813,-0.05257480820650953,1.034871877633807,1.672543794926189,1.5129284694496405,-0.5090791928416813,-0.18935256184712382,-0.21303769768270914,-0.1401098514754074,-0.358145440323592,-0.8659042062818543
3.5557498161933285,0.4870285058378622,-0.8382842205939496,-0.0992671959256021,-0.00854614825704895,-0.966303193286565,0.4350476606087318,-0.2544884306547635,-0.0992671959256021,-0.18935256184712382,-0.21303769768270914,-0.1401098514754074,-0.358145440323592,0.5558682612033757
1.1097132182443443,0.4870285058378622,-0.8382842205939496,-0.713985191299721,-0.06589759600423688,-0.966303193286565,0.4350476606087318,-0.2544884306547635,-0.713985191299721,-0.18935256184712382,-0.21303769768270914,-0.1401098514754074,-0.358145440323592,-0.1550179725392393
-0.7459007526135056,0.4870285058378622,1.7276430481413345,3.384134777861072,-0.06589759600423688,1.034871877633807,-0.8024484737087255,1.5129284694496405,3.384134777861072,4.395976381875314,3.719786198478163,-0.1401098514754074,-0.358145440323592,-0.8659042062818543
-0.7459007526135056,0.4870285058378622,-0.8382842205939496,-0.713985191299721,-0.05257480820650953,-0.966303193286565,-0.8024484737087255,-0.2544884306547635,-0.713985191299721,-0.18935256184712382,-0.21303769768270914,-0.1401098514754074,-0.358145440323592,-0.8659042062818543
2.712288920348851,0.4870285058378622,-0.8382842205939496,0.10563880253243754,-0.00854614825704895,-0.966303193286565,0.4350476606087318,-0.2544884306547635,0.10563880253243754,-0.18935256184712382,-0.21303769768270914,-0.1401098514754074,-0.358145440323592,-0.8659042062818543
0.5192905911532103,-2.053267905293714,-0.8382842205939496,-0.713985191299721,-0.05257480820650953,-0.966303193286565,-0.8024484737087255,-0.2544884306547635,-0.713985191299721,-0.18935256184712382,-0.21303769768270914,-0.1401098514754074,-0.358145440323592,1.2667544949459906
-0.8302468421979533,-2.053267905293714,-0.8382842205939496,-0.713985191299721,-0.06589759600423688,1.034871877633807,-0.8024484737087255,1.5129284694496405,-0.713985191299721,-0.18935256184712382,-0.21303769768270914,-0.1401098514754074,-0.358145440323592,-0.8659042062818543
-0.15547812552237153,0.4870285058378622,-0.8382842205939496,-0.713985191299721,-0.06589759600423688,-0.966303193286565,-0.8024484737087255,-0.2544884306547635,-0.713985191299721,-0.18935256184712382,-0.21303769768270914,-0.1401098514754074,-0.358145440323592,-0.8659042062818543
-0.8302468421979533,0.4870285058378622,-0.8382842205939496,-0.0992671959256021,-0.825296500474695,-0.966303193286565,-0.8024484737087255,-0.2544884306547635,-0.0992671959256021,-0.18935256184712382,-0.21303769768270914,-0.1401098514754074,-0.358145440323592,0.5558682612033757
-0.8302468421979533,0.4870285058378622,1.7276430481413345,1.539980791738715,1.6260964543071348,1.034871877633807,-0.8024484737087255,-2.0219053307591675,1.539980791738715,-0.18935256184712382,3.719786198478163,-0.1401098514754074,-0.358145440323592,-0.8659042062818543
-0.4085163942757147,0.4870285058378622,-0.8382842205939496,-0.5090791928416813,-0.06589759600423688,1.034871877633807,-0.8024484737087255,-0.2544884306547635,-0.5090791928416813,-0.18935256184712382,-0.21303769768270914,-0.1401098514754074,-0.358145440323592,-0.8659042062818543
-0.8302468421979533,0.4870285058378622,0.4446794137736925,0.5154507994485168,-0.06589759600423688,1.034871877633807,-0.8024484737087255,1.5129284694496405,0.5154507994485168,-0.18935256184712382,3.719786198478163,-0.1401098514754074,-0.358145440323592,-0.8659042062818543
1.2784053974132399,0.4870285058378622,1.7276430481413345,1.539980791738715,-2.85036024572925,-0.966303193286565,0.4350476606087318,-0.2544884306547635,1.539980791738715,-0.18935256184712382,-0.21303769768270914,-0.1401098514754074,-0.358145440323592,1.2667544949459906
-0.9145929317824011,0.4870285058378622,-0.8382842205939496,-0.5090791928416813,-0.05257480820650953,-0.966303193286565,1.672543794926189,-0.2544884306547635,-0.5090791928416813,-0.18935256184712382,-0.21303769768270914,-0.1401098514754074,-0.358145440323592,1.2667544949459906
-0.8302468421979533,0.4870285058378622,1.7276430481413345,0.7203567979065565,-0.06589759600423688,1.034871877633807,-0.8024484737087255,-2.0219053307591675,0.7203567979065565,2.103311910014095,-0.21303769768270914,-0.1401098514754074,2.792161751651698,-0.8659042062818543
-1.251977290120192,0.4870285058378622,-0.8382842205939496,-0.713985191299721,-0.09254317159969154,-0.966303193286565,1.672543794926189,1.5129284694496405,-0.713985191299721,-0.18935256184712382,3.719786198478163,-0.1401098514754074,-0.358145440323592,0.5558682612033757
0.09756014323097166,0.4870285058378622,-0.8382842205939496,-0.713985191299721,-0.06589759600423688,-0.966303193286565,-0.8024484737087255,-0.2544884306547635,-0.713985191299721,-0.18935256184712382,-0.21303769768270914,-0.1401098514754074,-0.358145440323592,2.6885269624312205
0.35059841198431485,0.4870285058378622,-0.8382842205939496,0.3105448009904772,-0.33235335195878357,-0.966303193286565,-0.8024484737087255,-0.2544884306547635,0.3105448009904772,-0.18935256184712382,-0.21303769768270914,-0.1401098514754074,-0.358145440323592,0.5558682612033757
-0.5772085734446102,-2.053267905293714,-0.8382842205939496,-0.5090791928416813,-1.2116573466087879,1.034871877633807,-0.8024484737087255,-0.2544884306547635,-0.5090791928416813,-0.18935256184712382,-0.21303769768270914,-0.1401098514754074,-0.358145440323592,-0.8659042062818543
-1.251977290120192,0.4870285058378622,1.7276430481413345,-0.30417319438364177,-0.06589759600423688,1.034871877633807,1.672543794926189,1.5129284694496405,-0.30417319438364177,2.103311910014095,1.7533742503977268,-0.1401098514754074,-0.358145440323592,-0.8659042062818543
-1.1676312005357443,0.4870285058378622,0.4446794137736925,-0.713985191299721,-0.06589759600423688,-0.966303193286565,1.672543794926189,1.5129284694496405,-0.713985191299721,-0.18935256184712382,1.7533742503977268,-0.1401098514754074,-0.358145440323592,0.5558682612033757
-0.7459007526135056,0.4870285058378622,1.7276430481413345,0.5154507994485168,-0.05257480820650953,1.034871877633807,-0.8024484737087255,-2.0219053307591675,0.5154507994485168,-0.18935256184712382,-0.21303769768270914,-0.1401098514754074,-0.358145440323592,-0.8659042062818543
1.7844819349199261,0.4870285058378622,-0.8382842205939496,-0.713985191299721,-0.05257480820650953,-0.966303193286565,0.4350476606087318,-0.2544884306547635,-0.713985191299721,-0.18935256184712382,-0.21303769768270914,-0.1401098514754074,-0.358145440323592,2.6885269624312205
-0.23982421510681926,0.4870285058378622,1.7276430481413345,2.769416782486953,-0.06589759600423688,1.034871877633807,-0.8024484737087255,1.5129284694496405,2.769416782486953,13.56663426932019,9.61902204271947,-0.1401098514754074,-0.358145440323592,-0.8659042062818543
0.8566749494910012,0.4870285058378622,-0.8382842205939496,1.539980791738715,-0.06589759600423688,-0.966303193286565,0.4350476606087318,-0.2544884306547635,1.539980791738715,-0.18935256184712382,-0.21303769768270914,-0.1401098514754074,-0.358145440323592,-0.8659042062818543
0.09756014323097166,0.4870285058378622,-0.8382842205939496,0.5154507994485168,-0.06589759600423688,-0.966303193286565,-0.8024484737087255,-0.2544884306547635,0.5154507994485168,-0.18935256184712382,-0.21303769768270914,-0.1401098514754074,-0.358145440323592,-0.8659042062818543
-0.32417030469126695,-2.053267905293714,-0.8382842205939496,-0.713985191299721,-0.09254317159969154,-0.966303193286565,-0.8024484737087255,-0.2544884306547635,-0.713985191299721,-0.18935256184712382,-0.21303769768270914,-0.1401098514754074,-0.358145440323592,0.5558682612033757
0.18190623281541937,0.4870285058378622,-0.8382842205939496,-0.30417319438364177,-0.05257480820650953,1.034871877633807,-0.8024484737087255,-0.2544884306547635,-0.30417319438364177,-0.18935256184712382,-0.21303769768270914,-0.1401098514754074,-0.358145440323592,1.2667544949459906
1.4470975765821352,0.4870285058378622,-0.8382842205939496,-0.5090791928416813,-1.531404253754244,-0.966303193286565,0.4350476606087318,-0.2544884306547635,-0.5090791928416813,-0.18935256184712382,-0.21303769768270914,-0.1401098514754074,-0.358145440323592,0.5558682612033757
2.206212382842165,0.4870285058378622,-0.8382842205939496,1.9497927886547946,0.80008361084804,1.034871877633807,0.4350476606087318,-0.2544884306547635,1.9497927886547946,-0.18935256184712382,-0.21303769768270914,-0.1401098514754074,-0.358145440323592,-0.8659042062818543
0.2662523223998671,0.4870285058378622,-0.8382842205939496,-0.30417319438364177,-0.06589759600423688,-0.966303193286565,-0.8024484737087255,-0.2544884306547635,-0.30417319438364177,-0.18935256184712382,-0.21303769768270914,-0.1401098514754074,-0.358145440323592,0.5558682612033757
2.2905584724266124,0.4870285058378622,-0.8382842205939496,-0.713985191299721,-0.06589759600423688,-0.966303193286565,0.4350476606087318,-0.2544884306547635,-0.713985191299721,-0.18935256184712382,-0.21303769768270914,-0.1401098514754074,-0.358145440323592,0.5558682612033757
0.18190623281541937,-2.053267905293714,-0.8382842205939496,-0.5090791928416813,-0.38564450314969295,-0.966303193286565,-0.8024484737087255,-0.2544884306547635,-0.5090791928416813,-0.18935256184712382,-0.21303769768270914,-0.1401098514754074,-0.358145440323592,0.5558682612033757
0.013214053646523933,0.4870285058378622,0.4446794137736925,0.10563880253243754,-0.06589759600423688,1.034871877633807,-0.8024484737087255,-0.2544884306547635,0.10563880253243754,-0.18935256184712382,-0.21303769768270914,-0.1401098514754074,-0.358145440323592,0.5558682612033757
0.603636680737658,-2.053267905293714,-0.8382842205939496,-0.713985191299721,-0.06589759600423688,-0.966303193286565,-0.8024484737087255,-0.2544884306547635,-0.713985191299721,-0.18935256184712382,-0.21303769768270914,-0.1401098514754074,-0.358145440323592,0.5558682612033757
-0.6615546630290579,0.4870285058378622,-0.8382842205939496,-0.713985191299721,-0.06589759600423688,-0.966303193286565,-0.8024484737087255,-0.2544884306547635,-0.713985191299721,-0.18935256184712382,-0.21303769768270914,-0.1401098514754074,-0.358145440323592,0.5558682612033757
1.8688280245043738,0.4870285058378622,0.4446794137736925,1.539980791738715,-0.06589759600423688,-0.966303193286565,0.4350476606087318,1.5129284694496405,1.539980791738715,-0.18935256184712382,-0.21303769768270914,-0.1401098514754074,-0.358145440323592,-0.8659042062818543
0.18190623281541937,0.4870285058378622,-0.8382842205939496,1.7448867901967549,-1.0384611052383326,-0.966303193286565,-0.8024484737087255,-0.2544884306547635,1.7448867901967549,-0.18935256184712382,-0.21303769768270914,-0.1401098514754074,-0.358145440323592,-0.8659042062818543
-1.251977290120192,-2.053267905293714,0.4446794137736925,-0.713985191299721,-0.06589759600423688,-0.966303193286565,1.672543794926189,1.5129284694496405,-0.713985191299721,-0.18935256184712382,-0.21303769768270914,-0.1401098514754074,-0.358145440323592,2.6885269624312205
0.9410210390754489,0.4870285058378622,-0.8382842205939496,0.3105448009904772,1.6127736665094075,-0.966303193286565,0.4350476606087318,-0.2544884306547635,0.3105448009904772,-0.18935256184712382,-0.21303769768270914,-0.1401098514754074,-0.358145440323592,0.5558682612033757
-0.9989390213668488,0.4870285058378622,1.7276430481413345,1.539980791738715,-0.06589759600423688,1.034871877633807,1.672543794926189,-2.0219053307591675,1.539980791738715,4.395976381875314,-0.21303769768270914,16.07569851756372,-0.358145440323592,0.5558682612033757
-0.8302468421979533,0.4870285058378622,1.7276430481413345,-0.0992671959256021,-0.06589759600423688,1.034871877633807,-0.8024484737087255,1.5129284694496405,-0.0992671959256021,-0.18935256184712382,-0.21303769768270914,-0.1401098514754074,-0.358145440323592,2.6885269624312205
1.1097132182443443,0.4870285058378622,1.7276430481413345,1.3350747932806755,-0.00854614825704895,-0.966303193286565,0.4350476606087318,1.5129284694496405,1.3350747932806755,-0.18935256184712382,-0.21303769768270914,-0.1401098514754074,-0.358145440323592,-0.8659042062818543
0.603636680737658,0.4870285058378622,0.4446794137736925,0.3105448009904772,-0.06589759600423688,-0.966303193286565,-0.8024484737087255,1.5129284694496405,0.3105448009904772,-0.18935256184712382,-0.21303769768270914,-0.1401098514754074,-0.358145440323592,-0.8659042062818543
2.206212382842165,0.4870285058378622,-0.8382842205939496,-0.5090791928416813,-0.05257480820650953,-0.966303193286565,0.4350476606087318,-0.2544884306547635,-0.5090791928416813,-0.18935256184712382,-0.21303769768270914,-0.1401098514754074,-0.358145440323592,0.5558682612033757
-1.0832851109512964,-2.053267905293714,-0.8382842205939496,-0.713985191299721,-0.07922038380196421,-0.966303193286565,1.672543794926189,-0.2544884306547635,-0.713985191299721,-0.18935256184712382,-0.21303769768270914,-0.1401098514754074,-0.358145440323592,1.2667544949459906
1.4470975765821352,0.4870285058378622,-0.8382842205939496,2.3596047855708737,-0.05257480820650953,1.034871877633807,0.4350476606087318,-0.2544884306547635,2.3596047855708737,-0.18935256184712382,-0.21303769768270914,-0.1401098514754074,-0.358145440323592,-0.8659042062818543
-0.8302468421979533,0.4870285058378622,1.7276430481413345,0.3105448009904772,-0.06589759600423688,1.034871877633807,-0.8024484737087255,-2.0219053307591675,0.3105448009904772,-0.18935256184712382,1.7533742503977268,-0.1401098514754074,-0.358145440323592,-0.8659042062818543
-0.9989390213668488,-2.053267905293714,-0.8382842205939496,-0.713985191299721,-0.06589759600423688,-0.966303193286565,1.672543794926189,-0.2544884306547635,-0.713985191299721,-0.18935256184712382,-0.21303769768270914,-0.1401098514754074,-0.358145440323592,-0.8659042062818543
-0.4928624838601624,0.4870285058378622,1.7276430481413345,-0.713985191299721,-0.06589759600423688,1.034871877633807,-0.8024484737087255,-2.0219053307591675,-0.713985191299721,-0.18935256184712382,-0.21303769768270914,-0.1401098514754074,-0.358145440323592,-0.8659042062818543
2.5435967411799556,-2.053267905293714,-0.8382842205939496,-0.5090791928416813,-0.06589759600423688,1.034871877633807,0.4350476606087318,-0.2544884306547635,-0.5090791928416813,-0.18935256184712382,-0.21303769768270914,-0.1401098514754074,-0.358145440323592,0.5558682612033757
-0.9145929317824011,-2.053267905293714,0.4446794137736925,-0.30417319438364177,7.528091448700346,1.034871877633807,1.672543794926189,1.5129284694496405,-0.30417319438364177,-0.18935256184712382,-0.21303769768270914,-0.1401098514754074,2.792161751651698,-0.8659042062818543
-1.0832851109512964,0.4870285058378622,0.4446794137736925,-0.30417319438364177,-0.06589759600423688,1.034871877633807,1.672543794926189,-2.0219053307591675,-0.30417319438364177,-0.18935256184712382,-0.21303769768270914,1.8868661946544836,-0.358145440323592,-0.8659042062818543
-0.9145929317824011,0.4870285058378622,-0.8382842205939496,-0.5090791928416813,2.4787548733616847,1.034871877633807,1.672543794926189,-0.2544884306547635,-0.5090791928416813,-0.18935256184712382,-0.21303769768270914,-0.1401098514754074,-0.358145440323592,1.2667544949459906
-0.15547812552237153,0.4870285058378622,-0.8382842205939496,-0.713985191299721,-0.06589759600423688,-0.966303193286565,-0.8024484737087255,-0.2544884306547635,-0.713985191299721,-0.18935256184712382,-0.21303769768270914,-0.1401098514754074,-0.358145440323592,1.2667544949459906
-1.0832851109512964,0.4870285058378622,-0.8382842205939496,-0.713985191299721,-0.06589759600423688,1.034871877633807,1.672543794926189,1.5129284694496405,-0.713985191299721,-0.18935256184712382,-0.21303769768270914,-0.1401098514754074,2.792161751651698,-0.8659042062818543
0.013214053646523933,0.4870285058378622,-0.8382842205939496,0.7203567979065565,-0.06589759600423688,-0.966303193286565,-0.8024484737087255,-0.2544884306547635,0.7203567979065565,-0.18935256184712382,-0.21303769768270914,-0.1401098514754074,-0.358145440323592,-0.8659042062818543
2.8809810995177467,0.4870285058378622,-0.8382842205939496,-0.0992671959256021,-0.05257480820650953,-0.966303193286565,0.4350476606087318,-0.2544884306547635,-0.0992671959256021,-0.18935256184712382,-0.21303769768270914,-0.1401098514754074,-0.358145440323592,-0.8659042062818543
-0.15547812552237153,-2.053267905293714,-0.8382842205939496,-0.5090791928416813,-0.06589759600423688,-0.966303193286565,-0.8024484737087255,-0.2544884306547635,-0.5090791928416813,-0.18935256184712382,-0.21303769768270914,-0.1401098514754074,-0.358145440323592,0.5558682612033757
1.4470975765821352,-2.053267905293714,-0.8382842205939496,-0.713985191299721,-0.05257480820650953,-0.966303193286565,0.4350476606087318,-0.2544884306547635,-0.713985191299721,-0.18935256184712382,-0.21303769768270914,-0.1401098514754074,-0.358145440323592,-0.8659042062818543
1.7001358453354785,0.4870285058378622,1.7276430481413345,0.7203567979065565,-0.05257480820650953,-0.966303193286565,0.4350476606087318,-2.0219053307591675,0.7203567979065565,-0.18935256184712382,-0.21303769768270914,-0.1401098514754074,-0.358145440323592,0.5558682612033757
-0.5772085734446102,0.4870285058378622,-0.8382842205939496,-0.30417319438364177,-0.06589759600423688,1.034871877633807,-0.8024484737087255,1.5129284694496405,-0.30417319438364177,-0.18935256184712382,1.7533742503977268,-0.1401098514754074,-0.358145440323592,-0.8659042062818543
2.206212382842165,0.4870285058378622,-0.8382842205939496,-0.713985191299721,-0.10586595939741889,-0.966303193286565,0.4350476606087318,-0.2544884306547635,-0.713985191299721,-0.18935256184712382,-0.21303769768270914,-0.1401098514754074,-0.358145440323592,0.5558682612033757
-1.1676312005357443,0.4870285058378622,-0.8382842205939496,-0.5090791928416813,-0.06589759600423688,1.034871877633807,1.672543794926189,1.5129284694496405,-0.5090791928416813,2.103311910014095,1.7533742503977268,-0.1401098514754074,-0.358145440323592,0.5558682612033757
-0.7459007526135056,-2.053267905293714,-0.8382842205939496,-0.0992671959256021,-0.06589759600423688,-0.966303193286565,-0.8024484737087255,-0.2544884306547635,-0.0992671959256021,-0.18935256184712382,-0.21303769768270914,-0.1401098514754074,-0.358145440323592,0.5558682612033757
0.18190623281541937,0.4870285058378622,-0.8382842205939496,-0.713985191299721,-0.05257480820650953,-0.966303193286565,-0.8024484737087255,-0.2544884306547635,-0.713985191299721,-0.18935256184712382,-0.21303769768270914,-0.1401098514754074,-0.358145440323592,1.2667544949459906
-1.1676312005357443,0.4870285058378622,1.7276430481413345,0.9252627963645961,0.3471088257253106,1.034871877633807,1.672543794926189,1.5129284694496405,0.9252627963645961,4.395976381875314,11.585433990799906,-0.1401098514754074,2.792161751651698,-0.8659042062818543
-0.9989390213668488,-2.053267905293714,0.4446794137736925,-0.713985191299721,-0.05257480820650953,-0.966303193286565,1.672543794926189,1.5129284694496405,-0.713985191299721,-0.18935256184712382,-0.21303769768270914,-0.1401098514754074,-0.358145440323592,-0.8659042062818543
-0.23982421510681926,0.4870285058378622,-0.8382842205939496,-0.713985191299721,-0.06589759600423688,-0.966303193286565,-0.8024484737087255,-0.2544884306547635,-0.713985191299721,-0.18935256184712382,-0.21303769768270914,-0.1401098514754074,-0.358145440323592,2.6885269624312205
1.9531741140888217,0.4870285058378622,0.4446794137736925,7.072442750105785,-1.5447270415519714,1.034871877633807,0.4350476606087318,-0.2544884306547635,7.072442750105785,-0.18935256184712382,-0.21303769768270914,-0.1401098514754074,-0.358145440323592,-0.8659042062818543
1.7001358453354785,0.4870285058378622,-0.8382842205939496,0.9252627963645961,-0.06589759600423688,1.034871877633807,0.4350476606087318,-0.2544884306547635,0.9252627963645961,-0.18935256184712382,-0.21303769768270914,-0.1401098514754074,-0.358145440323592,2.6885269624312205
0.2662523223998671,0.4870285058378622,-0.8382842205939496,-0.30417319438364177,-0.05257480820650953,-0.966303193286565,-0.8024484737087255,-0.2544884306547635,-0.30417319438364177,-0.18935256184712382,-0.21303769768270914,-0.1401098514754074,-0.358145440323592,0.5558682612033757
0.6879827703221058,0.4870285058378622,-0.8382842205939496,-0.713985191299721,-0.06589759600423688,1.034871877633807,-0.8024484737087255,-0.2544884306547635,-0.713985191299721,-0.18935256184712382,-0.21303769768270914,-0.1401098514754074,-0.358145440323592,0.5558682612033757
0.013214053646523933,0.4870285058378622,1.7276430481413345,1.9497927886547946,-0.06589759600423688,1.034871877633807,-0.8024484737087255,1.5129284694496405,1.9497927886547946,-0.18935256184712382,-0.21303769768270914,-0.1401098514754074,-0.358145440323592,-0.8659042062818543
-0.6615546630290579,0.4870285058378622,1.7276430481413345,-0.5090791928416813,-0.06589759600423688,-0.966303193286565,-0.8024484737087255,-2.0219053307591675,-0.5090791928416813,-0.18935256184712382,-0.21303769768270914,-0.1401098514754074,-0.358145440323592,-0.8659042062818543
-0.9145929317824011,0.4870285058378622,-0.8382842205939496,-0.5090791928416813,-0.06589759600423688,-0.966303193286565,1.672543794926189,-0.2544884306547635,-0.5090791928416813,-0.18935256184712382,-0.21303769768270914,-0.1401098514754074,-0.358145440323592,-0.8659042062818543
-1.0832851109512964,0.4870285058378622,-0.8382842205939496,-0.5090791928416813,-0.06589759600423688,1.034871877633807,1.672543794926189,1.5129284694496405,-0.5090791928416813,-0.18935256184712382,-0.21303769768270914,-0.1401098514754074,-0.358145440323592,-0.8659042062818543
-0.15547812552237153,-2.053267905293714,-0.8382842205939496,-0.713985191299721,-0.06589759600423688,-0.966303193286565,-0.8024484737087255,-0.2544884306547635,-0.713985191299721,-0.18935256184712382,-0.21303769768270914,-0.1401098514754074,-0.358145440323592,2.6885269624312205
0.4349445015687626,-2.053267905293714,-0.8382842205939496,-0.713985191299721,-0.06589759600423688,-0.966303193286565,-0.8024484737087255,-0.2544884306547635,-0.713985191299721,-0.18935256184712382,-0.21303769768270914,-0.1401098514754074,-0.358145440323592,2.6885269624312205
0.7723288599065534,0.4870285058378622,-0.8382842205939496,-0.713985191299721,-0.06589759600423688,1.034871877633807,-0.8024484737087255,-0.2544884306547635,-0.713985191299721,-0.18935256184712382,-0.21303769768270914,-0.1401098514754074,-0.358145440323592,-0.8659042062818543
-0.7459007526135056,0.4870285058378622,0.4446794137736925,-0.5090791928416813,-0.00854614825704895,-0.966303193286565,-0.8024484737087255,1.5129284694496405,-0.5090791928416813,-0.18935256184712382,-0.21303769768270914,-0.1401098514754074,-0.358145440323592,-0.8659042062818543
-1.0832851109512964,0.4870285058378622,0.4446794137736925,-0.0992671959256021,-0.5988091079133303,1.034871877633807,1.672543794926189,1.5129284694496405,-0.0992671959256021,-0.18935256184712382,-0.21303769768270914,-0.1401098514754074,-0.358145440323592,-0.8659042062818543
0.35059841198431485,0.4870285058378622,1.7276430481413345,2.564510784028913,-0.05257480820650953,1.034871877633807,-0.8024484737087255,1.5129284694496405,2.564510784028913,-0.18935256184712382,-0.21303769768270914,-0.1401098514754074,-0.358145440323592,0.5558682612033757
-0.9145929317824011,0.4870285058378622,-0.8382842205939496,-0.5090791928416813,-0.05257480820650953,1.034871877633807,1.672543794926189,1.5129284694496405,-0.5090791928416813,-0.18935256184712382,-0.21303769768270914,-0.1401098514754074,-0.358145440323592,1.2667544949459906
0.6879827703221058,0.4870285058378622,-0.8382842205939496,-0.5090791928416813,-0.4522584421383296,-0.966303193286565,-0.8024484737087255,-0.2544884306547635,-0.5090791928416813,-0.18935256184712382,-0.21303769768270914,-0.1401098514754074,-0.358145440323592,0.5558682612033757
-0.23982421510681926,-2.053267905293714,-0.8382842205939496,-0.5090791928416813,-0.06589759600423688,-0.966303193286565,-0.8024484737087255,-0.2544884306547635,-0.5090791928416813,-0.18935256184712382,-0.21303769768270914,-0.1401098514754074,-0.358145440323592,-0.8659042062818543
-0.9989390213668488,-2.053267905293714,0.4446794137736925,-0.30417319438364177,-0.06589759600423688,1.034871877633807,1.672543794926189,1.5129284694496405,-0.30417319438364177,-0.18935256184712382,-0.21303769768270914,-0.1401098514754074,-0.358145440323592,-0.8659042062818543
2.5435967411799556,0.4870285058378622,-0.8382842205939496,-0.30417319438364177,-0.7586825614860584,1.034871877633807,0.4350476606087318,-0.2544884306547635,-0.30417319438364177,-0.18935256184712382,-0.21303769768270914,-0.1401098514754074,-0.358145440323592,1.2667544949459906
-0.9989390213668488,0.4870285058378622,0.4446794137736925,1.3350747932806755,-0.06589759600423688,1.034871877633807,1.672543794926189,1.5129284694496405,1.3350747932806755,-0.18935256184712382,1.7533742503977268,-0.1401098514754074,-0.358145440323592,0.5558682612033757
-0.4085163942757147,0.4870285058378622,-0.8382842205939496,-0.713985191299721,-0.05257480820650953,1.034871877633807,-0.8024484737087255,-0.2544884306547635,-0.713985191299721,-0.18935256184712382,-0.21303769768270914,-0.1401098514754074,-0.358145440323592,0.5558682612033757
0.09756014323097166,0.4870285058378622,0.4446794137736925,-0.30417319438364177,-0.06589759600423688,-0.966303193286565,-0.8024484737087255,-0.2544884306547635,-0.30417319438364177,-0.18935256184712382,-0.21303769768270914,-0.1401098514754074,-0.358145440323592,-0.8659042062818543
-1.3363233797046397,0.4870285058378622,1.7276430481413345,-0.713985191299721,-0.06589759600423688,1.034871877633807,1.672543794926189,-2.0219053307591675,-0.713985191299721,-0.18935256184712382,-0.21303769768270914,-0.1401098514754074,2.792161751651698,2.6885269624312205
1.2784053974132399,0.4870285058378622,-0.8382842205939496,-0.5090791928416813,-0.06589759600423688,-0.966303193286565,0.4350476606087318,-0.2544884306547635,-0.5090791928416813,-0.18935256184712382,-0.21303769768270914,-0.1401098514754074,-0.358145440323592,0.5558682612033757
-0.8302468421979533,0.4870285058378622,0.4446794137736925,-0.30417319438364177,-0.05257480820650953,-0.966303193286565,-0.8024484737087255,-0.2544884306547635,-0.30417319438364177,-0.18935256184712382,1.7533742503977268,-0.1401098514754074,-0.358145440323592,0.5558682612033757
1.531443666166583,0.4870285058378622,0.4446794137736925,3.384134777861072,-0.09254317159969154,-0.966303193286565,0.4350476606087318,1.5129284694496405,3.384134777861072,-0.18935256184712382,-0.21303769768270914,-0.1401098514754074,-0.358145440323592,-0.8659042062818543
-0.5772085734446102,0.4870285058378622,0.4446794137736925,0.3105448009904772,-1.0651066808337872,-0.966303193286565,-0.8024484737087255,1.5129284694496405,0.3105448009904772,-0.18935256184712382,-0.21303769768270914,-0.1401098514754074,-0.358145440323592,0.5558682612033757
0.7723288599065534,0.4870285058378622,1.7276430481413345,2.1546987871128342,-0.06589759600423688,1.034871877633807,-0.8024484737087255,1.5129284694496405,2.1546987871128342,-0.18935256184712382,-0.21303769768270914,-0.1401098514754074,-0.358145440323592,-0.8659042062818543
0.9410210390754489,0.4870285058378622,0.4446794137736925,-0.713985191299721,-0.06589759600423688,-0.966303193286565,0.4350476606087318,-0.2544884306547635,-0.713985191299721,-0.18935256184712382,-0.21303769768270914,-0.1401098514754074,-0.358145440323592,0.5558682612033757
-0.5772085734446102,0.4870285058378622,-0.8382842205939496,0.10563880253243754,-0.06589759600423688,1.034871877633807,-0.8024484737087255,-0.2544884306547635,0.10563880253243754,-0.18935256184712382,-0.21303769768270914,-0.1401098514754074,-0.358145440323592,-0.8659042062818543
-1.0832851109512964,0.4870285058378622,-0.8382842205939496,-0.5090791928416813,-0.05257480820650953,1.034871877633807,1.672543794926189,1.5129284694496405,-0.5090791928416813,-0.18935256184712382,-0.21303769768270914,-0.1401098514754074,-0.358145440323592,-0.8659042062818543
1.3627514869976876,-2.053267905293714,1.7276430481413345,2.564510784028913,-1.6779549195292447,-0.966303193286565,0.4350476606087318,-0.2544884306547635,2.564510784028913,-0.18935256184712382,-0.21303769768270914,-0.1401098514754074,-0.358145440323592,-0.8659042062818543
-1.251977290120192,-2.053267905293714,-0.8382842205939496,-0.713985191299721,-0.05257480820650953,1.034871877633807,1.672543794926189,1.5129284694496405,-0.713985191299721,-0.18935256184712382,-0.21303769768270914,-0.1401098514754074,-0.358145440323592,-0.8659042062818543
-0.5772085734446102,0.4870285058378622,1.7276430481413345,0.5154507994485168,-0.06589759600423688,1.034871877633807,-0.8024484737087255,-2.0219053307591675,0.5154507994485168,2.103311910014095,-0.21303769768270914,-0.1401098514754074,2.792161751651698,-0.8659042062818543
0.5192905911532103,0.4870285058378622,-0.8382842205939496,0.9252627963645961,-0.06589759600423688,-0.966303193286565,-0.8024484737087255,-0.2544884306547635,0.9252627963645961,-0.18935256184712382,-0.21303769768270914,-0.1401098514754074,-0.358145440323592,-0.8659042062818543
-0.4928624838601624,-2.053267905293714,1.7276430481413345,1.539980791738715,-0.09254317159969154,1.034871877633807,-0.8024484737087255,1.5129284694496405,1.539980791738715,-0.18935256184712382,-0.21303769768270914,-0.1401098514754074,-0.358145440323592,0.5558682612033757
-0.6615546630290579,0.4870285058378622,1.7276430481413345,-0.713985191299721,-0.06589759600423688,1.034871877633807,-0.8024484737087255,1.5129284694496405,-0.713985191299721,-0.18935256184712382,-0.21303769768270914,-0.1401098514754074,-0.358145440323592,0.5558682612033757
-0.23982421510681926,-2.053267905293714,0.4446794137736925,-0.0992671959256021,-0.06589759600423688,-0.966303193286565,-0.8024484737087255,-0.2544884306547635,-0.0992671959256021,-0.18935256184712382,-0.21303769768270914,-0.1401098514754074,-0.358145440323592,-0.8659042062818543
2.206212382842165,-2.053267905293714,-0.8382842205939496,-0.713985191299721,-0.06589759600423688,-0.966303193286565,0.4350476606087318,-0.2544884306547635,-0.713985191299721,-0.18935256184712382,-0.21303769768270914,-0.1401098514754074,-0.358145440323592,0.5558682612033757
-1.1676312005357443,0.4870285058378622,0.4446794137736925,-0.5090791928416813,-0.2524166251724196,1.034871877633807,1.672543794926189,-2.0219053307591675,-0.5090791928416813,-0.18935256184712382,-0.21303769768270914,-0.1401098514754074,-0.358145440323592,-0.8659042062818543
-1.1676312005357443,0.4870285058378622,-0.8382842205939496,-0.713985191299721,-0.09254317159969154,-0.966303193286565,1.672543794926189,1.5129284694496405,-0.713985191299721,-0.18935256184712382,-0.21303769768270914,-0.1401098514754074,-0.358145440323592,-0.8659042062818543
1.1097132182443443,-2.053267905293714,-0.8382842205939496,-0.713985191299721,-0.06589759600423688,-0.966303193286565,0.4350476606087318,-0.2544884306547635,-0.713985191299721,-0.18935256184712382,-0.21303769768270914,-0.1401098514754074,-0.358145440323592,2.6885269624312205
-0.4928624838601624,-2.053267905293714,1.7276430481413345,1.539980791738715,-0.06589759600423688,-0.966303193286565,-0.8024484737087255,1.5129284694496405,1.539980791738715,-0.18935256184712382,-0.21303769768270914,-0.1401098514754074,-0.358145440323592,-0.8659042062818543
0.9410210390754489,-2.053267905293714,1.7276430481413345,-0.30417319438364177,-0.06589759600423688,1.034871877633807,0.4350476606087318,-2.0219053307591675,-0.30417319438364177,-0.18935256184712382,-0.21303769768270914,-0.1401098514754074,-0.358145440323592,-0.8659042062818543
-0.5772085734446102,0.4870285058378622,1.7276430481413345,2.564510784028913,-0.06589759600423688,1.034871877633807,-0.8024484737087255,-2.0219053307591675,2.564510784028913,-0.18935256184712382,-0.21303769768270914,-0.1401098514754074,-0.358145440323592,1.2667544949459906
0.5192905911532103,0.4870285058378622,-0.8382842205939496,-0.713985191299721,-0.05257480820650953,-0.966303193286565,-0.8024484737087255,-0.2544884306547635,-0.713985191299721,-0.18935256184712382,-0.21303769768270914,-0.1401098514754074,-0.358145440323592,0.5558682612033757
-0.4085163942757147,0.4870285058378622,-0.8382842205939496,1.1301687948226358,-0.06589759600423688,1.034871877633807,-0.8024484737087255,-0.2544884306547635,1.1301687948226358,-0.18935256184712382,-0.21303769768270914,-0.1401098514754074,-0.358145440323592,-0.8659042062818543
0.9410210390754489,0.4870285058378622,-0.8382842205939496,-0.30417319438364177,-0.05257480820650953,1.034871877633807,0.4350476606087318,-0.2544884306547635,-0.30417319438364177,-0.18935256184712382,-0.21303769768270914,-0.1401098514754074,-0.358145440323592,-0.8659042062818543
-1.251977290120192,0.4870285058378622,0.4446794137736925,-0.713985191299721,-0.06589759600423688,1.034871877633807,1.672543794926189,1.5129284694496405,-0.713985191299721,-0.18935256184712382,-0.21303769768270914,-0.1401098514754074,-0.358145440323592,-0.8659042062818543
-0.5772085734446102,0.4870285058378622,1.7276430481413345,-0.0992671959256021,3.464641170393507,-0.966303193286565,-0.8024484737087255,1.5129284694496405,-0.0992671959256021,-0.18935256184712382,-0.21303769768270914,-0.1401098514754074,-0.358145440323592,-0.8659042062818543
0.013214053646523933,0.4870285058378622,-0.8382842205939496,-0.0992671959256021,-0.06589759600423688,1.034871877633807,-0.8024484737087255,-0.2544884306547635,-0.0992671959256021,-0.18935256184712382,-0.21303769768270914,-0.1401098514754074,-0.358145440323592,0.5558682612033757
0.18190623281541937,0.4870285058378622,0.4446794137736925,0.5154507994485168,-0.00854614825704895,-0.966303193286565,-0.8024484737087255,1.5129284694496405,0.5154507994485168,-0.18935256184712382,-0.21303769768270914,-0.1401098514754074,-0.358145440323592,-0.8659042062818543
-0.23982421510681926,0.4870285058378622,-0.8382842205939496,-0.713985191299721,-0.06589759600423688,-0.966303193286565,-0.8024484737087255,-0.2544884306547635,-0.713985191299721,-0.18935256184712382,-0.21303769768270914,-0.1401098514754074,-0.358145440323592,1.2667544949459906
0.18190623281541937,0.4870285058378622,-0.8382842205939496,0.5154507994485168,-0.06589759600423688,-0.966303193286565,-0.8024484737087255,-0.2544884306547635,0.5154507994485168,-0.18935256184712382,-0.21303769768270914,-0.1401098514754074,-0.358145440323592,2.6885269624312205
0.35059841198431485,-2.053267905293714,0.4446794137736925,0.9252627963645961,-0.06589759600423688,1.034871877633807,-0.8024484737087255,1.5129284694496405,0.9252627963645961,-0.18935256184712382,-0.21303769768270914,-0.1401098514754074,-0.358145440323592,0.5558682612033757
-0.6615546630290579,0.4870285058378622,1.7276430481413345,0.5154507994485168,-0.06589759600423688,1.034871877633807,-0.8024484737087255,-2.0219053307591675,0.5154507994485168,-0.18935256184712382,-0.21303769768270914,3.913842240784374,-0.358145440323592,-0.8659042062818543
1.4470975765821352,0.4870285058378622,0.4446794137736925,1.3350747932806755,-0.05257480820650953,-0.966303193286565,0.4350476606087318,1.5129284694496405,1.3350747932806755,-0.18935256184712382,-0.21303769768270914,-0.1401098514754074,-0.358145440323592,1.2667544949459906
-0.32417030469126695,0.4870285058378622,1.7276430481413345,-0.713985191299721,-0.06589759600423688,-0.966303193286565,-0.8024484737087255,-0.2544884306547635,-0.713985191299721,-0.18935256184712382,-0.21303769768270914,-0.1401098514754074,-0.358145440323592,-0.8659042062818543
0.013214053646523933,0.4870285058378622,0.4446794137736925,-0.713985191299721,-0.05257480820650953,1.034871877633807,-0.8024484737087255,-0.2544884306547635,-0.713985191299721,-0.18935256184712382,-0.21303769768270914,-0.1401098514754074,-0.358145440323592,0.5558682612033757
3.049673278686642,0.4870285058378622,-0.8382842205939496,-0.0992671959256021,-0.06589759600423688,-0.966303193286565,0.4350476606087318,-0.2544884306547635,-0.0992671959256021,-0.18935256184712382,-0.21303769768270914,-0.1401098514754074,-0.358145440323592,0.5558682612033757
-0.9145929317824011,0.4870285058378622,0.4446794137736925,-0.713985191299721,-0.06589759600423688,-0.966303193286565,1.672543794926189,1.5129284694496405,-0.713985191299721,-0.18935256184712382,-0.21303769768270914,-0.1401098514754074,-0.358145440323592,-0.8659042062818543
-0.8302468421979533,0.4870285058378622,-0.8382842205939496,1.9497927886547946,-0.06589759600423688,1.034871877633807,-0.8024484737087255,-0.2544884306547635,1.9497927886547946,-0.18935256184712382,1.7533742503977268,7.967794333044156,-0.358145440323592,0.5558682612033757
-0.9145929317824011,-2.053267905293714,0.4446794137736925,-0.0992671959256021,-0.06589759600423688,1.034871877633807,1.672543794926189,1.5129284694496405,-0.0992671959256021,-0.18935256184712382,-0.21303769768270914,-0.1401098514754074,-0.358145440323592,-0.8659042062818543
-0.6615546630290579,0.4870285058378622,-0.8382842205939496,-0.0992671959256021,-0.06589759600423688,-0.966303193286565,-0.8024484737087255,-0.2544884306547635,-0.0992671959256021,-0.18935256184712382,-0.21303769768270914,-0.1401098514754074,-0.358145440323592,-0.8659042062818543
-0.6615546630290579,0.4870285058378622,0.4446794137736925,0.10563880253243754,-0.06589759600423688,1.034871877633807,-0.8024484737087255,1.5129284694496405,0.10563880253243754,-0.18935256184712382,-0.21303769768270914,-0.1401098514754074,2.792161751651698,-0.8659042062818543
-0.8302468421979533,0.4870285058378622,1.7276430481413345,-0.713985191299721,-0.05257480820650953,1.034871877633807,-0.8024484737087255,1.5129284694496405,-0.713985191299721,-0.18935256184712382,-0.21303769768270914,-0.1401098514754074,-0.358145440323592,-0.8659042062818543
-0.15547812552237153,0.4870285058378622,-0.8382842205939496,-0.5090791928416813,-0.06589759600423688,1.034871877633807,-0.8024484737087255,-0.2544884306547635,-0.5090791928416813,-0.18935256184712382,-0.21303769768270914,-0.1401098514754074,-0.358145440323592,-0.8659042062818543
-0.7459007526135056,0.4870285058378622,-0.8382842205939496,-0.5090791928416813,-0.06589759600423688,1.034871877633807,-0.8024484737087255,-0.2544884306547635,-0.5090791928416813,-0.18935256184712382,-0.21303769768270914,-0.1401098514754074,-0.358145440323592,1.2667544949459906
-0.4085163942757147,-2.053267905293714,-0.8382842205939496,-0.713985191299721,-0.06589759600423688,-0.966303193286565,-0.8024484737087255,-0.2544884306547635,-0.713985191299721,-0.18935256184712382,-0.21303769768270914,-0.1401098514754074,-0.358145440323592,-0.8659042062818543
1.3627514869976876,0.4870285058378622,-0.8382842205939496,-0.713985191299721,-0.06589759600423688,-0.966303193286565,0.4350476606087318,-0.2544884306547635,-0.713985191299721,-0.18935256184712382,-0.21303769768270914,-0.1401098514754074,-0.358145440323592,-0.8659042062818543
1.0253671286598967,0.4870285058378622,-0.8382842205939496,1.539980791738715,-1.4381447391701527,-0.966303193286565,0.4350476606087318,-0.2544884306547635,1.539980791738715,-0.18935256184712382,-0.21303769768270914,-0.1401098514754074,-0.358145440323592,0.5558682612033757
-0.32417030469126695,0.4870285058378622,0.4446794137736925,-0.5090791928416813,-0.00854614825704895,1.034871877633807,-0.8024484737087255,1.5129284694496405,-0.5090791928416813,-0.18935256184712382,-0.21303769768270914,-0.1401098514754074,-0.358145440323592,1.2667544949459906
-0.32417030469126695,0.4870285058378622,0.4446794137736925,-0.713985191299721,-0.09254317159969154,-0.966303193286565,-0.8024484737087255,-0.2544884306547635,-0.713985191299721,-0.18935256184712382,-0.21303769768270914,-0.1401098514754074,-0.358145440323592,1.2667544949459906
-1.251977290120192,0.4870285058378622,-0.8382842205939496,-0.5090791928416813,-0.06589759600423688,-0.966303193286565,1.672543794926189,1.5129284694496405,-0.5090791928416813,-0.18935256184712382,-0.21303769768270914,-0.1401098514754074,-0.358145440323592,0.5558682612033757
-0.15547812552237153,0.4870285058378622,1.7276430481413345,2.769416782486953,-0.00854614825704895,1.034871877633807,-0.8024484737087255,-2.0219053307591675,2.769416782486953,-0.18935256184712382,-0.21303769768270914,-0.1401098514754074,2.792161751651698,-0.8659042062818543
1.0253671286598967,0.4870285058378622,-0.8382842205939496,0.3105448009904772,-0.06589759600423688,1.034871877633807,0.4350476606087318,-0.2544884306547635,0.3105448009904772,-0.18935256184712382,-0.21303769768270914,-0.1401098514754074,-0.358145440323592,2.6885269624312205
-0.15547812552237153,0.4870285058378622,1.7276430481413345,1.7448867901967549,-0.06589759600423688,1.034871877633807,-0.8024484737087255,1.5129284694496405,1.7448867901967549,-0.18935256184712382,1.7533742503977268,-0.1401098514754074,-0.358145440323592,-0.8659042062818543
0.35059841198431485,0.4870285058378622,-0.8382842205939496,-0.30417319438364177,-0.06589759600423688,-0.966303193286565,-0.8024484737087255,-0.2544884306547635,-0.30417319438364177,-0.18935256184712382,-0.21303769768270914,-0.1401098514754074,-0.358145440323592,-0.8659042062818543
-1.0832851109512964,0.4870285058378622,0.4446794137736925,-0.5090791928416813,-0.05257480820650953,1.034871877633807,1.672543794926189,1.5129284694496405,-0.5090791928416813,-0.18935256184712382,1.7533742503977268,-0.1401098514754074,-0.358145440323592,-0.8659042062818543
0.35059841198431485,-2.053267905293714,0.4446794137736925,-0.713985191299721,-0.06589759600423688,1.034871877633807,-0.8024484737087255,-0.2544884306547635,-0.713985191299721,-0.18935256184712382,-0.21303769768270914,-0.1401098514754074,-0.358145440323592,-0.8659042062818543
3.3027115474399853,0.4870285058378622,-0.8382842205939496,-0.713985191299721,-0.06589759600423688,-0.966303193286565,0.4350476606087318,-0.2544884306547635,-0.713985191299721,-0.18935256184712382,-0.21303769768270914,-0.1401098514754074,-0.358145440323592,0.5558682612033757
1.6157897557510308,0.4870285058378622,-0.8382842205939496,0.10563880253243754,-0.06589759600423688,-0.966303193286565,0.4350476606087318,-0.2544884306547635,0.10563880253243754,-0.18935256184712382,-0.21303769768270914,-0.1401098514754074,-0.358145440323592,-0.8659042062818543
-1.251977290120192,0.4870285058378622,0.4446794137736925,-0.713985191299721,-0.06589759600423688,1.034871877633807,1.672543794926189,-2.0219053307591675,-0.713985191299721,-0.18935256184712382,1.7533742503977268,-0.1401098514754074,-0.358145440323592,0.5558682612033757
-1.1676312005357443,0.4870285058378622,-0.8382842205939496,-0.713985191299721,-0.05257480820650953,1.034871877633807,1.672543794926189,1.5129284694496405,-0.713985191299721,-0.18935256184712382,-0.21303769768270914,-0.1401098514754074,-0.358145440323592,-0.8659042062818543
-0.23982421510681926,0.4870285058378622,0.4446794137736925,-0.713985191299721,-0.06589759600423688,1.034871877633807,-0.8024484737087255,-2.0219053307591675,-0.713985191299721,-0.18935256184712382,-0.21303769768270914,-0.1401098514754074,-0.358145440323592,0.5558682612033757
0.4349445015687626,0.4870285058378622,0.4446794137736925,0.9252627963645961,-0.05257480820650953,1.034871877633807,-0.8024484737087255,-0.2544884306547635,0.9252627963645961,-0.18935256184712382,-0.21303769768270914,-0.1401098514754074,-0.358145440323592,-0.8659042062818543
1.3627514869976876,0.4870285058378622,1.7276430481413345,1.7448867901967549,0.22720373554576456,1.034871877633807,0.4350476606087318,-2.0219053307591675,1.7448867901967549,-0.18935256184712382,-0.21303769768270914,-0.1401098514754074,-0.358145440323592,-0.8659042062818543
-1.1676312005357443,-2.053267905293714,-0.8382842205939496,-0.713985191299721,-0.07922038380196421,-0.966303193286565,1.672543794926189,1.5129284694496405,-0.713985191299721,-0.18935256184712382,-0.21303769768270914,-0.1401098514754074,-0.358145440323592,0.5558682612033757
0.7723288599065534,0.4870285058378622,-0.8382842205939496,1.1301687948226358,0.919988701027586,-0.966303193286565,-0.8024484737087255,-0.2544884306547635,1.1301687948226358,-0.18935256184712382,-0.21303769768270914,-0.1401098514754074,-0.358145440323592,-0.8659042062818543
2.712288920348851,-2.053267905293714,-0.8382842205939496,-0.713985191299721,-0.06589759600423688,-0.966303193286565,0.4350476606087318,-0.2544884306547635,-0.713985191299721,-0.18935256184712382,-0.21303769768270914,-0.1401098514754074,-0.358145440323592,-0.8659042062818543
-0.9145929317824011,-2.053267905293714,-0.8382842205939496,-0.713985191299721,-0.06589759600423688,1.034871877633807,1.672543794926189,-0.2544884306547635,-0.713985191299721,-0.18935256184712382,-0.21303769768270914,-0.1401098514754074,2.792161751651698,-0.8659042062818543
-0.7459007526135056,0.4870285058378622,0.4446794137736925,0.7203567979065565,-0.00854614825704895,-0.966303193286565,-0.8024484737087255,1.5129284694496405,0.7203567979065565,-0.18935256184712382,-0.21303769768270914,-0.1401098514754074,-0.358145440323592,-0.8659042062818543
2.037520203673269,0.4870285058378622,-0.8382842205939496,-0.0992671959256021,-0.09254317159969154,-0.966303193286565,0.4350476606087318,-0.2544884306547635,-0.0992671959256021,-0.18935256184712382,-0.21303769768270914,-0.1401098514754074,-0.358145440323592,0.5558682612033757
-0.5772085734446102,0.4870285058378622,1.7276430481413345,1.539980791738715,-0.06589759600423688,1.034871877633807,-0.8024484737087255,-2.0219053307591675,1.539980791738715,2.103311910014095,-0.21303769768270914,-0.1401098514754074,-0.358145440323592,-0.8659042062818543
-0.5772085734446102,0.4870285058378622,-0.8382842205939496,-0.5090791928416813,-0.06589759600423688,1.034871877633807,-0.8024484737087255,-0.2544884306547635,-0.5090791928416813,-0.18935256184712382,-0.21303769768270914,-0.1401098514754074,2.792161751651698,2.6885269624312205
0.2662523223998671,0.4870285058378622,-0.8382842205939496,-0.713985191299721,-0.05257480820650953,-0.966303193286565,-0.8024484737087255,-0.2544884306547635,-0.713985191299721,-0.18935256184712382,-0.21303769768270914,-0.1401098514754074,-0.358145440323592,1.2667544949459906
-1.0832851109512964,0.4870285058378622,0.4446794137736925,-0.5090791928416813,-0.05257480820650953,1.034871877633807,1.672543794926189,-2.0219053307591675,-0.5090791928416813,-0.18935256184712382,1.7533742503977268,-0.1401098514754074,-0.358145440323592,-0.8659042062818543
0.2662523223998671,0.4870285058378622,-0.8382842205939496,-0.5090791928416813,-0.06589759600423688,1.034871877633807,-0.8024484737087255,-0.2544884306547635,-0.5090791928416813,-0.18935256184712382,-0.21303769768270914,-0.1401098514754074,2.792161751651698,0.5558682612033757
1.9531741140888217,-2.053267905293714,-0.8382842205939496,0.10563880253243754,-0.23909383737469223,1.034871877633807,0.4350476606087318,-0.2544884306547635,0.10563880253243754,-0.18935256184712382,-0.21303769768270914,-0.1401098514754074,2.792161751651698,-0.8659042062818543
2.459250651595508,0.4870285058378622,-0.8382842205939496,0.9252627963645961,-0.06589759600423688,-0.966303193286565,0.4350476606087318,-0.2544884306547635,0.9252627963645961,-0.18935256184712382,-0.21303769768270914,-0.1401098514754074,-0.358145440323592,0.5558682612033757
-0.9989390213668488,0.4870285058378622,1.7276430481413345,-0.30417319438364177,-0.05257480820650953,1.034871877633807,1.672543794926189,-2.0219053307591675,-0.30417319438364177,-0.18935256184712382,-0.21303769768270914,1.8868661946544836,-0.358145440323592,-0.8659042062818543
-0.07113203593792379,0.4870285058378622,-0.8382842205939496,-0.30417319438364177,-0.06589759600423688,1.034871877633807,-0.8024484737087255,-0.2544884306547635,-0.30417319438364177,-0.18935256184712382,-0.21303769768270914,-0.1401098514754074,-0.358145440323592,1.2667544949459906
-0.4085163942757147,0.4870285058378622,1.7276430481413345,0.9252627963645961,-0.6121318957110576,1.034871877633807,-0.8024484737087255,-0.2544884306547635,0.9252627963645961,-0.18935256184712382,1.7533742503977268,-0.1401098514754074,2.792161751651698,-0.8659042062818543
-0.8302468421979533,0.4870285058378622,-0.8382842205939496,-0.5090791928416813,-0.05257480820650953,-0.966303193286565,-0.8024484737087255,-0.2544884306547635,-0.5090791928416813,-0.18935256184712382,-0.21303769768270914,-0.1401098514754074,-0.358145440323592,-0.8659042062818543
-0.7459007526135056,0.4870285058378622,1.7276430481413345,-0.30417319438364177,-0.06589759600423688,1.034871877633807,-0.8024484737087255,-0.2544884306547635,-0.30417319438364177,-0.18935256184712382,-0.21303769768270914,-0.1401098514754074,-0.358145440323592,0.5558682612033757
-0.4085163942757147,-2.053267905293714,-0.8382842205939496,-0.5090791928416813,-0.00854614825704895,-0.966303193286565,-0.8024484737087255,-0.2544884306547635,-0.5090791928416813,-0.18935256184712382,-0.21303769768270914,-0.1401098514754074,-0.358145440323592,1.2667544949459906
1.3627514869976876,0.4870285058378622,-0.8382842205939496,0.10563880253243754,-0.42561286654287495,-0.966303193286565,0.4350476606087318,-0.2544884306547635,0.10563880253243754,-0.18935256184712382,-0.21303769768270914,-0.1401098514754074,-0.358145440323592,-0.8659042062818543
-0.8302468421979533,0.4870285058378622,-0.8382842205939496,-0.5090791928416813,-0.3589989275542383,1.034871877633807,-0.8024484737087255,-0.2544884306547635,-0.5090791928416813,-0.18935256184712382,-0.21303769768270914,-0.1401098514754074,-0.358145440323592,-0.8659042062818543
-0.4928624838601624,0.4870285058378622,1.7276430481413345,0.10563880253243754,-0.05257480820650953,1.034871877633807,-0.8024484737087255,-2.0219053307591675,0.10563880253243754,2.103311910014095,1.7533742503977268,1.8868661946544836,2.792161751651698,-0.8659042062818543
1.531443666166583,-2.053267905293714,-0.8382842205939496,-0.713985191299721,-0.05257480820650953,-0.966303193286565,0.4350476606087318,-0.2544884306547635,-0.713985191299721,-0.18935256184712382,-0.21303769768270914,-0.1401098514754074,-0.358145440323592,0.5558682612033757
-0.9145929317824011,0.4870285058378622,0.4446794137736925,0.10563880253243754,-0.06589759600423688,1.034871877633807,1.672543794926189,1.5129284694496405,0.10563880253243754,2.103311910014095,5.686198146558598,-0.1401098514754074,2.792161751651698,-0.8659042062818543
-1.1676312005357443,0.4870285058378622,1.7276430481413345,-0.5090791928416813,-0.15915711058832824,-0.966303193286565,1.672543794926189,-2.0219053307591675,-0.5090791928416813,-0.18935256184712382,3.719786198478163,-0.1401098514754074,-0.358145440323592,1.2667544949459906
0.09756014323097166,0.4870285058378622,1.7276430481413345,2.564510784028913,-0.06589759600423688,1.034871877633807,-0.8024484737087255,-0.2544884306547635,2.564510784028913,-0.18935256184712382,1.7533742503977268,-0.1401098514754074,-0.358145440323592,-0.8659042062818543
-1.1676312005357443,-2.053267905293714,0.4446794137736925,-0.713985191299721,-0.07922038380196421,1.034871877633807,1.672543794926189,1.5129284694496405,-0.713985191299721,-0.18935256184712382,-0.21303769768270914,-0.1401098514754074,-0.358145440323592,-0.8659042062818543
-1.1676312005357443,0.4870285058378622,0.4446794137736925,-0.713985191299721,-0.09254317159969154,-0.966303193286565,1.672543794926189,1.5129284694496405,-0.713985191299721,-0.18935256184712382,-0.21303769768270914,-0.1401098514754074,-0.358145440323592,1.2667544949459906
-0.32417030469126695,0.4870285058378622,-0.8382842205939496,-0.713985191299721,-0.06589759600423688,-0.966303193286565,-0.8024484737087255,1.5129284694496405,-0.713985191299721,-0.18935256184712382,-0.21303769768270914,-0.1401098514754074,-0.358145440323592,0.5558682612033757
-0.32417030469126695,0.4870285058378622,0.4446794137736925,2.3596047855708737,-0.06589759600423688,1.034871877633807,-0.8024484737087255,-0.2544884306547635,2.3596047855708737,6.688640853736533,7.6526100946390345,-0.1401098514754074,-0.358145440323592,-0.8659042062818543
-0.7459007526135056,-2.053267905293714,-0.8382842205939496,-0.30417319438364177,-0.06589759600423688,1.034871877633807,-0.8024484737087255,-0.2544884306547635,-0.30417319438364177,-0.18935256184712382,-0.21303769768270914,-0.1401098514754074,-0.358145440323592,-0.8659042062818543
0.7723288599065534,0.4870285058378622,-0.8382842205939496,0.10563880253243754,-0.06589759600423688,-0.966303193286565,-0.8024484737087255,-0.2544884306547635,0.10563880253243754,-0.18935256184712382,-0.21303769768270914,-0.1401098514754074,-0.358145440323592,0.5558682612033757
0.013214053646523933,-2.053267905293714,-0.8382842205939496,0.7203567979065565,-0.06589759600423688,1.034871877633807,-0.8024484737087255,-0.2544884306547635,0.7203567979065565,-0.18935256184712382,-0.21303769768270914,-0.1401098514754074,-0.358145440323592,-0.8659042062818543
1.8688280245043738,0.4870285058378622,-0.8382842205939496,-0.5090791928416813,-0.05257480820650953,-0.966303193286565,0.4350476606087318,-0.2544884306547635,-0.5090791928416813,-0.18935256184712382,-0.21303769768270914,-0.1401098514754074,-0.358145440323592,1.2667544949459906
-0.9145929317824011,0.4870285058378622,0.4446794137736925,-0.5090791928416813,-0.05257480820650953,-0.966303193286565,1.672543794926189,1.5129284694496405,-0.5090791928416813,-0.18935256184712382,-0.21303769768270914,-0.1401098514754074,-0.358145440323592,-0.8659042062818543
2.459250651595508,0.4870285058378622,-0.8382842205939496,-0.713985191299721,-0.06589759600423688,-0.966303193286565,0.4350476606087318,-0.2544884306547635,-0.713985191299721,-0.18935256184712382,-0.21303769768270914,-0.1401098514754074,-0.358145440323592,-0.8659042062818543
-0.15547812552237153,0.4870285058378622,-0.8382842205939496,0.10563880253243754,-0.06589759600423688,-0.966303193286565,-0.8024484737087255,-0.2544884306547635,0.10563880253243754,-0.18935256184712382,-0.21303769768270914,-0.1401098514754074,-0.358145440323592,-0.8659042062818543
2.037520203673269,0.4870285058378622,-0.8382842205939496,-0.713985191299721,-0.07922038380196421,-0.966303193286565,0.4350476606087318,-0.2544884306547635,-0.713985191299721,-0.18935256184712382,-0.21303769768270914,-0.1401098514754074,-0.358145440323592,1.2667544949459906
1.2784053974132399,0.4870285058378622,-0.8382842205939496,0.3105448009904772,-0.06589759600423688,1.034871877633807,0.4350476606087318,-0.2544884306547635,0.3105448009904772,-0.18935256184712382,-0.21303769768270914,-0.1401098514754074,2.792161751651698,1.2667544949459906
-0.8302468421979533,0.4870285058378622,-0.8382842205939496,0.5154507994485168,-0.06589759600423688,1.034871877633807,-0.8024484737087255,1.5129284694496405,0.5154507994485168,2.103311910014095,-0.21303769768270914,-0.1401098514754074,-0.358145440323592,-0.8659042062818543
-0.6615546630290579,0.4870285058378622,-0.8382842205939496,-0.0992671959256021,-0.3456761397565109,-0.966303193286565,-0.8024484737087255,-0.2544884306547635,-0.0992671959256021,-0.18935256184712382,-0.21303769768270914,-0.1401098514754074,-0.358145440323592,0.5558682612033757
0.35059841198431485,0.4870285058378622,-0.8382842205939496,-0.0992671959256021,-0.06589759600423688,1.034871877633807,-0.8024484737087255,-0.2544884306547635,-0.0992671959256021,-0.18935256184712382,-0.21303769768270914,-0.1401098514754074,2.792161751651698,0.5558682612033757
-0.07113203593792379,-2.053267905293714,-0.8382842205939496,-0.30417319438364177,-0.7053914102951491,1.034871877633807,-0.8024484737087255,-0.2544884306547635,-0.30417319438364177,-0.18935256184712382,-0.21303769768270914,-0.1401098514754074,2.792161751651698,0.5558682612033757
-0.5772085734446102,-2.053267905293714,0.4446794137736925,-0.713985191299721,-0.07922038380196421,-0.966303193286565,-0.8024484737087255,-0.2544884306547635,-0.713985191299721,-0.18935256184712382,-0.21303769768270914,-0.1401098514754074,-0.358145440323592,0.5558682612033757
0.35059841198431485,0.4870285058378622,-0.8382842205939496,0.10563880253243754,-0.4522584421383296,1.034871877633807,-0.8024484737087255,-0.2544884306547635,0.10563880253243754,2.103311910014095,-0.21303769768270914,-0.1401098514754074,-0.358145440323592,2.6885269624312205
-0.6615546630290579,0.4870285058378622,0.4446794137736925,1.9497927886547946,-0.05257480820650953,1.034871877633807,-0.8024484737087255,-0.2544884306547635,1.9497927886547946,4.395976381875314,1.7533742503977268,-0.1401098514754074,-0.358145440323592,-0.8659042062818543
0.4349445015687626,0.4870285058378622,0.4446794137736925,-0.0992671959256021,-0.06589759600423688,-0.966303193286565,-0.8024484737087255,-2.0219053307591675,-0.0992671959256021,-0.18935256184712382,-0.21303769768270914,-0.1401098514754074,-0.358145440323592,-0.8659042062818543
0.5192905911532103,-2.053267905293714,-0.8382842205939496,1.1301687948226358,-0.025929232611054856,1.034871877633807,-0.8024484737087255,-0.2544884306547635,1.1301687948226358,-0.18935256184712382,-0.21303769768270914,-0.1401098514754074,-0.358145440323592,0.5558682612033757
-0.32417030469126695,0.4870285058378622,-0.8382842205939496,-0.713985191299721,-0.06589759600423688,-0.966303193286565,-0.8024484737087255,-0.2544884306547635,-0.713985191299721,-0.18935256184712382,-0.21303769768270914,-0.1401098514754074,-0.358145440323592,1.2667544949459906
0.013214053646523933,0.4870285058378622,-0.8382842205939496,0.7203567979065565,-0.06589759600423688,-0.966303193286565,-0.8024484737087255,-0.2544884306547635,0.7203567979065565,-0.18935256184712382,-0.21303769768270914,-0.1401098514754074,-0.358145440323592,-0.8659042062818543
1.2784053974132399,-2.053267905293714,-0.8382842205939496,-0.5090791928416813,-0.06589759600423688,-0.966303193286565,0.4350476606087318,-0.2544884306547635,-0.5090791928416813,-0.18935256184712382,-0.21303769768270914,-0.1401098514754074,-0.358145440323592,-0.8659042062818543
0.013214053646523933,0.4870285058378622,0.4446794137736925,-0.0992671959256021,-0.06589759600423688,1.034871877633807,-0.8024484737087255,-0.2544884306547635,-0.0992671959256021,-0.18935256184712382,-0.21303769768270914,-0.1401098514754074,2.792161751651698,0.5558682612033757
-0.5772085734446102,0.4870285058378622,-0.8382842205939496,-0.0992671959256021,-0.06589759600423688,1.034871877633807,-0.8024484737087255,-0.2544884306547635,-0.0992671959256021,-0.18935256184712382,-0.21303769768270914,-0.1401098514754074,-0.358145440323592,0.5558682612033757
-0.9989390213668488,0.4870285058378622,0.4446794137736925,-0.5090791928416813,-0.05257480820650953,-0.966303193286565,1.672543794926189,1.5129284694496405,-0.5090791928416813,-0.18935256184712382,-0.21303769768270914,-0.1401098514754074,-0.358145440323592,-0.8659042062818543
1.6157897557510308,0.4870285058378622,-0.8382842205939496,-0.30417319438364177,-0.3989672909474203,-0.966303193286565,0.4350476606087318,-0.2544884306547635,-0.30417319438364177,-0.18935256184712382,-0.21303769768270914,-0.1401098514754074,-0.358145440323592,-0.8659042062818543
0.35059841198431485,-2.053267905293714,0.4446794137736925,-0.713985191299721,-0.07922038380196421,-0.966303193286565,-0.8024484737087255,-0.2544884306547635,-0.713985191299721,-0.18935256184712382,-0.21303769768270914,-0.1401098514754074,-0.358145440323592,0.5558682612033757
-0.32417030469126695,-2.053267905293714,0.4446794137736925,-0.713985191299721,-0.07922038380196421,1.034871877633807,-0.8024484737087255,-0.2544884306547635,-0.713985191299721,-0.18935256184712382,-0.21303769768270914,-0.1401098514754074,2.792161751651698,-0.8659042062818543
-0.7459007526135056,0.4870285058378622,0.4446794137736925,0.3105448009904772,-0.06589759600423688,1.034871877633807,-0.8024484737087255,1.5129284694496405,0.3105448009904772,-0.18935256184712382,-0.21303769768270914,-0.1401098514754074,2.792161751651698,-0.8659042062818543
0.2662523223998671,0.4870285058378622,1.7276430481413345,3.7939467747771514,-0.505549593329239,1.034871877633807,-0.8024484737087255,1.5129284694496405,3.7939467747771514,4.395976381875314,1.7533742503977268,3.913842240784374,-0.358145440323592,-0.8659042062818543
-0.07113203593792379,-2.053267905293714,0.4446794137736925,0.3105448009904772,-0.7586825614860584,1.034871877633807,-0.8024484737087255,1.5129284694496405,0.3105448009904772,-0.18935256184712382,-0.21303769768270914,-0.1401098514754074,-0.358145440323592,-0.8659042062818543
1.2784053974132399,-2.053267905293714,-0.8382842205939496,0.7203567979065565,-0.06589759600423688,-0.966303193286565,0.4350476606087318,-0.2544884306547635,0.7203567979065565,-0.18935256184712382,-0.21303769768270914,-0.1401098514754074,-0.358145440323592,-0.8659042062818543
1.7001358453354785,0.4870285058378622,-0.8382842205939496,-0.5090791928416813,-0.06589759600423688,-0.966303193286565,0.4350476606087318,-0.2544884306547635,-0.5090791928416813,-0.18935256184712382,-0.21303769768270914,-0.1401098514754074,-0.358145440323592,-0.8659042062818543
-0.4928624838601624,0.4870285058378622,0.4446794137736925,-0.713985191299721,-0.05257480820650953,-0.966303193286565,-0.8024484737087255,1.5129284694496405,-0.713985191299721,-0.18935256184712382,-0.21303769768270914,-0.1401098514754074,-0.358145440323592,-0.8659042062818543
-0.07113203593792379,0.4870285058378622,-0.8382842205939496,-0.5090791928416813,-0.05257480820650953,-0.966303193286565,-0.8024484737087255,-0.2544884306547635,-0.5090791928416813,-0.18935256184712382,-0.21303769768270914,-0.1401098514754074,-0.358145440323592,0.5558682612033757
0.6879827703221058,-2.053267905293714,-0.8382842205939496,-0.713985191299721,-0.06589759600423688,1.034871877633807,-0.8024484737087255,-0.2544884306547635,-0.713985191299721,-0.18935256184712382,-0.21303769768270914,-0.1401098514754074,-0.358145440323592,0.5558682612033757
0.013214053646523933,0.4870285058378622,-0.8382842205939496,-0.713985191299721,-0.06589759600423688,-0.966303193286565,-0.8024484737087255,-0.2544884306547635,-0.713985191299721,-0.18935256184712382,-0.21303769768270914,-0.1401098514754074,-0.358145440323592,-0.8659042062818543
-0.32417030469126695,0.4870285058378622,0.4446794137736925,1.1301687948226358,-0.06589759600423688,-0.966303193286565,-0.8024484737087255,-0.2544884306547635,1.1301687948226358,-0.18935256184712382,-0.21303769768270914,-0.1401098514754074,-0.358145440323592,-0.8659042062818543
-1.0832851109512964,0.4870285058378622,-0.8382842205939496,-0.713985191299721,-0.05257480820650953,1.034871877633807,1.672543794926189,1.5129284694496405,-0.713985191299721,-0.18935256184712382,-0.21303769768270914,-0.1401098514754074,-0.358145440323592,-0.8659042062818543
-0.6615546630290579,0.4870285058378622,-0.8382842205939496,0.5154507994485168,-0.06589759600423688,1.034871877633807,-0.8024484737087255,1.5129284694496405,0.5154507994485168,-0.18935256184712382,1.7533742503977268,-0.1401098514754074,-0.358145440323592,1.2667544949459906
0.013214053646523933,-2.053267905293714,-0.8382842205939496,0.3105448009904772,-0.06589759600423688,-0.966303193286565,-0.8024484737087255,-0.2544884306547635,0.3105448009904772,-0.18935256184712382,-0.21303769768270914,-0.1401098514754074,-0.358145440323592,-0.8659042062818543
-0.32417030469126695,0.4870285058378622,1.7276430481413345,0.3105448009904772,-0.06589759600423688,-0.966303193286565,-0.8024484737087255,-0.2544884306547635,0.3105448009904772,-0.18935256184712382,-0.21303769768270914,1.8868661946544836,-0.358145440323592,-0.8659042062818543
0.4349445015687626,0.4870285058378622,-0.8382842205939496,-0.713985191299721,-0.06589759600423688,-0.966303193286565,-0.8024484737087255,-0.2544884306547635,-0.713985191299721,-0.18935256184712382,-0.21303769768270914,-0.1401098514754074,-0.358145440323592,-0.8659042062818543
1.6157897557510308,0.4870285058378622,-0.8382842205939496,-0.713985191299721,-0.06589759600423688,-0.966303193286565,0.4350476606087318,-0.2544884306547635,-0.713985191299721,-0.18935256184712382,-0.21303769768270914,-0.1401098514754074,-0.358145440323592,-0.8659042062818543
-0.9145929317824011,0.4870285058378622,-0.8382842205939496,-0.713985191299721,-0.06589759600423688,-0.966303193286565,1.672543794926189,-0.2544884306547635,-0.713985191299721,-0.18935256184712382,-0.21303769768270914,-0.1401098514754074,-0.358145440323592,-0.8659042062818543
0.8566749494910012,0.4870285058378622,-0.8382842205939496,-0.30417319438364177,-0.06589759600423688,-0.966303193286565,0.4350476606087318,-0.2544884306547635,-0.30417319438364177,-0.18935256184712382,-0.21303769768270914,-0.1401098514754074,-0.358145440323592,0.5558682612033757
1.3627514869976876,0.4870285058378622,-0.8382842205939496,-0.5090791928416813,-0.07922038380196421,1.034871877633807,0.4350476606087318,-0.2544884306547635,-0.5090791928416813,-0.18935256184712382,-0.21303769768270914,-0.1401098514754074,2.792161751651698,0.5558682612033757
2.5435967411799556,-2.053267905293714,-0.8382842205939496,-0.713985191299721,-0.06589759600423688,-0.966303193286565,0.4350476606087318,-0.2544884306547635,-0.713985191299721,-0.18935256184712382,-0.21303769768270914,-0.1401098514754074,-0.358145440323592,-0.8659042062818543
-0.4928624838601624,-2.053267905293714,-0.8382842205939496,-0.5090791928416813,-0.06589759600423688,-0.966303193286565,-0.8024484737087255,-0.2544884306547635,-0.5090791928416813,-0.18935256184712382,-0.21303769768270914,-0.1401098514754074,-0.358145440323592,-0.8659042062818543
0.35059841198431485,-2.053267905293714,0.4446794137736925,-0.5090791928416813,0.04068470637758183,-0.966303193286565,-0.8024484737087255,1.5129284694496405,-0.5090791928416813,-0.18935256184712382,-0.21303769768270914,-0.1401098514754074,-0.358145440323592,-0.8659042062818543
-0.32417030469126695,0.4870285058378622,0.4446794137736925,0.3105448009904772,-0.06589759600423688,1.034871877633807,-0.8024484737087255,-0.2544884306547635,0.3105448009904772,-0.18935256184712382,-0.21303769768270914,-0.1401098514754074,-0.358145440323592,0.5558682612033757
-1.251977290120192,0.4870285058378622,1.7276430481413345,-0.713985191299721,-0.06589759600423688,1.034871877633807,1.672543794926189,1.5129284694496405,-0.713985191299721,-0.18935256184712382,-0.21303769768270914,-0.1401098514754074,-0.358145440323592,0.5558682612033757
0.603636680737658,-2.053267905293714,-0.8382842205939496,-0.713985191299721,-0.05257480820650953,-0.966303193286565,-0.8024484737087255,-0.2544884306547635,-0.713985191299721,-0.18935256184712382,-0.21303769768270914,-0.1401098514754074,-0.358145440323592,0.5558682612033757
1.194059307828792,0.4870285058378622,-0.8382842205939496,-0.5090791928416813,-0.00854614825704895,-0.966303193286565,0.4350476606087318,-0.2544884306547635,-0.5090791928416813,-0.18935256184712382,-0.21303769768270914,-0.1401098514754074,-0.358145440323592,0.5558682612033757
-0.5772085734446102,0.4870285058378622,-0.8382842205939496,-0.30417319438364177,-0.05257480820650953,1.034871877633807,-0.8024484737087255,-0.2544884306547635,-0.30417319438364177,-0.18935256184712382,-0.21303769768270914,-0.1401098514754074,-0.358145440323592,-0.8659042062818543
-1.0832851109512964,0.4870285058378622,0.4446794137736925,-0.5090791928416813,-0.06589759600423688,-0.966303193286565,1.672543794926189,1.5129284694496405,-0.5090791928416813,2.103311910014095,-0.21303769768270914,-0.1401098514754074,-0.358145440323592,-0.8659042062818543
-0.6615546630290579,0.4870285058378622,0.4446794137736925,-0.30417319438364177,-0.06589759600423688,1.034871877633807,-0.8024484737087255,-0.2544884306547635,-0.30417319438364177,-0.18935256184712382,-0.21303769768270914,-0.1401098514754074,-0.358145440323592,-0.8659042062818543
-0.4928624838601624,0.4870285058378622,0.4446794137736925,-0.30417319438364177,-0.06589759600423688,-0.966303193286565,-0.8024484737087255,1.5129284694496405,-0.30417319438364177,-0.18935256184712382,-0.21303769768270914,1.8868661946544836,-0.358145440323592,-0.8659042062818543
-0.8302468421979533,-2.053267905293714,1.7276430481413345,0.3105448009904772,-0.00854614825704895,-0.966303193286565,-0.8024484737087255,-2.0219053307591675,0.3105448009904772,-0.18935256184712382,-0.21303769768270914,-0.1401098514754074,-0.358145440323592,-0.8659042062818543
1.0253671286598967,-2.053267905293714,1.7276430481413345,3.1792287794030325,-0.06589759600423688,1.034871877633807,0.4350476606087318,-0.2544884306547635,3.1792287794030325,-0.18935256184712382,-0.21303769768270914,-0.1401098514754074,-0.358145440323592,-0.8659042062818543
0.18190623281541937,0.4870285058378622,-0.8382842205939496,0.3105448009904772,-0.06589759600423688,-0.966303193286565,-0.8024484737087255,-0.2544884306547635,0.3105448009904772,-0.18935256184712382,-0.21303769768270914,-0.1401098514754074,-0.358145440323592,0.5558682612033757
1.7001358453354785,0.4870285058378622,-0.8382842205939496,-0.5090791928416813,-0.05257480820650953,-0.966303193286565,0.4350476606087318,-0.2544884306547635,-0.5090791928416813,-0.18935256184712382,-0.21303769768270914,-0.1401098514754074,-0.358145440323592,0.5558682612033757
-0.15547812552237153,0.4870285058378622,-0.8382842205939496,-0.0992671959256021,-0.7320369858906037,-0.966303193286565,-0.8024484737087255,-0.2544884306547635,-0.0992671959256021,-0.18935256184712382,-0.21303769768270914,-0.1401098514754074,-0.358145440323592,1.2667544949459906
1.0253671286598967,0.4870285058378622,0.4446794137736925,3.7939467747771514,-0.06589759600423688,1.034871877633807,0.4350476606087318,-0.2544884306547635,3.7939467747771514,-0.18935256184712382,-0.21303769768270914,-0.1401098514754074,-0.358145440323592,-0.8659042062818543
-0.4085163942757147,0.4870285058378622,0.4446794137736925,0.3105448009904772,-0.06589759600423688,1.034871877633807,-0.8024484737087255,-0.2544884306547635,0.3105448009904772,-0.18935256184712382,-0.21303769768270914,-0.1401098514754074,-0.358145440323592,2.6885269624312205
-0.8302468421979533,0.4870285058378622,-0.8382842205939496,-0.713985191299721,-0.06589759600423688,-0.966303193286565,-0.8024484737087255,-0.2544884306547635,-0.713985191299721,-0.18935256184712382,-0.21303769768270914,-0.1401098514754074,-0.358145440323592,-0.8659042062818543
-0.8302468421979533,-2.053267905293714,0.4446794137736925,-0.713985191299721,-0.06589759600423688,-0.966303193286565,-0.8024484737087255,-0.2544884306547635,-0.713985191299721,-0.18935256184712382,-0.21303769768270914,-0.1401098514754074,-0.358145440323592,0.5558682612033757
-0.6615546630290579,0.4870285058378622,-0.8382842205939496,-0.30417319438364177,-0.06589759600423688,-0.966303193286565,-0.8024484737087255,-0.2544884306547635,-0.30417319438364177,-0.18935256184712382,-0.21303769768270914,-0.1401098514754074,-0.358145440323592,-0.8659042062818543
-0.32417030469126695,-2.053267905293714,-0.8382842205939496,-0.713985191299721,-0.06589759600423688,-0.966303193286565,-0.8024484737087255,-0.2544884306547635,-0.713985191299721,-0.18935256184712382,-0.21303769768270914,-0.1401098514754074,-0.358145440323592,-0.8659042062818543
-0.7459007526135056,0.4870285058378622,0.4446794137736925,-0.713985191299721,-0.06589759600423688,-0.966303193286565,-0.8024484737087255,-0.2544884306547635,-0.713985191299721,-0.18935256184712382,-0.21303769768270914,-0.1401098514754074,-0.358145440323592,0.5558682612033757
1.0253671286598967,0.4870285058378622,1.7276430481413345,3.384134777861072,-0.06589759600423688,-0.966303193286565,0.4350476606087318,1.5129284694496405,3.384134777861072,-0.18935256184712382,-0.21303769768270914,-0.1401098514754074,-0.358145440323592,-0.8659042062818543
-0.32417030469126695,0.4870285058378622,0.4446794137736925,0.9252627963645961,-0.06589759600423688,1.034871877633807,-0.8024484737087255,-0.2544884306547635,0.9252627963645961,-0.18935256184712382,-0.21303769768270914,-0.1401098514754074,-0.358145440323592,-0.8659042062818543
-0.6615546630290579,0.4870285058378622,-0.8382842205939496,-0.30417319438364177,1.3329951227571335,-0.966303193286565,-0.8024484737087255,-0.2544884306547635,-0.30417319438364177,-0.18935256184712382,-0.21303769768270914,-0.1401098514754074,-0.358145440323592,-0.8659042062818543
0.4349445015687626,0.4870285058378622,-0.8382842205939496,-0.713985191299721,-0.06589759600423688,-0.966303193286565,-0.8024484737087255,-0.2544884306547635,-0.713985191299721,-0.18935256184712382,-0.21303769768270914,-0.1401098514754074,-0.358145440323592,2.6885269624312205
-0.7459007526135056,-2.053267905293714,-0.8382842205939496,-0.5090791928416813,-0.07922038380196421,1.034871877633807,-0.8024484737087255,-0.2544884306547635,-0.5090791928416813,-0.18935256184712382,-0.21303769768270914,-0.1401098514754074,-0.358145440323592,0.5558682612033757
-0.9145929317824011,0.4870285058378622,-0.8382842205939496,-0.5090791928416813,-0.06589759600423688,-0.966303193286565,1.672543794926189,-0.2544884306547635,-0.5090791928416813,-0.18935256184712382,-0.21303769768270914,-0.1401098514754074,-0.358145440323592,-0.8659042062818543
-1.0832851109512964,-2.053267905293714,1.7276430481413345,-0.713985191299721,-0.06589759600423688,-0.966303193286565,1.672543794926189,1.5129284694496405,-0.713985191299721,-0.18935256184712382,-0.21303769768270914,-0.1401098514754074,-0.358145440323592,0.5558682612033757
-0.9145929317824011,-2.053267905293714,0.4446794137736925,-0.5090791928416813,-0.00854614825704895,-0.966303193286565,1.672543794926189,-0.2544884306547635,-0.5090791928416813,-0.18935256184712382,-0.21303769768270914,-0.1401098514754074,-0.358145440323592,0.5558682612033757
-1.0832851109512964,-2.053267905293714,-0.8382842205939496,-0.713985191299721,-0.07922038380196421,-0.966303193286565,1.672543794926189,-0.2544884306547635,-0.713985191299721,-0.18935256184712382,-0.21303769768270914,-0.1401098514754074,-0.358145440323592,-0.8659042062818543
1.194059307828792,0.4870285058378622,-0.8382842205939496,-0.713985191299721,-0.05257480820650953,-0.966303193286565,0.4350476606087318,-0.2544884306547635,-0.713985191299721,-0.18935256184712382,-0.21303769768270914,-0.1401098514754074,-0.358145440323592,0.5558682612033757
-0.4085163942757147,0.4870285058378622,-0.8382842205939496,0.10563880253243754,-0.06589759600423688,1.034871877633807,-0.8024484737087255,-0.2544884306547635,0.10563880253243754,-0.18935256184712382,-0.21303769768270914,-0.1401098514754074,2.792161751651698,-0.8659042062818543
0.5192905911532103,-2.053267905293714,-0.8382842205939496,-0.713985191299721,-0.05257480820650953,-0.966303193286565,-0.8024484737087255,-0.2544884306547635,-0.713985191299721,-0.18935256184712382,-0.21303769768270914,-0.1401098514754074,-0.358145440323592,-0.8659042062818543
-1.0832851109512964,0.4870285058378622,0.4446794137736925,-0.713985191299721,-0.06589759600423688,-0.966303193286565,1.672543794926189,1.5129284694496405,-0.713985191299721,-0.18935256184712382,-0.21303769768270914,-0.1401098514754074,-0.358145440323592,-0.8659042062818543
1.531443666166583,-2.053267905293714,-0.8382842205939496,0.10563880253243754,-0.06589759600423688,1.034871877633807,0.4350476606087318,-0.2544884306547635,0.10563880253243754,-0.18935256184712382,-0.21303769768270914,-0.1401098514754074,-0.358145440323592,0.5558682612033757
0.9410210390754489,0.4870285058378622,-0.8382842205939496,-0.5090791928416813,-0.10586595939741889,-0.966303193286565,0.4350476606087318,-0.2544884306547635,-0.5090791928416813,-0.18935256184712382,-0.21303769768270914,-0.1401098514754074,-0.358145440323592,0.5558682612033757
0.603636680737658,0.4870285058378622,0.4446794137736925,1.1301687948226358,-0.05257480820650953,1.034871877633807,-0.8024484737087255,-0.2544884306547635,1.1301687948226358,-0.18935256184712382,-0.21303769768270914,-0.1401098514754074,-0.358145440323592,-0.8659042062818543
0.013214053646523933,0.4870285058378622,-0.8382842205939496,-0.30417319438364177,-0.15915711058832824,-0.966303193286565,-0.8024484737087255,-0.2544884306547635,-0.30417319438364177,-0.18935256184712382,-0.21303769768270914,-0.1401098514754074,-0.358145440323592,1.2667544949459906
-0.9989390213668488,0.4870285058378622,0.4446794137736925,-0.5090791928416813,-0.00854614825704895,-0.966303193286565,1.672543794926189,1.5129284694496405,-0.5090791928416813,-0.18935256184712382,-0.21303769768270914,-0.1401098514754074,-0.358145440323592,-0.8659042062818543
0.2662523223998671,-2.053267905293714,-0.8382842205939496,-0.5090791928416813,-0.3589989275542383,-0.966303193286565,-0.8024484737087255,-0.2544884306547635,-0.5090791928416813,-0.18935256184712382,-0.21303769768270914,-0.1401098514754074,-0.358145440323592,0.5558682612033757
1.9531741140888217,0.4870285058378622,-0.8382842205939496,1.7448867901967549,2.092394027227592,1.034871877633807,0.4350476606087318,-0.2544884306547635,1.7448867901967549,-0.18935256184712382,-0.21303769768270914,-0.1401098514754074,-0.358145440323592,0.5558682612033757
2.8809810995177467,-2.053267905293714,-0.8382842205939496,-0.713985191299721,-0.05257480820650953,-0.966303193286565,0.4350476606087318,-0.2544884306547635,-0.713985191299721,-0.18935256184712382,-0.21303769768270914,-0.1401098514754074,-0.358145440323592,1.2667544949459906
-0.9145929317824011,-2.053267905293714,-0.8382842205939496,-0.5090791928416813,-0.09254317159969154,-0.966303193286565,1.672543794926189,-0.2544884306547635,-0.5090791928416813,-0.18935256184712382,-0.21303769768270914,-0.1401098514754074,-0.358145440323592,0.5558682612033757
-1.1676312005357443,0.4870285058378622,1.7276430481413345,-0.30417319438364177,-0.3723217153519656,1.034871877633807,1.672543794926189,1.5129284694496405,-0.30417319438364177,2.103311910014095,-0.21303769768270914,-0.1401098514754074,-0.358145440323592,-0.8659042062818543
2.206212382842165,-2.053267905293714,-0.8382842205939496,-0.5090791928416813,-0.06589759600423688,1.034871877633807,0.4350476606087318,-0.2544884306547635,-0.5090791928416813,-0.18935256184712382,-0.21303769768270914,-0.1401098514754074,-0.358145440323592,-0.8659042062818543
1.531443666166583,0.4870285058378622,-0.8382842205939496,0.3105448009904772,-0.05257480820650953,-0.966303193286565,0.4350476606087318,-0.2544884306547635,0.3105448009904772,-0.18935256184712382,-0.21303769768270914,-0.1401098514754074,-0.358145440323592,-0.8659042062818543
-0.32417030469126695,0.4870285058378622,0.4446794137736925,-0.5090791928416813,8.60723726031626,-0.966303193286565,-0.8024484737087255,1.5129284694496405,-0.5090791928416813,-0.18935256184712382,-0.21303769768270914,-0.1401098514754074,-0.358145440323592,-0.8659042062818543
3.049673278686642,0.4870285058378622,0.4446794137736925,1.7448867901967549,-0.00854614825704895,-0.966303193286565,0.4350476606087318,-0.2544884306547635,1.7448867901967549,-0.18935256184712382,-0.21303769768270914,-0.1401098514754074,-0.358145440323592,-0.8659042062818543
0.013214053646523933,0.4870285058378622,0.4446794137736925,0.3105448009904772,-0.06589759600423688,1.034871877633807,-0.8024484737087255,1.5129284694496405,0.3105448009904772,-0.18935256184712382,-0.21303769768270914,-0.1401098514754074,-0.358145440323592,-0.8659042062818543
-1.1676312005357443,0.4870285058378622,0.4446794137736925,-0.30417319438364177,-0.06589759600423688,-0.966303193286565,1.672543794926189,1.5129284694496405,-0.30417319438364177,-0.18935256184712382,-0.21303769768270914,-0.1401098514754074,-0.358145440323592,0.5558682612033757
0.5192905911532103,0.4870285058378622,-0.8382842205939496,-0.713985191299721,-0.05257480820650953,-0.966303193286565,-0.8024484737087255,-0.2544884306547635,-0.713985191299721,-0.18935256184712382,-0.21303769768270914,-0.1401098514754074,-0.358145440323592,-0.8659042062818543
-0.32417030469126695,0.4870285058378622,0.4446794137736925,1.1301687948226358,-0.06589759600423688,1.034871877633807,-0.8024484737087255,-0.2544884306547635,1.1301687948226358,-0.18935256184712382,5.686198146558598,-0.1401098514754074,-0.358145440323592,0.5558682612033757
0.6879827703221058,0.4870285058378622,-0.8382842205939496,-0.713985191299721,-0.06589759600423688,-0.966303193286565,-0.8024484737087255,-0.2544884306547635,-0.713985191299721,-0.18935256184712382,-0.21303769768270914,-0.1401098514754074,-0.358145440323592,0.5558682612033757
-0.6615546630290579,0.4870285058378622,0.4446794137736925,-0.5090791928416813,-0.00854614825704895,-0.966303193286565,-0.8024484737087255,-0.2544884306547635,-0.5090791928416813,-0.18935256184712382,-0.21303769768270914,-0.1401098514754074,-0.358145440323592,0.5558682612033757
-1.1676312005357443,0.4870285058378622,0.4446794137736925,-0.713985191299721,-0.06589759600423688,-0.966303193286565,1.672543794926189,1.5129284694496405,-0.713985191299721,-0.18935256184712382,-0.21303769768270914,-0.1401098514754074,-0.358145440323592,1.2667544949459906
-0.32417030469126695,-2.053267905293714,-0.8382842205939496,-0.713985191299721,-0.05257480820650953,-0.966303193286565,-0.8024484737087255,-0.2544884306547635,-0.713985191299721,-0.18935256184712382,-0.21303769768270914,-0.1401098514754074,-0.358145440323592,-0.8659042062818543
0.013214053646523933,0.4870285058378622,0.4446794137736925,0.9252627963645961,-0.06589759600423688,1.034871877633807,-0.8024484737087255,-0.2544884306547635,0.9252627963645961,-0.18935256184712382,1.7533742503977268,-0.1401098514754074,-0.358145440323592,-0.8659042062818543
0.2662523223998671,-2.053267905293714,-0.8382842205939496,-0.713985191299721,-0.06589759600423688,-0.966303193286565,-0.8024484737087255,-0.2544884306547635,-0.713985191299721,-0.18935256184712382,-0.21303769768270914,-0.1401098514754074,-0.358145440323592,2.6885269624312205
-0.9145929317824011,0.4870285058378622,1.7276430481413345,-0.0992671959256021,-0.06589759600423688,1.034871877633807,1.672543794926189,1.5129284694496405,-0.0992671959256021,-0.18935256184712382,-0.21303769768270914,-0.1401098514754074,-0.358145440323592,0.5558682612033757
1.1097132182443443,0.4870285058378622,0.4446794137736925,1.1301687948226358,-0.05257480820650953,1.034871877633807,0.4350476606087318,1.5129284694496405,1.1301687948226358,-0.18935256184712382,-0.21303769768270914,-0.1401098514754074,-0.358145440323592,-0.8659042062818543
0.09756014323097166,0.4870285058378622,-0.8382842205939496,-0.5090791928416813,-0.06589759600423688,-0.966303193286565,-0.8024484737087255,-0.2544884306547635,-0.5090791928416813,-0.18935256184712382,-0.21303769768270914,-0.1401098514754074,-0.358145440323592,0.5558682612033757
0.7723288599065534,-2.053267905293714,-0.8382842205939496,-0.713985191299721,-0.06589759600423688,1.034871877633807,-0.8024484737087255,-0.2544884306547635,-0.713985191299721,-0.18935256184712382,-0.21303769768270914,-0.1401098514754074,2.792161751651698,0.5558682612033757
-0.4928624838601624,0.4870285058378622,0.4446794137736925,0.5154507994485168,-0.09254317159969154,1.034871877633807,-0.8024484737087255,-0.2544884306547635,0.5154507994485168,-0.18935256184712382,-0.21303769768270914,-0.1401098514754074,2.792161751651698,0.5558682612033757
0.18190623281541937,-2.053267905293714,-0.8382842205939496,-0.0992671959256021,-0.06589759600423688,-0.966303193286565,-0.8024484737087255,-0.2544884306547635,-0.0992671959256021,-0.18935256184712382,-0.21303769768270914,-0.1401098514754074,-0.358145440323592,-0.8659042062818543
-0.9989390213668488,0.4870285058378622,-0.8382842205939496,-0.713985191299721,-0.00854614825704895,-0.966303193286565,1.672543794926189,-0.2544884306547635,-0.713985191299721,-0.18935256184712382,1.7533742503977268,-0.1401098514754074,-0.358145440323592,-0.8659042062818543
-0.6615546630290579,0.4870285058378622,1.7276430481413345,2.3596047855708737,-0.06589759600423688,1.034871877633807,-0.8024484737087255,1.5129284694496405,2.3596047855708737,-0.18935256184712382,-0.21303769768270914,-0.1401098514754074,-0.358145440323592,-0.8659042062818543
0.013214053646523933,0.4870285058378622,1.7276430481413345,-0.713985191299721,-0.06589759600423688,1.034871877633807,-0.8024484737087255,1.5129284694496405,-0.713985191299721,-0.18935256184712382,-0.21303769768270914,-0.1401098514754074,-0.358145440323592,0.5558682612033757
-0.4928624838601624,0.4870285058378622,0.4446794137736925,-0.5090791928416813,-0.06589759600423688,1.034871877633807,-0.8024484737087255,1.5129284694496405,-0.5090791928416813,-0.18935256184712382,-0.21303769768270914,-0.1401098514754074,-0.358145440323592,-0.8659042062818543
0.5192905911532103,0.4870285058378622,0.4446794137736925,0.7203567979065565,-0.05257480820650953,1.034871877633807,-0.8024484737087255,-0.2544884306547635,0.7203567979065565,-0.18935256184712382,1.7533742503977268,-0.1401098514754074,2.792161751651698,-0.8659042062818543
-0.15547812552237153,0.4870285058378622,-0.8382842205939496,0.10563880253243754,-0.17247989838605557,-0.966303193286565,-0.8024484737087255,-0.2544884306547635,0.10563880253243754,-0.18935256184712382,-0.21303769768270914,-0.1401098514754074,-0.358145440323592,-0.8659042062818543
1.7844819349199261,0.4870285058378622,-0.8382842205939496,-0.713985191299721,-0.06589759600423688,-0.966303193286565,0.4350476606087318,-0.2544884306547635,-0.713985191299721,-0.18935256184712382,-0.21303769768270914,-0.1401098514754074,-0.358145440323592,2.6885269624312205
-0.9145929317824011,0.4870285058378622,-0.8382842205939496,-0.713985191299721,-0.06589759600423688,-0.966303193286565,1.672543794926189,-0.2544884306547635,-0.713985191299721,-0.18935256184712382,-0.21303769768270914,-0.1401098514754074,-0.358145440323592,2.6885269624312205
-0.9145929317824011,0.4870285058378622,-0.8382842205939496,-0.5090791928416813,-0.06589759600423688,1.034871877633807,1.672543794926189,-0.2544884306547635,-0.5090791928416813,-0.18935256184712382,-0.21303769768270914,-0.1401098514754074,-0.358145440323592,-0.8659042062818543
-0.15547812552237153,-2.053267905293714,-0.8382842205939496,-0.5090791928416813,-0.1858026861837829,-0.966303193286565,-0.8024484737087255,-0.2544884306547635,-0.5090791928416813,-0.18935256184712382,-0.21303769768270914,-0.1401098514754074,-0.358145440323592,-0.8659042062818543
-0.4928624838601624,0.4870285058378622,1.7276430481413345,0.7203567979065565,-0.06589759600423688,1.034871877633807,-0.8024484737087255,1.5129284694496405,0.7203567979065565,-0.18935256184712382,-0.21303769768270914,-0.1401098514754074,2.792161751651698,0.5558682612033757
0.18190623281541937,0.4870285058378622,-0.8382842205939496,-0.30417319438364177,-0.06589759600423688,1.034871877633807,-0.8024484737087255,-0.2544884306547635,-0.30417319438364177,-0.18935256184712382,-0.21303769768270914,-0.1401098514754074,2.792161751651698,2.6885269624312205
-1.0832851109512964,0.4870285058378622,0.4446794137736925,-0.713985191299721,-0.06589759600423688,1.034871877633807,1.672543794926189,1.5129284694496405,-0.713985191299721,-0.18935256184712382,1.7533742503977268,-0.1401098514754074,-0.358145440323592,-0.8659042062818543
-0.15547812552237153,0.4870285058378622,-0.8382842205939496,-0.713985191299721,-0.10586595939741889,1.034871877633807,-0.8024484737087255,-0.2544884306547635,-0.713985191299721,-0.18935256184712382,-0.21303769768270914,-0.1401098514754074,-0.358145440323592,-0.8659042062818543
-0.6615546630290579,-2.053267905293714,-0.8382842205939496,-0.5090791928416813,-0.46558122993605694,1.034871877633807,-0.8024484737087255,-0.2544884306547635,-0.5090791928416813,-0.18935256184712382,-0.21303769768270914,-0.1401098514754074,-0.358145440323592,-0.8659042062818543
-0.4928624838601624,0.4870285058378622,0.4446794137736925,1.3350747932806755,-4.915392354376988,1.034871877633807,-0.8024484737087255,-0.2544884306547635,1.3350747932806755,-0.18935256184712382,-0.21303769768270914,-0.1401098514754074,-0.358145440323592,0.5558682612033757
1.3627514869976876,-2.053267905293714,-0.8382842205939496,0.10563880253243754,-0.19912547398151023,-0.966303193286565,0.4350476606087318,-0.2544884306547635,0.10563880253243754,-0.18935256184712382,-0.21303769768270914,-0.1401098514754074,-0.358145440323592,0.5558682612033757
-0.8302468421979533,0.4870285058378622,0.4446794137736925,0.10563880253243754,-0.06589759600423688,1.034871877633807,-0.8024484737087255,-0.2544884306547635,0.10563880253243754,-0.18935256184712382,1.7533742503977268,-0.1401098514754074,-0.358145440323592,-0.8659042062818543
-0.07113203593792379,0.4870285058378622,-0.8382842205939496,-0.713985191299721,-0.05257480820650953,-0.966303193286565,-0.8024484737087255,-0.2544884306547635,-0.713985191299721,-0.18935256184712382,-0.21303769768270914,-0.1401098514754074,-0.358145440323592,1.2667544949459906
-0.9145929317824011,0.4870285058378622,1.7276430481413345,0.5154507994485168,-0.06589759600423688,-0.966303193286565,1.672543794926189,1.5129284694496405,0.5154507994485168,4.395976381875314,-0.21303769768270914,-0.1401098514754074,-0.358145440323592,0.5558682612033757
-0.4085163942757147,0.4870285058378622,-0.8382842205939496,-0.713985191299721,-0.05257480820650953,-0.966303193286565,-0.8024484737087255,-0.2544884306547635,-0.713985191299721,-0.18935256184712382,-0.21303769768270914,-0.1401098514754074,-0.358145440323592,1.2667544949459906
0.013214053646523933,0.4870285058378622,-0.8382842205939496,0.7203567979065565,-0.06589759600423688,1.034871877633807,-0.8024484737087255,-0.2544884306547635,0.7203567979065565,-0.18935256184712382,-0.21303769768270914,-0.1401098514754074,-0.358145440323592,-0.8659042062818543
-0.4928624838601624,-2.053267905293714,0.4446794137736925,0.7203567979065565,-0.06589759600423688,1.034871877633807,-0.8024484737087255,-0.2544884306547635,0.7203567979065565,-0.18935256184712382,-0.21303769768270914,-0.1401098514754074,-0.358145440323592,0.5558682612033757
-0.6615546630290579,0.4870285058378622,0.4446794137736925,1.1301687948226358,-0.06589759600423688,1.034871877633807,-0.8024484737087255,1.5129284694496405,1.1301687948226358,-0.18935256184712382,-0.21303769768270914,-0.1401098514754074,2.792161751651698,-0.8659042062818543
-0.7459007526135056,0.4870285058378622,-0.8382842205939496,-0.713985191299721,-0.06589759600423688,1.034871877633807,-0.8024484737087255,-0.2544884306547635,-0.713985191299721,-0.18935256184712382,-0.21303769768270914,-0.1401098514754074,-0.358145440323592,2.6885269624312205
1.1097132182443443,0.4870285058378622,-0.8382842205939496,-0.0992671959256021,8.220876414182166,1.034871877633807,0.4350476606087318,-0.2544884306547635,-0.0992671959256021,-0.18935256184712382,-0.21303769768270914,-0.1401098514754074,-0.358145440323592,0.5558682612033757
-0.32417030469126695,-2.053267905293714,-0.8382842205939496,-0.30417319438364177,-0.06589759600423688,1.034871877633807,-0.8024484737087255,-0.2544884306547635,-0.30417319438364177,-0.18935256184712382,-0.21303769768270914,-0.1401098514754074,-0.358145440323592,1.2667544949459906
0.4349445015687626,0.4870285058378622,0.4446794137736925,-0.713985191299721,-0.06589759600423688,1.034871877633807,-0.8024484737087255,-2.0219053307591675,-0.713985191299721,-0.18935256184712382,-0.21303769768270914,-0.1401098514754074,-0.358145440323592,0.5558682612033757
-0.7459007526135056,-2.053267905293714,-0.8382842205939496,0.10563880253243754,-0.07922038380196421,1.034871877633807,-0.8024484737087255,-0.2544884306547635,0.10563880253243754,-0.18935256184712382,-0.21303769768270914,-0.1401098514754074,-0.358145440323592,0.5558682612033757
0.09756014323097166,0.4870285058378622,-0.8382842205939496,1.1301687948226358,-0.06589759600423688,-0.966303193286565,-0.8024484737087255,-0.2544884306547635,1.1301687948226358,-0.18935256184712382,-0.21303769768270914,-0.1401098514754074,-0.358145440323592,-0.8659042062818543
0.2662523223998671,0.4870285058378622,-0.8382842205939496,-0.713985191299721,-0.06589759600423688,-0.966303193286565,-0.8024484737087255,-0.2544884306547635,-0.713985191299721,-0.18935256184712382,-0.21303769768270914,-0.1401098514754074,-0.358145440323592,-0.1550179725392393
-1.251977290120192,0.4870285058378622,1.7276430481413345,-0.5090791928416813,-0.05257480820650953,1.034871877633807,1.672543794926189,-2.0219053307591675,-0.5090791928416813,-0.18935256184712382,-0.21303769768270914,-0.1401098514754074,2.792161751651698,-0.8659042062818543
-0.32417030469126695,0.4870285058378622,1.7276430481413345,-0.5090791928416813,-0.06589759600423688,-0.966303193286565,-0.8024484737087255,1.5129284694496405,-0.5090791928416813,-0.18935256184712382,-0.21303769768270914,-0.1401098514754074,-0.358145440323592,-0.8659042062818543
0.603636680737658,0.4870285058378622,-0.8382842205939496,-0.0992671959256021,-0.05257480820650953,-0.966303193286565,-0.8024484737087255,-0.2544884306547635,-0.0992671959256021,-0.18935256184712382,-0.21303769768270914,-0.1401098514754074,-0.358145440323592,0.5558682612033757
-0.9989390213668488,0.4870285058378622,0.4446794137736925,-0.0992671959256021,-0.06589759600423688,-0.966303193286565,1.672543794926189,1.5129284694496405,-0.0992671959256021,-0.18935256184712382,-0.21303769768270914,-0.1401098514754074,-0.358145440323592,-0.8659042062818543
2.3749045620110603,-2.053267905293714,-0.8382842205939496,-0.713985191299721,-0.06589759600423688,-0.966303193286565,0.4350476606087318,-0.2544884306547635,-0.713985191299721,-0.18935256184712382,-0.21303769768270914,-0.1401098514754074,-0.358145440323592,0.5558682612033757
0.8566749494910012,0.4870285058378622,-0.8382842205939496,-0.713985191299721,-0.06589759600423688,-0.966303193286565,0.4350476606087318,-0.2544884306547635,-0.713985191299721,-0.18935256184712382,-0.21303769768270914,-0.1401098514754074,-0.358145440323592,0.5558682612033757
-0.32417030469126695,0.4870285058378622,0.4446794137736925,0.10563880253243754,-0.06589759600423688,1.034871877633807,-0.8024484737087255,1.5129284694496405,0.10563880253243754,-0.18935256184712382,-0.21303769768270914,-0.1401098514754074,2.792161751651698,0.5558682612033757
-0.4928624838601624,-2.053267905293714,0.4446794137736925,-0.5090791928416813,-0.00854614825704895,-0.966303193286565,-0.8024484737087255,1.5129284694496405,-0.5090791928416813,-0.18935256184712382,-0.21303769768270914,-0.1401098514754074,-0.358145440323592,0.5558682612033757
1.1097132182443443,0.4870285058378622,-0.8382842205939496,-0.713985191299721,-0.05257480820650953,-0.966303193286565,0.4350476606087318,-0.2544884306547635,-0.713985191299721,-0.18935256184712382,-0.21303769768270914,-0.1401098514754074,-0.358145440323592,-0.8659042062818543
-0.23982421510681926,0.4870285058378622,1.7276430481413345,2.1546987871128342,-0.06589759600423688,1.034871877633807,-0.8024484737087255,-0.2544884306547635,2.1546987871128342,-0.18935256184712382,-0.21303769768270914,-0.1401098514754074,-0.358145440323592,-0.8659042062818543
1.3627514869976876,-2.053267905293714,-0.8382842205939496,-0.5090791928416813,-0.4522584421383296,-0.966303193286565,0.4350476606087318,-0.2544884306547635,-0.5090791928416813,-0.18935256184712382,-0.21303769768270914,-0.1401098514754074,-0.358145440323592,0.5558682612033757
-0.4928624838601624,0.4870285058378622,1.7276430481413345,-0.5090791928416813,-0.06589759600423688,-0.966303193286565,-0.8024484737087255,-2.0219053307591675,-0.5090791928416813,-0.18935256184712382,-0.21303769768270914,-0.1401098514754074,-0.358145440323592,-0.8659042062818543
-0.8302468421979533,-2.053267905293714,1.7276430481413345,-0.5090791928416813,-0.06589759600423688,1.034871877633807,-0.8024484737087255,-0.2544884306547635,-0.5090791928416813,-0.18935256184712382,-0.21303769768270914,-0.1401098514754074,2.792161751651698,-0.8659042062818543
-0.5772085734446102,0.4870285058378622,-0.8382842205939496,-0.0992671959256021,-0.06589759600423688,-0.966303193286565,-0.8024484737087255,-0.2544884306547635,-0.0992671959256021,-0.18935256184712382,-0.21303769768270914,-0.1401098514754074,-0.358145440323592,0.5558682612033757
-0.6615546630290579,0.4870285058378622,-0.8382842205939496,-0.713985191299721,-0.06589759600423688,-0.966303193286565,-0.8024484737087255,-0.2544884306547635,-0.713985191299721,-0.18935256184712382,-0.21303769768270914,-0.1401098514754074,-0.358145440323592,2.6885269624312205
-0.32417030469126695,0.4870285058378622,-0.8382842205939496,-0.0992671959256021,-0.05257480820650953,1.034871877633807,-0.8024484737087255,-0.2544884306547635,-0.0992671959256021,2.103311910014095,-0.21303769768270914,-0.1401098514754074,-0.358145440323592,-0.8659042062818543
1.9531741140888217,0.4870285058378622,-0.8382842205939496,-0.5090791928416813,-0.07922038380196421,-0.966303193286565,0.4350476606087318,-0.2544884306547635,-0.5090791928416813,-0.18935256184712382,-0.21303769768270914,-0.1401098514754074,-0.358145440323592,1.2667544949459906
0.4349445015687626,0.4870285058378622,0.4446794137736925,3.384134777861072,-0.06589759600423688,-0.966303193286565,-0.8024484737087255,-0.2544884306547635,3.384134777861072,-0.18935256184712382,-0.21303769768270914,-0.1401098514754074,-0.358145440323592,-0.8659042062818543
0.603636680737658,0.4870285058378622,-0.8382842205939496,0.3105448009904772,-0.06589759600423688,-0.966303193286565,-0.8024484737087255,-0.2544884306547635,0.3105448009904772,-0.18935256184712382,-0.21303769768270914,-0.1401098514754074,-0.358145440323592,0.5558682612033757
-0.4085163942757147,0.4870285058378622,-0.8382842205939496,0.3105448009904772,-0.06589759600423688,1.034871877633807,-0.8024484737087255,-0.2544884306547635,0.3105448009904772,-0.18935256184712382,-0.21303769768270914,-0.1401098514754074,2.792161751651698,-0.8659042062818543
0.013214053646523933,0.4870285058378622,-0.8382842205939496,1.3350747932806755,-3.143461577279252,1.034871877633807,-0.8024484737087255,1.5129284694496405,1.3350747932806755,-0.18935256184712382,-0.21303769768270914,-0.1401098514754074,-0.358145440323592,-0.8659042062818543
-0.8302468421979533,-2.053267905293714,1.7276430481413345,0.3105448009904772,-0.06589759600423688,1.034871877633807,-0.8024484737087255,1.5129284694496405,0.3105448009904772,-0.18935256184712382,-0.21303769768270914,-0.1401098514754074,-0.358145440323592,-0.8659042062818543
-0.4928624838601624,0.4870285058378622,-0.8382842205939496,0.3105448009904772,-0.05257480820650953,-0.966303193286565,-0.8024484737087255,-0.2544884306547635,0.3105448009904772,-0.18935256184712382,-0.21303769768270914,-0.1401098514754074,-0.358145440323592,0.5558682612033757
-1.251977290120192,0.4870285058378622,-0.8382842205939496,-0.713985191299721,-0.06589759600423688,-0.966303193286565,1.672543794926189,1.5129284694496405,-0.713985191299721,-0.18935256184712382,-0.21303769768270914,-0.1401098514754074,-0.358145440323592,-0.8659042062818543
0.18190623281541937,0.4870285058378622,-0.8382842205939496,-0.713985191299721,-0.06589759600423688,-0.966303193286565,-0.8024484737087255,-0.2544884306547635,-0.713985191299721,-0.18935256184712382,-0.21303769768270914,-0.1401098514754074,-0.358145440323592,-0.8659042062818543
-1.3363233797046397,0.4870285058378622,-0.8382842205939496,-0.713985191299721,-0.06589759600423688,1.034871877633807,1.672543794926189,1.5129284694496405,-0.713985191299721,-0.18935256184712382,-0.21303769768270914,-0.1401098514754074,-0.358145440323592,-0.8659042062818543
-0.15547812552237153,0.4870285058378622,1.7276430481413345,-0.713985191299721,-0.06589759600423688,-0.966303193286565,-0.8024484737087255,1.5129284694496405,-0.713985191299721,-0.18935256184712382,-0.21303769768270914,-0.1401098514754074,-0.358145440323592,-0.8659042062818543
-1.0832851109512964,-2.053267905293714,1.7276430481413345,-0.30417319438364177,-0.06589759600423688,1.034871877633807,1.672543794926189,-2.0219053307591675,-0.30417319438364177,2.103311910014095,-0.21303769768270914,-0.1401098514754074,-0.358145440323592,-0.8659042062818543
0.09756014323097166,0.4870285058378622,1.7276430481413345,-0.5090791928416813,-0.15915711058832824,1.034871877633807,-0.8024484737087255,-2.0219053307591675,-0.5090791928416813,-0.18935256184712382,-0.21303769768270914,-0.1401098514754074,-0.358145440323592,1.2667544949459906
-0.4085163942757147,0.4870285058378622,-0.8382842205939496,-0.5090791928416813,-0.06589759600423688,1.034871877633807,-0.8024484737087255,-0.2544884306547635,-0.5090791928416813,-0.18935256184712382,-0.21303769768270914,-0.1401098514754074,-0.358145440323592,0.5558682612033757
-1.251977290120192,-2.053267905293714,1.7276430481413345,-0.713985191299721,-0.05257480820650953,1.034871877633807,1.672543794926189,1.5129284694496405,-0.713985191299721,-0.18935256184712382,-0.21303769768270914,-0.1401098514754074,-0.358145440323592,0.5558682612033757
1.1097132182443443,0.4870285058378622,1.7276430481413345,0.10563880253243754,-0.05257480820650953,-0.966303193286565,0.4350476606087318,-0.2544884306547635,0.10563880253243754,-0.18935256184712382,-0.21303769768270914,-0.1401098514754074,-0.358145440323592,-0.8659042062818543
-0.4928624838601624,0.4870285058378622,1.7276430481413345,0.7203567979065565,-0.05257480820650953,1.034871877633807,-0.8024484737087255,1.5129284694496405,0.7203567979065565,4.395976381875314,1.7533742503977268,-0.1401098514754074,-0.358145440323592,-0.8659042062818543
-1.0832851109512964,0.4870285058378622,0.4446794137736925,-0.5090791928416813,-0.06589759600423688,1.034871877633807,1.672543794926189,1.5129284694496405,-0.5090791928416813,-0.18935256184712382,-0.21303769768270914,-0.1401098514754074,-0.358145440323592,-0.8659042062818543
-0.32417030469126695,-2.053267905293714,-0.8382842205939496,-0.713985191299721,-0.06589759600423688,-0.966303193286565,-0.8024484737087255,-0.2544884306547635,-0.713985191299721,-0.18935256184712382,-0.21303769768270914,-0.1401098514754074,-0.358145440323592,1.2667544949459906
-0.4085163942757147,0.4870285058378622,-0.8382842205939496,-0.713985191299721,-0.06589759600423688,-0.966303193286565,-0.8024484737087255,-0.2544884306547635,-0.713985191299721,-0.18935256184712382,-0.21303769768270914,-0.1401098514754074,-0.358145440323592,0.5558682612033757
-0.9989390213668488,-2.053267905293714,0.4446794137736925,-0.713985191299721,-0.06589759600423688,-0.966303193286565,1.672543794926189,1.5129284694496405,-0.713985191299721,-0.18935256184712382,-0.21303769768270914,-0.1401098514754074,-0.358145440323592,2.6885269624312205
-0.9145929317824011,0.4870285058378622,0.4446794137736925,-0.30417319438364177,-0.06589759600423688,1.034871877633807,1.672543794926189,1.5129284694496405,-0.30417319438364177,-0.18935256184712382,-0.21303769768270914,-0.1401098514754074,2.792161751651698,-0.8659042062818543
0.2662523223998671,0.4870285058378622,-0.8382842205939496,0.3105448009904772,-0.06589759600423688,-0.966303193286565,-0.8024484737087255,-0.2544884306547635,0.3105448009904772,-0.18935256184712382,-0.21303769768270914,-0.1401098514754074,-0.358145440323592,-0.8659042062818543
0.5192905911532103,0.4870285058378622,-0.8382842205939496,-0.30417319438364177,-0.05257480820650953,-0.966303193286565,-0.8024484737087255,-0.2544884306547635,-0.30417319438364177,-0.18935256184712382,-0.21303769768270914,-0.1401098514754074,-0.358145440323592,-0.8659042062818543
-0.4928624838601624,0.4870285058378622,-0.8382842205939496,-0.0992671959256021,-0.06589759600423688,1.034871877633807,-0.8024484737087255,-0.2544884306547635,-0.0992671959256021,-0.18935256184712382,-0.21303769768270914,-0.1401098514754074,-0.358145440323592,-0.8659042062818543
-0.6615546630290579,0.4870285058378622,-0.8382842205939496,-0.0992671959256021,-0.06589759600423688,-0.966303193286565,-0.8024484737087255,-0.2544884306547635,-0.0992671959256021,-0.18935256184712382,-0.21303769768270914,-0.1401098514754074,-0.358145440323592,0.5558682612033757
0.2662523223998671,0.4870285058378622,-0.8382842205939496,1.539980791738715,-3.623081937997436,1.034871877633807,-0.8024484737087255,-0.2544884306547635,1.539980791738715,-0.18935256184712382,-0.21303769768270914,-0.1401098514754074,-0.358145440323592,0.5558682612033757
0.013214053646523933,0.4870285058378622,-0.8382842205939496,-0.713985191299721,-0.06589759600423688,-0.966303193286565,-0.8024484737087255,-0.2544884306547635,-0.713985191299721,-0.18935256184712382,-0.21303769768270914,-0.1401098514754074,-0.358145440323592,-0.8659042062818543
-0.5772085734446102,0.4870285058378622,0.4446794137736925,0.9252627963645961,-0.06589759600423688,1.034871877633807,-0.8024484737087255,1.5129284694496405,0.9252627963645961,2.103311910014095,-0.21303769768270914,-0.1401098514754074,-0.358145440323592,-0.8659042062818543
1.531443666166583,0.4870285058378622,-0.8382842205939496,-0.30417319438364177,-0.47890401773378427,-0.966303193286565,0.4350476606087318,-0.2544884306547635,-0.30417319438364177,-0.18935256184712382,-0.21303769768270914,-0.1401098514754074,-0.358145440323592,0.5558682612033757
0.8566749494910012,0.4870285058378622,-0.8382842205939496,0.7203567979065565,-0.06589759600423688,-0.966303193286565,0.4350476606087318,-0.2544884306547635,0.7203567979065565,-0.18935256184712382,-0.21303769768270914,-0.1401098514754074,-0.358145440323592,0.5558682612033757
-0.7459007526135056,0.4870285058378622,0.4446794137736925,-0.30417319438364177,-0.06589759600423688,-0.966303193286565,-0.8024484737087255,-0.2544884306547635,-0.30417319438364177,-0.18935256184712382,-0.21303769768270914,-0.1401098514754074,-0.358145440323592,-0.8659042062818543
0.8566749494910012,-2.053267905293714,-0.8382842205939496,-0.5090791928416813,-0.06589759600423688,-0.966303193286565,0.4350476606087318,-0.2544884306547635,-0.5090791928416813,-0.18935256184712382,-0.21303769768270914,-0.1401098514754074,-0.358145440323592,2.6885269624312205
-0.4085163942757147,0.4870285058378622,1.7276430481413345,0.3105448009904772,-0.06589759600423688,1.034871877633807,-0.8024484737087255,1.5129284694496405,0.3105448009904772,-0.18935256184712382,-0.21303769768270914,1.8868661946544836,2.792161751651698,-0.8659042062818543
-0.4085163942757147,-2.053267905293714,0.4446794137736925,0.9252627963645961,-0.06589759600423688,1.034871877633807,-0.8024484737087255,1.5129284694496405,0.9252627963645961,-0.18935256184712382,-0.21303769768270914,-0.1401098514754074,-0.358145440323592,-0.8659042062818543
-0.6615546630290579,0.4870285058378622,0.4446794137736925,0.5154507994485168,-0.05257480820650953,1.034871877633807,-0.8024484737087255,1.5129284694496405,0.5154507994485168,-0.18935256184712382,-0.21303769768270914,-0.1401098514754074,-0.358145440323592,-0.8659042062818543
-0.4928624838601624,0.4870285058378622,-0.8382842205939496,-0.713985191299721,-0.06589759600423688,-0.966303193286565,-0.8024484737087255,-0.2544884306547635,-0.713985191299721,-0.18935256184712382,-0.21303769768270914,-0.1401098514754074,-0.358145440323592,-0.8659042062818543
1.3627514869976876,0.4870285058378622,-0.8382842205939496,0.5154507994485168,-0.05257480820650953,1.034871877633807,0.4350476606087318,-0.2544884306547635,0.5154507994485168,-0.18935256184712382,-0.21303769768270914,-0.1401098514754074,-0.358145440323592,0.5558682612033757
0.18190623281541937,-2.053267905293714,-0.8382842205939496,-0.713985191299721,-0.06589759600423688,-0.966303193286565,-0.8024484737087255,-0.2544884306547635,-0.713985191299721,-0.18935256184712382,-0.21303769768270914,-0.1401098514754074,-0.358145440323592,2.6885269624312205
-0.07113203593792379,0.4870285058378622,-0.8382842205939496,1.9497927886547946,-0.06589759600423688,1.034871877633807,-0.8024484737087255,-0.2544884306547635,1.9497927886547946,-0.18935256184712382,-0.21303769768270914,-0.1401098514754074,-0.358145440323592,-0.8659042062818543
-0.7459007526135056,0.4870285058378622,-0.8382842205939496,0.10563880253243754,-1.0251383174406052,1.034871877633807,-0.8024484737087255,1.5129284694496405,0.10563880253243754,-0.18935256184712382,-0.21303769768270914,-0.1401098514754074,-0.358145440323592,-0.8659042062818543
-0.15547812552237153,0.4870285058378622,-0.8382842205939496,-0.0992671959256021,-0.00854614825704895,-0.966303193286565,-0.8024484737087255,-0.2544884306547635,-0.0992671959256021,-0.18935256184712382,-0.21303769768270914,-0.1401098514754074,-0.358145440323592,1.2667544949459906
0.18190623281541937,0.4870285058378622,1.7276430481413345,-0.0992671959256021,-0.06589759600423688,-0.966303193286565,-0.8024484737087255,1.5129284694496405,-0.0992671959256021,-0.18935256184712382,-0.21303769768270914,-0.1401098514754074,-0.358145440323592,0.5558682612033757
-0.7459007526135056,0.4870285058378622,-0.8382842205939496,-0.713985191299721,-0.05257480820650953,-0.966303193286565,-0.8024484737087255,-0.2544884306547635,-0.713985191299721,-0.18935256184712382,-0.21303769768270914,-0.1401098514754074,-0.358145440323592,0.5558682612033757
-0.6615546630290579,0.4870285058378622,-0.8382842205939496,-0.713985191299721,-0.06589759600423688,-0.966303193286565,-0.8024484737087255,-0.2544884306547635,-0.713985191299721,-0.18935256184712382,-0.21303769768270914,-0.1401098514754074,-0.358145440323592,-0.8659042062818543
-0.4928624838601624,0.4870285058378622,-0.8382842205939496,-0.5090791928416813,0.440368340309402,-0.966303193286565,-0.8024484737087255,-0.2544884306547635,-0.5090791928416813,-0.18935256184712382,-0.21303769768270914,-0.1401098514754074,-0.358145440323592,1.9776407286886057
-0.07113203593792379,0.4870285058378622,0.4446794137736925,0.10563880253243754,-0.06589759600423688,1.034871877633807,-0.8024484737087255,-0.2544884306547635,0.10563880253243754,-0.18935256184712382,-0.21303769768270914,-0.1401098514754074,-0.358145440323592,-0.8659042062818543
2.796635009933299,0.4870285058378622,0.4446794137736925,0.7203567979065565,-0.06589759600423688,1.034871877633807,0.4350476606087318,1.5129284694496405,0.7203567979065565,-0.18935256184712382,-0.21303769768270914,-0.1401098514754074,2.792161751651698,0.5558682612033757
-0.23982421510681926,0.4870285058378622,0.4446794137736925,-0.5090791928416813,-0.06589759600423688,-0.966303193286565,-0.8024484737087255,-0.2544884306547635,-0.5090791928416813,-0.18935256184712382,-0.21303769768270914,-0.1401098514754074,-0.358145440323592,-0.8659042062818543
1.7001358453354785,0.4870285058378622,-0.8382842205939496,-0.5090791928416813,-0.05257480820650953,1.034871877633807,0.4350476606087318,-0.2544884306547635,-0.5090791928416813,-0.18935256184712382,-0.21303769768270914,-0.1401098514754074,-0.358145440323592,1.2667544949459906
1.2784053974132399,0.4870285058378622,0.4446794137736925,0.7203567979065565,-0.06589759600423688,1.034871877633807,0.4350476606087318,-0.2544884306547635,0.7203567979065565,-0.18935256184712382,-0.21303769768270914,-0.1401098514754074,-0.358145440323592,-0.8659042062818543
0.013214053646523933,0.4870285058378622,1.7276430481413345,0.5154507994485168,-0.06589759600423688,1.034871877633807,-0.8024484737087255,1.5129284694496405,0.5154507994485168,-0.18935256184712382,-0.21303769768270914,-0.1401098514754074,2.792161751651698,-0.8659042062818543
0.35059841198431485,0.4870285058378622,-0.8382842205939496,-0.713985191299721,-0.06589759600423688,-0.966303193286565,-0.8024484737087255,-0.2544884306547635,-0.713985191299721,-0.18935256184712382,-0.21303769768270914,-0.1401098514754074,-0.358145440323592,0.5558682612033757
0.013214053646523933,0.4870285058378622,-0.8382842205939496,-0.5090791928416813,-0.05257480820650953,-0.966303193286565,-0.8024484737087255,-0.2544884306547635,-0.5090791928416813,-0.18935256184712382,1.7533742503977268,-0.1401098514754074,-0.358145440323592,0.5558682612033757
-0.9989390213668488,0.4870285058378622,0.4446794137736925,-0.30417319438364177,-0.06589759600423688,1.034871877633807,1.672543794926189,1.5129284694496405,-0.30417319438364177,-0.18935256184712382,1.7533742503977268,-0.1401098514754074,-0.358145440323592,-0.8659042062818543
-0.9989390213668488,0.4870285058378622,0.4446794137736925,-0.713985191299721,-0.05257480820650953,1.034871877633807,1.672543794926189,-0.2544884306547635,-0.713985191299721,-0.18935256184712382,-0.21303769768270914,-0.1401098514754074,-0.358145440323592,1.2667544949459906
0.8566749494910012,0.4870285058378622,-0.8382842205939496,-0.5090791928416813,-0.6920686224974217,1.034871877633807,0.4350476606087318,-0.2544884306547635,-0.5090791928416813,-0.18935256184712382,-0.21303769768270914,-0.1401098514754074,-0.358145440323592,-0.8659042062818543
-0.5772085734446102,0.4870285058378622,0.4446794137736925,-0.5090791928416813,-0.06589759600423688,-0.966303193286565,-0.8024484737087255,-0.2544884306547635,-0.5090791928416813,-0.18935256184712382,-0.21303769768270914,-0.1401098514754074,-0.358145440323592,-0.8659042062818543
-0.7459007526135056,0.4870285058378622,-0.8382842205939496,-0.713985191299721,-0.06589759600423688,-0.966303193286565,-0.8024484737087255,-0.2544884306547635,-0.713985191299721,-0.18935256184712382,-0.21303769768270914,-0.1401098514754074,-0.358145440323592,0.5558682612033757
0.35059841198431485,0.4870285058378622,-0.8382842205939496,-0.713985191299721,-0.06589759600423688,1.034871877633807,-0.8024484737087255,-0.2544884306547635,-0.713985191299721,-0.18935256184712382,-0.21303769768270914,-0.1401098514754074,-0.358145440323592,-0.8659042062818543
-0.9145929317824011,-2.053267905293714,0.4446794137736925,-0.30417319438364177,-0.06589759600423688,1.034871877633807,1.672543794926189,-0.2544884306547635,-0.30417319438364177,-0.18935256184712382,-0.21303769768270914,-0.1401098514754074,2.792161751651698,-0.8659042062818543
-0.4928624838601624,0.4870285058378622,1.7276430481413345,0.9252627963645961,-0.06589759600423688,-0.966303193286565,-0.8024484737087255,-0.2544884306547635,0.9252627963645961,-0.18935256184712382,-0.21303769768270914,-0.1401098514754074,-0.358145440323592,-0.8659042062818543
-0.15547812552237153,0.4870285058378622,1.7276430481413345,-0.713985191299721,-0.05257480820650953,1.034871877633807,-0.8024484737087255,-0.2544884306547635,-0.713985191299721,-0.18935256184712382,-0.21303769768270914,-0.1401098514754074,-0.358145440323592,0.5558682612033757
1.2784053974132399,0.4870285058378622,-0.8382842205939496,-0.0992671959256021,-0.06589759600423688,-0.966303193286565,0.4350476606087318,-0.2544884306547635,-0.0992671959256021,-0.18935256184712382,-0.21303769768270914,-0.1401098514754074,-0.358145440323592,0.5558682612033757
0.013214053646523933,0.4870285058378622,-0.8382842205939496,0.3105448009904772,-0.06589759600423688,1.034871877633807,-0.8024484737087255,-0.2544884306547635,0.3105448009904772,-0.18935256184712382,-0.21303769768270914,-0.1401098514754074,2.792161751651698,-0.8659042062818543
-0.9989390213668488,0.4870285058378622,-0.8382842205939496,-0.713985191299721,-0.06589759600423688,1.034871877633807,1.672543794926189,-0.2544884306547635,-0.713985191299721,-0.18935256184712382,-0.21303769768270914,-0.1401098514754074,-0.358145440323592,2.6885269624312205
1.531443666166583,0.4870285058378622,1.7276430481413345,-0.0992671959256021,-3.2633666674587976,-0.966303193286565,0.4350476606087318,-0.2544884306547635,-0.0992671959256021,-0.18935256184712382,-0.21303769768270914,-0.1401098514754074,-0.358145440323592,-0.8659042062818543
-0.9989390213668488,0.4870285058378622,1.7276430481413345,-0.5090791928416813,-0.00854614825704895,-0.966303193286565,1.672543794926189,1.5129284694496405,-0.5090791928416813,2.103311910014095,-0.21303769768270914,-0.1401098514754074,-0.358145440323592,-0.8659042062818543
1.531443666166583,0.4870285058378622,0.4446794137736925,-0.5090791928416813,-3.3299806064474344,1.034871877633807,0.4350476606087318,-0.2544884306547635,-0.5090791928416813,-0.18935256184712382,-0.21303769768270914,-0.1401098514754074,2.792161751651698,0.5558682612033757
-0.4928624838601624,0.4870285058378622,0.4446794137736925,0.5154507994485168,0.840051974241222,1.034871877633807,-0.8024484737087255,-0.2544884306547635,0.5154507994485168,-0.18935256184712382,-0.21303769768270914,-0.1401098514754074,-0.358145440323592,-0.8659042062818543
0.35059841198431485,0.4870285058378622,-0.8382842205939496,-0.713985191299721,-0.00854614825704895,-0.966303193286565,-0.8024484737087255,-0.2544884306547635,-0.713985191299721,-0.18935256184712382,-0.21303769768270914,-0.1401098514754074,-0.358145440323592,1.2667544949459906
0.5192905911532103,0.4870285058378622,-0.8382842205939496,-0.713985191299721,-0.06589759600423688,-0.966303193286565,-0.8024484737087255,-0.2544884306547635,-0.713985191299721,-0.18935256184712382,-0.21303769768270914,-0.1401098514754074,-0.358145440323592,0.5558682612033757
1.1097132182443443,0.4870285058378622,-0.8382842205939496,-0.0992671959256021,-0.1458343227906009,-0.966303193286565,0.4350476606087318,-0.2544884306547635,-0.0992671959256021,-0.18935256184712382,-0.21303769768270914,-0.1401098514754074,-0.358145440323592,0.5558682612033757
-0.7459007526135056,0.4870285058378622,-0.8382842205939496,-0.0992671959256021,-1.691277707326972,-0.966303193286565,-0.8024484737087255,-0.2544884306547635,-0.0992671959256021,-0.18935256184712382,-0.21303769768270914,-0.1401098514754074,-0.358145440323592,0.5558682612033757
-1.251977290120192,0.4870285058378622,-0.8382842205939496,-0.713985191299721,-0.06589759600423688,1.034871877633807,1.672543794926189,1.5129284694496405,-0.713985191299721,-0.18935256184712382,-0.21303769768270914,-0.1401098514754074,-0.358145440323592,0.5558682612033757
1.1097132182443443,-2.053267905293714,1.7276430481413345,-0.5090791928416813,-0.00854614825704895,-0.966303193286565,0.4350476606087318,-0.2544884306547635,-0.5090791928416813,-0.18935256184712382,-0.21303769768270914,-0.1401098514754074,-0.358145440323592,0.5558682612033757
-0.7459007526135056,0.4870285058378622,1.7276430481413345,1.1301687948226358,-0.06589759600423688,1.034871877633807,-0.8024484737087255,1.5129284694496405,1.1301687948226358,-0.18935256184712382,-0.21303769768270914,-0.1401098514754074,2.792161751651698,-0.8659042062818543
-0.8302468421979533,0.4870285058378622,1.7276430481413345,0.3105448009904772,-0.06589759600423688,1.034871877633807,-0.8024484737087255,-2.0219053307591675,0.3105448009904772,-0.18935256184712382,1.7533742503977268,-0.1401098514754074,2.792161751651698,0.5558682612033757
0.7723288599065534,0.4870285058378622,0.4446794137736925,-0.0992671959256021,-0.10586595939741889,-0.966303193286565,-0.8024484737087255,-0.2544884306547635,-0.0992671959256021,-0.18935256184712382,-0.21303769768270914,-0.1401098514754074,-0.358145440323592,0.5558682612033757
1.4470975765821352,-2.053267905293714,0.4446794137736925,0.5154507994485168,-0.05257480820650953,-0.966303193286565,0.4350476606087318,-0.2544884306547635,0.5154507994485168,-0.18935256184712382,-0.21303769768270914,-0.1401098514754074,-0.358145440323592,0.5558682612033757
0.35059841198431485,0.4870285058378622,-0.8382842205939496,-0.713985191299721,-0.06589759600423688,-0.966303193286565,-0.8024484737087255,-0.2544884306547635,-0.713985191299721,-0.18935256184712382,-0.21303769768270914,-0.1401098514754074,-0.358145440323592,0.5558682612033757
-0.6615546630290579,0.4870285058378622,-0.8382842205939496,-0.0992671959256021,-0.6387774713065123,1.034871877633807,-0.8024484737087255,-0.2544884306547635,-0.0992671959256021,-0.18935256184712382,-0.21303769768270914,-0.1401098514754074,-0.358145440323592,-0.8659042062818543
-0.4928624838601624,0.4870285058378622,-0.8382842205939496,0.5154507994485168,-0.3989672909474203,-0.966303193286565,-0.8024484737087255,-0.2544884306547635,0.5154507994485168,-0.18935256184712382,-0.21303769768270914,5.940818286914266,-0.358145440323592,-0.8659042062818543
0.5192905911532103,0.4870285058378622,1.7276430481413345,1.3350747932806755,-0.05257480820650953,1.034871877633807,-0.8024484737087255,1.5129284694496405,1.3350747932806755,2.103311910014095,-0.21303769768270914,-0.1401098514754074,-0.358145440323592,-0.8659042062818543
-0.4085163942757147,-2.053267905293714,1.7276430481413345,-0.713985191299721,-0.05257480820650953,-0.966303193286565,-0.8024484737087255,1.5129284694496405,-0.713985191299721,-0.18935256184712382,-0.21303769768270914,-0.1401098514754074,-0.358145440323592,0.5558682612033757
1.6157897557510308,-2.053267905293714,-0.8382842205939496,-0.5090791928416813,-0.3456761397565109,-0.966303193286565,0.4350476606087318,-0.2544884306547635,-0.5090791928416813,-0.18935256184712382,-0.21303769768270914,-0.1401098514754074,-0.358145440323592,0.5558682612033757
-1.1676312005357443,0.4870285058378622,-0.8382842205939496,-0.713985191299721,-0.06589759600423688,1.034871877633807,1.672543794926189,1.5129284694496405,-0.713985191299721,-0.18935256184712382,-0.21303769768270914,-0.1401098514754074,-0.358145440323592,1.2667544949459906
-0.15547812552237153,-2.053267905293714,0.4446794137736925,-0.5090791928416813,-0.11918874719514622,1.034871877633807,-0.8024484737087255,-0.2544884306547635,-0.5090791928416813,-0.18935256184712382,-0.21303769768270914,-0.1401098514754074,-0.358145440323592,0.5558682612033757
1.1097132182443443,0.4870285058378622,-0.8382842205939496,-0.5090791928416813,-0.05257480820650953,1.034871877633807,0.4350476606087318,-0.2544884306547635,-0.5090791928416813,-0.18935256184712382,-0.21303769768270914,-0.1401098514754074,-0.358145440323592,1.2667544949459906
0.013214053646523933,0.4870285058378622,-0.8382842205939496,-0.30417319438364177,-0.06589759600423688,-0.966303193286565,-0.8024484737087255,-0.2544884306547635,-0.30417319438364177,-0.18935256184712382,-0.21303769768270914,-0.1401098514754074,-0.358145440323592,0.5558682612033757
-1.251977290120192,0.4870285058378622,-0.8382842205939496,-0.713985191299721,-0.05257480820650953,1.034871877633807,1.672543794926189,1.5129284694496405,-0.713985191299721,-0.18935256184712382,-0.21303769768270914,-0.1401098514754074,-0.358145440323592,-0.8659042062818543
1.7844819349199261,0.4870285058378622,-0.8382842205939496,-0.713985191299721,-0.06589759600423688,-0.966303193286565,0.4350476606087318,-0.2544884306547635,-0.713985191299721,-0.18935256184712382,-0.21303769768270914,-0.1401098514754074,-0.358145440323592,-0.8659042062818543
-0.9989390213668488,0.4870285058378622,0.4446794137736925,-0.30417319438364177,-0.06589759600423688,-0.966303193286565,1.672543794926189,1.5129284694496405,-0.30417319438364177,-0.18935256184712382,1.7533742503977268,-0.1401098514754074,-0.358145440323592,1.2667544949459906
-1.1676312005357443,0.4870285058378622,-0.8382842205939496,-0.30417319438364177,-0.06589759600423688,1.034871877633807,1.672543794926189,1.5129284694496405,-0.30417319438364177,-0.18935256184712382,-0.21303769768270914,-0.1401098514754074,-0.358145440323592,0.5558682612033757
-0.8302468421979533,0.4870285058378622,0.4446794137736925,-0.30417319438364177,-0.06589759600423688,1.034871877633807,-0.8024484737087255,-0.2544884306547635,-0.30417319438364177,-0.18935256184712382,-0.21303769768270914,-0.1401098514754074,-0.358145440323592,0.5558682612033757
-0.7459007526135056,0.4870285058378622,-0.8382842205939496,0.3105448009904772,-0.06589759600423688,1.034871877633807,-0.8024484737087255,-0.2544884306547635,0.3105448009904772,-0.18935256184712382,-0.21303769768270914,-0.1401098514754074,2.792161751651698,0.5558682612033757
-0.6615546630290579,0.4870285058378622,1.7276430481413345,1.3350747932806755,-0.06589759600423688,-0.966303193286565,-0.8024484737087255,-2.0219053307591675,1.3350747932806755,-0.18935256184712382,-0.21303769768270914,-0.1401098514754074,-0.358145440323592,-0.8659042062818543
1.6157897557510308,0.4870285058378622,1.7276430481413345,5.0233827655253895,-0.06589759600423688,1.034871877633807,0.4350476606087318,1.5129284694496405,5.0233827655253895,-0.18935256184712382,-0.21303769768270914,-0.1401098514754074,-0.358145440323592,-0.8659042062818543
2.6279428307644035,0.4870285058378622,-0.8382842205939496,-0.713985191299721,-0.06589759600423688,-0.966303193286565,0.4350476606087318,-0.2544884306547635,-0.713985191299721,-0.18935256184712382,-0.21303769768270914,-0.1401098514754074,-0.358145440323592,0.5558682612033757
-0.4928624838601624,0.4870285058378622,-0.8382842205939496,-0.713985191299721,-0.06589759600423688,-0.966303193286565,-0.8024484737087255,-0.2544884306547635,-0.713985191299721,-0.18935256184712382,-0.21303769768270914,-0.1401098514754074,-0.358145440323592,-0.8659042062818543
-0.32417030469126695,0.4870285058378622,-0.8382842205939496,-0.713985191299721,-0.11918874719514622,-0.966303193286565,-0.8024484737087255,-0.2544884306547635,-0.713985191299721,-0.18935256184712382,-0.21303769768270914,-0.1401098514754074,-0.358145440323592,1.2667544949459906
-0.5772085734446102,0.4870285058378622,1.7276430481413345,0.7203567979065565,-0.06589759600423688,1.034871877633807,-0.8024484737087255,1.5129284694496405,0.7203567979065565,-0.18935256184712382,-0.21303769768270914,-0.1401098514754074,-0.358145440323592,-0.8659042062818543
1.4470975765821352,-2.053267905293714,-0.8382842205939496,-0.713985191299721,-0.13251153499287355,-0.966303193286565,0.4350476606087318,-0.2544884306547635,-0.713985191299721,-0.18935256184712382,-0.21303769768270914,-0.1401098514754074,-0.358145440323592,0.5558682612033757
1.7844819349199261,0.4870285058378622,-0.8382842205939496,-0.713985191299721,-0.10586595939741889,-0.966303193286565,0.4350476606087318,-0.2544884306547635,-0.713985191299721,-0.18935256184712382,-0.21303769768270914,-0.1401098514754074,-0.358145440323592,0.5558682612033757
2.037520203673269,0.4870285058378622,-0.8382842205939496,-0.30417319438364177,-0.05257480820650953,-0.966303193286565,0.4350476606087318,-0.2544884306547635,-0.30417319438364177,-0.18935256184712382,-0.21303769768270914,-0.1401098514754074,-0.358145440323592,0.5558682612033757
-0.6615546630290579,0.4870285058378622,0.4446794137736925,0.10563880253243754,-0.05257480820650953,1.034871877633807,-0.8024484737087255,-0.2544884306547635,0.10563880253243754,-0.18935256184712382,-0.21303769768270914,-0.1401098514754074,-0.358145440323592,0.5558682612033757
-0.4085163942757147,0.4870285058378622,-0.8382842205939496,-0.5090791928416813,-0.06589759600423688,-0.966303193286565,-0.8024484737087255,-0.2544884306547635,-0.5090791928416813,2.103311910014095,-0.21303769768270914,-0.1401098514754074,-0.358145440323592,-0.8659042062818543
-0.6615546630290579,0.4870285058378622,-0.8382842205939496,-0.30417319438364177,-0.05257480820650953,1.034871877633807,-0.8024484737087255,-0.2544884306547635,-0.30417319438364177,-0.18935256184712382,1.7533742503977268,-0.1401098514754074,2.792161751651698,0.5558682612033757
-0.8302468421979533,0.4870285058378622,0.4446794137736925,-0.713985191299721,-0.06589759600423688,-0.966303193286565,-0.8024484737087255,1.5129284694496405,-0.713985191299721,-0.18935256184712382,-0.21303769768270914,-0.1401098514754074,-0.358145440323592,-0.8659042062818543
0.09756014323097166,0.4870285058378622,-0.8382842205939496,-0.5090791928416813,0.3471088257253106,1.034871877633807,-0.8024484737087255,-0.2544884306547635,-0.5090791928416813,-0.18935256184712382,-0.21303769768270914,-0.1401098514754074,2.792161751651698,1.2667544949459906
-0.6615546630290579,0.4870285058378622,0.4446794137736925,-0.0992671959256021,-0.3589989275542383,-0.966303193286565,-0.8024484737087255,-0.2544884306547635,-0.0992671959256021,-0.18935256184712382,-0.21303769768270914,-0.1401098514754074,-0.358145440323592,-0.8659042062818543
-0.9989390213668488,-2.053267905293714,1.7276430481413345,0.10563880253243754,-0.7986509248792404,1.034871877633807,1.672543794926189,1.5129284694496405,0.10563880253243754,-0.18935256184712382,-0.21303769768270914,-0.1401098514754074,-0.358145440323592,-0.8659042062818543
-0.6615546630290579,0.4870285058378622,0.4446794137736925,0.9252627963645961,-0.06589759600423688,1.034871877633807,-0.8024484737087255,-0.2544884306547635,0.9252627963645961,2.103311910014095,1.7533742503977268,-0.1401098514754074,-0.358145440323592,1.2667544949459906
2.459250651595508,-2.053267905293714,-0.8382842205939496,0.7203567979065565,1.5861280909139528,-0.966303193286565,0.4350476606087318,-0.2544884306547635,0.7203567979065565,-0.18935256184712382,-0.21303769768270914,-0.1401098514754074,-0.358145440323592,0.5558682612033757
-0.8302468421979533,0.4870285058378622,0.4446794137736925,-0.5090791928416813,-0.05257480820650953,1.034871877633807,-0.8024484737087255,-0.2544884306547635,-0.5090791928416813,-0.18935256184712382,1.7533742503977268,-0.1401098514754074,-0.358145440323592,-0.8659042062818543
0.013214053646523933,0.4870285058378622,1.7276430481413345,1.7448867901967549,-0.06589759600423688,1.034871877633807,-0.8024484737087255,1.5129284694496405,1.7448867901967549,-0.18935256184712382,-0.21303769768270914,-0.1401098514754074,-0.358145440323592,-0.8659042062818543
-0.4085163942757147,0.4870285058378622,1.7276430481413345,-0.5090791928416813,-0.00854614825704895,-0.966303193286565,-0.8024484737087255,-2.0219053307591675,-0.5090791928416813,-0.18935256184712382,-0.21303769768270914,-0.1401098514754074,-0.358145440323592,-0.8659042062818543
-0.6615546630290579,0.4870285058378622,-0.8382842205939496,-0.713985191299721,-0.06589759600423688,1.034871877633807,-0.8024484737087255,-0.2544884306547635,-0.713985191299721,-0.18935256184712382,-0.21303769768270914,-0.1401098514754074,-0.358145440323592,-0.8659042062818543
-0.9145929317824011,0.4870285058378622,-0.8382842205939496,-0.30417319438364177,-0.05257480820650953,-0.966303193286565,1.672543794926189,-0.2544884306547635,-0.30417319438364177,-0.18935256184712382,-0.21303769768270914,-0.1401098514754074,-0.358145440323592,0.5558682612033757
1.194059307828792,0.4870285058378622,-0.8382842205939496,0.10563880253243754,-0.06589759600423688,-0.966303193286565,0.4350476606087318,-0.2544884306547635,0.10563880253243754,-0.18935256184712382,-0.21303769768270914,-0.1401098514754074,-0.358145440323592,-0.8659042062818543
-0.07113203593792379,0.4870285058378622,-0.8382842205939496,-0.5090791928416813,-0.06589759600423688,-0.966303193286565,-0.8024484737087255,-0.2544884306547635,-0.5090791928416813,-0.18935256184712382,-0.21303769768270914,-0.1401098514754074,-0.358145440323592,-0.8659042062818543
-0.8302468421979533,0.4870285058378622,0.4446794137736925,0.3105448009904772,1.5195141519253161,-0.966303193286565,-0.8024484737087255,1.5129284694496405,0.3105448009904772,-0.18935256184712382,-0.21303769768270914,-0.1401098514754074,-0.358145440323592,-0.8659042062818543
-0.7459007526135056,0.4870285058378622,0.4446794137736925,0.10563880253243754,-0.06589759600423688,1.034871877633807,-0.8024484737087255,1.5129284694496405,0.10563880253243754,-0.18935256184712382,-0.21303769768270914,-0.1401098514754074,-0.358145440323592,-0.8659042062818543
-0.9145929317824011,0.4870285058378622,-0.8382842205939496,-0.713985191299721,-0.05257480820650953,1.034871877633807,1.672543794926189,-0.2544884306547635,-0.713985191299721,-0.18935256184712382,5.686198146558598,-0.1401098514754074,-0.358145440323592,-0.8659042062818543
1.8688280245043738,-2.053267905293714,-0.8382842205939496,-0.713985191299721,-0.06589759600423688,1.034871877633807,0.4350476606087318,-0.2544884306547635,-0.713985191299721,-0.18935256184712382,-0.21303769768270914,-0.1401098514754074,-0.358145440323592,0.5558682612033757
-1.0832851109512964,0.4870285058378622,0.4446794137736925,-0.0992671959256021,-0.19912547398151023,1.034871877633807,1.672543794926189,1.5129284694496405,-0.0992671959256021,2.103311910014095,-0.21303769768270914,-0.1401098514754074,2.792161751651698,-0.8659042062818543
1.4470975765821352,0.4870285058378622,-0.8382842205939496,-0.713985191299721,-0.06589759600423688,-0.966303193286565,0.4350476606087318,-0.2544884306547635,-0.713985191299721,-0.18935256184712382,-0.21303769768270914,-0.1401098514754074,-0.358145440323592,0.5558682612033757
-0.9145929317824011,0.4870285058378622,0.4446794137736925,-0.713985191299721,-0.06589759600423688,1.034871877633807,1.672543794926189,1.5129284694496405,-0.713985191299721,-0.18935256184712382,-0.21303769768270914,-0.1401098514754074,2.792161751651698,-0.8659042062818543
-0.9145929317824011,0.4870285058378622,-0.8382842205939496,-0.713985191299721,-0.05257480820650953,-0.966303193286565,1.672543794926189,-0.2544884306547635,-0.713985191299721,-0.18935256184712382,-0.21303769768270914,-0.1401098514754074,-0.358145440323592,-0.8659042062818543
0.09756014323097166,0.4870285058378622,0.4446794137736925,0.5154507994485168,-1.7312460707201538,-0.966303193286565,-0.8024484737087255,-0.2544884306547635,0.5154507994485168,-0.18935256184712382,-0.21303769768270914,-0.1401098514754074,-0.358145440323592,0.5558682612033757
-0.4085163942757147,0.4870285058378622,-0.8382842205939496,2.1546987871128342,-1.1050750442269692,1.034871877633807,-0.8024484737087255,1.5129284694496405,2.1546987871128342,2.103311910014095,-0.21303769768270914,-0.1401098514754074,2.792161751651698,1.2667544949459906
-0.6615546630290579,0.4870285058378622,-0.8382842205939496,-0.713985191299721,-0.11918874719514622,1.034871877633807,-0.8024484737087255,-0.2544884306547635,-0.713985191299721,-0.18935256184712382,-0.21303769768270914,-0.1401098514754074,-0.358145440323592,0.5558682612033757
-0.8302468421979533,0.4870285058378622,1.7276430481413345,0.3105448009904772,-0.06589759600423688,1.034871877633807,-0.8024484737087255,1.5129284694496405,0.3105448009904772,-0.18935256184712382,-0.21303769768270914,-0.1401098514754074,2.792161751651698,-0.8659042062818543
-0.5772085734446102,0.4870285058378622,0.4446794137736925,0.3105448009904772,-0.05257480820650953,1.034871877633807,-0.8024484737087255,1.5129284694496405,0.3105448009904772,-0.18935256184712382,-0.21303769768270914,-0.1401098514754074,-0.358145440323592,-0.8659042062818543
1.7844819349199261,0.4870285058378622,-0.8382842205939496,0.10563880253243754,-0.06589759600423688,1.034871877633807,0.4350476606087318,-0.2544884306547635,0.10563880253243754,-0.18935256184712382,-0.21303769768270914,-0.1401098514754074,-0.358145440323592,0.5558682612033757
-0.9989390213668488,0.4870285058378622,0.4446794137736925,-0.0992671959256021,-0.05257480820650953,1.034871877633807,1.672543794926189,1.5129284694496405,-0.0992671959256021,-0.18935256184712382,-0.21303769768270914,-0.1401098514754074,-0.358145440323592,-0.8659042062818543
1.4470975765821352,0.4870285058378622,-0.8382842205939496,-0.713985191299721,-0.05257480820650953,-0.966303193286565,0.4350476606087318,-0.2544884306547635,-0.713985191299721,-0.18935256184712382,-0.21303769768270914,-0.1401098514754074,-0.358145440323592,-0.8659042062818543
-0.4928624838601624,0.4870285058378622,-0.8382842205939496,0.7203567979065565,-0.05257480820650953,1.034871877633807,-0.8024484737087255,-0.2544884306547635,0.7203567979065565,-0.18935256184712382,-0.21303769768270914,-0.1401098514754074,-0.358145440323592,-0.8659042062818543
-0.4928624838601624,0.4870285058378622,0.4446794137736925,-0.713985191299721,-0.05257480820650953,1.034871877633807,-0.8024484737087255,-0.2544884306547635,-0.713985191299721,-0.18935256184712382,-0.21303769768270914,-0.1401098514754074,2.792161751651698,0.5558682612033757
-0.9145929317824011,0.4870285058378622,1.7276430481413345,1.7448867901967549,-0.06589759600423688,-0.966303193286565,1.672543794926189,-2.0219053307591675,1.7448867901967549,6.688640853736533,-0.21303769768270914,-0.1401098514754074,-0.358145440323592,-0.8659042062818543
-0.4085163942757147,-2.053267905293714,-0.8382842205939496,-0.30417319438364177,-0.05257480820650953,1.034871877633807,-0.8024484737087255,-0.2544884306547635,-0.30417319438364177,-0.18935256184712382,-0.21303769768270914,-0.1401098514754074,2.792161751651698,0.5558682612033757
-0.4928624838601624,-2.053267905293714,-0.8382842205939496,-0.713985191299721,-0.06589759600423688,1.034871877633807,-0.8024484737087255,-0.2544884306547635,-0.713985191299721,-0.18935256184712382,-0.21303769768270914,-0.1401098514754074,2.792161751651698,-0.8659042062818543
1.7844819349199261,0.4870285058378622,1.7276430481413345,3.7939467747771514,-0.06589759600423688,1.034871877633807,0.4350476606087318,1.5129284694496405,3.7939467747771514,-0.18935256184712382,-0.21303769768270914,-0.1401098514754074,-0.358145440323592,-0.8659042062818543
0.18190623281541937,-2.053267905293714,-0.8382842205939496,-0.713985191299721,-0.09254317159969154,-0.966303193286565,-0.8024484737087255,-0.2544884306547635,-0.713985191299721,-0.18935256184712382,-0.21303769768270914,-0.1401098514754074,-0.358145440323592,-0.8659042062818543
-1.1676312005357443,0.4870285058378622,0.4446794137736925,-0.713985191299721,-0.06589759600423688,1.034871877633807,1.672543794926189,1.5129284694496405,-0.713985191299721,-0.18935256184712382,-0.21303769768270914,-0.1401098514754074,-0.358145440323592,2.6885269624312205
-0.9145929317824011,0.4870285058378622,1.7276430481413345,-0.30417319438364177,-0.7053914102951491,1.034871877633807,1.672543794926189,-0.2544884306547635,-0.30417319438364177,-0.18935256184712382,-0.21303769768270914,-0.1401098514754074,-0.358145440323592,2.6885269624312205
-0.07113203593792379,0.4870285058378622,1.7276430481413345,1.1301687948226358,-0.00854614825704895,-0.966303193286565,-0.8024484737087255,1.5129284694496405,1.1301687948226358,2.103311910014095,-0.21303769768270914,-0.1401098514754074,-0.358145440323592,-0.8659042062818543
-1.251977290120192,0.4870285058378622,-0.8382842205939496,-0.713985191299721,-0.06589759600423688,-0.966303193286565,1.672543794926189,1.5129284694496405,-0.713985191299721,-0.18935256184712382,3.719786198478163,-0.1401098514754074,-0.358145440323592,0.5558682612033757
0.2662523223998671,0.4870285058378622,1.7276430481413345,-0.713985191299721,-0.06589759600423688,1.034871877633807,-0.8024484737087255,-2.0219053307591675,-0.713985191299721,-0.18935256184712382,-0.21303769768270914,-0.1401098514754074,-0.358145440323592,-0.8659042062818543
0.09756014323097166,0.4870285058378622,1.7276430481413345,2.769416782486953,-0.06589759600423688,1.034871877633807,-0.8024484737087255,1.5129284694496405,2.769416782486953,4.395976381875314,-0.21303769768270914,-0.1401098514754074,-0.358145440323592,-0.8659042062818543
-0.6615546630290579,0.4870285058378622,0.4446794137736925,0.7203567979065565,-0.06589759600423688,1.034871877633807,-0.8024484737087255,1.5129284694496405,0.7203567979065565,-0.18935256184712382,-0.21303769768270914,-0.1401098514754074,-0.358145440323592,-0.8659042062818543
1.4470975765821352,0.4870285058378622,1.7276430481413345,1.1301687948226358,-0.06589759600423688,1.034871877633807,0.4350476606087318,-0.2544884306547635,1.1301687948226358,-0.18935256184712382,-0.21303769768270914,1.8868661946544836,2.792161751651698,-0.8659042062818543
0.603636680737658,0.4870285058378622,-0.8382842205939496,-0.713985191299721,-0.06589759600423688,-0.966303193286565,-0.8024484737087255,-0.2544884306547635,-0.713985191299721,-0.18935256184712382,-0.21303769768270914,-0.1401098514754074,-0.358145440323592,1.9776407286886057
0.8566749494910012,0.4870285058378622,-0.8382842205939496,-0.713985191299721,-0.05257480820650953,-0.966303193286565,0.4350476606087318,-0.2544884306547635,-0.713985191299721,-0.18935256184712382,-0.21303769768270914,-0.1401098514754074,-0.358145440323592,2.6885269624312205
-0.4928624838601624,0.4870285058378622,1.7276430481413345,0.9252627963645961,2.3188814197889567,-0.966303193286565,-0.8024484737087255,-2.0219053307591675,0.9252627963645961,-0.18935256184712382,-0.21303769768270914,-0.1401098514754074,-0.358145440323592,-0.8659042062818543
0.7723288599065534,0.4870285058378622,-0.8382842205939496,-0.30417319438364177,4.836888313559423,1.034871877633807,-0.8024484737087255,-0.2544884306547635,-0.30417319438364177,-0.18935256184712382,-0.21303769768270914,-0.1401098514754074,2.792161751651698,1.2667544949459906
-1.0832851109512964,0.4870285058378622,0.4446794137736925,-0.0992671959256021,-0.06589759600423688,-0.966303193286565,1.672543794926189,1.5129284694496405,-0.0992671959256021,2.103311910014095,-0.21303769768270914,-0.1401098514754074,-0.358145440323592,-0.8659042062818543
0.35059841198431485,0.4870285058378622,-0.8382842205939496,-0.30417319438364177,-0.00854614825704895,-0.966303193286565,-0.8024484737087255,-0.2544884306547635,-0.30417319438364177,-0.18935256184712382,-0.21303769768270914,-0.1401098514754074,-0.358145440323592,0.5558682612033757
-0.8302468421979533,-2.053267905293714,-0.8382842205939496,-0.713985191299721,-0.06589759600423688,-0.966303193286565,-0.8024484737087255,-0.2544884306547635,-0.713985191299721,-0.18935256184712382,-0.21303769768270914,-0.1401098514754074,-0.358145440323592,0.5558682612033757
-0.15547812552237153,0.4870285058378622,-0.8382842205939496,-0.0992671959256021,-0.06589759600423688,1.034871877633807,-0.8024484737087255,-0.2544884306547635,-0.0992671959256021,-0.18935256184712382,-0.21303769768270914,-0.1401098514754074,-0.358145440323592,-0.8659042062818543
-0.32417030469126695,0.4870285058378622,-0.8382842205939496,0.7203567979065565,-0.06589759600423688,1.034871877633807,-0.8024484737087255,-0.2544884306547635,0.7203567979065565,-0.18935256184712382,-0.21303769768270914,-0.1401098514754074,-0.358145440323592,-0.8659042062818543
0.18190623281541937,-2.053267905293714,-0.8382842205939496,-0.713985191299721,-0.09254317159969154,-0.966303193286565,-0.8024484737087255,-0.2544884306547635,-0.713985191299721,-0.18935256184712382,-0.21303769768270914,-0.1401098514754074,-0.358145440323592,1.2667544949459906
-0.9989390213668488,-2.053267905293714,-0.8382842205939496,-0.5090791928416813,-0.06589759600423688,1.034871877633807,1.672543794926189,-0.2544884306547635,-0.5090791928416813,-0.18935256184712382,-0.21303769768270914,-0.1401098514754074,-0.358145440323592,-0.8659042062818543
0.9410210390754489,0.4870285058378622,0.4446794137736925,-0.30417319438364177,-0.7853281370815131,-0.966303193286565,0.4350476606087318,-0.2544884306547635,-0.30417319438364177,-0.18935256184712382,-0.21303769768270914,-0.1401098514754074,-0.358145440323592,0.5558682612033757
0.5192905911532103,0.4870285058378622,0.4446794137736925,3.1792287794030325,-0.9984927418451506,1.034871877633807,-0.8024484737087255,-0.2544884306547635,3.1792287794030325,-0.18935256184712382,-0.21303769768270914,-0.1401098514754074,-0.358145440323592,-0.8659042062818543
-1.1676312005357443,0.4870285058378622,1.7276430481413345,-0.30417319438364177,-0.06589759600423688,-0.966303193286565,1.672543794926189,-2.0219053307591675,-0.30417319438364177,-0.18935256184712382,1.7533742503977268,1.8868661946544836,-0.358145440323592,-0.8659042062818543
-0.4928624838601624,0.4870285058378622,-0.8382842205939496,-0.713985191299721,-0.05257480820650953,-0.966303193286565,-0.8024484737087255,-0.2544884306547635,-0.713985191299721,-0.18935256184712382,-0.21303769768270914,-0.1401098514754074,-0.358145440323592,-0.8659042062818543
-1.251977290120192,-2.053267905293714,0.4446794137736925,-0.713985191299721,-0.05257480820650953,-0.966303193286565,1.672543794926189,-2.0219053307591675,-0.713985191299721,-0.18935256184712382,-0.21303769768270914,-0.1401098514754074,-0.358145440323592,-0.8659042062818543
0.2662523223998671,0.4870285058378622,-0.8382842205939496,0.10563880253243754,-0.05257480820650953,-0.966303193286565,-0.8024484737087255,-0.2544884306547635,0.10563880253243754,-0.18935256184712382,-0.21303769768270914,-0.1401098514754074,-0.358145440323592,-0.8659042062818543
0.013214053646523933,0.4870285058378622,0.4446794137736925,2.9743227809449926,-1.5447270415519714,1.034871877633807,-0.8024484737087255,1.5129284694496405,2.9743227809449926,-0.18935256184712382,-0.21303769768270914,-0.1401098514754074,-0.358145440323592,-0.8659042062818543
1.1097132182443443,-2.053267905293714,-0.8382842205939496,-0.713985191299721,-0.06589759600423688,-0.966303193286565,0.4350476606087318,-0.2544884306547635,-0.713985191299721,-0.18935256184712382,-0.21303769768270914,-0.1401098514754074,-0.358145440323592,2.6885269624312205
-0.8302468421979533,-2.053267905293714,0.4446794137736925,0.3105448009904772,-0.09254317159969154,-0.966303193286565,-0.8024484737087255,-0.2544884306547635,0.3105448009904772,-0.18935256184712382,-0.21303769768270914,-0.1401098514754074,-0.358145440323592,0.5558682612033757
0.6879827703221058,-2.053267905293714,-0.8382842205939496,-0.30417319438364177,-0.06589759600423688,-0.966303193286565,-0.8024484737087255,-0.2544884306547635,-0.30417319438364177,-0.18935256184712382,-0.21303769768270914,-0.1401098514754074,-0.358145440323592,-0.8659042062818543
-0.8302468421979533,0.4870285058378622,1.7276430481413345,1.3350747932806755,-0.06589759600423688,1.034871877633807,-0.8024484737087255,-2.0219053307591675,1.3350747932806755,8.981305325597752,-0.21303769768270914,1.8868661946544836,-0.358145440323592,1.2667544949459906
0.5192905911532103,0.4870285058378622,-0.8382842205939496,0.5154507994485168,-0.06589759600423688,1.034871877633807,-0.8024484737087255,-0.2544884306547635,0.5154507994485168,-0.18935256184712382,-0.21303769768270914,-0.1401098514754074,-0.358145440323592,-0.8659042062818543
1.8688280245043738,0.4870285058378622,-0.8382842205939496,-0.713985191299721,-0.06589759600423688,-0.966303193286565,0.4350476606087318,-0.2544884306547635,-0.713985191299721,-0.18935256184712382,-0.21303769768270914,-0.1401098514754074,-0.358145440323592,0.5558682612033757
-1.251977290120192,0.4870285058378622,-0.8382842205939496,-0.5090791928416813,-0.545517956722421,1.034871877633807,1.672543794926189,1.5129284694496405,-0.5090791928416813,-0.18935256184712382,-0.21303769768270914,1.8868661946544836,2.792161751651698,-0.8659042062818543
-0.9989390213668488,0.4870285058378622,-0.8382842205939496,-0.713985191299721,-0.06589759600423688,-0.966303193286565,1.672543794926189,-0.2544884306547635,-0.713985191299721,-0.18935256184712382,-0.21303769768270914,-0.1401098514754074,-0.358145440323592,2.6885269624312205
1.194059307828792,0.4870285058378622,-0.8382842205939496,0.5154507994485168,-0.06589759600423688,1.034871877633807,0.4350476606087318,-0.2544884306547635,0.5154507994485168,-0.18935256184712382,-0.21303769768270914,-0.1401098514754074,-0.358145440323592,-0.8659042062818543
-0.9145929317824011,0.4870285058378622,0.4446794137736925,-0.30417319438364177,-0.06589759600423688,1.034871877633807,1.672543794926189,-0.2544884306547635,-0.30417319438364177,-0.18935256184712382,-0.21303769768270914,-0.1401098514754074,-0.358145440323592,-0.8659042062818543
-0.15547812552237153,0.4870285058378622,0.4446794137736925,1.539980791738715,-0.05257480820650953,1.034871877633807,-0.8024484737087255,-0.2544884306547635,1.539980791738715,-0.18935256184712382,1.7533742503977268,-0.1401098514754074,-0.358145440323592,1.2667544949459906
1.3627514869976876,0.4870285058378622,-0.8382842205939496,0.5154507994485168,0.09397585756849117,1.034871877633807,0.4350476606087318,-0.2544884306547635,0.5154507994485168,-0.18935256184712382,-0.21303769768270914,-0.1401098514754074,-0.358145440323592,0.5558682612033757
-0.9989390213668488,0.4870285058378622,-0.8382842205939496,-0.713985191299721,-0.05257480820650953,-0.966303193286565,1.672543794926189,1.5129284694496405,-0.713985191299721,-0.18935256184712382,-0.21303769768270914,-0.1401098514754074,-0.358145440323592,0.5558682612033757
0.603636680737658,0.4870285058378622,0.4446794137736925,-0.5090791928416813,-0.05257480820650953,1.034871877633807,-0.8024484737087255,-0.2544884306547635,-0.5090791928416813,-0.18935256184712382,-0.21303769768270914,-0.1401098514754074,2.792161751651698,-0.8659042062818543
-0.15547812552237153,-2.053267905293714,-0.8382842205939496,-0.713985191299721,-0.06589759600423688,-0.966303193286565,-0.8024484737087255,-0.2544884306547635,-0.713985191299721,-0.18935256184712382,-0.21303769768270914,-0.1401098514754074,-0.358145440323592,-0.8659042062818543
-0.4085163942757147,0.4870285058378622,0.4446794137736925,-0.713985191299721,-0.05257480820650953,-0.966303193286565,-0.8024484737087255,1.5129284694496405,-0.713985191299721,-0.18935256184712382,-0.21303769768270914,-0.1401098514754074,-0.358145440323592,-0.8659042062818543
0.35059841198431485,0.4870285058378622,1.7276430481413345,0.10563880253243754,-0.06589759600423688,-0.966303193286565,-0.8024484737087255,1.5129284694496405,0.10563880253243754,-0.18935256184712382,-0.21303769768270914,-0.1401098514754074,-0.358145440323592,-0.8659042062818543
-0.4085163942757147,0.4870285058378622,1.7276430481413345,-0.0992671959256021,-0.5721635323178756,1.034871877633807,-0.8024484737087255,1.5129284694496405,-0.0992671959256021,-0.18935256184712382,-0.21303769768270914,-0.1401098514754074,-0.358145440323592,0.5558682612033757
1.7844819349199261,0.4870285058378622,-0.8382842205939496,0.7203567979065565,-2.2774803704269746,-0.966303193286565,0.4350476606087318,-0.2544884306547635,0.7203567979065565,-0.18935256184712382,-0.21303769768270914,-0.1401098514754074,-0.358145440323592,-0.8659042062818543
0.6879827703221058,0.4870285058378622,-0.8382842205939496,-0.0992671959256021,-0.06589759600423688,-0.966303193286565,-0.8024484737087255,-0.2544884306547635,-0.0992671959256021,-0.18935256184712382,-0.21303769768270914,-0.1401098514754074,-0.358145440323592,2.6885269624312205
0.9410210390754489,-2.053267905293714,0.4446794137736925,-0.5090791928416813,-0.00854614825704895,-0.966303193286565,0.4350476606087318,-0.2544884306547635,-0.5090791928416813,-0.18935256184712382,-0.21303769768270914,-0.1401098514754074,-0.358145440323592,-0.8659042062818543
-0.9989390213668488,-2.053267905293714,0.4446794137736925,-0.5090791928416813,-0.05257480820650953,-0.966303193286565,1.672543794926189,-0.2544884306547635,-0.5090791928416813,-0.18935256184712382,-0.21303769768270914,-0.1401098514754074,-0.358145440323592,0.5558682612033757
0.5192905911532103,0.4870285058378622,-0.8382842205939496,-0.5090791928416813,-0.06589759600423688,1.034871877633807,-0.8024484737087255,-0.2544884306547635,-0.5090791928416813,-0.18935256184712382,-0.21303769768270914,-0.1401098514754074,-0.358145440323592,0.5558682612033757
0.09756014323097166,-2.053267905293714,-0.8382842205939496,-0.5090791928416813,-0.06589759600423688,-0.966303193286565,-0.8024484737087255,-0.2544884306547635,-0.5090791928416813,-0.18935256184712382,-0.21303769768270914,-0.1401098514754074,-0.358145440323592,-0.8659042062818543
-0.5772085734446102,0.4870285058378622,1.7276430481413345,-0.30417319438364177,-0.06589759600423688,-0.966303193286565,-0.8024484737087255,1.5129284694496405,-0.30417319438364177,-0.18935256184712382,-0.21303769768270914,-0.1401098514754074,-0.358145440323592,1.2667544949459906
-0.4085163942757147,0.4870285058378622,0.4446794137736925,3.5890407763191114,-0.06589759600423688,1.034871877633807,-0.8024484737087255,-0.2544884306547635,3.5890407763191114,4.395976381875314,-0.21303769768270914,-0.1401098514754074,-0.358145440323592,-0.8659042062818543
-0.4085163942757147,0.4870285058378622,1.7276430481413345,1.539980791738715,-2.9036513969201594,1.034871877633807,-0.8024484737087255,1.5129284694496405,1.539980791738715,-0.18935256184712382,-0.21303769768270914,-0.1401098514754074,-0.358145440323592,0.5558682612033757
0.18190623281541937,-2.053267905293714,0.4446794137736925,-0.0992671959256021,-0.06589759600423688,-0.966303193286565,-0.8024484737087255,-0.2544884306547635,-0.0992671959256021,-0.18935256184712382,-0.21303769768270914,-0.1401098514754074,-0.358145440323592,-0.8659042062818543
1.1097132182443443,0.4870285058378622,-0.8382842205939496,0.10563880253243754,-0.06589759600423688,1.034871877633807,0.4350476606087318,-0.2544884306547635,0.10563880253243754,-0.18935256184712382,-0.21303769768270914,-0.1401098514754074,-0.358145440323592,2.6885269624312205
-0.15547812552237153,0.4870285058378622,-0.8382842205939496,0.10563880253243754,-0.05257480820650953,1.034871877633807,-0.8024484737087255,-0.2544884306547635,0.10563880253243754,-0.18935256184712382,-0.21303769768270914,-0.1401098514754074,-0.358145440323592,2.6885269624312205
2.459250651595508,-2.053267905293714,-0.8382842205939496,-0.5090791928416813,-0.06589759600423688,1.034871877633807,0.4350476606087318,-0.2544884306547635,-0.5090791928416813,-0.18935256184712382,-0.21303769768270914,-0.1401098514754074,-0.358145440323592,-0.8659042062818543
-0.32417030469126695,0.4870285058378622,-0.8382842205939496,-0.5090791928416813,-0.05257480820650953,-0.966303193286565,-0.8024484737087255,-0.2544884306547635,-0.5090791928416813,-0.18935256184712382,-0.21303769768270914,-0.1401098514754074,-0.358145440323592,2.6885269624312205
-0.07113203593792379,-2.053267905293714,-0.8382842205939496,0.3105448009904772,-0.05257480820650953,-0.966303193286565,-0.8024484737087255,-0.2544884306547635,0.3105448009904772,-0.18935256184712382,-0.21303769768270914,-0.1401098514754074,-0.358145440323592,1.2667544949459906
-0.8302468421979533,0.4870285058378622,1.7276430481413345,1.1301687948226358,-0.06589759600423688,1.034871877633807,-0.8024484737087255,-2.0219053307591675,1.1301687948226358,-0.18935256184712382,-0.21303769768270914,-0.1401098514754074,2.792161751651698,0.5558682612033757
0.2662523223998671,-2.053267905293714,-0.8382842205939496,-0.713985191299721,-0.06589759600423688,-0.966303193286565,-0.8024484737087255,-0.2544884306547635,-0.713985191299721,-0.18935256184712382,-0.21303769768270914,-0.1401098514754074,-0.358145440323592,-0.8659042062818543
-0.9145929317824011,-2.053267905293714,-0.8382842205939496,-0.30417319438364177,-0.06589759600423688,-0.966303193286565,1.672543794926189,-0.2544884306547635,-0.30417319438364177,-0.18935256184712382,-0.21303769768270914,-0.1401098514754074,-0.358145440323592,-0.8659042062818543
1.9531741140888217,0.4870285058378622,-0.8382842205939496,-0.713985191299721,-0.06589759600423688,-0.966303193286565,0.4350476606087318,-0.2544884306547635,-0.713985191299721,-0.18935256184712382,-0.21303769768270914,-0.1401098514754074,-0.358145440323592,-0.8659042062818543
-0.15547812552237153,0.4870285058378622,-0.8382842205939496,-0.30417319438364177,-0.06589759600423688,-0.966303193286565,-0.8024484737087255,-0.2544884306547635,-0.30417319438364177,-0.18935256184712382,-0.21303769768270914,-0.1401098514754074,-0.358145440323592,0.5558682612033757
-0.6615546630290579,0.4870285058378622,-0.8382842205939496,-0.5090791928416813,-0.06589759600423688,-0.966303193286565,-0.8024484737087255,-0.2544884306547635,-0.5090791928416813,2.103311910014095,-0.21303769768270914,-0.1401098514754074,-0.358145440323592,-0.8659042062818543
1.3627514869976876,0.4870285058378622,-0.8382842205939496,-0.0992671959256021,-1.2116573466087879,-0.966303193286565,0.4350476606087318,-0.2544884306547635,-0.0992671959256021,-0.18935256184712382,-0.21303769768270914,-0.1401098514754074,-0.358145440323592,0.5558682612033757
0.7723288599065534,0.4870285058378622,-0.8382842205939496,-0.713985191299721,-0.06589759600423688,-0.966303193286565,-0.8024484737087255,-0.2544884306547635,-0.713985191299721,-0.18935256184712382,-0.21303769768270914,-0.1401098514754074,-0.358145440323592,-0.8659042062818543
0.09756014323097166,0.4870285058378622,-0.8382842205939496,-0.0992671959256021,-0.06589759600423688,1.034871877633807,-0.8024484737087255,-0.2544884306547635,-0.0992671959256021,-0.18935256184712382,-0.21303769768270914,-0.1401098514754074,2.792161751651698,2.6885269624312205
-0.07113203593792379,0.4870285058378622,-0.8382842205939496,-0.0992671959256021,-0.06589759600423688,1.034871877633807,-0.8024484737087255,-0.2544884306547635,-0.0992671959256021,-0.18935256184712382,-0.21303769768270914,-0.1401098514754074,-0.358145440323592,-0.8659042062818543
-0.7459007526135056,0.4870285058378622,1.7276430481413345,1.9497927886547946,-0.06589759600423688,1.034871877633807,-0.8024484737087255,-2.0219053307591675,1.9497927886547946,2.103311910014095,-0.21303769768270914,-0.1401098514754074,-0.358145440323592,-0.8659042062818543
-0.4085163942757147,-2.053267905293714,0.4446794137736925,-0.713985191299721,-0.06589759600423688,1.034871877633807,-0.8024484737087255,-0.2544884306547635,-0.713985191299721,-0.18935256184712382,-0.21303769768270914,-0.1401098514754074,-0.358145440323592,-0.8659042062818543
-0.23982421510681926,0.4870285058378622,-0.8382842205939496,-0.713985191299721,-0.05257480820650953,-0.966303193286565,-0.8024484737087255,-0.2544884306547635,-0.713985191299721,-0.18935256184712382,-0.21303769768270914,-0.1401098514754074,-0.358145440323592,-0.8659042062818543
-0.6615546630290579,0.4870285058378622,-0.8382842205939496,-0.713985191299721,-0.06589759600423688,-0.966303193286565,-0.8024484737087255,-0.2544884306547635,-0.713985191299721,-0.18935256184712382,-0.21303769768270914,-0.1401098514754074,-0.358145440323592,2.6885269624312205
-0.15547812552237153,0.4870285058378622,1.7276430481413345,0.10563880253243754,-0.06589759600423688,-0.966303193286565,-0.8024484737087255,-2.0219053307591675,0.10563880253243754,-0.18935256184712382,-0.21303769768270914,-0.1401098514754074,-0.358145440323592,-0.8659042062818543
-0.9145929317824011,0.4870285058378622,-0.8382842205939496,-0.713985191299721,-0.05257480820650953,1.034871877633807,1.672543794926189,-0.2544884306547635,-0.713985191299721,-0.18935256184712382,-0.21303769768270914,-0.1401098514754074,-0.358145440323592,-0.8659042062818543
-0.5772085734446102,-2.053267905293714,0.4446794137736925,-0.30417319438364177,-0.9585243784519685,-0.966303193286565,-0.8024484737087255,-0.2544884306547635,-0.30417319438364177,-0.18935256184712382,-0.21303769768270914,-0.1401098514754074,-0.358145440323592,1.2667544949459906
-0.8302468421979533,0.4870285058378622,0.4446794137736925,-0.30417319438364177,-0.06589759600423688,1.034871877633807,-0.8024484737087255,-0.2544884306547635,-0.30417319438364177,2.103311910014095,-0.21303769768270914,-0.1401098514754074,-0.358145440323592,-0.8659042062818543
1.0253671286598967,-2.053267905293714,1.7276430481413345,5.0233827655253895,-0.06589759600423688,1.034871877633807,0.4350476606087318,1.5129284694496405,5.0233827655253895,-0.18935256184712382,-0.21303769768270914,-0.1401098514754074,-0.358145440323592,0.5558682612033757
-0.9145929317824011,0.4870285058378622,1.7276430481413345,0.9252627963645961,-0.06589759600423688,1.034871877633807,1.672543794926189,-2.0219053307591675,0.9252627963645961,4.395976381875314,1.7533742503977268,-0.1401098514754074,2.792161751651698,-0.8659042062818543
-0.8302468421979533,0.4870285058378622,1.7276430481413345,1.3350747932806755,-1.1450434076201512,1.034871877633807,-0.8024484737087255,1.5129284694496405,1.3350747932806755,-0.18935256184712382,-0.21303769768270914,-0.1401098514754074,-0.358145440323592,-0.8659042062818543
2.6279428307644035,0.4870285058378622,-0.8382842205939496,-0.0992671959256021,-0.9052332272610591,-0.966303193286565,0.4350476606087318,-0.2544884306547635,-0.0992671959256021,-0.18935256184712382,-0.21303769768270914,-0.1401098514754074,-0.358145440323592,0.5558682612033757
-0.5772085734446102,0.4870285058378622,0.4446794137736925,0.3105448009904772,-0.06589759600423688,-0.966303193286565,-0.8024484737087255,-0.2544884306547635,0.3105448009904772,-0.18935256184712382,-0.21303769768270914,-0.1401098514754074,-0.358145440323592,-0.8659042062818543
0.9410210390754489,0.4870285058378622,0.4446794137736925,-0.30417319438364177,-0.06589759600423688,1.034871877633807,0.4350476606087318,-0.2544884306547635,-0.30417319438364177,-0.18935256184712382,-0.21303769768270914,-0.1401098514754074,-0.358145440323592,0.5558682612033757
-0.7459007526135056,0.4870285058378622,1.7276430481413345,1.3350747932806755,-0.06589759600423688,1.034871877633807,-0.8024484737087255,-2.0219053307591675,1.3350747932806755,2.103311910014095,-0.21303769768270914,-0.1401098514754074,-0.358145440323592,-0.8659042062818543
-1.1676312005357443,0.4870285058378622,1.7276430481413345,-0.5090791928416813,-0.06589759600423688,1.034871877633807,1.672543794926189,1.5129284694496405,-0.5090791928416813,-0.18935256184712382,-0.21303769768270914,1.8868661946544836,2.792161751651698,1.2667544949459906
-0.9145929317824011,0.4870285058378622,-0.8382842205939496,-0.30417319438364177,-0.00854614825704895,-0.966303193286565,1.672543794926189,-0.2544884306547635,-0.30417319438364177,-0.18935256184712382,-0.21303769768270914,-0.1401098514754074,-0.358145440323592,0.5558682612033757
0.4349445015687626,0.4870285058378622,-0.8382842205939496,-0.713985191299721,-0.05257480820650953,-0.966303193286565,-0.8024484737087255,-0.2544884306547635,-0.713985191299721,-0.18935256184712382,-0.21303769768270914,-0.1401098514754074,-0.358145440323592,-0.8659042062818543
2.2905584724266124,0.4870285058378622,1.7276430481413345,2.3596047855708737,-0.5321951689246937,-0.966303193286565,0.4350476606087318,-2.0219053307591675,2.3596047855708737,-0.18935256184712382,-0.21303769768270914,-0.1401098514754074,-0.358145440323592,-0.8659042062818543
-0.4085163942757147,0.4870285058378622,0.4446794137736925,0.7203567979065565,-0.06589759600423688,1.034871877633807,-0.8024484737087255,-0.2544884306547635,0.7203567979065565,2.103311910014095,1.7533742503977268,-0.1401098514754074,-0.358145440323592,-0.8659042062818543
-1.0832851109512964,0.4870285058378622,1.7276430481413345,-0.5090791928416813,-0.06589759600423688,-0.966303193286565,1.672543794926189,1.5129284694496405,-0.5090791928416813,-0.18935256184712382,-0.21303769768270914,-0.1401098514754074,-0.358145440323592,-0.8659042062818543
1.531443666166583,-2.053267905293714,-0.8382842205939496,-0.713985191299721,-0.07922038380196421,-0.966303193286565,0.4350476606087318,-0.2544884306547635,-0.713985191299721,-0.18935256184712382,-0.21303769768270914,-0.1401098514754074,-0.358145440323592,0.5558682612033757
-1.251977290120192,0.4870285058378622,1.7276430481413345,-0.713985191299721,-0.06589759600423688,-0.966303193286565,1.672543794926189,1.5129284694496405,-0.713985191299721,-0.18935256184712382,-0.21303769768270914,-0.1401098514754074,-0.358145440323592,-0.8659042062818543
-0.15547812552237153,0.4870285058378622,1.7276430481413345,1.7448867901967549,-0.06589759600423688,1.034871877633807,-0.8024484737087255,-2.0219053307591675,1.7448867901967549,-0.18935256184712382,-0.21303769768270914,-0.1401098514754074,-0.358145440323592,-0.8659042062818543
-1.1676312005357443,0.4870285058378622,1.7276430481413345,-0.5090791928416813,-0.38564450314969295,-0.966303193286565,1.672543794926189,1.5129284694496405,-0.5090791928416813,-0.18935256184712382,5.686198146558598,-0.1401098514754074,-0.358145440323592,1.2667544949459906
0.8566749494910012,0.4870285058378622,-0.8382842205939496,3.384134777861072,-0.05257480820650953,1.034871877633807,0.4350476606087318,-0.2544884306547635,3.384134777861072,-0.18935256184712382,-0.21303769768270914,-0.1401098514754074,-0.358145440323592,1.2667544949459906
-0.7459007526135056,0.4870285058378622,0.4446794137736925,-0.0992671959256021,-0.06589759600423688,1.034871877633807,-0.8024484737087255,-0.2544884306547635,-0.0992671959256021,-0.18935256184712382,1.7533742503977268,-0.1401098514754074,-0.358145440323592,-0.8659042062818543
0.09756014323097166,-2.053267905293714,-0.8382842205939496,0.7203567979065565,-0.06589759600423688,1.034871877633807,-0.8024484737087255,-0.2544884306547635,0.7203567979065565,-0.18935256184712382,-0.21303769768270914,-0.1401098514754074,-0.358145440323592,-0.8659042062818543
-0.07113203593792379,0.4870285058378622,-0.8382842205939496,-0.713985191299721,-0.05257480820650953,-0.966303193286565,-0.8024484737087255,-0.2544884306547635,-0.713985191299721,-0.18935256184712382,-0.21303769768270914,-0.1401098514754074,-0.358145440323592,0.5558682612033757
-0.9989390213668488,0.4870285058378622,0.4446794137736925,-0.30417319438364177,-0.06589759600423688,1.034871877633807,1.672543794926189,1.5129284694496405,-0.30417319438364177,2.103311910014095,-0.21303769768270914,-0.1401098514754074,-0.358145440323592,-0.8659042062818543
-1.0832851109512964,0.4870285058378622,1.7276430481413345,-0.5090791928416813,-0.05257480820650953,1.034871877633807,1.672543794926189,1.5129284694496405,-0.5090791928416813,-0.18935256184712382,-0.21303769768270914,-0.1401098514754074,-0.358145440323592,-0.8659042062818543
-1.1676312005357443,-2.053267905293714,-0.8382842205939496,-0.5090791928416813,-0.06589759600423688,1.034871877633807,1.672543794926189,1.5129284694496405,-0.5090791928416813,-0.18935256184712382,-0.21303769768270914,-0.1401098514754074,-0.358145440323592,-0.8659042062818543
1.531443666166583,0.4870285058378622,-0.8382842205939496,-0.5090791928416813,-0.00854614825704895,1.034871877633807,0.4350476606087318,-0.2544884306547635,-0.5090791928416813,-0.18935256184712382,-0.21303769768270914,-0.1401098514754074,-0.358145440323592,0.5558682612033757
-1.1676312005357443,0.4870285058378622,1.7276430481413345,-0.5090791928416813,1.119830517993496,1.034871877633807,1.672543794926189,-2.0219053307591675,-0.5090791928416813,-0.18935256184712382,-0.21303769768270914,1.8868661946544836,2.792161751651698,1.2667544949459906
0.7723288599065534,0.4870285058378622,-0.8382842205939496,-0.713985191299721,-0.05257480820650953,-0.966303193286565,-0.8024484737087255,-0.2544884306547635,-0.713985191299721,-0.18935256184712382,-0.21303769768270914,-0.1401098514754074,-0.358145440323592,2.6885269624312205
0.013214053646523933,0.4870285058378622,1.7276430481413345,3.998852773235191,-0.06589759600423688,1.034871877633807,-0.8024484737087255,1.5129284694496405,3.998852773235191,2.103311910014095,-0.21303769768270914,-0.1401098514754074,-0.358145440323592,-0.8659042062818543
-0.9145929317824011,-2.053267905293714,-0.8382842205939496,-0.713985191299721,-0.09254317159969154,-0.966303193286565,1.672543794926189,-0.2544884306547635,-0.713985191299721,-0.18935256184712382,-0.21303769768270914,-0.1401098514754074,-0.358145440323592,-0.8659042062818543
0.35059841198431485,0.4870285058378622,0.4446794137736925,0.5154507994485168,-0.06589759600423688,-0.966303193286565,-0.8024484737087255,-0.2544884306547635,0.5154507994485168,-0.18935256184712382,-0.21303769768270914,-0.1401098514754074,-0.358145440323592,2.6885269624312205
1.531443666166583,0.4870285058378622,-0.8382842205939496,-0.5090791928416813,-0.06589759600423688,-0.966303193286565,0.4350476606087318,-0.2544884306547635,-0.5090791928416813,-0.18935256184712382,-0.21303769768270914,-0.1401098514754074,-0.358145440323592,0.5558682612033757
-0.07113203593792379,0.4870285058378622,-0.8382842205939496,0.3105448009904772,-0.06589759600423688,-0.966303193286565,-0.8024484737087255,-0.2544884306547635,0.3105448009904772,-0.18935256184712382,-0.21303769768270914,-0.1401098514754074,-0.358145440323592,-0.8659042062818543
-0.32417030469126695,-2.053267905293714,1.7276430481413345,1.3350747932806755,-0.09254317159969154,-0.966303193286565,-0.8024484737087255,-0.2544884306547635,1.3350747932806755,4.395976381875314,-0.21303769768270914,-0.1401098514754074,-0.358145440323592,-0.8659042062818543
-0.23982421510681926,-2.053267905293714,-0.8382842205939496,0.3105448009904772,-0.05257480820650953,-0.966303193286565,-0.8024484737087255,-0.2544884306547635,0.3105448009904772,-0.18935256184712382,-0.21303769768270914,-0.1401098514754074,-0.358145440323592,-0.8659042062818543
0.5192905911532103,0.4870285058378622,0.4446794137736925,-0.30417319438364177,-0.06589759600423688,-0.966303193286565,-0.8024484737087255,-0.2544884306547635,-0.30417319438364177,-0.18935256184712382,-0.21303769768270914,-0.1401098514754074,-0.358145440323592,-0.8659042062818543
-0.4085163942757147,-2.053267905293714,0.4446794137736925,1.539980791738715,-0.05257480820650953,1.034871877633807,-0.8024484737087255,-0.2544884306547635,1.539980791738715,-0.18935256184712382,-0.21303769768270914,-0.1401098514754074,-0.358145440323592,-0.8659042062818543
-0.5772085734446102,-2.053267905293714,-0.8382842205939496,-0.713985191299721,-0.05257480820650953,-0.966303193286565,-0.8024484737087255,-0.2544884306547635,-0.713985191299721,-0.18935256184712382,-0.21303769768270914,-0.1401098514754074,-0.358145440323592,-0.8659042062818543
-0.4928624838601624,0.4870285058378622,-0.8382842205939496,-0.30417319438364177,-0.06589759600423688,1.034871877633807,-0.8024484737087255,-0.2544884306547635,-0.30417319438364177,-0.18935256184712382,1.7533742503977268,-0.1401098514754074,-0.358145440323592,-0.8659042062818543
-0.6615546630290579,-2.053267905293714,-0.8382842205939496,-0.713985191299721,-0.10586595939741889,-0.966303193286565,-0.8024484737087255,-0.2544884306547635,-0.713985191299721,-0.18935256184712382,-0.21303769768270914,-0.1401098514754074,-0.358145440323592,0.5558682612033757
0.6879827703221058,0.4870285058378622,-0.8382842205939496,-0.30417319438364177,-0.00854614825704895,-0.966303193286565,-0.8024484737087255,-0.2544884306547635,-0.30417319438364177,-0.18935256184712382,-0.21303769768270914,-0.1401098514754074,-0.358145440323592,2.6885269624312205
0.2662523223998671,0.4870285058378622,1.7276430481413345,1.1301687948226358,-0.06589759600423688,1.034871877633807,-0.8024484737087255,-0.2544884306547635,1.1301687948226358,2.103311910014095,-0.21303769768270914,1.8868661946544836,-0.358145440323592,-0.8659042062818543
-0.4928624838601624,-2.053267905293714,-0.8382842205939496,-0.5090791928416813,-0.00854614825704895,1.034871877633807,-0.8024484737087255,-0.2544884306547635,-0.5090791928416813,-0.18935256184712382,-0.21303769768270914,-0.1401098514754074,-0.358145440323592,-0.8659042062818543
1.0253671286598967,0.4870285058378622,-0.8382842205939496,-0.713985191299721,-0.06589759600423688,1.034871877633807,0.4350476606087318,-0.2544884306547635,-0.713985191299721,-0.18935256184712382,-0.21303769768270914,-0.1401098514754074,-0.358145440323592,-0.8659042062818543
2.206212382842165,0.4870285058378622,-0.8382842205939496,1.539980791738715,-0.06589759600423688,-0.966303193286565,0.4350476606087318,-0.2544884306547635,1.539980791738715,-0.18935256184712382,-0.21303769768270914,-0.1401098514754074,-0.358145440323592,-0.8659042062818543
0.35059841198431485,0.4870285058378622,-0.8382842205939496,-0.30417319438364177,-0.3989672909474203,-0.966303193286565,-0.8024484737087255,-0.2544884306547635,-0.30417319438364177,-0.18935256184712382,-0.21303769768270914,-0.1401098514754074,-0.358145440323592,0.5558682612033757
-0.6615546630290579,-2.053267905293714,0.4446794137736925,-0.5090791928416813,-0.00854614825704895,1.034871877633807,-0.8024484737087255,-0.2544884306547635,-0.5090791928416813,-0.18935256184712382,-0.21303769768270914,-0.1401098514754074,-0.358145440323592,0.5558682612033757
0.603636680737658,0.4870285058378622,-0.8382842205939496,-0.5090791928416813,-0.06589759600423688,-0.966303193286565,-0.8024484737087255,-0.2544884306547635,-0.5090791928416813,-0.18935256184712382,-0.21303769768270914,-0.1401098514754074,-0.358145440323592,-0.8659042062818543
0.8566749494910012,-2.053267905293714,-0.8382842205939496,0.5154507994485168,-0.06589759600423688,1.034871877633807,0.4350476606087318,-0.2544884306547635,0.5154507994485168,-0.18935256184712382,-0.21303769768270914,-0.1401098514754074,-0.358145440323592,-0.1550179725392393
-0.32417030469126695,-2.053267905293714,0.4446794137736925,-0.713985191299721,-0.05257480820650953,1.034871877633807,-0.8024484737087255,-0.2544884306547635,-0.713985191299721,-0.18935256184712382,-0.21303769768270914,-0.1401098514754074,-0.358145440323592,-0.8659042062818543
-0.32417030469126695,0.4870285058378622,-0.8382842205939496,-0.30417319438364177,-0.06589759600423688,-0.966303193286565,-0.8024484737087255,1.5129284694496405,-0.30417319438364177,-0.18935256184712382,-0.21303769768270914,-0.1401098514754074,-0.358145440323592,-0.8659042062818543
1.7001358453354785,0.4870285058378622,-0.8382842205939496,-0.713985191299721,-0.06589759600423688,1.034871877633807,0.4350476606087318,-0.2544884306547635,-0.713985191299721,-0.18935256184712382,-0.21303769768270914,-0.1401098514754074,2.792161751651698,0.5558682612033757
-0.4085163942757147,0.4870285058378622,-0.8382842205939496,-0.5090791928416813,-0.06589759600423688,1.034871877633807,-0.8024484737087255,-0.2544884306547635,-0.5090791928416813,-0.18935256184712382,-0.21303769768270914,-0.1401098514754074,-0.358145440323592,0.5558682612033757
0.4349445015687626,-2.053267905293714,-0.8382842205939496,-0.713985191299721,-0.10586595939741889,-0.966303193286565,-0.8024484737087255,-0.2544884306547635,-0.713985191299721,-0.18935256184712382,-0.21303769768270914,-0.1401098514754074,-0.358145440323592,2.6885269624312205
-0.15547812552237153,0.4870285058378622,1.7276430481413345,5.0233827655253895,-0.06589759600423688,1.034871877633807,-0.8024484737087255,1.5129284694496405,5.0233827655253895,27.3226211004875,3.719786198478163,-0.1401098514754074,-0.358145440323592,-0.8659042062818543
0.35059841198431485,0.4870285058378622,-0.8382842205939496,-0.0992671959256021,-0.06589759600423688,-0.966303193286565,-0.8024484737087255,-0.2544884306547635,-0.0992671959256021,-0.18935256184712382,-0.21303769768270914,-0.1401098514754074,-0.358145440323592,-0.8659042062818543
-0.9145929317824011,0.4870285058378622,1.7276430481413345,-0.30417319438364177,-0.06589759600423688,1.034871877633807,1.672543794926189,-2.0219053307591675,-0.30417319438364177,-0.18935256184712382,-0.21303769768270914,-0.1401098514754074,-0.358145440323592,-0.8659042062818543
-0.7459007526135056,0.4870285058378622,0.4446794137736925,0.7203567979065565,-1.7179232829224265,1.034871877633807,-0.8024484737087255,1.5129284694496405,0.7203567979065565,-0.18935256184712382,-0.21303769768270914,-0.1401098514754074,-0.358145440323592,0.5558682612033757
-0.7459007526135056,0.4870285058378622,1.7276430481413345,0.9252627963645961,-1.1850117710133332,1.034871877633807,-0.8024484737087255,1.5129284694496405,0.9252627963645961,2.103311910014095,-0.21303769768270914,3.913842240784374,2.792161751651698,-0.8659042062818543
0.5192905911532103,0.4870285058378622,-0.8382842205939496,-0.713985191299721,-0.06589759600423688,1.034871877633807,-0.8024484737087255,-0.2544884306547635,-0.713985191299721,-0.18935256184712382,-0.21303769768270914,-0.1401098514754074,-0.358145440323592,0.5558682612033757
2.6279428307644035,0.4870285058378622,-0.8382842205939496,0.3105448009904772,-0.585486320115603,1.034871877633807,0.4350476606087318,-0.2544884306547635,0.3105448009904772,-0.18935256184712382,-0.21303769768270914,-0.1401098514754074,-0.358145440323592,-0.8659042062818543
2.3749045620110603,0.4870285058378622,-0.8382842205939496,-0.713985191299721,-0.05257480820650953,1.034871877633807,0.4350476606087318,-0.2544884306547635,-0.713985191299721,-0.18935256184712382,-0.21303769768270914,-0.1401098514754074,-0.358145440323592,0.5558682612033757
0.09756014323097166,0.4870285058378622,-0.8382842205939496,-0.30417319438364177,-0.10586595939741889,-0.966303193286565,-0.8024484737087255,-0.2544884306547635,-0.30417319438364177,-0.18935256184712382,-0.21303769768270914,-0.1401098514754074,-0.358145440323592,-0.8659042062818543
2.5435967411799556,-2.053267905293714,-0.8382842205939496,-0.713985191299721,-0.05257480820650953,-0.966303193286565,0.4350476606087318,-0.2544884306547635,-0.713985191299721,-0.18935256184712382,-0.21303769768270914,-0.1401098514754074,-0.358145440323592,0.5558682612033757
1.0253671286598967,0.4870285058378622,1.7276430481413345,2.1546987871128342,-0.06589759600423688,1.034871877633807,0.4350476606087318,-0.2544884306547635,2.1546987871128342,-0.18935256184712382,1.7533742503977268,7.967794333044156,-0.358145440323592,-0.8659042062818543
1.531443666166583,0.4870285058378622,-0.8382842205939496,-0.5090791928416813,-0.00854614825704895,-0.966303193286565,0.4350476606087318,-0.2544884306547635,-0.5090791928416813,-0.18935256184712382,-0.21303769768270914,-0.1401098514754074,-0.358145440323592,1.2667544949459906
-0.5772085734446102,-2.053267905293714,0.4446794137736925,-0.5090791928416813,-0.06589759600423688,1.034871877633807,-0.8024484737087255,-0.2544884306547635,-0.5090791928416813,-0.18935256184712382,-0.21303769768270914,-0.1401098514754074,-0.358145440323592,0.5558682612033757
-0.9145929317824011,0.4870285058378622,-0.8382842205939496,-0.0992671959256021,-0.06589759600423688,-0.966303193286565,1.672543794926189,1.5129284694496405,-0.0992671959256021,4.395976381875314,-0.21303769768270914,1.8868661946544836,-0.358145440323592,0.5558682612033757
0.18190623281541937,0.4870285058378622,-0.8382842205939496,-0.713985191299721,-0.06589759600423688,-0.966303193286565,-0.8024484737087255,-0.2544884306547635,-0.713985191299721,-0.18935256184712382,-0.21303769768270914,-0.1401098514754074,-0.358145440323592,0.5558682612033757
0.35059841198431485,0.4870285058378622,-0.8382842205939496,-0.0992671959256021,-0.06589759600423688,-0.966303193286565,-0.8024484737087255,1.5129284694496405,-0.0992671959256021,-0.18935256184712382,-0.21303769768270914,-0.1401098514754074,-0.358145440323592,0.5558682612033757
-0.07113203593792379,0.4870285058378622,-0.8382842205939496,-0.5090791928416813,-0.06589759600423688,-0.966303193286565,-0.8024484737087255,-0.2544884306547635,-0.5090791928416813,-0.18935256184712382,-0.21303769768270914,-0.1401098514754074,-0.358145440323592,-0.8659042062818543
-0.7459007526135056,0.4870285058378622,-0.8382842205939496,-0.713985191299721,-0.05257480820650953,-0.966303193286565,-0.8024484737087255,-0.2544884306547635,-0.713985191299721,-0.18935256184712382,-0.21303769768270914,-0.1401098514754074,-0.358145440323592,0.5558682612033757
-0.9145929317824011,0.4870285058378622,1.7276430481413345,-0.30417319438364177,-0.06589759600423688,1.034871877633807,1.672543794926189,-2.0219053307591675,-0.30417319438364177,2.103311910014095,17.484669835041213,-0.1401098514754074,-0.358145440323592,2.6885269624312205
-1.1676312005357443,0.4870285058378622,1.7276430481413345,-0.5090791928416813,-0.06589759600423688,1.034871877633807,1.672543794926189,-2.0219053307591675,-0.5090791928416813,-0.18935256184712382,-0.21303769768270914,1.8868661946544836,2.792161751651698,-0.8659042062818543
-0.4085163942757147,-2.053267905293714,-0.8382842205939496,-0.5090791928416813,-0.06589759600423688,-0.966303193286565,-0.8024484737087255,-0.2544884306547635,-0.5090791928416813,-0.18935256184712382,-0.21303769768270914,-0.1401098514754074,-0.358145440323592,-0.8659042062818543
-1.1676312005357443,0.4870285058378622,0.4446794137736925,-0.5090791928416813,-0.625454683508785,-0.966303193286565,1.672543794926189,-2.0219053307591675,-0.5090791928416813,-0.18935256184712382,-0.21303769768270914,-0.1401098514754074,-0.358145440323592,0.5558682612033757
0.09756014323097166,-2.053267905293714,-0.8382842205939496,1.1301687948226358,-0.06589759600423688,1.034871877633807,-0.8024484737087255,-0.2544884306547635,1.1301687948226358,-0.18935256184712382,-0.21303769768270914,-0.1401098514754074,-0.358145440323592,1.2667544949459906
-0.7459007526135056,0.4870285058378622,1.7276430481413345,0.9252627963645961,-0.06589759600423688,1.034871877633807,-0.8024484737087255,1.5129284694496405,0.9252627963645961,2.103311910014095,1.7533742503977268,-0.1401098514754074,-0.358145440323592,-0.8659042062818543
-0.8302468421979533,0.4870285058378622,-0.8382842205939496,-0.5090791928416813,-0.06589759600423688,1.034871877633807,-0.8024484737087255,1.5129284694496405,-0.5090791928416813,-0.18935256184712382,-0.21303769768270914,-0.1401098514754074,2.792161751651698,-0.8659042062818543
0.9410210390754489,0.4870285058378622,-0.8382842205939496,-0.713985191299721,-0.05257480820650953,-0.966303193286565,0.4350476606087318,-0.2544884306547635,-0.713985191299721,-0.18935256184712382,-0.21303769768270914,-0.1401098514754074,-0.358145440323592,-0.8659042062818543
2.037520203673269,0.4870285058378622,-0.8382842205939496,-0.713985191299721,-0.05257480820650953,-0.966303193286565,0.4350476606087318,-0.2544884306547635,-0.713985191299721,-0.18935256184712382,-0.21303769768270914,-0.1401098514754074,-0.358145440323592,0.5558682612033757
-0.9145929317824011,-2.053267905293714,1.7276430481413345,-0.713985191299721,-0.06589759600423688,-0.966303193286565,1.672543794926189,1.5129284694496405,-0.713985191299721,-0.18935256184712382,-0.21303769768270914,-0.1401098514754074,-0.358145440323592,0.5558682612033757
0.5192905911532103,0.4870285058378622,1.7276430481413345,4.203758771693231,-0.06589759600423688,1.034871877633807,-0.8024484737087255,-0.2544884306547635,4.203758771693231,2.103311910014095,-0.21303769768270914,1.8868661946544836,2.792161751651698,-0.8659042062818543
-1.251977290120192,0.4870285058378622,-0.8382842205939496,-0.713985191299721,-0.06589759600423688,-0.966303193286565,1.672543794926189,1.5129284694496405,-0.713985191299721,-0.18935256184712382,1.7533742503977268,-0.1401098514754074,-0.358145440323592,-0.8659042062818543
-1.251977290120192,-2.053267905293714,-0.8382842205939496,-0.713985191299721,-0.06589759600423688,-0.966303193286565,1.672543794926189,1.5129284694496405,-0.713985191299721,-0.18935256184712382,-0.21303769768270914,-0.1401098514754074,-0.358145440323592,-0.8659042062818543
-0.4085163942757147,0.4870285058378622,-0.8382842205939496,-0.713985191299721,-0.06589759600423688,-0.966303193286565,-0.8024484737087255,-0.2544884306547635,-0.713985191299721,-0.18935256184712382,-0.21303769768270914,-0.1401098514754074,-0.358145440323592,2.6885269624312205
-1.0832851109512964,0.4870285058378622,-0.8382842205939496,-0.713985191299721,-0.05257480820650953,1.034871877633807,1.672543794926189,1.5129284694496405,-0.713985191299721,-0.18935256184712382,-0.21303769768270914,-0.1401098514754074,-0.358145440323592,0.5558682612033757
-0.8302468421979533,0.4870285058378622,-0.8382842205939496,-0.713985191299721,-0.06589759600423688,-0.966303193286565,-0.8024484737087255,-0.2544884306547635,-0.713985191299721,-0.18935256184712382,-0.21303769768270914,-0.1401098514754074,-0.358145440323592,2.6885269624312205
-0.07113203593792379,-2.053267905293714,0.4446794137736925,0.10563880253243754,-2.077638553461065,1.034871877633807,-0.8024484737087255,-0.2544884306547635,0.10563880253243754,-0.18935256184712382,-0.21303769768270914,-0.1401098514754074,-0.358145440323592,1.9776407286886057
-1.251977290120192,0.4870285058378622,1.7276430481413345,-0.30417319438364177,-0.06589759600423688,1.034871877633807,1.672543794926189,1.5129284694496405,-0.30417319438364177,-0.18935256184712382,-0.21303769768270914,-0.1401098514754074,-0.358145440323592,-0.8659042062818543
1.7844819349199261,0.4870285058378622,-0.8382842205939496,-0.713985191299721,-0.06589759600423688,-0.966303193286565,0.4350476606087318,-0.2544884306547635,-0.713985191299721,-0.18935256184712382,-0.21303769768270914,-0.1401098514754074,-0.358145440323592,-0.8659042062818543
-0.8302468421979533,0.4870285058378622,1.7276430481413345,5.0233827655253895,-0.7853281370815131,1.034871877633807,-0.8024484737087255,-2.0219053307591675,5.0233827655253895,-0.18935256184712382,-0.21303769768270914,-0.1401098514754074,-0.358145440323592,-0.8659042062818543
0.5192905911532103,-2.053267905293714,-0.8382842205939496,0.10563880253243754,-1.3848535879792434,1.034871877633807,-0.8024484737087255,-0.2544884306547635,0.10563880253243754,-0.18935256184712382,-0.21303769768270914,-0.1401098514754074,-0.358145440323592,-0.8659042062818543
-0.23982421510681926,-2.053267905293714,-0.8382842205939496,-0.30417319438364177,-0.625454683508785,-0.966303193286565,-0.8024484737087255,-0.2544884306547635,-0.30417319438364177,-0.18935256184712382,-0.21303769768270914,-0.1401098514754074,-0.358145440323592,-0.8659042062818543
-1.0832851109512964,0.4870285058378622,0.4446794137736925,-0.713985191299721,-0.06589759600423688,1.034871877633807,1.672543794926189,1.5129284694496405,-0.713985191299721,-0.18935256184712382,-0.21303769768270914,-0.1401098514754074,-0.358145440323592,0.5558682612033757
-0.7459007526135056,0.4870285058378622,-0.8382842205939496,-0.30417319438364177,-0.8519420760701497,-0.966303193286565,-0.8024484737087255,-0.2544884306547635,-0.30417319438364177,-0.18935256184712382,-0.21303769768270914,-0.1401098514754074,-0.358145440323592,0.5558682612033757
-0.15547812552237153,-2.053267905293714,-0.8382842205939496,-0.713985191299721,-0.06589759600423688,-0.966303193286565,-0.8024484737087255,-0.2544884306547635,-0.713985191299721,-0.18935256184712382,-0.21303769768270914,-0.1401098514754074,-0.358145440323592,-0.8659042062818543
-0.07113203593792379,-2.053267905293714,-0.8382842205939496,-0.5090791928416813,-0.11918874719514622,-0.966303193286565,-0.8024484737087255,-0.2544884306547635,-0.5090791928416813,-0.18935256184712382,-0.21303769768270914,-0.1401098514754074,-0.358145440323592,1.2667544949459906
0.18190623281541937,0.4870285058378622,-0.8382842205939496,-0.713985191299721,-0.06589759600423688,-0.966303193286565,-0.8024484737087255,-0.2544884306547635,-0.713985191299721,-0.18935256184712382,-0.21303769768270914,-0.1401098514754074,-0.358145440323592,-0.8659042062818543
0.18190623281541937,-2.053267905293714,-0.8382842205939496,-0.713985191299721,-0.06589759600423688,-0.966303193286565,-0.8024484737087255,-0.2544884306547635,-0.713985191299721,-0.18935256184712382,-0.21303769768270914,-0.1401098514754074,-0.358145440323592,0.5558682612033757
-0.6615546630290579,0.4870285058378622,-0.8382842205939496,0.5154507994485168,-0.06589759600423688,1.034871877633807,-0.8024484737087255,-0.2544884306547635,0.5154507994485168,-0.18935256184712382,-0.21303769768270914,-0.1401098514754074,-0.358145440323592,-0.8659042062818543
-0.5772085734446102,0.4870285058378622,-0.8382842205939496,-0.713985191299721,-0.06589759600423688,-0.966303193286565,-0.8024484737087255,-0.2544884306547635,-0.713985191299721,-0.18935256184712382,-0.21303769768270914,-0.1401098514754074,-0.358145440323592,-0.8659042062818543
-0.5772085734446102,0.4870285058378622,-0.8382842205939496,-0.5090791928416813,-0.17247989838605557,-0.966303193286565,-0.8024484737087255,-0.2544884306547635,-0.5090791928416813,-0.18935256184712382,-0.21303769768270914,-0.1401098514754074,-0.358145440323592,1.2667544949459906
0.5192905911532103,0.4870285058378622,-0.8382842205939496,0.3105448009904772,-0.06589759600423688,1.034871877633807,-0.8024484737087255,-0.2544884306547635,0.3105448009904772,-0.18935256184712382,-0.21303769768270914,-0.1401098514754074,-0.358145440323592,0.5558682612033757
0.5192905911532103,0.4870285058378622,-0.8382842205939496,0.3105448009904772,-0.06589759600423688,-0.966303193286565,-0.8024484737087255,-0.2544884306547635,0.3105448009904772,-0.18935256184712382,-0.21303769768270914,-0.1401098514754074,-0.358145440323592,0.5558682612033757
-0.6615546630290579,0.4870285058378622,-0.8382842205939496,-0.713985191299721,-0.05257480820650953,-0.966303193286565,-0.8024484737087255,-0.2544884306547635,-0.713985191299721,-0.18935256184712382,-0.21303769768270914,-0.1401098514754074,-0.358145440323592,-0.8659042062818543
-0.4085163942757147,0.4870285058378622,0.4446794137736925,0.5154507994485168,-0.06589759600423688,1.034871877633807,-0.8024484737087255,-0.2544884306547635,0.5154507994485168,-0.18935256184712382,-0.21303769768270914,-0.1401098514754074,-0.358145440323592,-0.8659042062818543
0.09756014323097166,-2.053267905293714,1.7276430481413345,1.9497927886547946,-0.06589759600423688,1.034871877633807,-0.8024484737087255,-0.2544884306547635,1.9497927886547946,-0.18935256184712382,-0.21303769768270914,-0.1401098514754074,-0.358145440323592,-0.8659042062818543
0.18190623281541937,0.4870285058378622,1.7276430481413345,1.9497927886547946,-0.06589759600423688,1.034871877633807,-0.8024484737087255,-2.0219053307591675,1.9497927886547946,2.103311910014095,-0.21303769768270914,-0.1401098514754074,-0.358145440323592,-0.8659042062818543
1.4470975765821352,0.4870285058378622,-0.8382842205939496,-0.30417319438364177,-0.06589759600423688,-0.966303193286565,0.4350476606087318,-0.2544884306547635,-0.30417319438364177,-0.18935256184712382,-0.21303769768270914,-0.1401098514754074,-0.358145440323592,1.2667544949459906
-0.9145929317824011,0.4870285058378622,-0.8382842205939496,-0.5090791928416813,-2.2241892192360653,-0.966303193286565,1.672543794926189,1.5129284694496405,-0.5090791928416813,-0.18935256184712382,-0.21303769768270914,-0.1401098514754074,-0.358145440323592,-0.8659042062818543
-0.9145929317824011,0.4870285058378622,-0.8382842205939496,-0.5090791928416813,-0.06589759600423688,1.034871877633807,1.672543794926189,-0.2544884306547635,-0.5090791928416813,-0.18935256184712382,1.7533742503977268,-0.1401098514754074,-0.358145440323592,-0.8659042062818543
-1.0832851109512964,0.4870285058378622,0.4446794137736925,0.10563880253243754,-0.5321951689246937,1.034871877633807,1.672543794926189,-2.0219053307591675,0.10563880253243754,-0.18935256184712382,-0.21303769768270914,-0.1401098514754074,-0.358145440323592,0.5558682612033757
-0.15547812552237153,0.4870285058378622,-0.8382842205939496,-0.5090791928416813,-0.10586595939741889,-0.966303193286565,-0.8024484737087255,-0.2544884306547635,-0.5090791928416813,-0.18935256184712382,-0.21303769768270914,-0.1401098514754074,-0.358145440323592,0.5558682612033757
-0.4085163942757147,0.4870285058378622,0.4446794137736925,0.10563880253243754,2.1190396028230465,1.034871877633807,-0.8024484737087255,1.5129284694496405,0.10563880253243754,-0.18935256184712382,-0.21303769768270914,-0.1401098514754074,2.792161751651698,-0.8659042062818543
-0.8302468421979533,0.4870285058378622,-0.8382842205939496,-0.5090791928416813,0.440368340309402,1.034871877633807,-0.8024484737087255,-0.2544884306547635,-0.5090791928416813,-0.18935256184712382,-0.21303769768270914,-0.1401098514754074,-0.358145440323592,1.2667544949459906
0.9410210390754489,0.4870285058378622,-0.8382842205939496,2.1546987871128342,-0.06589759600423688,1.034871877633807,0.4350476606087318,-0.2544884306547635,2.1546987871128342,-0.18935256184712382,-0.21303769768270914,-0.1401098514754074,-0.358145440323592,0.5558682612033757
0.8566749494910012,0.4870285058378622,-0.8382842205939496,-0.5090791928416813,-0.19912547398151023,-0.966303193286565,0.4350476606087318,-0.2544884306547635,-0.5090791928416813,-0.18935256184712382,-0.21303769768270914,-0.1401098514754074,-0.358145440323592,0.5558682612033757
-0.32417030469126695,0.4870285058378622,-0.8382842205939496,-0.713985191299721,-0.06589759600423688,-0.966303193286565,-0.8024484737087255,-0.2544884306547635,-0.713985191299721,-0.18935256184712382,-0.21303769768270914,-0.1401098514754074,-0.358145440323592,0.5558682612033757
2.206212382842165,0.4870285058378622,1.7276430481413345,5.228288763983429,-0.7187141980928764,1.034871877633807,0.4350476606087318,1.5129284694496405,5.228288763983429,-0.18935256184712382,-0.21303769768270914,-0.1401098514754074,-0.358145440323592,-0.8659042062818543
-0.9989390213668488,0.4870285058378622,-0.8382842205939496,-0.713985191299721,-0.05257480820650953,-0.966303193286565,1.672543794926189,-0.2544884306547635,-0.713985191299721,-0.18935256184712382,-0.21303769768270914,-0.1401098514754074,-0.358145440323592,0.5558682612033757
-0.9989390213668488,0.4870285058378622,1.7276430481413345,-0.5090791928416813,3.0249891730685055,1.034871877633807,1.672543794926189,-2.0219053307591675,-0.5090791928416813,-0.18935256184712382,-0.21303769768270914,-0.1401098514754074,2.792161751651698,-0.8659042062818543
0.09756014323097166,0.4870285058378622,-0.8382842205939496,-0.5090791928416813,-0.06589759600423688,1.034871877633807,-0.8024484737087255,-0.2544884306547635,-0.5090791928416813,-0.18935256184712382,-0.21303769768270914,-0.1401098514754074,-0.358145440323592,2.6885269624312205
1.4470975765821352,0.4870285058378622,-0.8382842205939496,-0.0992671959256021,-0.06589759600423688,1.034871877633807,0.4350476606087318,-0.2544884306547635,-0.0992671959256021,-0.18935256184712382,-0.21303769768270914,-0.1401098514754074,-0.358145440323592,-0.8659042062818543
-1.1676312005357443,0.4870285058378622,0.4446794137736925,-0.713985191299721,-0.05257480820650953,-0.966303193286565,1.672543794926189,1.5129284694496405,-0.713985191299721,-0.18935256184712382,-0.21303769768270914,-0.1401098514754074,-0.358145440323592,0.5558682612033757
-0.32417030469126695,0.4870285058378622,1.7276430481413345,0.9252627963645961,0.33378603792758327,1.034871877633807,-0.8024484737087255,1.5129284694496405,0.9252627963645961,-0.18935256184712382,-0.21303769768270914,-0.1401098514754074,-0.358145440323592,1.2667544949459906
4.061826353700015,0.4870285058378622,-0.8382842205939496,-0.713985191299721,-0.05257480820650953,-0.966303193286565,0.4350476606087318,-0.2544884306547635,-0.713985191299721,-0.18935256184712382,-0.21303769768270914,-0.1401098514754074,-0.358145440323592,1.2667544949459906
0.09756014323097166,0.4870285058378622,-0.8382842205939496,-0.713985191299721,-0.05257480820650953,-0.966303193286565,-0.8024484737087255,-0.2544884306547635,-0.713985191299721,-0.18935256184712382,-0.21303769768270914,-0.1401098514754074,-0.358145440323592,-0.8659042062818543
-0.32417030469126695,0.4870285058378622,0.4446794137736925,0.3105448009904772,-0.06589759600423688,1.034871877633807,-0.8024484737087255,-0.2544884306547635,0.3105448009904772,-0.18935256184712382,-0.21303769768270914,-0.1401098514754074,-0.358145440323592,-0.8659042062818543
1.0253671286598967,0.4870285058378622,0.4446794137736925,-0.0992671959256021,-0.05257480820650953,1.034871877633807,0.4350476606087318,-2.0219053307591675,-0.0992671959256021,-0.18935256184712382,-0.21303769768270914,-0.1401098514754074,-0.358145440323592,-0.8659042062818543
-0.07113203593792379,0.4870285058378622,-0.8382842205939496,-0.5090791928416813,-0.06589759600423688,-0.966303193286565,-0.8024484737087255,-0.2544884306547635,-0.5090791928416813,-0.18935256184712382,-0.21303769768270914,-0.1401098514754074,-0.358145440323592,1.2667544949459906
-0.6615546630290579,0.4870285058378622,-0.8382842205939496,-0.5090791928416813,-0.06589759600423688,-0.966303193286565,-0.8024484737087255,-0.2544884306547635,-0.5090791928416813,-0.18935256184712382,-0.21303769768270914,-0.1401098514754074,-0.358145440323592,-0.8659042062818543
1.1097132182443443,0.4870285058378622,-0.8382842205939496,-0.5090791928416813,-0.46558122993605694,-0.966303193286565,0.4350476606087318,-0.2544884306547635,-0.5090791928416813,-0.18935256184712382,-0.21303769768270914,-0.1401098514754074,-0.358145440323592,0.5558682612033757
0.35059841198431485,0.4870285058378622,-0.8382842205939496,-0.713985191299721,-0.06589759600423688,-0.966303193286565,-0.8024484737087255,-0.2544884306547635,-0.713985191299721,-0.18935256184712382,-0.21303769768270914,-0.1401098514754074,-0.358145440323592,0.5558682612033757
-0.7459007526135056,0.4870285058378622,0.4446794137736925,-0.713985191299721,-0.09254317159969154,1.034871877633807,-0.8024484737087255,-0.2544884306547635,-0.713985191299721,-0.18935256184712382,-0.21303769768270914,-0.1401098514754074,-0.358145440323592,0.5558682612033757
1.1097132182443443,0.4870285058378622,-0.8382842205939496,-0.5090791928416813,-0.05257480820650953,-0.966303193286565,0.4350476606087318,-0.2544884306547635,-0.5090791928416813,-0.18935256184712382,-0.21303769768270914,-0.1401098514754074,-0.358145440323592,1.2667544949459906
-0.32417030469126695,-2.053267905293714,1.7276430481413345,-0.713985191299721,-0.06589759600423688,-0.966303193286565,-0.8024484737087255,1.5129284694496405,-0.713985191299721,-0.18935256184712382,-0.21303769768270914,-0.1401098514754074,-0.358145440323592,-0.8659042062818543
-0.7459007526135056,0.4870285058378622,1.7276430481413345,1.3350747932806755,-0.05257480820650953,1.034871877633807,-0.8024484737087255,1.5129284694496405,1.3350747932806755,-0.18935256184712382,5.686198146558598,-0.1401098514754074,2.792161751651698,0.5558682612033757
-0.9989390213668488,0.4870285058378622,0.4446794137736925,-0.713985191299721,-0.05257480820650953,1.034871877633807,1.672543794926189,1.5129284694496405,-0.713985191299721,-0.18935256184712382,-0.21303769768270914,-0.1401098514754074,-0.358145440323592,-0.8659042062818543
-1.251977290120192,0.4870285058378622,1.7276430481413345,0.10563880253243754,-0.06589759600423688,1.034871877633807,1.672543794926189,-2.0219053307591675,0.10563880253243754,4.395976381875314,-0.21303769768270914,3.913842240784374,-0.358145440323592,-0.8659042062818543
-0.6615546630290579,0.4870285058378622,-0.8382842205939496,-0.5090791928416813,-0.06589759600423688,1.034871877633807,-0.8024484737087255,-0.2544884306547635,-0.5090791928416813,-0.18935256184712382,-0.21303769768270914,-0.1401098514754074,-0.358145440323592,-0.8659042062818543
-1.0832851109512964,0.4870285058378622,-0.8382842205939496,-0.30417319438364177,-0.06589759600423688,1.034871877633807,1.672543794926189,1.5129284694496405,-0.30417319438364177,-0.18935256184712382,-0.21303769768270914,-0.1401098514754074,-0.358145440323592,-0.8659042062818543
0.2662523223998671,0.4870285058378622,-0.8382842205939496,-0.5090791928416813,-0.06589759600423688,-0.966303193286565,-0.8024484737087255,-0.2544884306547635,-0.5090791928416813,-0.18935256184712382,-0.21303769768270914,-0.1401098514754074,-0.358145440323592,-0.8659042062818543
-1.251977290120192,0.4870285058378622,1.7276430481413345,-0.713985191299721,-0.05257480820650953,1.034871877633807,1.672543794926189,-2.0219053307591675,-0.713985191299721,-0.18935256184712382,1.7533742503977268,-0.1401098514754074,2.792161751651698,-0.8659042062818543
-0.32417030469126695,0.4870285058378622,0.4446794137736925,0.10563880253243754,-0.06589759600423688,1.034871877633807,-0.8024484737087255,-0.2544884306547635,0.10563880253243754,-0.18935256184712382,-0.21303769768270914,-0.1401098514754074,-0.358145440323592,0.5558682612033757
-1.1676312005357443,0.4870285058378622,0.4446794137736925,-0.713985191299721,-0.06589759600423688,1.034871877633807,1.672543794926189,1.5129284694496405,-0.713985191299721,-0.18935256184712382,1.7533742503977268,-0.1401098514754074,2.792161751651698,-0.1550179725392393
0.603636680737658,-2.053267905293714,0.4446794137736925,2.564510784028913,-0.06589759600423688,-0.966303193286565,-0.8024484737087255,-0.2544884306547635,2.564510784028913,-0.18935256184712382,-0.21303769768270914,-0.1401098514754074,-0.358145440323592,-0.8659042062818543
-0.5772085734446102,0.4870285058378622,0.4446794137736925,0.7203567979065565,-0.06589759600423688,-0.966303193286565,-0.8024484737087255,-0.2544884306547635,0.7203567979065565,-0.18935256184712382,-0.21303769768270914,-0.1401098514754074,-0.358145440323592,-0.8659042062818543
0.7723288599065534,0.4870285058378622,0.4446794137736925,0.5154507994485168,-0.06589759600423688,1.034871877633807,-0.8024484737087255,-0.2544884306547635,0.5154507994485168,-0.18935256184712382,-0.21303769768270914,-0.1401098514754074,2.792161751651698,0.5558682612033757
-0.9145929317824011,0.4870285058378622,-0.8382842205939496,-0.713985191299721,-0.05257480820650953,-0.966303193286565,1.672543794926189,-0.2544884306547635,-0.713985191299721,-0.18935256184712382,-0.21303769768270914,-0.1401098514754074,-0.358145440323592,-0.8659042062818543
-0.32417030469126695,-2.053267905293714,1.7276430481413345,2.1546987871128342,-0.05257480820650953,-0.966303193286565,-0.8024484737087255,1.5129284694496405,2.1546987871128342,-0.18935256184712382,3.719786198478163,-0.1401098514754074,-0.358145440323592,0.5558682612033757
-0.6615546630290579,-2.053267905293714,-0.8382842205939496,-0.713985191299721,-0.05257480820650953,1.034871877633807,-0.8024484737087255,-0.2544884306547635,-0.713985191299721,-0.18935256184712382,-0.21303769768270914,-0.1401098514754074,-0.358145440323592,0.5558682612033757
0.8566749494910012,-2.053267905293714,-0.8382842205939496,-0.5090791928416813,-0.19912547398151023,-0.966303193286565,0.4350476606087318,-0.2544884306547635,-0.5090791928416813,-0.18935256184712382,-0.21303769768270914,-0.1401098514754074,-0.358145440323592,0.5558682612033757
-0.4085163942757147,0.4870285058378622,-0.8382842205939496,-0.30417319438364177,-0.06589759600423688,-0.966303193286565,-0.8024484737087255,-0.2544884306547635,-0.30417319438364177,-0.18935256184712382,-0.21303769768270914,-0.1401098514754074,-0.358145440323592,-0.8659042062818543
0.2662523223998671,0.4870285058378622,-0.8382842205939496,-0.713985191299721,-0.06589759600423688,-0.966303193286565,-0.8024484737087255,-0.2544884306547635,-0.713985191299721,-0.18935256184712382,-0.21303769768270914,-0.1401098514754074,-0.358145440323592,-0.8659042062818543
0.603636680737658,0.4870285058378622,-0.8382842205939496,-0.5090791928416813,-0.2257710495769649,-0.966303193286565,-0.8024484737087255,-0.2544884306547635,-0.5090791928416813,-0.18935256184712382,-0.21303769768270914,-0.1401098514754074,-0.358145440323592,2.6885269624312205
-0.6615546630290579,0.4870285058378622,0.4446794137736925,1.1301687948226358,-0.06589759600423688,1.034871877633807,-0.8024484737087255,-0.2544884306547635,1.1301687948226358,8.981305325597752,7.6526100946390345,-0.1401098514754074,-0.358145440323592,-0.8659042062818543
-0.4928624838601624,-2.053267905293714,-0.8382842205939496,-0.713985191299721,-0.05257480820650953,-0.966303193286565,-0.8024484737087255,-0.2544884306547635,-0.713985191299721,-0.18935256184712382,-0.21303769768270914,-0.1401098514754074,-0.358145440323592,0.5558682612033757
0.18190623281541937,0.4870285058378622,-0.8382842205939496,-0.30417319438364177,-0.00854614825704895,-0.966303193286565,-0.8024484737087255,-0.2544884306547635,-0.30417319438364177,-0.18935256184712382,-0.21303769768270914,-0.1401098514754074,-0.358145440323592,-0.8659042062818543
-1.251977290120192,0.4870285058378622,-0.8382842205939496,-0.713985191299721,-0.05257480820650953,-0.966303193286565,1.672543794926189,1.5129284694496405,-0.713985191299721,-0.18935256184712382,-0.21303769768270914,-0.1401098514754074,-0.358145440323592,-0.8659042062818543
0.7723288599065534,0.4870285058378622,0.4446794137736925,1.539980791738715,-0.06589759600423688,1.034871877633807,-0.8024484737087255,-0.2544884306547635,1.539980791738715,-0.18935256184712382,1.7533742503977268,-0.1401098514754074,2.792161751651698,-0.8659042062818543
1.4470975765821352,0.4870285058378622,-0.8382842205939496,-0.5090791928416813,9.45989567937081,-0.966303193286565,0.4350476606087318,-0.2544884306547635,-0.5090791928416813,-0.18935256184712382,-0.21303769768270914,-0.1401098514754074,-0.358145440323592,0.5558682612033757
2.206212382842165,0.4870285058378622,-0.8382842205939496,2.1546987871128342,-0.06589759600423688,1.034871877633807,0.4350476606087318,-0.2544884306547635,2.1546987871128342,-0.18935256184712382,-0.21303769768270914,-0.1401098514754074,-0.358145440323592,-0.8659042062818543
-0.9989390213668488,0.4870285058378622,0.4446794137736925,-0.5090791928416813,-0.585486320115603,-0.966303193286565,1.672543794926189,1.5129284694496405,-0.5090791928416813,-0.18935256184712382,-0.21303769768270914,-0.1401098514754074,-0.358145440323592,0.5558682612033757
-0.6615546630290579,0.4870285058378622,-0.8382842205939496,-0.713985191299721,-0.05257480820650953,-0.966303193286565,-0.8024484737087255,-0.2544884306547635,-0.713985191299721,-0.18935256184712382,-0.21303769768270914,-0.1401098514754074,-0.358145440323592,-0.8659042062818543
4.061826353700015,0.4870285058378622,-0.8382842205939496,0.10563880253243754,-0.00854614825704895,-0.966303193286565,0.4350476606087318,-0.2544884306547635,0.10563880253243754,-0.18935256184712382,-0.21303769768270914,-0.1401098514754074,-0.358145440323592,0.5558682612033757
-1.0832851109512964,0.4870285058378622,-0.8382842205939496,-0.5090791928416813,-0.9318788028565138,-0.966303193286565,1.672543794926189,1.5129284694496405,-0.5090791928416813,-0.18935256184712382,-0.21303769768270914,-0.1401098514754074,-0.358145440323592,-0.8659042062818543
2.206212382842165,0.4870285058378622,-0.8382842205939496,-0.713985191299721,-0.05257480820650953,-0.966303193286565,0.4350476606087318,-0.2544884306547635,-0.713985191299721,-0.18935256184712382,-0.21303769768270914,-0.1401098514754074,-0.358145440323592,0.5558682612033757
-0.9989390213668488,0.4870285058378622,0.4446794137736925,-0.713985191299721,-0.05257480820650953,-0.966303193286565,1.672543794926189,1.5129284694496405,-0.713985191299721,-0.18935256184712382,-0.21303769768270914,-0.1401098514754074,-0.358145440323592,-0.8659042062818543
-0.5772085734446102,0.4870285058378622,-0.8382842205939496,1.1301687948226358,-0.06589759600423688,1.034871877633807,-0.8024484737087255,-0.2544884306547635,1.1301687948226358,-0.18935256184712382,-0.21303769768270914,-0.1401098514754074,-0.358145440323592,-0.8659042062818543
0.35059841198431485,0.4870285058378622,1.7276430481413345,-0.5090791928416813,-0.06589759600423688,-0.966303193286565,-0.8024484737087255,-0.2544884306547635,-0.5090791928416813,-0.18935256184712382,-0.21303769768270914,-0.1401098514754074,-0.358145440323592,-0.8659042062818543
-0.4928624838601624,0.4870285058378622,-0.8382842205939496,0.10563880253243754,-0.3989672909474203,-0.966303193286565,-0.8024484737087255,-0.2544884306547635,0.10563880253243754,-0.18935256184712382,-0.21303769768270914,-0.1401098514754074,-0.358145440323592,-0.8659042062818543
-0.5772085734446102,-2.053267905293714,0.4446794137736925,0.10563880253243754,-0.06589759600423688,1.034871877633807,-0.8024484737087255,-0.2544884306547635,0.10563880253243754,-0.18935256184712382,-0.21303769768270914,-0.1401098514754074,-0.358145440323592,-0.8659042062818543
-0.9145929317824011,0.4870285058378622,0.4446794137736925,-0.0992671959256021,-0.09254317159969154,1.034871877633807,1.672543794926189,1.5129284694496405,-0.0992671959256021,-0.18935256184712382,-0.21303769768270914,-0.1401098514754074,-0.358145440323592,-0.8659042062818543
1.194059307828792,0.4870285058378622,-0.8382842205939496,1.7448867901967549,-0.06589759600423688,1.034871877633807,0.4350476606087318,-0.2544884306547635,1.7448867901967549,-0.18935256184712382,-0.21303769768270914,-0.1401098514754074,-0.358145440323592,0.5558682612033757
0.9410210390754489,0.4870285058378622,0.4446794137736925,-0.713985191299721,-0.06589759600423688,-0.966303193286565,0.4350476606087318,-0.2544884306547635,-0.713985191299721,-0.18935256184712382,-0.21303769768270914,-0.1401098514754074,-0.358145440323592,0.5558682612033757
-0.32417030469126695,0.4870285058378622,1.7276430481413345,0.5154507994485168,-0.06589759600423688,1.034871877633807,-0.8024484737087255,1.5129284694496405,0.5154507994485168,-0.18935256184712382,-0.21303769768270914,5.940818286914266,2.792161751651698,-0.8659042062818543
-1.0832851109512964,0.4870285058378622,0.4446794137736925,-0.30417319438364177,-0.06589759600423688,-0.966303193286565,1.672543794926189,1.5129284694496405,-0.30417319438364177,2.103311910014095,5.686198146558598,-0.1401098514754074,-0.358145440323592,-0.8659042062818543
-0.32417030469126695,0.4870285058378622,-0.8382842205939496,-0.713985191299721,-0.06589759600423688,-0.966303193286565,-0.8024484737087255,-0.2544884306547635,-0.713985191299721,-0.18935256184712382,-0.21303769768270914,-0.1401098514754074,-0.358145440323592,-0.8659042062818543
-1.1676312005357443,0.4870285058378622,0.4446794137736925,-0.5090791928416813,-0.07922038380196421,-0.966303193286565,1.672543794926189,1.5129284694496405,-0.5090791928416813,-0.18935256184712382,-0.21303769768270914,1.8868661946544836,-0.358145440323592,-0.8659042062818543
0.9410210390754489,0.4870285058378622,0.4446794137736925,-0.30417319438364177,-0.27906220076787425,-0.966303193286565,0.4350476606087318,1.5129284694496405,-0.30417319438364177,-0.18935256184712382,-0.21303769768270914,-0.1401098514754074,-0.358145440323592,-0.8659042062818543
-0.23982421510681926,0.4870285058378622,0.4446794137736925,0.9252627963645961,0.36043161352303793,1.034871877633807,-0.8024484737087255,-0.2544884306547635,0.9252627963645961,-0.18935256184712382,-0.21303769768270914,-0.1401098514754074,-0.358145440323592,0.5558682612033757
0.5192905911532103,0.4870285058378622,-0.8382842205939496,-0.713985191299721,-0.05257480820650953,-0.966303193286565,-0.8024484737087255,-0.2544884306547635,-0.713985191299721,-0.18935256184712382,-0.21303769768270914,-0.1401098514754074,-0.358145440323592,0.5558682612033757
0.9410210390754489,0.4870285058378622,-0.8382842205939496,-0.30417319438364177,-0.06589759600423688,1.034871877633807,0.4350476606087318,-0.2544884306547635,-0.30417319438364177,-0.18935256184712382,1.7533742503977268,-0.1401098514754074,-0.358145440323592,0.5558682612033757
-1.0832851109512964,0.4870285058378622,1.7276430481413345,-0.5090791928416813,-0.00854614825704895,-0.966303193286565,1.672543794926189,-2.0219053307591675,-0.5090791928416813,-0.18935256184712382,-0.21303769768270914,-0.1401098514754074,-0.358145440323592,2.6885269624312205
2.459250651595508,-2.053267905293714,-0.8382842205939496,-0.713985191299721,-0.06589759600423688,-0.966303193286565,0.4350476606087318,-0.2544884306547635,-0.713985191299721,-0.18935256184712382,-0.21303769768270914,-0.1401098514754074,-0.358145440323592,2.6885269624312205
0.35059841198431485,-2.053267905293714,-0.8382842205939496,-0.713985191299721,-0.06589759600423688,-0.966303193286565,-0.8024484737087255,-0.2544884306547635,-0.713985191299721,-0.18935256184712382,-0.21303769768270914,-0.1401098514754074,-0.358145440323592,0.5558682612033757
-0.7459007526135056,0.4870285058378622,-0.8382842205939496,-0.713985191299721,-0.06589759600423688,-0.966303193286565,-0.8024484737087255,-0.2544884306547635,-0.713985191299721,-0.18935256184712382,-0.21303769768270914,-0.1401098514754074,-0.358145440323592,1.2667544949459906
-0.9145929317824011,0.4870285058378622,1.7276430481413345,-0.5090791928416813,-0.5588407445201483,1.034871877633807,1.672543794926189,-2.0219053307591675,-0.5090791928416813,-0.18935256184712382,-0.21303769768270914,-0.1401098514754074,-0.358145440323592,0.5558682612033757
0.35059841198431485,0.4870285058378622,-0.8382842205939496,-0.5090791928416813,-0.06589759600423688,1.034871877633807,-0.8024484737087255,-0.2544884306547635,-0.5090791928416813,-0.18935256184712382,-0.21303769768270914,-0.1401098514754074,2.792161751651698,2.6885269624312205
1.2784053974132399,-2.053267905293714,-0.8382842205939496,-0.713985191299721,-0.06589759600423688,-0.966303193286565,0.4350476606087318,-0.2544884306547635,-0.713985191299721,-0.18935256184712382,-0.21303769768270914,-0.1401098514754074,-0.358145440323592,-0.8659042062818543
0.013214053646523933,-2.053267905293714,-0.8382842205939496,-0.713985191299721,-0.06589759600423688,1.034871877633807,-0.8024484737087255,-0.2544884306547635,-0.713985191299721,-0.18935256184712382,-0.21303769768270914,-0.1401098514754074,-0.358145440323592,-0.8659042062818543
-0.15547812552237153,0.4870285058378622,1.7276430481413345,-0.0992671959256021,-0.3057077763633289,1.034871877633807,-0.8024484737087255,1.5129284694496405,-0.0992671959256021,-0.18935256184712382,-0.21303769768270914,-0.1401098514754074,-0.358145440323592,0.5558682612033757
-0.4085163942757147,-2.053267905293714,-0.8382842205939496,-0.713985191299721,-0.05257480820650953,-0.966303193286565,-0.8024484737087255,-0.2544884306547635,-0.713985191299721,-0.18935256184712382,-0.21303769768270914,-0.1401098514754074,-0.358145440323592,-0.8659042062818543
-0.15547812552237153,0.4870285058378622,0.4446794137736925,-0.0992671959256021,-0.06589759600423688,1.034871877633807,-0.8024484737087255,-0.2544884306547635,-0.0992671959256021,-0.18935256184712382,-0.21303769768270914,-0.1401098514754074,-0.358145440323592,-0.8659042062818543
-0.32417030469126695,0.4870285058378622,1.7276430481413345,0.5154507994485168,-0.06589759600423688,1.034871877633807,-0.8024484737087255,-0.2544884306547635,0.5154507994485168,-0.18935256184712382,-0.21303769768270914,-0.1401098514754074,-0.358145440323592,-0.8659042062818543
-0.9145929317824011,-2.053267905293714,-0.8382842205939496,-0.5090791928416813,-0.05257480820650953,1.034871877633807,1.672543794926189,1.5129284694496405,-0.5090791928416813,-0.18935256184712382,-0.21303769768270914,-0.1401098514754074,-0.358145440323592,-0.8659042062818543
-0.07113203593792379,-2.053267905293714,0.4446794137736925,-0.0992671959256021,-0.06589759600423688,-0.966303193286565,-0.8024484737087255,-0.2544884306547635,-0.0992671959256021,-0.18935256184712382,-0.21303769768270914,-0.1401098514754074,-0.358145440323592,0.5558682612033757
0.013214053646523933,0.4870285058378622,0.4446794137736925,1.1301687948226358,-0.06589759600423688,-0.966303193286565,-0.8024484737087255,-0.2544884306547635,1.1301687948226358,-0.18935256184712382,-0.21303769768270914,-0.1401098514754074,-0.358145440323592,-0.8659042062818543
-0.5772085734446102,0.4870285058378622,0.4446794137736925,-0.5090791928416813,-0.05257480820650953,-0.966303193286565,-0.8024484737087255,-0.2544884306547635,-0.5090791928416813,-0.18935256184712382,-0.21303769768270914,-0.1401098514754074,-0.358145440323592,0.5558682612033757
0.7723288599065534,0.4870285058378622,-0.8382842205939496,0.10563880253243754,-0.06589759600423688,-0.966303193286565,-0.8024484737087255,-0.2544884306547635,0.10563880253243754,-0.18935256184712382,-0.21303769768270914,-0.1401098514754074,-0.358145440323592,0.5558682612033757
-0.23982421510681926,0.4870285058378622,1.7276430481413345,1.9497927886547946,3.7977108653366907,1.034871877633807,-0.8024484737087255,1.5129284694496405,1.9497927886547946,-0.18935256184712382,-0.21303769768270914,-0.1401098514754074,-0.358145440323592,-0.8659042062818543
-0.4085163942757147,0.4870285058378622,-0.8382842205939496,-0.5090791928416813,-0.06589759600423688,-0.966303193286565,-0.8024484737087255,-0.2544884306547635,-0.5090791928416813,-0.18935256184712382,-0.21303769768270914,-0.1401098514754074,-0.358145440323592,-0.8659042062818543
-0.4085163942757147,0.4870285058378622,0.4446794137736925,-0.5090791928416813,-0.06589759600423688,1.034871877633807,-0.8024484737087255,-0.2544884306547635,-0.5090791928416813,-0.18935256184712382,-0.21303769768270914,-0.1401098514754074,2.792161751651698,-0.8659042062818543
0.7723288599065534,-2.053267905293714,-0.8382842205939496,-0.713985191299721,-0.05257480820650953,-0.966303193286565,-0.8024484737087255,-0.2544884306547635,-0.713985191299721,-0.18935256184712382,-0.21303769768270914,-0.1401098514754074,-0.358145440323592,-0.8659042062818543
0.603636680737658,0.4870285058378622,0.4446794137736925,0.7203567979065565,-0.06589759600423688,-0.966303193286565,-0.8024484737087255,-0.2544884306547635,0.7203567979065565,-0.18935256184712382,-0.21303769768270914,-0.1401098514754074,-0.358145440323592,-0.8659042062818543
-0.6615546630290579,0.4870285058378622,-0.8382842205939496,-0.713985191299721,-0.06589759600423688,-0.966303193286565,-0.8024484737087255,-0.2544884306547635,-0.713985191299721,-0.18935256184712382,-0.21303769768270914,-0.1401098514754074,-0.358145440323592,-0.8659042062818543
-0.5772085734446102,0.4870285058378622,-0.8382842205939496,0.5154507994485168,-0.06589759600423688,-0.966303193286565,-0.8024484737087255,-0.2544884306547635,0.5154507994485168,-0.18935256184712382,-0.21303769768270914,-0.1401098514754074,-0.358145440323592,-0.8659042062818543
-1.251977290120192,0.4870285058378622,0.4446794137736925,-0.713985191299721,-0.06589759600423688,-0.966303193286565,1.672543794926189,1.5129284694496405,-0.713985191299721,-0.18935256184712382,-0.21303769768270914,-0.1401098514754074,-0.358145440323592,-0.8659042062818543
-0.9145929317824011,0.4870285058378622,-0.8382842205939496,-0.713985191299721,-0.05257480820650953,-0.966303193286565,1.672543794926189,-0.2544884306547635,-0.713985191299721,-0.18935256184712382,-0.21303769768270914,-0.1401098514754074,-0.358145440323592,0.5558682612033757
1.194059307828792,0.4870285058378622,-0.8382842205939496,-0.0992671959256021,-0.05257480820650953,-0.966303193286565,0.4350476606087318,-0.2544884306547635,-0.0992671959256021,-0.18935256184712382,-0.21303769768270914,-0.1401098514754074,-0.358145440323592,-0.8659042062818543
-0.5772085734446102,0.4870285058378622,-0.8382842205939496,0.10563880253243754,-0.06589759600423688,-0.966303193286565,-0.8024484737087255,-0.2544884306547635,0.10563880253243754,-0.18935256184712382,-0.21303769768270914,-0.1401098514754074,-0.358145440323592,0.5558682612033757
0.6879827703221058,0.4870285058378622,-0.8382842205939496,-0.713985191299721,-0.06589759600423688,1.034871877633807,-0.8024484737087255,-0.2544884306547635,-0.713985191299721,-0.18935256184712382,-0.21303769768270914,-0.1401098514754074,-0.358145440323592,-0.8659042062818543
-0.4928624838601624,0.4870285058378622,0.4446794137736925,1.3350747932806755,-0.06589759600423688,1.034871877633807,-0.8024484737087255,1.5129284694496405,1.3350747932806755,-0.18935256184712382,1.7533742503977268,-0.1401098514754074,-0.358145440323592,-0.8659042062818543
-0.5772085734446102,-2.053267905293714,0.4446794137736925,-0.713985191299721,-0.06589759600423688,-0.966303193286565,-0.8024484737087255,-0.2544884306547635,-0.713985191299721,-0.18935256184712382,-0.21303769768270914,-0.1401098514754074,-0.358145440323592,0.5558682612033757
0.013214053646523933,0.4870285058378622,0.4446794137736925,-0.713985191299721,-0.06589759600423688,-0.966303193286565,-0.8024484737087255,-0.2544884306547635,-0.713985191299721,-0.18935256184712382,-0.21303769768270914,-0.1401098514754074,-0.358145440323592,-0.8659042062818543
-0.9989390213668488,0.4870285058378622,1.7276430481413345,-0.30417319438364177,-0.17247989838605557,1.034871877633807,1.672543794926189,-2.0219053307591675,-0.30417319438364177,-0.18935256184712382,-0.21303769768270914,-0.1401098514754074,-0.358145440323592,-0.8659042062818543
1.7844819349199261,0.4870285058378622,-0.8382842205939496,-0.713985191299721,-0.05257480820650953,1.034871877633807,0.4350476606087318,-0.2544884306547635,-0.713985191299721,-0.18935256184712382,-0.21303769768270914,-0.1401098514754074,-0.358145440323592,0.5558682612033757
0.2662523223998671,-2.053267905293714,-0.8382842205939496,-0.713985191299721,-0.05257480820650953,-0.966303193286565,-0.8024484737087255,-0.2544884306547635,-0.713985191299721,-0.18935256184712382,-0.21303769768270914,-0.1401098514754074,-0.358145440323592,0.5558682612033757
-0.9989390213668488,0.4870285058378622,0.4446794137736925,-0.713985191299721,-0.06589759600423688,-0.966303193286565,1.672543794926189,-2.0219053307591675,-0.713985191299721,-0.18935256184712382,-0.21303769768270914,-0.1401098514754074,-0.358145440323592,-0.8659042062818543
-0.32417030469126695,0.4870285058378622,0.4446794137736925,3.1792287794030325,-0.06589759600423688,1.034871877633807,-0.8024484737087255,-0.2544884306547635,3.1792287794030325,2.103311910014095,-0.21303769768270914,-0.1401098514754074,2.792161751651698,1.2667544949459906
1.7001358453354785,0.4870285058378622,-0.8382842205939496,1.1301687948226358,-0.05257480820650953,1.034871877633807,0.4350476606087318,-0.2544884306547635,1.1301687948226358,-0.18935256184712382,-0.21303769768270914,-0.1401098514754074,-0.358145440323592,-0.8659042062818543
-0.07113203593792379,0.4870285058378622,0.4446794137736925,0.3105448009904772,-0.2257710495769649,-0.966303193286565,-0.8024484737087255,1.5129284694496405,0.3105448009904772,-0.18935256184712382,-0.21303769768270914,-0.1401098514754074,-0.358145440323592,-0.8659042062818543
0.09756014323097166,0.4870285058378622,-0.8382842205939496,-0.30417319438364177,-0.06589759600423688,1.034871877633807,-0.8024484737087255,-0.2544884306547635,-0.30417319438364177,-0.18935256184712382,-0.21303769768270914,-0.1401098514754074,-0.358145440323592,2.6885269624312205
0.35059841198431485,0.4870285058378622,-0.8382842205939496,-0.0992671959256021,-0.06589759600423688,1.034871877633807,-0.8024484737087255,-0.2544884306547635,-0.0992671959256021,-0.18935256184712382,-0.21303769768270914,-0.1401098514754074,-0.358145440323592,0.5558682612033757
0.35059841198431485,0.4870285058378622,-0.8382842205939496,-0.713985191299721,-0.00854614825704895,1.034871877633807,-0.8024484737087255,-0.2544884306547635,-0.713985191299721,-0.18935256184712382,-0.21303769768270914,-0.1401098514754074,2.792161751651698,1.2667544949459906
2.206212382842165,0.4870285058378622,-0.8382842205939496,-0.713985191299721,-0.06589759600423688,-0.966303193286565,0.4350476606087318,-0.2544884306547635,-0.713985191299721,-0.18935256184712382,-0.21303769768270914,-0.1401098514754074,-0.358145440323592,1.2667544949459906
0.7723288599065534,-2.053267905293714,0.4446794137736925,0.5154507994485168,-0.06589759600423688,-0.966303193286565,-0.8024484737087255,-0.2544884306547635,0.5154507994485168,-0.18935256184712382,-0.21303769768270914,-0.1401098514754074,-0.358145440323592,-0.8659042062818543
0.9410210390754489,0.4870285058378622,-0.8382842205939496,0.9252627963645961,3.424672807000325,1.034871877633807,0.4350476606087318,1.5129284694496405,0.9252627963645961,-0.18935256184712382,-0.21303769768270914,1.8868661946544836,-0.358145440323592,-0.8659042062818543
0.013214053646523933,0.4870285058378622,-0.8382842205939496,-0.713985191299721,-0.06589759600423688,-0.966303193286565,-0.8024484737087255,-0.2544884306547635,-0.713985191299721,-0.18935256184712382,-0.21303769768270914,-0.1401098514754074,-0.358145440323592,-0.8659042062818543
-0.8302468421979533,0.4870285058378622,0.4446794137736925,-0.0992671959256021,-0.06589759600423688,-0.966303193286565,-0.8024484737087255,1.5129284694496405,-0.0992671959256021,2.103311910014095,-0.21303769768270914,-0.1401098514754074,-0.358145440323592,-0.8659042062818543
-0.8302468421979533,-2.053267905293714,0.4446794137736925,-0.713985191299721,-0.05257480820650953,-0.966303193286565,-0.8024484737087255,-0.2544884306547635,-0.713985191299721,-0.18935256184712382,-0.21303769768270914,-0.1401098514754074,-0.358145440323592,0.5558682612033757
-1.1676312005357443,0.4870285058378622,-0.8382842205939496,-0.713985191299721,-0.06589759600423688,-0.966303193286565,1.672543794926189,1.5129284694496405,-0.713985191299721,-0.18935256184712382,-0.21303769768270914,-0.1401098514754074,-0.358145440323592,-0.8659042062818543
-1.0832851109512964,0.4870285058378622,-0.8382842205939496,-0.713985191299721,-0.06589759600423688,-0.966303193286565,1.672543794926189,1.5129284694496405,-0.713985191299721,-0.18935256184712382,-0.21303769768270914,-0.1401098514754074,-0.358145440323592,-0.8659042062818543
-0.7459007526135056,0.4870285058378622,0.4446794137736925,-0.30417319438364177,-0.06589759600423688,-0.966303193286565,-0.8024484737087255,1.5129284694496405,-0.30417319438364177,-0.18935256184712382,-0.21303769768270914,-0.1401098514754074,-0.358145440323592,0.5558682612033757
-0.5772085734446102,0.4870285058378622,-0.8382842205939496,-0.0992671959256021,-0.06589759600423688,1.034871877633807,-0.8024484737087255,-0.2544884306547635,-0.0992671959256021,-0.18935256184712382,-0.21303769768270914,-0.1401098514754074,-0.358145440323592,-0.8659042062818543
0.5192905911532103,0.4870285058378622,0.4446794137736925,2.1546987871128342,-0.05257480820650953,1.034871877633807,-0.8024484737087255,-0.2544884306547635,2.1546987871128342,-0.18935256184712382,-0.21303769768270914,-0.1401098514754074,-0.358145440323592,-0.8659042062818543
-1.1676312005357443,0.4870285058378622,1.7276430481413345,-0.713985191299721,-0.06589759600423688,-0.966303193286565,1.672543794926189,-2.0219053307591675,-0.713985191299721,-0.18935256184712382,-0.21303769768270914,-0.1401098514754074,-0.358145440323592,-0.8659042062818543
-0.4085163942757147,0.4870285058378622,-0.8382842205939496,-0.713985191299721,-0.06589759600423688,1.034871877633807,-0.8024484737087255,-0.2544884306547635,-0.713985191299721,-0.18935256184712382,-0.21303769768270914,-0.1401098514754074,-0.358145440323592,0.5558682612033757
-0.23982421510681926,0.4870285058378622,-0.8382842205939496,-0.713985191299721,-0.05257480820650953,-0.966303193286565,-0.8024484737087255,-0.2544884306547635,-0.713985191299721,-0.18935256184712382,-0.21303769768270914,-0.1401098514754074,-0.358145440323592,-0.8659042062818543
-0.15547812552237153,0.4870285058378622,0.4446794137736925,1.1301687948226358,-0.42561286654287495,1.034871877633807,-0.8024484737087255,1.5129284694496405,1.1301687948226358,-0.18935256184712382,3.719786198478163,-0.1401098514754074,2.792161751651698,-0.8659042062818543
1.8688280245043738,0.4870285058378622,0.4446794137736925,1.7448867901967549,-0.05257480820650953,-0.966303193286565,0.4350476606087318,-0.2544884306547635,1.7448867901967549,-0.18935256184712382,-0.21303769768270914,-0.1401098514754074,-0.358145440323592,0.5558682612033757
-0.07113203593792379,0.4870285058378622,0.4446794137736925,-0.5090791928416813,-0.06589759600423688,-0.966303193286565,-0.8024484737087255,-0.2544884306547635,-0.5090791928416813,-0.18935256184712382,-0.21303769768270914,-0.1401098514754074,-0.358145440323592,0.5558682612033757
-0.4085163942757147,0.4870285058378622,-0.8382842205939496,-0.5090791928416813,-0.31903056416105624,-0.966303193286565,-0.8024484737087255,-0.2544884306547635,-0.5090791928416813,-0.18935256184712382,-0.21303769768270914,-0.1401098514754074,-0.358145440323592,0.5558682612033757
1.8688280245043738,0.4870285058378622,0.4446794137736925,-0.5090791928416813,-0.06589759600423688,1.034871877633807,0.4350476606087318,1.5129284694496405,-0.5090791928416813,-0.18935256184712382,-0.21303769768270914,-0.1401098514754074,-0.358145440323592,-0.8659042062818543
1.194059307828792,0.4870285058378622,-0.8382842205939496,0.7203567979065565,-0.06589759600423688,1.034871877633807,0.4350476606087318,-0.2544884306547635,0.7203567979065565,-0.18935256184712382,-0.21303769768270914,-0.1401098514754074,-0.358145440323592,2.6885269624312205
-0.4085163942757147,-2.053267905293714,0.4446794137736925,0.10563880253243754,-0.5188723811269663,1.034871877633807,-0.8024484737087255,1.5129284694496405,0.10563880253243754,-0.18935256184712382,-0.21303769768270914,-0.1401098514754074,2.792161751651698,1.2667544949459906
-0.32417030469126695,0.4870285058378622,0.4446794137736925,-0.0992671959256021,-0.545517956722421,-0.966303193286565,-0.8024484737087255,1.5129284694496405,-0.0992671959256021,-0.18935256184712382,-0.21303769768270914,-0.1401098514754074,-0.358145440323592,0.5558682612033757
-0.4928624838601624,-2.053267905293714,-0.8382842205939496,-0.5090791928416813,-0.05257480820650953,1.034871877633807,-0.8024484737087255,-0.2544884306547635,-0.5090791928416813,-0.18935256184712382,-0.21303769768270914,-0.1401098514754074,-0.358145440323592,-0.8659042062818543
-0.9145929317824011,0.4870285058378622,0.4446794137736925,-0.30417319438364177,-0.06589759600423688,1.034871877633807,1.672543794926189,1.5129284694496405,-0.30417319438364177,-0.18935256184712382,-0.21303769768270914,-0.1401098514754074,-0.358145440323592,-0.8659042062818543
-0.4928624838601624,0.4870285058378622,-0.8382842205939496,-0.5090791928416813,-0.06589759600423688,-0.966303193286565,-0.8024484737087255,-0.2544884306547635,-0.5090791928416813,-0.18935256184712382,-0.21303769768270914,-0.1401098514754074,-0.358145440323592,0.5558682612033757
-0.9989390213668488,0.4870285058378622,-0.8382842205939496,-0.713985191299721,-0.06589759600423688,-0.966303193286565,1.672543794926189,-0.2544884306547635,-0.713985191299721,-0.18935256184712382,-0.21303769768270914,-0.1401098514754074,-0.358145440323592,-0.8659042062818543
-0.8302468421979533,0.4870285058378622,0.4446794137736925,-0.5090791928416813,-0.05257480820650953,1.034871877633807,-0.8024484737087255,-0.2544884306547635,-0.5090791928416813,-0.18935256184712382,-0.21303769768270914,-0.1401098514754074,-0.358145440323592,1.2667544949459906
1.3627514869976876,0.4870285058378622,-0.8382842205939496,0.3105448009904772,-0.06589759600423688,-0.966303193286565,0.4350476606087318,-0.2544884306547635,0.3105448009904772,-0.18935256184712382,-0.21303769768270914,-0.1401098514754074,-0.358145440323592,-0.8659042062818543
-0.8302468421979533,0.4870285058378622,1.7276430481413345,2.3596047855708737,-0.06589759600423688,1.034871877633807,-0.8024484737087255,1.5129284694496405,2.3596047855708737,6.688640853736533,1.7533742503977268,-0.1401098514754074,2.792161751651698,-0.8659042062818543
0.013214053646523933,-2.053267905293714,-0.8382842205939496,0.10563880253243754,-0.4522584421383296,-0.966303193286565,-0.8024484737087255,-0.2544884306547635,0.10563880253243754,-0.18935256184712382,-0.21303769768270914,-0.1401098514754074,-0.358145440323592,0.5558682612033757
-0.8302468421979533,0.4870285058378622,1.7276430481413345,0.9252627963645961,-3.116816001683797,-0.966303193286565,-0.8024484737087255,-2.0219053307591675,0.9252627963645961,6.688640853736533,-0.21303769768270914,3.913842240784374,-0.358145440323592,-0.8659042062818543
2.712288920348851,0.4870285058378622,-0.8382842205939496,-0.713985191299721,-0.00854614825704895,1.034871877633807,0.4350476606087318,-0.2544884306547635,-0.713985191299721,-0.18935256184712382,-0.21303769768270914,-0.1401098514754074,2.792161751651698,1.2667544949459906
-0.15547812552237153,0.4870285058378622,0.4446794137736925,0.7203567979065565,-0.06589759600423688,1.034871877633807,-0.8024484737087255,-0.2544884306547635,0.7203567979065565,-0.18935256184712382,-0.21303769768270914,-0.1401098514754074,-0.358145440323592,-0.8659042062818543
-1.0832851109512964,0.4870285058378622,0.4446794137736925,-0.5090791928416813,-0.06589759600423688,-0.966303193286565,1.672543794926189,1.5129284694496405,-0.5090791928416813,-0.18935256184712382,-0.21303769768270914,-0.1401098514754074,-0.358145440323592,-0.8659042062818543
1.0253671286598967,0.4870285058378622,-0.8382842205939496,-0.713985191299721,-0.06589759600423688,-0.966303193286565,0.4350476606087318,-0.2544884306547635,-0.713985191299721,-0.18935256184712382,-0.21303769768270914,-0.1401098514754074,-0.358145440323592,0.5558682612033757
0.09756014323097166,-2.053267905293714,0.4446794137736925,-0.713985191299721,-0.05257480820650953,-0.966303193286565,-0.8024484737087255,-0.2544884306547635,-0.713985191299721,-0.18935256184712382,-0.21303769768270914,-0.1401098514754074,-0.358145440323592,-0.8659042062818543
-1.251977290120192,0.4870285058378622,1.7276430481413345,-0.5090791928416813,-0.06589759600423688,1.034871877633807,1.672543794926189,-2.0219053307591675,-0.5090791928416813,-0.18935256184712382,-0.21303769768270914,-0.1401098514754074,-0.358145440323592,2.6885269624312205
1.8688280245043738,0.4870285058378622,0.4446794137736925,1.1301687948226358,-0.00854614825704895,-0.966303193286565,0.4350476606087318,1.5129284694496405,1.1301687948226358,-0.18935256184712382,-0.21303769768270914,-0.1401098514754074,-0.358145440323592,-0.8659042062818543
-0.23982421510681926,-2.053267905293714,-0.8382842205939496,0.5154507994485168,-0.06589759600423688,1.034871877633807,-0.8024484737087255,1.5129284694496405,0.5154507994485168,-0.18935256184712382,-0.21303769768270914,-0.1401098514754074,-0.358145440323592,-0.8659042062818543
-0.32417030469126695,0.4870285058378622,-0.8382842205939496,-0.0992671959256021,-0.06589759600423688,1.034871877633807,-0.8024484737087255,-0.2544884306547635,-0.0992671959256021,-0.18935256184712382,1.7533742503977268,-0.1401098514754074,-0.358145440323592,0.5558682612033757
-0.23982421510681926,0.4870285058378622,1.7276430481413345,1.1301687948226358,-0.06589759600423688,-0.966303193286565,-0.8024484737087255,1.5129284694496405,1.1301687948226358,-0.18935256184712382,7.6526100946390345,-0.1401098514754074,-0.358145440323592,-0.8659042062818543
0.2662523223998671,0.4870285058378622,1.7276430481413345,4.40866477015127,-2.3440943094156115,1.034871877633807,-0.8024484737087255,1.5129284694496405,4.40866477015127,-0.18935256184712382,1.7533742503977268,-0.1401098514754074,-0.358145440323592,1.9776407286886057
-0.23982421510681926,0.4870285058378622,-0.8382842205939496,-0.713985191299721,-0.06589759600423688,-0.966303193286565,-0.8024484737087255,-0.2544884306547635,-0.713985191299721,-0.18935256184712382,-0.21303769768270914,-0.1401098514754074,-0.358145440323592,0.5558682612033757
-0.7459007526135056,0.4870285058378622,-0.8382842205939496,-0.5090791928416813,-0.06589759600423688,-0.966303193286565,-0.8024484737087255,-0.2544884306547635,-0.5090791928416813,-0.18935256184712382,-0.21303769768270914,-0.1401098514754074,-0.358145440323592,-0.8659042062818543
0.8566749494910012,0.4870285058378622,-0.8382842205939496,-0.5090791928416813,-0.06589759600423688,1.034871877633807,0.4350476606087318,-0.2544884306547635,-0.5090791928416813,-0.18935256184712382,-0.21303769768270914,-0.1401098514754074,-0.358145440323592,0.5558682612033757
-0.32417030469126695,0.4870285058378622,1.7276430481413345,2.3596047855708737,-0.06589759600423688,1.034871877633807,-0.8024484737087255,1.5129284694496405,2.3596047855708737,4.395976381875314,-0.21303769768270914,-0.1401098514754074,-0.358145440323592,-0.8659042062818543
0.6879827703221058,0.4870285058378622,-0.8382842205939496,-0.5090791928416813,-0.6387774713065123,-0.966303193286565,-0.8024484737087255,-0.2544884306547635,-0.5090791928416813,-0.18935256184712382,-0.21303769768270914,-0.1401098514754074,-0.358145440323592,1.2667544949459906
-1.1676312005357443,0.4870285058378622,0.4446794137736925,-0.713985191299721,-0.06589759600423688,1.034871877633807,1.672543794926189,1.5129284694496405,-0.713985191299721,-0.18935256184712382,-0.21303769768270914,-0.1401098514754074,2.792161751651698,-0.8659042062818543
0.9410210390754489,0.4870285058378622,-0.8382842205939496,-0.5090791928416813,-0.545517956722421,1.034871877633807,0.4350476606087318,-0.2544884306547635,-0.5090791928416813,-0.18935256184712382,-0.21303769768270914,-0.1401098514754074,-0.358145440323592,0.5558682612033757
-0.9989390213668488,-2.053267905293714,0.4446794137736925,-0.713985191299721,-0.05257480820650953,-0.966303193286565,1.672543794926189,-0.2544884306547635,-0.713985191299721,-0.18935256184712382,-0.21303769768270914,-0.1401098514754074,-0.358145440323592,-0.8659042062818543
-0.4085163942757147,0.4870285058378622,0.4446794137736925,1.3350747932806755,0.18723537215258254,1.034871877633807,-0.8024484737087255,-0.2544884306547635,1.3350747932806755,-0.18935256184712382,-0.21303769768270914,-0.1401098514754074,-0.358145440323592,-0.8659042062818543
-0.4928624838601624,-2.053267905293714,1.7276430481413345,-0.30417319438364177,0.80008361084804,-0.966303193286565,-0.8024484737087255,-2.0219053307591675,-0.30417319438364177,-0.18935256184712382,-0.21303769768270914,-0.1401098514754074,-0.358145440323592,-0.8659042062818543
0.7723288599065534,0.4870285058378622,-0.8382842205939496,-0.5090791928416813,-0.3456761397565109,1.034871877633807,-0.8024484737087255,-0.2544884306547635,-0.5090791928416813,-0.18935256184712382,-0.21303769768270914,-0.1401098514754074,-0.358145440323592,0.5558682612033757
-0.6615546630290579,0.4870285058378622,1.7276430481413345,-0.713985191299721,-0.05257480820650953,1.034871877633807,-0.8024484737087255,-2.0219053307591675,-0.713985191299721,-0.18935256184712382,-0.21303769768270914,-0.1401098514754074,-0.358145440323592,0.5558682612033757
-0.23982421510681926,0.4870285058378622,0.4446794137736925,1.3350747932806755,-0.06589759600423688,1.034871877633807,-0.8024484737087255,-0.2544884306547635,1.3350747932806755,4.395976381875314,1.7533742503977268,-0.1401098514754074,-0.358145440323592,0.5558682612033757
0.35059841198431485,0.4870285058378622,0.4446794137736925,-0.5090791928416813,-0.17247989838605557,-0.966303193286565,-0.8024484737087255,-0.2544884306547635,-0.5090791928416813,-0.18935256184712382,-0.21303769768270914,-0.1401098514754074,-0.358145440323592,-0.8659042062818543
-1.0832851109512964,0.4870285058378622,-0.8382842205939496,-0.5090791928416813,-0.06589759600423688,1.034871877633807,1.672543794926189,1.5129284694496405,-0.5090791928416813,-0.18935256184712382,-0.21303769768270914,-0.1401098514754074,-0.358145440323592,-0.8659042062818543
1.0253671286598967,0.4870285058378622,1.7276430481413345,0.10563880253243754,-0.06589759600423688,1.034871877633807,0.4350476606087318,-0.2544884306547635,0.10563880253243754,-0.18935256184712382,-0.21303769768270914,-0.1401098514754074,2.792161751651698,-0.8659042062818543
0.603636680737658,0.4870285058378622,-0.8382842205939496,-0.713985191299721,-0.06589759600423688,-0.966303193286565,-0.8024484737087255,-0.2544884306547635,-0.713985191299721,-0.18935256184712382,-0.21303769768270914,-0.1401098514754074,-0.358145440323592,-0.8659042062818543
-1.1676312005357443,0.4870285058378622,1.7276430481413345,-0.30417319438364177,-0.06589759600423688,1.034871877633807,1.672543794926189,-2.0219053307591675,-0.30417319438364177,-0.18935256184712382,-0.21303769768270914,-0.1401098514754074,-0.358145440323592,-0.8659042062818543
-0.4085163942757147,-2.053267905293714,0.4446794137736925,0.10563880253243754,-0.06589759600423688,-0.966303193286565,-0.8024484737087255,-0.2544884306547635,0.10563880253243754,-0.18935256184712382,-0.21303769768270914,-0.1401098514754074,-0.358145440323592,-0.8659042062818543
1.1097132182443443,0.4870285058378622,1.7276430481413345,-0.30417319438364177,-0.06589759600423688,1.034871877633807,0.4350476606087318,1.5129284694496405,-0.30417319438364177,-0.18935256184712382,-0.21303769768270914,-0.1401098514754074,2.792161751651698,0.5558682612033757
-0.32417030469126695,0.4870285058378622,-0.8382842205939496,-0.30417319438364177,-0.625454683508785,1.034871877633807,-0.8024484737087255,-0.2544884306547635,-0.30417319438364177,-0.18935256184712382,1.7533742503977268,-0.1401098514754074,-0.358145440323592,-0.8659042062818543
-1.1676312005357443,0.4870285058378622,-0.8382842205939496,-0.713985191299721,-0.05257480820650953,-0.966303193286565,1.672543794926189,1.5129284694496405,-0.713985191299721,-0.18935256184712382,-0.21303769768270914,-0.1401098514754074,-0.358145440323592,0.5558682612033757
-0.32417030469126695,0.4870285058378622,-0.8382842205939496,-0.5090791928416813,-0.06589759600423688,1.034871877633807,-0.8024484737087255,-0.2544884306547635,-0.5090791928416813,-0.18935256184712382,-0.21303769768270914,-0.1401098514754074,-0.358145440323592,-0.8659042062818543
1.8688280245043738,0.4870285058378622,-0.8382842205939496,0.5154507994485168,-0.3589989275542383,-0.966303193286565,0.4350476606087318,-0.2544884306547635,0.5154507994485168,-0.18935256184712382,-0.21303769768270914,-0.1401098514754074,-0.358145440323592,0.5558682612033757
-0.9989390213668488,0.4870285058378622,-0.8382842205939496,-0.713985191299721,-0.06589759600423688,-0.966303193286565,1.672543794926189,1.5129284694496405,-0.713985191299721,-0.18935256184712382,-0.21303769768270914,-0.1401098514754074,-0.358145440323592,-0.8659042062818543
-0.7459007526135056,-2.053267905293714,0.4446794137736925,0.10563880253243754,-0.06589759600423688,1.034871877633807,-0.8024484737087255,-0.2544884306547635,0.10563880253243754,-0.18935256184712382,-0.21303769768270914,-0.1401098514754074,2.792161751651698,2.6885269624312205
1.531443666166583,0.4870285058378622,-0.8382842205939496,-0.713985191299721,-0.06589759600423688,-0.966303193286565,0.4350476606087318,-0.2544884306547635,-0.713985191299721,-0.18935256184712382,-0.21303769768270914,-0.1401098514754074,-0.358145440323592,0.5558682612033757
0.5192905911532103,0.4870285058378622,-0.8382842205939496,-0.713985191299721,-0.06589759600423688,-0.966303193286565,-0.8024484737087255,-0.2544884306547635,-0.713985191299721,-0.18935256184712382,-0.21303769768270914,-0.1401098514754074,-0.358145440323592,-0.8659042062818543
1.8688280245043738,0.4870285058378622,0.4446794137736925,3.1792287794030325,-0.06589759600423688,-0.966303193286565,0.4350476606087318,-0.2544884306547635,3.1792287794030325,-0.18935256184712382,-0.21303769768270914,-0.1401098514754074,-0.358145440323592,-0.8659042062818543
0.35059841198431485,-2.053267905293714,-0.8382842205939496,-0.0992671959256021,-0.00854614825704895,-0.966303193286565,-0.8024484737087255,-0.2544884306547635,-0.0992671959256021,-0.18935256184712382,-0.21303769768270914,-0.1401098514754074,-0.358145440323592,-0.8659042062818543
2.8809810995177467,0.4870285058378622,-0.8382842205939496,-0.713985191299721,-0.10586595939741889,1.034871877633807,0.4350476606087318,-0.2544884306547635,-0.713985191299721,-0.18935256184712382,-0.21303769768270914,-0.1401098514754074,-0.358145440323592,0.5558682612033757
0.18190623281541937,0.4870285058378622,-0.8382842205939496,-0.30417319438364177,-0.07922038380196421,-0.966303193286565,-0.8024484737087255,-0.2544884306547635,-0.30417319438364177,-0.18935256184712382,-0.21303769768270914,-0.1401098514754074,-0.358145440323592,0.5558682612033757
-0.4928624838601624,0.4870285058378622,-0.8382842205939496,-0.713985191299721,-0.05257480820650953,-0.966303193286565,-0.8024484737087255,-0.2544884306547635,-0.713985191299721,-0.18935256184712382,-0.21303769768270914,-0.1401098514754074,-0.358145440323592,-0.8659042062818543
-0.8302468421979533,0.4870285058378622,-0.8382842205939496,-0.5090791928416813,-0.3723217153519656,1.034871877633807,-0.8024484737087255,1.5129284694496405,-0.5090791928416813,-0.18935256184712382,-0.21303769768270914,-0.1401098514754074,-0.358145440323592,-0.8659042062818543
2.459250651595508,-2.053267905293714,-0.8382842205939496,-0.713985191299721,-0.06589759600423688,-0.966303193286565,0.4350476606087318,-0.2544884306547635,-0.713985191299721,-0.18935256184712382,-0.21303769768270914,-0.1401098514754074,-0.358145440323592,0.5558682612033757
1.9531741140888217,0.4870285058378622,-0.8382842205939496,-0.30417319438364177,-0.06589759600423688,1.034871877633807,0.4350476606087318,-0.2544884306547635,-0.30417319438364177,-0.18935256184712382,-0.21303769768270914,-0.1401098514754074,-0.358145440323592,0.5558682612033757
-0.5772085734446102,0.4870285058378622,0.4446794137736925,-0.30417319438364177,-0.06589759600423688,1.034871877633807,-0.8024484737087255,-0.2544884306547635,-0.30417319438364177,-0.18935256184712382,-0.21303769768270914,-0.1401098514754074,-0.358145440323592,-0.8659042062818543
0.4349445015687626,-2.053267905293714,-0.8382842205939496,-0.713985191299721,-0.05257480820650953,-0.966303193286565,-0.8024484737087255,-0.2544884306547635,-0.713985191299721,-0.18935256184712382,-0.21303769768270914,-0.1401098514754074,-0.358145440323592,0.5558682612033757
-1.251977290120192,0.4870285058378622,-0.8382842205939496,-0.713985191299721,-0.05257480820650953,-0.966303193286565,1.672543794926189,1.5129284694496405,-0.713985191299721,-0.18935256184712382,-0.21303769768270914,-0.1401098514754074,-0.358145440323592,0.5558682612033757
-0.4928624838601624,0.4870285058378622,0.4446794137736925,-0.30417319438364177,-0.06589759600423688,-0.966303193286565,-0.8024484737087255,1.5129284694496405,-0.30417319438364177,-0.18935256184712382,-0.21303769768270914,-0.1401098514754074,-0.358145440323592,-0.8659042062818543
2.712288920348851,0.4870285058378622,-0.8382842205939496,-0.713985191299721,-0.06589759600423688,-0.966303193286565,0.4350476606087318,-0.2544884306547635,-0.713985191299721,-0.18935256184712382,-0.21303769768270914,-0.1401098514754074,-0.358145440323592,0.5558682612033757
-0.5772085734446102,0.4870285058378622,-0.8382842205939496,-0.30417319438364177,-0.06589759600423688,-0.966303193286565,-0.8024484737087255,-0.2544884306547635,-0.30417319438364177,-0.18935256184712382,1.7533742503977268,-0.1401098514754074,-0.358145440323592,0.5558682612033757
-0.07113203593792379,0.4870285058378622,0.4446794137736925,0.7203567979065565,-0.05257480820650953,1.034871877633807,-0.8024484737087255,-0.2544884306547635,0.7203567979065565,-0.18935256184712382,-0.21303769768270914,-0.1401098514754074,-0.358145440323592,-0.8659042062818543
-0.9989390213668488,0.4870285058378622,-0.8382842205939496,-0.713985191299721,-0.05257480820650953,1.034871877633807,1.672543794926189,1.5129284694496405,-0.713985191299721,-0.18935256184712382,-0.21303769768270914,-0.1401098514754074,-0.358145440323592,-0.8659042062818543
3.8087880849466718,0.4870285058378622,-0.8382842205939496,-0.713985191299721,-0.06589759600423688,-0.966303193286565,0.4350476606087318,-0.2544884306547635,-0.713985191299721,-0.18935256184712382,-0.21303769768270914,-0.1401098514754074,-0.358145440323592,0.5558682612033757
0.18190623281541937,-2.053267905293714,-0.8382842205939496,-0.713985191299721,-0.05257480820650953,-0.966303193286565,-0.8024484737087255,-0.2544884306547635,-0.713985191299721,-0.18935256184712382,-0.21303769768270914,-0.1401098514754074,-0.358145440323592,-0.8659042062818543
-0.9145929317824011,0.4870285058378622,1.7276430481413345,-0.30417319438364177,-0.06589759600423688,1.034871877633807,1.672543794926189,1.5129284694496405,-0.30417319438364177,-0.18935256184712382,3.719786198478163,-0.1401098514754074,2.792161751651698,-0.8659042062818543
0.09756014323097166,0.4870285058378622,0.4446794137736925,1.539980791738715,-0.06589759600423688,1.034871877633807,-0.8024484737087255,-0.2544884306547635,1.539980791738715,-0.18935256184712382,-0.21303769768270914,-0.1401098514754074,2.792161751651698,0.5558682612033757
-0.8302468421979533,0.4870285058378622,0.4446794137736925,-0.0992671959256021,-0.06589759600423688,-0.966303193286565,-0.8024484737087255,1.5129284694496405,-0.0992671959256021,-0.18935256184712382,1.7533742503977268,-0.1401098514754074,-0.358145440323592,0.5558682612033757
-0.7459007526135056,0.4870285058378622,0.4446794137736925,-0.0992671959256021,-0.06589759600423688,1.034871877633807,-0.8024484737087255,-0.2544884306547635,-0.0992671959256021,-0.18935256184712382,-0.21303769768270914,-0.1401098514754074,-0.358145440323592,0.5558682612033757
1.3627514869976876,0.4870285058378622,-0.8382842205939496,-0.713985191299721,-0.06589759600423688,-0.966303193286565,0.4350476606087318,-0.2544884306547635,-0.713985191299721,-0.18935256184712382,-0.21303769768270914,-0.1401098514754074,-0.358145440323592,-0.8659042062818543
-0.9145929317824011,0.4870285058378622,-0.8382842205939496,-0.713985191299721,-0.06589759600423688,1.034871877633807,1.672543794926189,-0.2544884306547635,-0.713985191299721,-0.18935256184712382,-0.21303769768270914,-0.1401098514754074,-0.358145440323592,1.2667544949459906
0.2662523223998671,0.4870285058378622,-0.8382842205939496,-0.5090791928416813,-0.06589759600423688,1.034871877633807,-0.8024484737087255,-0.2544884306547635,-0.5090791928416813,-0.18935256184712382,-0.21303769768270914,-0.1401098514754074,-0.358145440323592,-0.8659042062818543
-0.8302468421979533,0.4870285058378622,-0.8382842205939496,-0.713985191299721,-0.05257480820650953,-0.966303193286565,-0.8024484737087255,-0.2544884306547635,-0.713985191299721,-0.18935256184712382,-0.21303769768270914,-0.1401098514754074,-0.358145440323592,-0.8659042062818543
-0.9989390213668488,0.4870285058378622,-0.8382842205939496,-0.5090791928416813,-0.06589759600423688,-0.966303193286565,1.672543794926189,1.5129284694496405,-0.5090791928416813,-0.18935256184712382,-0.21303769768270914,-0.1401098514754074,-0.358145440323592,0.5558682612033757
-0.5772085734446102,-2.053267905293714,-0.8382842205939496,-0.713985191299721,-0.06589759600423688,-0.966303193286565,-0.8024484737087255,-0.2544884306547635,-0.713985191299721,-0.18935256184712382,-0.21303769768270914,-0.1401098514754074,-0.358145440323592,0.5558682612033757
0.013214053646523933,0.4870285058378622,0.4446794137736925,2.564510784028913,0.4137227647139473,1.034871877633807,-0.8024484737087255,-0.2544884306547635,2.564510784028913,2.103311910014095,-0.21303769768270914,-0.1401098514754074,-0.358145440323592,0.5558682612033757
-0.9145929317824011,0.4870285058378622,-0.8382842205939496,-0.713985191299721,-0.05257480820650953,-0.966303193286565,1.672543794926189,1.5129284694496405,-0.713985191299721,-0.18935256184712382,-0.21303769768270914,-0.1401098514754074,-0.358145440323592,0.5558682612033757
0.18190623281541937,0.4870285058378622,-0.8382842205939496,0.10563880253243754,-0.06589759600423688,1.034871877633807,-0.8024484737087255,-0.2544884306547635,0.10563880253243754,-0.18935256184712382,-0.21303769768270914,-0.1401098514754074,-0.358145440323592,0.5558682612033757
-0.5772085734446102,0.4870285058378622,-0.8382842205939496,-0.713985191299721,-0.05257480820650953,1.034871877633807,-0.8024484737087255,-0.2544884306547635,-0.713985191299721,-0.18935256184712382,-0.21303769768270914,-0.1401098514754074,-0.358145440323592,-0.8659042062818543
1.0253671286598967,0.4870285058378622,-0.8382842205939496,-0.713985191299721,-0.06589759600423688,1.034871877633807,0.4350476606087318,-0.2544884306547635,-0.713985191299721,-0.18935256184712382,-0.21303769768270914,-0.1401098514754074,-0.358145440323592,1.2667544949459906
-0.9145929317824011,0.4870285058378622,0.4446794137736925,-0.713985191299721,-0.05257480820650953,1.034871877633807,1.672543794926189,1.5129284694496405,-0.713985191299721,-0.18935256184712382,-0.21303769768270914,-0.1401098514754074,-0.358145440323592,1.2667544949459906
-0.5772085734446102,-2.053267905293714,0.4446794137736925,-0.0992671959256021,-0.05257480820650953,1.034871877633807,-0.8024484737087255,-0.2544884306547635,-0.0992671959256021,-0.18935256184712382,-0.21303769768270914,-0.1401098514754074,-0.358145440323592,0.5558682612033757
0.2662523223998671,0.4870285058378622,1.7276430481413345,1.3350747932806755,-0.06589759600423688,1.034871877633807,-0.8024484737087255,-0.2544884306547635,1.3350747932806755,-0.18935256184712382,-0.21303769768270914,-0.1401098514754074,-0.358145440323592,0.5558682612033757
-0.23982421510681926,0.4870285058378622,-0.8382842205939496,-0.713985191299721,-0.05257480820650953,-0.966303193286565,-0.8024484737087255,-0.2544884306547635,-0.713985191299721,-0.18935256184712382,-0.21303769768270914,-0.1401098514754074,-0.358145440323592,1.2667544949459906
-0.9989390213668488,0.4870285058378622,0.4446794137736925,0.3105448009904772,-0.06589759600423688,1.034871877633807,1.672543794926189,-0.2544884306547635,0.3105448009904772,-0.18935256184712382,1.7533742503977268,-0.1401098514754074,2.792161751651698,-0.8659042062818543
0.09756014323097166,0.4870285058378622,0.4446794137736925,1.1301687948226358,-0.06589759600423688,1.034871877633807,-0.8024484737087255,1.5129284694496405,1.1301687948226358,-0.18935256184712382,-0.21303769768270914,-0.1401098514754074,-0.358145440323592,-0.8659042062818543
-0.23982421510681926,0.4870285058378622,0.4446794137736925,0.5154507994485168,-0.06589759600423688,1.034871877633807,-0.8024484737087255,-0.2544884306547635,0.5154507994485168,-0.18935256184712382,-0.21303769768270914,-0.1401098514754074,2.792161751651698,1.2667544949459906
-0.8302468421979533,-2.053267905293714,-0.8382842205939496,-0.713985191299721,-0.06589759600423688,-0.966303193286565,-0.8024484737087255,-0.2544884306547635,-0.713985191299721,-0.18935256184712382,-0.21303769768270914,-0.1401098514754074,-0.358145440323592,2.6885269624312205
-0.5772085734446102,0.4870285058378622,0.4446794137736925,-0.5090791928416813,-0.06589759600423688,1.034871877633807,-0.8024484737087255,-0.2544884306547635,-0.5090791928416813,-0.18935256184712382,-0.21303769768270914,-0.1401098514754074,-0.358145440323592,0.5558682612033757
0.35059841198431485,0.4870285058378622,-0.8382842205939496,-0.5090791928416813,-0.06589759600423688,-0.966303193286565,-0.8024484737087255,-0.2544884306547635,-0.5090791928416813,-0.18935256184712382,-0.21303769768270914,-0.1401098514754074,-0.358145440323592,0.5558682612033757
-1.0832851109512964,0.4870285058378622,-0.8382842205939496,-0.30417319438364177,1.3063495471616788,-0.966303193286565,1.672543794926189,1.5129284694496405,-0.30417319438364177,-0.18935256184712382,-0.21303769768270914,-0.1401098514754074,-0.358145440323592,1.2667544949459906
0.2662523223998671,0.4870285058378622,-0.8382842205939496,-0.713985191299721,-0.05257480820650953,-0.966303193286565,-0.8024484737087255,-0.2544884306547635,-0.713985191299721,-0.18935256184712382,-0.21303769768270914,-0.1401098514754074,-0.358145440323592,-0.8659042062818543
-0.4928624838601624,0.4870285058378622,1.7276430481413345,1.3350747932806755,-0.06589759600423688,1.034871877633807,-0.8024484737087255,-2.0219053307591675,1.3350747932806755,-0.18935256184712382,-0.21303769768270914,-0.1401098514754074,-0.358145440323592,-0.8659042062818543
0.5192905911532103,0.4870285058378622,-0.8382842205939496,-0.713985191299721,-0.06589759600423688,1.034871877633807,-0.8024484737087255,-0.2544884306547635,-0.713985191299721,-0.18935256184712382,-0.21303769768270914,-0.1401098514754074,-0.358145440323592,0.5558682612033757
-0.9145929317824011,0.4870285058378622,0.4446794137736925,-0.5090791928416813,-0.06589759600423688,1.034871877633807,1.672543794926189,-0.2544884306547635,-0.5090791928416813,-0.18935256184712382,1.7533742503977268,-0.1401098514754074,-0.358145440323592,0.5558682612033757
-0.23982421510681926,0.4870285058378622,-0.8382842205939496,-0.30417319438364177,-0.06589759600423688,1.034871877633807,-0.8024484737087255,-0.2544884306547635,-0.30417319438364177,-0.18935256184712382,-0.21303769768270914,-0.1401098514754074,-0.358145440323592,0.5558682612033757
0.35059841198431485,0.4870285058378622,-0.8382842205939496,-0.713985191299721,-0.06589759600423688,-0.966303193286565,-0.8024484737087255,-0.2544884306547635,-0.713985191299721,-0.18935256184712382,-0.21303769768270914,-0.1401098514754074,-0.358145440323592,2.6885269624312205
-0.23982421510681926,0.4870285058378622,0.4446794137736925,1.539980791738715,-0.07922038380196421,1.034871877633807,-0.8024484737087255,1.5129284694496405,1.539980791738715,-0.18935256184712382,-0.21303769768270914,-0.1401098514754074,2.792161751651698,-0.8659042062818543
1.6157897557510308,-2.053267905293714,-0.8382842205939496,-0.30417319438364177,-0.00854614825704895,-0.966303193286565,0.4350476606087318,-0.2544884306547635,-0.30417319438364177,-0.18935256184712382,-0.21303769768270914,-0.1401098514754074,-0.358145440323592,1.2667544949459906
-0.9145929317824011,-2.053267905293714,-0.8382842205939496,0.10563880253243754,-0.06589759600423688,1.034871877633807,1.672543794926189,-0.2544884306547635,0.10563880253243754,-0.18935256184712382,-0.21303769768270914,-0.1401098514754074,-0.358145440323592,-0.8659042062818543
-0.9145929317824011,0.4870285058378622,0.4446794137736925,-0.0992671959256021,-0.05257480820650953,1.034871877633807,1.672543794926189,-0.2544884306547635,-0.0992671959256021,-0.18935256184712382,-0.21303769768270914,-0.1401098514754074,-0.358145440323592,-0.8659042062818543
0.09756014323097166,0.4870285058378622,-0.8382842205939496,-0.30417319438364177,-0.06589759600423688,1.034871877633807,-0.8024484737087255,-0.2544884306547635,-0.30417319438364177,-0.18935256184712382,-0.21303769768270914,-0.1401098514754074,-0.358145440323592,-0.8659042062818543
-0.7459007526135056,0.4870285058378622,-0.8382842205939496,-0.713985191299721,-0.06589759600423688,-0.966303193286565,-0.8024484737087255,-0.2544884306547635,-0.713985191299721,-0.18935256184712382,-0.21303769768270914,-0.1401098514754074,-0.358145440323592,1.2667544949459906
0.18190623281541937,0.4870285058378622,-0.8382842205939496,-0.0992671959256021,-0.06589759600423688,1.034871877633807,-0.8024484737087255,-0.2544884306547635,-0.0992671959256021,-0.18935256184712382,-0.21303769768270914,-0.1401098514754074,-0.358145440323592,1.2667544949459906
1.7001358453354785,0.4870285058378622,-0.8382842205939496,-0.713985191299721,-0.06589759600423688,-0.966303193286565,0.4350476606087318,-0.2544884306547635,-0.713985191299721,-0.18935256184712382,-0.21303769768270914,-0.1401098514754074,-0.358145440323592,-0.8659042062818543
-0.8302468421979533,0.4870285058378622,0.4446794137736925,-0.5090791928416813,-0.06589759600423688,-0.966303193286565,-0.8024484737087255,-0.2544884306547635,-0.5090791928416813,-0.18935256184712382,-0.21303769768270914,-0.1401098514754074,-0.358145440323592,0.5558682612033757
0.6879827703221058,0.4870285058378622,-0.8382842205939496,-0.0992671959256021,0.22720373554576456,1.034871877633807,-0.8024484737087255,-0.2544884306547635,-0.0992671959256021,-0.18935256184712382,-0.21303769768270914,-0.1401098514754074,-0.358145440323592,1.2667544949459906
-1.0832851109512964,-2.053267905293714,-0.8382842205939496,-0.713985191299721,-0.05257480820650953,-0.966303193286565,1.672543794926189,-0.2544884306547635,-0.713985191299721,-0.18935256184712382,-0.21303769768270914,-0.1401098514754074,-0.358145440323592,0.5558682612033757
-0.9989390213668488,0.4870285058378622,1.7276430481413345,-0.30417319438364177,-0.06589759600423688,-0.966303193286565,1.672543794926189,1.5129284694496405,-0.30417319438364177,-0.18935256184712382,-0.21303769768270914,-0.1401098514754074,-0.358145440323592,-0.8659042062818543
-0.9145929317824011,0.4870285058378622,-0.8382842205939496,0.9252627963645961,-0.06589759600423688,1.034871877633807,1.672543794926189,1.5129284694496405,0.9252627963645961,-0.18935256184712382,-0.21303769768270914,-0.1401098514754074,-0.358145440323592,0.5558682612033757
0.4349445015687626,0.4870285058378622,0.4446794137736925,0.3105448009904772,-0.05257480820650953,1.034871877633807,-0.8024484737087255,1.5129284694496405,0.3105448009904772,-0.18935256184712382,-0.21303769768270914,-0.1401098514754074,2.792161751651698,-0.8659042062818543
-0.15547812552237153,0.4870285058378622,0.4446794137736925,0.5154507994485168,-0.06589759600423688,1.034871877633807,-0.8024484737087255,1.5129284694496405,0.5154507994485168,-0.18935256184712382,-0.21303769768270914,-0.1401098514754074,-0.358145440323592,0.5558682612033757
-0.7459007526135056,0.4870285058378622,1.7276430481413345,0.5154507994485168,-0.05257480820650953,1.034871877633807,-0.8024484737087255,-2.0219053307591675,0.5154507994485168,-0.18935256184712382,1.7533742503977268,-0.1401098514754074,-0.358145440323592,-0.8659042062818543
-0.7459007526135056,-2.053267905293714,-0.8382842205939496,-0.5090791928416813,-0.46558122993605694,-0.966303193286565,-0.8024484737087255,-0.2544884306547635,-0.5090791928416813,-0.18935256184712382,-0.21303769768270914,-0.1401098514754074,-0.358145440323592,2.6885269624312205
1.9531741140888217,0.4870285058378622,-0.8382842205939496,-0.5090791928416813,-0.6121318957110576,-0.966303193286565,0.4350476606087318,-0.2544884306547635,-0.5090791928416813,-0.18935256184712382,-0.21303769768270914,-0.1401098514754074,-0.358145440323592,0.5558682612033757
-0.9145929317824011,0.4870285058378622,1.7276430481413345,-0.713985191299721,-0.05257480820650953,-0.966303193286565,1.672543794926189,1.5129284694496405,-0.713985191299721,-0.18935256184712382,-0.21303769768270914,-0.1401098514754074,-0.358145440323592,-0.8659042062818543
0.6879827703221058,0.4870285058378622,0.4446794137736925,0.9252627963645961,-0.06589759600423688,1.034871877633807,-0.8024484737087255,1.5129284694496405,0.9252627963645961,-0.18935256184712382,-0.21303769768270914,-0.1401098514754074,-0.358145440323592,-0.8659042062818543
1.2784053974132399,0.4870285058378622,-0.8382842205939496,-0.713985191299721,-0.05257480820650953,-0.966303193286565,0.4350476606087318,-0.2544884306547635,-0.713985191299721,-0.18935256184712382,-0.21303769768270914,-0.1401098514754074,-0.358145440323592,-0.8659042062818543
0.5192905911532103,0.4870285058378622,1.7276430481413345,1.1301687948226358,-0.06589759600423688,1.034871877633807,-0.8024484737087255,1.5129284694496405,1.1301687948226358,2.103311910014095,-0.21303769768270914,3.913842240784374,-0.358145440323592,-0.8659042062818543
-1.251977290120192,0.4870285058378622,1.7276430481413345,-0.5090791928416813,0.3071404623321286,1.034871877633807,1.672543794926189,1.5129284694496405,-0.5090791928416813,-0.18935256184712382,-0.21303769768270914,1.8868661946544836,-0.358145440323592,-0.8659042062818543
1.0253671286598967,0.4870285058378622,0.4446794137736925,-0.5090791928416813,-0.05257480820650953,1.034871877633807,0.4350476606087318,-0.2544884306547635,-0.5090791928416813,-0.18935256184712382,-0.21303769768270914,-0.1401098514754074,-0.358145440323592,0.5558682612033757
-1.251977290120192,-2.053267905293714,0.4446794137736925,-0.0992671959256021,-0.00854614825704895,1.034871877633807,1.672543794926189,1.5129284694496405,-0.0992671959256021,6.688640853736533,-0.21303769768270914,-0.1401098514754074,-0.358145440323592,-0.8659042062818543
-0.4928624838601624,0.4870285058378622,0.4446794137736925,0.5154507994485168,-0.3456761397565109,1.034871877633807,-0.8024484737087255,-0.2544884306547635,0.5154507994485168,-0.18935256184712382,-0.21303769768270914,-0.1401098514754074,-0.358145440323592,-0.8659042062818543
-0.4085163942757147,-2.053267905293714,-0.8382842205939496,0.7203567979065565,-0.06589759600423688,1.034871877633807,-0.8024484737087255,-0.2544884306547635,0.7203567979065565,-0.18935256184712382,-0.21303769768270914,-0.1401098514754074,-0.358145440323592,-0.8659042062818543
-0.9145929317824011,0.4870285058378622,1.7276430481413345,2.3596047855708737,-0.06589759600423688,1.034871877633807,1.672543794926189,-2.0219053307591675,2.3596047855708737,11.273969797458971,1.7533742503977268,-0.1401098514754074,2.792161751651698,-0.8659042062818543
1.3627514869976876,0.4870285058378622,-0.8382842205939496,0.9252627963645961,-0.06589759600423688,1.034871877633807,0.4350476606087318,-0.2544884306547635,0.9252627963645961,-0.18935256184712382,-0.21303769768270914,-0.1401098514754074,-0.358145440323592,-0.8659042062818543
0.18190623281541937,0.4870285058378622,-0.8382842205939496,-0.5090791928416813,-0.06589759600423688,1.034871877633807,-0.8024484737087255,-0.2544884306547635,-0.5090791928416813,-0.18935256184712382,-0.21303769768270914,-0.1401098514754074,-0.358145440323592,1.2667544949459906
-1.251977290120192,0.4870285058378622,0.4446794137736925,-0.713985191299721,-0.05257480820650953,1.034871877633807,1.672543794926189,-2.0219053307591675,-0.713985191299721,-0.18935256184712382,-0.21303769768270914,-0.1401098514754074,2.792161751651698,-0.8659042062818543
-0.6615546630290579,0.4870285058378622,1.7276430481413345,0.3105448009904772,-0.05257480820650953,1.034871877633807,-0.8024484737087255,-2.0219053307591675,0.3105448009904772,-0.18935256184712382,-0.21303769768270914,-0.1401098514754074,-0.358145440323592,-0.8659042062818543
1.2784053974132399,0.4870285058378622,0.4446794137736925,4.61357076860931,-1.2782712855974245,1.034871877633807,0.4350476606087318,-0.2544884306547635,4.61357076860931,-0.18935256184712382,-0.21303769768270914,-0.1401098514754074,-0.358145440323592,0.5558682612033757
1.8688280245043738,0.4870285058378622,-0.8382842205939496,-0.713985191299721,-0.05257480820650953,1.034871877633807,0.4350476606087318,-0.2544884306547635,-0.713985191299721,-0.18935256184712382,-0.21303769768270914,-0.1401098514754074,-0.358145440323592,0.5558682612033757
-0.8302468421979533,-2.053267905293714,-0.8382842205939496,-0.5090791928416813,-0.06589759600423688,-0.966303193286565,-0.8024484737087255,-0.2544884306547635,-0.5090791928416813,-0.18935256184712382,-0.21303769768270914,-0.1401098514754074,-0.358145440323592,-0.8659042062818543
-0.9989390213668488,-2.053267905293714,0.4446794137736925,-0.713985191299721,-0.07922038380196421,1.034871877633807,1.672543794926189,1.5129284694496405,-0.713985191299721,-0.18935256184712382,-0.21303769768270914,-0.1401098514754074,-0.358145440323592,1.2667544949459906
-0.4085163942757147,0.4870285058378622,1.7276430481413345,0.9252627963645961,-0.06589759600423688,1.034871877633807,-0.8024484737087255,-2.0219053307591675,0.9252627963645961,-0.18935256184712382,-0.21303769768270914,-0.1401098514754074,2.792161751651698,-0.8659042062818543
0.18190623281541937,0.4870285058378622,0.4446794137736925,1.539980791738715,-0.06589759600423688,1.034871877633807,-0.8024484737087255,-0.2544884306547635,1.539980791738715,-0.18935256184712382,-0.21303769768270914,-0.1401098514754074,2.792161751651698,-0.8659042062818543
-1.1676312005357443,0.4870285058378622,1.7276430481413345,-0.5090791928416813,-0.15915711058832824,-0.966303193286565,1.672543794926189,-2.0219053307591675,-0.5090791928416813,-0.18935256184712382,-0.21303769768270914,-0.1401098514754074,-0.358145440323592,-0.8659042062818543
-0.9145929317824011,0.4870285058378622,-0.8382842205939496,-0.713985191299721,-0.06589759600423688,1.034871877633807,1.672543794926189,-0.2544884306547635,-0.713985191299721,-0.18935256184712382,-0.21303769768270914,-0.1401098514754074,-0.358145440323592,2.6885269624312205
2.459250651595508,0.4870285058378622,-0.8382842205939496,-0.5090791928416813,-0.15915711058832824,-0.966303193286565,0.4350476606087318,-0.2544884306547635,-0.5090791928416813,-0.18935256184712382,-0.21303769768270914,-0.1401098514754074,-0.358145440323592,1.2667544949459906
-0.9145929317824011,0.4870285058378622,0.4446794137736925,0.9252627963645961,-0.06589759600423688,1.034871877633807,1.672543794926189,1.5129284694496405,0.9252627963645961,-0.18935256184712382,-0.21303769768270914,-0.1401098514754074,-0.358145440323592,-0.8659042062818543
0.18190623281541937,0.4870285058378622,-0.8382842205939496,-0.5090791928416813,-0.06589759600423688,1.034871877633807,-0.8024484737087255,-0.2544884306547635,-0.5090791928416813,-0.18935256184712382,-0.21303769768270914,-0.1401098514754074,2.792161751651698,0.5558682612033757
1.194059307828792,0.4870285058378622,-0.8382842205939496,-0.30417319438364177,-0.06589759600423688,-0.966303193286565,0.4350476606087318,-0.2544884306547635,-0.30417319438364177,-0.18935256184712382,-0.21303769768270914,-0.1401098514754074,-0.358145440323592,-0.8659042062818543
1.531443666166583,-2.053267905293714,-0.8382842205939496,-0.713985191299721,-0.06589759600423688,-0.966303193286565,0.4350476606087318,-0.2544884306547635,-0.713985191299721,-0.18935256184712382,-0.21303769768270914,-0.1401098514754074,-0.358145440323592,0.5558682612033757
-0.9145929317824011,-2.053267905293714,0.4446794137736925,-0.713985191299721,-0.05257480820650953,-0.966303193286565,1.672543794926189,-0.2544884306547635,-0.713985191299721,-0.18935256184712382,-0.21303769768270914,-0.1401098514754074,-0.358145440323592,-0.8659042062818543
-1.251977290120192,0.4870285058378622,0.4446794137736925,-0.713985191299721,-0.06589759600423688,1.034871877633807,1.672543794926189,1.5129284694496405,-0.713985191299721,-0.18935256184712382,1.7533742503977268,-0.1401098514754074,-0.358145440323592,-0.8659042062818543
-0.15547812552237153,0.4870285058378622,1.7276430481413345,3.998852773235191,6.941888785600343,1.034871877633807,-0.8024484737087255,-2.0219053307591675,3.998852773235191,-0.18935256184712382,-0.21303769768270914,-0.1401098514754074,-0.358145440323592,-0.8659042062818543
0.6879827703221058,0.4870285058378622,0.4446794137736925,1.1301687948226358,-0.06589759600423688,1.034871877633807,-0.8024484737087255,-0.2544884306547635,1.1301687948226358,-0.18935256184712382,-0.21303769768270914,-0.1401098514754074,2.792161751651698,-0.8659042062818543
1.4470975765821352,0.4870285058378622,-0.8382842205939496,-0.713985191299721,-0.06589759600423688,1.034871877633807,0.4350476606087318,-0.2544884306547635,-0.713985191299721,-0.18935256184712382,-0.21303769768270914,-0.1401098514754074,-0.358145440323592,1.2667544949459906
0.013214053646523933,0.4870285058378622,0.4446794137736925,-0.5090791928416813,-0.06589759600423688,1.034871877633807,-0.8024484737087255,-0.2544884306547635,-0.5090791928416813,-0.18935256184712382,-0.21303769768270914,-0.1401098514754074,-0.358145440323592,-0.8659042062818543
-1.1676312005357443,0.4870285058378622,1.7276430481413345,0.3105448009904772,-0.1858026861837829,1.034871877633807,1.672543794926189,-2.0219053307591675,0.3105448009904772,-0.18935256184712382,-0.21303769768270914,-0.1401098514754074,2.792161751651698,0.5558682612033757
0.013214053646523933,0.4870285058378622,1.7276430481413345,1.3350747932806755,-0.05257480820650953,1.034871877633807,-0.8024484737087255,-0.2544884306547635,1.3350747932806755,-0.18935256184712382,-0.21303769768270914,-0.1401098514754074,2.792161751651698,-0.8659042062818543
-0.4085163942757147,0.4870285058378622,1.7276430481413345,1.539980791738715,-0.05257480820650953,-0.966303193286565,-0.8024484737087255,-2.0219053307591675,1.539980791738715,2.103311910014095,-0.21303769768270914,7.967794333044156,-0.358145440323592,-0.8659042062818543
-0.23982421510681926,0.4870285058378622,0.4446794137736925,0.5154507994485168,-0.06589759600423688,1.034871877633807,-0.8024484737087255,-0.2544884306547635,0.5154507994485168,-0.18935256184712382,-0.21303769768270914,-0.1401098514754074,2.792161751651698,-0.8659042062818543
-1.251977290120192,0.4870285058378622,1.7276430481413345,0.5154507994485168,-0.9851699540474232,1.034871877633807,1.672543794926189,-2.0219053307591675,0.5154507994485168,4.395976381875314,1.7533742503977268,7.967794333044156,-0.358145440323592,-0.8659042062818543
-0.9989390213668488,0.4870285058378622,0.4446794137736925,-0.30417319438364177,-0.07922038380196421,1.034871877633807,1.672543794926189,1.5129284694496405,-0.30417319438364177,2.103311910014095,3.719786198478163,-0.1401098514754074,-0.358145440323592,-0.8659042062818543
0.9410210390754489,0.4870285058378622,1.7276430481413345,1.1301687948226358,-0.06589759600423688,1.034871877633807,0.4350476606087318,1.5129284694496405,1.1301687948226358,-0.18935256184712382,1.7533742503977268,1.8868661946544836,-0.358145440323592,-0.8659042062818543
-0.9145929317824011,-2.053267905293714,-0.8382842205939496,-0.5090791928416813,-0.07922038380196421,-0.966303193286565,1.672543794926189,-0.2544884306547635,-0.5090791928416813,-0.18935256184712382,-0.21303769768270914,-0.1401098514754074,-0.358145440323592,1.2667544949459906
-0.4085163942757147,0.4870285058378622,0.4446794137736925,-0.5090791928416813,-0.06589759600423688,-0.966303193286565,-0.8024484737087255,-0.2544884306547635,-0.5090791928416813,-0.18935256184712382,-0.21303769768270914,-0.1401098514754074,-0.358145440323592,0.5558682612033757
-0.9145929317824011,0.4870285058378622,-0.8382842205939496,-0.5090791928416813,-0.5321951689246937,-0.966303193286565,1.672543794926189,-0.2544884306547635,-0.5090791928416813,-0.18935256184712382,-0.21303769768270914,-0.1401098514754074,-0.358145440323592,0.5558682612033757
-0.9989390213668488,0.4870285058378622,-0.8382842205939496,-0.713985191299721,-0.05257480820650953,-0.966303193286565,1.672543794926189,-0.2544884306547635,-0.713985191299721,-0.18935256184712382,-0.21303769768270914,-0.1401098514754074,-0.358145440323592,-0.8659042062818543
-0.4928624838601624,0.4870285058378622,0.4446794137736925,0.9252627963645961,-0.06589759600423688,1.034871877633807,-0.8024484737087255,1.5129284694496405,0.9252627963645961,-0.18935256184712382,-0.21303769768270914,-0.1401098514754074,2.792161751651698,2.6885269624312205
-0.9145929317824011,-2.053267905293714,1.7276430481413345,-0.30417319438364177,-0.07922038380196421,-0.966303193286565,1.672543794926189,-0.2544884306547635,-0.30417319438364177,-0.18935256184712382,1.7533742503977268,-0.1401098514754074,-0.358145440323592,0.5558682612033757
-0.4928624838601624,0.4870285058378622,1.7276430481413345,0.9252627963645961,-0.06589759600423688,1.034871877633807,-0.8024484737087255,-0.2544884306547635,0.9252627963645961,-0.18935256184712382,-0.21303769768270914,-0.1401098514754074,-0.358145440323592,-0.8659042062818543
-1.1676312005357443,0.4870285058378622,0.4446794137736925,-0.713985191299721,-0.06589759600423688,-0.966303193286565,1.672543794926189,1.5129284694496405,-0.713985191299721,-0.18935256184712382,-0.21303769768270914,-0.1401098514754074,-0.358145440323592,-0.8659042062818543
-0.07113203593792379,0.4870285058378622,-0.8382842205939496,-0.713985191299721,-0.06589759600423688,1.034871877633807,-0.8024484737087255,-0.2544884306547635,-0.713985191299721,-0.18935256184712382,-0.21303769768270914,-0.1401098514754074,2.792161751651698,-0.8659042062818543
-1.0832851109512964,0.4870285058378622,1.7276430481413345,-0.713985191299721,-0.05257480820650953,-0.966303193286565,1.672543794926189,1.5129284694496405,-0.713985191299721,-0.18935256184712382,-0.21303769768270914,-0.1401098514754074,-0.358145440323592,-0.8659042062818543
2.037520203673269,0.4870285058378622,-0.8382842205939496,-0.713985191299721,-0.06589759600423688,-0.966303193286565,0.4350476606087318,-0.2544884306547635,-0.713985191299721,-0.18935256184712382,-0.21303769768270914,-0.1401098514754074,-0.358145440323592,0.5558682612033757
-0.4928624838601624,0.4870285058378622,1.7276430481413345,2.564510784028913,-0.06589759600423688,-0.966303193286565,-0.8024484737087255,1.5129284694496405,2.564510784028913,2.103311910014095,-0.21303769768270914,-0.1401098514754074,-0.358145440323592,-0.8659042062818543
1.4470975765821352,-2.053267905293714,-0.8382842205939496,-0.0992671959256021,-0.05257480820650953,-0.966303193286565,0.4350476606087318,-0.2544884306547635,-0.0992671959256021,-0.18935256184712382,-0.21303769768270914,-0.1401098514754074,-0.358145440323592,-0.8659042062818543
-0.5772085734446102,0.4870285058378622,-0.8382842205939496,-0.5090791928416813,-0.06589759600423688,-0.966303193286565,-0.8024484737087255,-0.2544884306547635,-0.5090791928416813,-0.18935256184712382,-0.21303769768270914,-0.1401098514754074,-0.358145440323592,0.5558682612033757
-0.9989390213668488,0.4870285058378622,-0.8382842205939496,-0.713985191299721,-0.06589759600423688,1.034871877633807,1.672543794926189,1.5129284694496405,-0.713985191299721,-0.18935256184712382,-0.21303769768270914,-0.1401098514754074,-0.358145440323592,-0.8659042062818543
0.9410210390754489,0.4870285058378622,-0.8382842205939496,-0.713985191299721,-0.06589759600423688,1.034871877633807,0.4350476606087318,-0.2544884306547635,-0.713985191299721,-0.18935256184712382,-0.21303769768270914,-0.1401098514754074,-0.358145440323592,0.5558682612033757
0.013214053646523933,0.4870285058378622,0.4446794137736925,0.3105448009904772,-0.06589759600423688,1.034871877633807,-0.8024484737087255,1.5129284694496405,0.3105448009904772,-0.18935256184712382,-0.21303769768270914,-0.1401098514754074,2.792161751651698,1.2667544949459906
-0.6615546630290579,0.4870285058378622,0.4446794137736925,1.539980791738715,-0.06589759600423688,1.034871877633807,-0.8024484737087255,1.5129284694496405,1.539980791738715,-0.18935256184712382,-0.21303769768270914,-0.1401098514754074,-0.358145440323592,-0.8659042062818543
-1.251977290120192,0.4870285058378622,-0.8382842205939496,-0.713985191299721,-0.06589759600423688,1.034871877633807,1.672543794926189,1.5129284694496405,-0.713985191299721,-0.18935256184712382,-0.21303769768270914,-0.1401098514754074,-0.358145440323592,2.6885269624312205
-1.0832851109512964,0.4870285058378622,1.7276430481413345,-0.0992671959256021,0.6135645816798574,1.034871877633807,1.672543794926189,1.5129284694496405,-0.0992671959256021,-0.18935256184712382,-0.21303769768270914,-0.1401098514754074,-0.358145440323592,-0.8659042062818543
-0.9145929317824011,0.4870285058378622,-0.8382842205939496,-0.713985191299721,-0.05257480820650953,-0.966303193286565,1.672543794926189,-0.2544884306547635,-0.713985191299721,-0.18935256184712382,-0.21303769768270914,-0.1401098514754074,-0.358145440323592,2.6885269624312205
-0.23982421510681926,0.4870285058378622,-0.8382842205939496,0.10563880253243754,-0.06589759600423688,1.034871877633807,-0.8024484737087255,-0.2544884306547635,0.10563880253243754,-0.18935256184712382,-0.21303769768270914,-0.1401098514754074,-0.358145440323592,-0.8659042062818543
0.9410210390754489,0.4870285058378622,-0.8382842205939496,-0.713985191299721,-0.06589759600423688,-0.966303193286565,0.4350476606087318,-0.2544884306547635,-0.713985191299721,-0.18935256184712382,-0.21303769768270914,-0.1401098514754074,-0.358145440323592,0.5558682612033757
5.158325518297835,0.4870285058378622,-0.8382842205939496,-0.30417319438364177,-0.09254317159969154,1.034871877633807,0.4350476606087318,-0.2544884306547635,-0.30417319438364177,-0.18935256184712382,-0.21303769768270914,-0.1401098514754074,-0.358145440323592,1.2667544949459906
-0.23982421510681926,0.4870285058378622,1.7276430481413345,1.7448867901967549,-0.06589759600423688,1.034871877633807,-0.8024484737087255,1.5129284694496405,1.7448867901967549,-0.18935256184712382,-0.21303769768270914,-0.1401098514754074,-0.358145440323592,-0.8659042062818543
-0.9145929317824011,0.4870285058378622,1.7276430481413345,-0.713985191299721,-0.06589759600423688,-0.966303193286565,1.672543794926189,1.5129284694496405,-0.713985191299721,-0.18935256184712382,-0.21303769768270914,-0.1401098514754074,-0.358145440323592,0.5558682612033757
1.4470975765821352,-2.053267905293714,-0.8382842205939496,0.5154507994485168,-0.2257710495769649,-0.966303193286565,0.4350476606087318,-0.2544884306547635,0.5154507994485168,-0.18935256184712382,-0.21303769768270914,-0.1401098514754074,-0.358145440323592,0.5558682612033757
1.194059307828792,0.4870285058378622,0.4446794137736925,0.9252627963645961,-0.05257480820650953,1.034871877633807,0.4350476606087318,-0.2544884306547635,0.9252627963645961,-0.18935256184712382,-0.21303769768270914,-0.1401098514754074,-0.358145440323592,0.5558682612033757
-0.23982421510681926,0.4870285058378622,1.7276430481413345,1.539980791738715,1.9325205736548638,1.034871877633807,-0.8024484737087255,-2.0219053307591675,1.539980791738715,-0.18935256184712382,-0.21303769768270914,1.8868661946544836,-0.358145440323592,0.5558682612033757
-0.8302468421979533,-2.053267905293714,-0.8382842205939496,-0.713985191299721,-0.06589759600423688,-0.966303193286565,-0.8024484737087255,-0.2544884306547635,-0.713985191299721,-0.18935256184712382,1.7533742503977268,-0.1401098514754074,-0.358145440323592,-0.8659042062818543
-0.07113203593792379,0.4870285058378622,-0.8382842205939496,0.3105448009904772,-0.06589759600423688,-0.966303193286565,-0.8024484737087255,-0.2544884306547635,0.3105448009904772,-0.18935256184712382,-0.21303769768270914,-0.1401098514754074,-0.358145440323592,-0.8659042062818543
-0.9989390213668488,0.4870285058378622,1.7276430481413345,0.5154507994485168,-0.06589759600423688,1.034871877633807,1.672543794926189,-2.0219053307591675,0.5154507994485168,-0.18935256184712382,1.7533742503977268,-0.1401098514754074,2.792161751651698,-0.8659042062818543
-0.15547812552237153,0.4870285058378622,-0.8382842205939496,0.3105448009904772,-0.05257480820650953,-0.966303193286565,-0.8024484737087255,-0.2544884306547635,0.3105448009904772,-0.18935256184712382,-0.21303769768270914,-0.1401098514754074,-0.358145440323592,-0.8659042062818543
-1.1676312005357443,0.4870285058378622,-0.8382842205939496,-0.5090791928416813,-4.062733935322438,-0.966303193286565,1.672543794926189,1.5129284694496405,-0.5090791928416813,-0.18935256184712382,-0.21303769768270914,-0.1401098514754074,-0.358145440323592,0.5558682612033757
0.2662523223998671,0.4870285058378622,-0.8382842205939496,0.9252627963645961,-0.47890401773378427,-0.966303193286565,-0.8024484737087255,-0.2544884306547635,0.9252627963645961,-0.18935256184712382,-0.21303769768270914,-0.1401098514754074,-0.358145440323592,0.5558682612033757
-0.9145929317824011,0.4870285058378622,1.7276430481413345,1.1301687948226358,-0.06589759600423688,1.034871877633807,1.672543794926189,-2.0219053307591675,1.1301687948226358,2.103311910014095,-0.21303769768270914,-0.1401098514754074,2.792161751651698,2.6885269624312205
0.18190623281541937,0.4870285058378622,-0.8382842205939496,-0.713985191299721,-0.05257480820650953,-0.966303193286565,-0.8024484737087255,-0.2544884306547635,-0.713985191299721,-0.18935256184712382,-0.21303769768270914,-0.1401098514754074,-0.358145440323592,0.5558682612033757
-0.23982421510681926,0.4870285058378622,1.7276430481413345,-0.30417319438364177,-0.05257480820650953,-0.966303193286565,-0.8024484737087255,1.5129284694496405,-0.30417319438364177,-0.18935256184712382,-0.21303769768270914,-0.1401098514754074,-0.358145440323592,-0.8659042062818543
0.013214053646523933,-2.053267905293714,-0.8382842205939496,-0.30417319438364177,-0.00854614825704895,-0.966303193286565,-0.8024484737087255,-0.2544884306547635,-0.30417319438364177,-0.18935256184712382,-0.21303769768270914,-0.1401098514754074,-0.358145440323592,0.5558682612033757
0.4349445015687626,0.4870285058378622,-0.8382842205939496,-0.713985191299721,-0.06589759600423688,1.034871877633807,-0.8024484737087255,-0.2544884306547635,-0.713985191299721,-0.18935256184712382,-0.21303769768270914,-0.1401098514754074,-0.358145440323592,0.5558682612033757
-0.8302468421979533,0.4870285058378622,1.7276430481413345,3.5890407763191114,-0.05257480820650953,1.034871877633807,-0.8024484737087255,-2.0219053307591675,3.5890407763191114,29.615285572348718,1.7533742503977268,-0.1401098514754074,-0.358145440323592,-0.8659042062818543
0.9410210390754489,0.4870285058378622,-0.8382842205939496,-0.30417319438364177,-0.23909383737469223,-0.966303193286565,0.4350476606087318,-0.2544884306547635,-0.30417319438364177,-0.18935256184712382,-0.21303769768270914,-0.1401098514754074,-0.358145440323592,0.5558682612033757
1.4470975765821352,0.4870285058378622,-0.8382842205939496,-0.30417319438364177,-0.06589759600423688,-0.966303193286565,0.4350476606087318,-0.2544884306547635,-0.30417319438364177,-0.18935256184712382,-0.21303769768270914,-0.1401098514754074,-0.358145440323592,2.6885269624312205
-0.8302468421979533,0.4870285058378622,-0.8382842205939496,-0.5090791928416813,-1.4647903147656074,-0.966303193286565,-0.8024484737087255,-0.2544884306547635,-0.5090791928416813,-0.18935256184712382,-0.21303769768270914,-0.1401098514754074,-0.358145440323592,1.2667544949459906
-0.8302468421979533,0.4870285058378622,0.4446794137736925,0.10563880253243754,-2.317448733820157,-0.966303193286565,-0.8024484737087255,-2.0219053307591675,0.10563880253243754,-0.18935256184712382,-0.21303769768270914,-0.1401098514754074,-0.358145440323592,-0.8659042062818543
-0.6615546630290579,0.4870285058378622,1.7276430481413345,1.9497927886547946,-0.06589759600423688,1.034871877633807,-0.8024484737087255,-2.0219053307591675,1.9497927886547946,-0.18935256184712382,-0.21303769768270914,-0.1401098514754074,2.792161751651698,-0.8659042062818543
-0.4085163942757147,0.4870285058378622,1.7276430481413345,2.3596047855708737,-0.06589759600423688,1.034871877633807,-0.8024484737087255,-2.0219053307591675,2.3596047855708737,-0.18935256184712382,3.719786198478163,1.8868661946544836,-0.358145440323592,-0.8659042062818543
-0.07113203593792379,-2.053267905293714,1.7276430481413345,-0.713985191299721,-0.06589759600423688,1.034871877633807,-0.8024484737087255,-0.2544884306547635,-0.713985191299721,-0.18935256184712382,-0.21303769768270914,-0.1401098514754074,-0.358145440323592,0.5558682612033757
0.5192905911532103,0.4870285058378622,-0.8382842205939496,-0.30417319438364177,-0.6787458346996944,-0.966303193286565,-0.8024484737087255,-0.2544884306547635,-0.30417319438364177,-0.18935256184712382,-0.21303769768270914,-0.1401098514754074,-0.358145440323592,0.5558682612033757
2.206212382842165,0.4870285058378622,-0.8382842205939496,0.10563880253243754,-0.06589759600423688,-0.966303193286565,0.4350476606087318,-0.2544884306547635,0.10563880253243754,-0.18935256184712382,-0.21303769768270914,-0.1401098514754074,-0.358145440323592,0.5558682612033757
0.8566749494910012,0.4870285058378622,-0.8382842205939496,-0.30417319438364177,-0.06589759600423688,-0.966303193286565,0.4350476606087318,-0.2544884306547635,-0.30417319438364177,-0.18935256184712382,-0.21303769768270914,-0.1401098514754074,-0.358145440323592,1.2667544949459906
1.531443666166583,0.4870285058378622,-0.8382842205939496,-0.5090791928416813,3.7177741385503267,-0.966303193286565,0.4350476606087318,-0.2544884306547635,-0.5090791928416813,-0.18935256184712382,-0.21303769768270914,-0.1401098514754074,-0.358145440323592,0.5558682612033757
-0.07113203593792379,0.4870285058378622,-0.8382842205939496,0.10563880253243754,-0.06589759600423688,-0.966303193286565,-0.8024484737087255,-0.2544884306547635,0.10563880253243754,-0.18935256184712382,-0.21303769768270914,-0.1401098514754074,-0.358145440323592,-0.8659042062818543
0.18190623281541937,0.4870285058378622,1.7276430481413345,0.9252627963645961,-0.8919104394633318,1.034871877633807,-0.8024484737087255,-0.2544884306547635,0.9252627963645961,-0.18935256184712382,-0.21303769768270914,-0.1401098514754074,-0.358145440323592,0.5558682612033757
-0.5772085734446102,0.4870285058378622,-0.8382842205939496,-0.0992671959256021,-0.06589759600423688,-0.966303193286565,-0.8024484737087255,-0.2544884306547635,-0.0992671959256021,-0.18935256184712382,-0.21303769768270914,-0.1401098514754074,-0.358145440323592,-0.8659042062818543
0.5192905911532103,0.4870285058378622,1.7276430481413345,0.7203567979065565,-0.06589759600423688,-0.966303193286565,-0.8024484737087255,-0.2544884306547635,0.7203567979065565,-0.18935256184712382,-0.21303769768270914,-0.1401098514754074,-0.358145440323592,-0.8659042062818543
-0.15547812552237153,-2.053267905293714,0.4446794137736925,-0.0992671959256021,-0.06589759600423688,1.034871877633807,-0.8024484737087255,-0.2544884306547635,-0.0992671959256021,-0.18935256184712382,-0.21303769768270914,-0.1401098514754074,-0.358145440323592,-0.8659042062818543
0.603636680737658,0.4870285058378622,0.4446794137736925,-0.713985191299721,-0.05257480820650953,1.034871877633807,-0.8024484737087255,-0.2544884306547635,-0.713985191299721,-0.18935256184712382,-0.21303769768270914,-0.1401098514754074,-0.358145440323592,-0.8659042062818543
-0.4085163942757147,0.4870285058378622,-0.8382842205939496,-0.30417319438364177,-0.00854614825704895,1.034871877633807,-0.8024484737087255,-0.2544884306547635,-0.30417319438364177,-0.18935256184712382,-0.21303769768270914,-0.1401098514754074,-0.358145440323592,-0.8659042062818543
0.6879827703221058,0.4870285058378622,0.4446794137736925,0.7203567979065565,-0.06589759600423688,1.034871877633807,-0.8024484737087255,1.5129284694496405,0.7203567979065565,-0.18935256184712382,-0.21303769768270914,-0.1401098514754074,-0.358145440323592,-0.8659042062818543
0.09756014323097166,0.4870285058378622,1.7276430481413345,0.10563880253243754,-0.00854614825704895,-0.966303193286565,-0.8024484737087255,1.5129284694496405,0.10563880253243754,-0.18935256184712382,-0.21303769768270914,-0.1401098514754074,-0.358145440323592,-0.8659042062818543
-0.4085163942757147,-2.053267905293714,0.4446794137736925,0.3105448009904772,-2.290803158224702,1.034871877633807,-0.8024484737087255,-0.2544884306547635,0.3105448009904772,-0.18935256184712382,-0.21303769768270914,-0.1401098514754074,2.792161751651698,0.5558682612033757
-0.7459007526135056,0.4870285058378622,-0.8382842205939496,-0.0992671959256021,-0.33235335195878357,1.034871877633807,-0.8024484737087255,-0.2544884306547635,-0.0992671959256021,-0.18935256184712382,-0.21303769768270914,-0.1401098514754074,-0.358145440323592,-0.8659042062818543
0.18190623281541937,0.4870285058378622,1.7276430481413345,1.7448867901967549,-0.05257480820650953,1.034871877633807,-0.8024484737087255,-2.0219053307591675,1.7448867901967549,-0.18935256184712382,-0.21303769768270914,-0.1401098514754074,-0.358145440323592,-0.8659042062818543
-0.9145929317824011,-2.053267905293714,0.4446794137736925,-0.30417319438364177,-0.05257480820650953,1.034871877633807,1.672543794926189,-0.2544884306547635,-0.30417319438364177,-0.18935256184712382,-0.21303769768270914,-0.1401098514754074,-0.358145440323592,-0.8659042062818543
1.531443666166583,0.4870285058378622,-0.8382842205939496,-0.713985191299721,-0.06589759600423688,-0.966303193286565,0.4350476606087318,-0.2544884306547635,-0.713985191299721,-0.18935256184712382,-0.21303769768270914,-0.1401098514754074,-0.358145440323592,0.5558682612033757
-0.7459007526135056,-2.053267905293714,0.4446794137736925,-0.5090791928416813,-0.06589759600423688,1.034871877633807,-0.8024484737087255,-0.2544884306547635,-0.5090791928416813,-0.18935256184712382,-0.21303769768270914,-0.1401098514754074,-0.358145440323592,-0.8659042062818543
-0.4928624838601624,0.4870285058378622,-0.8382842205939496,-0.713985191299721,-0.06589759600423688,1.034871877633807,-0.8024484737087255,-0.2544884306547635,-0.713985191299721,-0.18935256184712382,-0.21303769768270914,-0.1401098514754074,-0.358145440323592,-0.8659042062818543
-1.251977290120192,-2.053267905293714,1.7276430481413345,-0.5090791928416813,-0.05257480820650953,-0.966303193286565,1.672543794926189,-2.0219053307591675,-0.5090791928416813,-0.18935256184712382,-0.21303769768270914,1.8868661946544836,-0.358145440323592,-0.8659042062818543
-0.23982421510681926,0.4870285058378622,-0.8382842205939496,-0.30417319438364177,-0.06589759600423688,-0.966303193286565,-0.8024484737087255,-0.2544884306547635,-0.30417319438364177,-0.18935256184712382,-0.21303769768270914,-0.1401098514754074,-0.358145440323592,0.5558682612033757
-0.8302468421979533,0.4870285058378622,-0.8382842205939496,-0.5090791928416813,-0.06589759600423688,-0.966303193286565,-0.8024484737087255,1.5129284694496405,-0.5090791928416813,-0.18935256184712382,-0.21303769768270914,-0.1401098514754074,-0.358145440323592,0.5558682612033757
-0.7459007526135056,0.4870285058378622,-0.8382842205939496,-0.5090791928416813,-0.00854614825704895,-0.966303193286565,-0.8024484737087255,-0.2544884306547635,-0.5090791928416813,-0.18935256184712382,-0.21303769768270914,-0.1401098514754074,-0.358145440323592,1.2667544949459906
-0.32417030469126695,0.4870285058378622,-0.8382842205939496,-0.713985191299721,-0.06589759600423688,-0.966303193286565,-0.8024484737087255,-0.2544884306547635,-0.713985191299721,-0.18935256184712382,-0.21303769768270914,-0.1401098514754074,-0.358145440323592,-0.8659042062818543
-0.8302468421979533,0.4870285058378622,0.4446794137736925,-0.30417319438364177,-0.06589759600423688,1.034871877633807,-0.8024484737087255,-0.2544884306547635,-0.30417319438364177,-0.18935256184712382,-0.21303769768270914,-0.1401098514754074,-0.358145440323592,1.2667544949459906
-0.8302468421979533,0.4870285058378622,1.7276430481413345,-0.0992671959256021,-0.06589759600423688,1.034871877633807,-0.8024484737087255,-2.0219053307591675,-0.0992671959256021,2.103311910014095,1.7533742503977268,-0.1401098514754074,2.792161751651698,-0.8659042062818543
0.6879827703221058,0.4870285058378622,1.7276430481413345,2.3596047855708737,-0.06589759600423688,1.034871877633807,-0.8024484737087255,1.5129284694496405,2.3596047855708737,-0.18935256184712382,-0.21303769768270914,-0.1401098514754074,2.792161751651698,-0.8659042062818543
-0.4928624838601624,0.4870285058378622,1.7276430481413345,0.3105448009904772,-0.00854614825704895,-0.966303193286565,-0.8024484737087255,-2.0219053307591675,0.3105448009904772,-0.18935256184712382,-0.21303769768270914,-0.1401098514754074,-0.358145440323592,-0.8659042062818543
2.5435967411799556,0.4870285058378622,1.7276430481413345,1.539980791738715,-0.00854614825704895,-0.966303193286565,0.4350476606087318,-0.2544884306547635,1.539980791738715,-0.18935256184712382,-0.21303769768270914,-0.1401098514754074,-0.358145440323592,-0.8659042062818543
-0.8302468421979533,0.4870285058378622,1.7276430481413345,0.3105448009904772,-0.06589759600423688,-0.966303193286565,-0.8024484737087255,-2.0219053307591675,0.3105448009904772,-0.18935256184712382,-0.21303769768270914,-0.1401098514754074,-0.358145440323592,-0.8659042062818543
0.09756014323097166,0.4870285058378622,-0.8382842205939496,-0.713985191299721,-0.06589759600423688,-0.966303193286565,-0.8024484737087255,-0.2544884306547635,-0.713985191299721,-0.18935256184712382,-0.21303769768270914,-0.1401098514754074,-0.358145440323592,-0.8659042062818543
-0.9989390213668488,0.4870285058378622,-0.8382842205939496,-0.5090791928416813,-0.06589759600423688,-0.966303193286565,1.672543794926189,-0.2544884306547635,-0.5090791928416813,2.103311910014095,-0.21303769768270914,-0.1401098514754074,-0.358145440323592,0.5558682612033757
-0.5772085734446102,0.4870285058378622,0.4446794137736925,1.3350747932806755,-0.06589759600423688,1.034871877633807,-0.8024484737087255,1.5129284694496405,1.3350747932806755,-0.18935256184712382,-0.21303769768270914,-0.1401098514754074,-0.358145440323592,-0.8659042062818543
-0.9989390213668488,0.4870285058378622,1.7276430481413345,-0.713985191299721,-0.06589759600423688,1.034871877633807,1.672543794926189,1.5129284694496405,-0.713985191299721,-0.18935256184712382,-0.21303769768270914,-0.1401098514754074,2.792161751651698,-0.8659042062818543
-0.9989390213668488,-2.053267905293714,-0.8382842205939496,-0.713985191299721,-0.05257480820650953,-0.966303193286565,1.672543794926189,-0.2544884306547635,-0.713985191299721,-0.18935256184712382,-0.21303769768270914,-0.1401098514754074,-0.358145440323592,-0.8659042062818543
-0.7459007526135056,0.4870285058378622,-0.8382842205939496,-0.713985191299721,-0.06589759600423688,1.034871877633807,-0.8024484737087255,-0.2544884306547635,-0.713985191299721,-0.18935256184712382,-0.21303769768270914,-0.1401098514754074,-0.358145440323592,0.5558682612033757
0.35059841198431485,0.4870285058378622,-0.8382842205939496,0.5154507994485168,-0.06589759600423688,1.034871877633807,-0.8024484737087255,-0.2544884306547635,0.5154507994485168,-0.18935256184712382,-0.21303769768270914,-0.1401098514754074,-0.358145440323592,-0.8659042062818543
1.4470975765821352,-2.053267905293714,-0.8382842205939496,-0.0992671959256021,-0.38564450314969295,-0.966303193286565,0.4350476606087318,-0.2544884306547635,-0.0992671959256021,-0.18935256184712382,-0.21303769768270914,-0.1401098514754074,-0.358145440323592,0.5558682612033757
-0.6615546630290579,0.4870285058378622,-0.8382842205939496,-0.5090791928416813,-0.5988091079133303,-0.966303193286565,-0.8024484737087255,-0.2544884306547635,-0.5090791928416813,-0.18935256184712382,-0.21303769768270914,-0.1401098514754074,-0.358145440323592,1.2667544949459906
2.5435967411799556,0.4870285058378622,-0.8382842205939496,-0.713985191299721,-0.05257480820650953,-0.966303193286565,0.4350476606087318,-0.2544884306547635,-0.713985191299721,-0.18935256184712382,-0.21303769768270914,-0.1401098514754074,-0.358145440323592,0.5558682612033757
2.121866293257717,0.4870285058378622,0.4446794137736925,1.9497927886547946,-0.06589759600423688,1.034871877633807,0.4350476606087318,-0.2544884306547635,1.9497927886547946,-0.18935256184712382,-0.21303769768270914,-0.1401098514754074,-0.358145440323592,-0.8659042062818543
-0.15547812552237153,-2.053267905293714,1.7276430481413345,-0.713985191299721,-0.06589759600423688,-0.966303193286565,-0.8024484737087255,1.5129284694496405,-0.713985191299721,-0.18935256184712382,-0.21303769768270914,-0.1401098514754074,-0.358145440323592,-0.8659042062818543
0.5192905911532103,0.4870285058378622,-0.8382842205939496,-0.713985191299721,-0.09254317159969154,1.034871877633807,-0.8024484737087255,-0.2544884306547635,-0.713985191299721,-0.18935256184712382,-0.21303769768270914,-0.1401098514754074,-0.358145440323592,1.2667544949459906
-0.23982421510681926,0.4870285058378622,1.7276430481413345,-0.713985191299721,-0.05257480820650953,-0.966303193286565,-0.8024484737087255,1.5129284694496405,-0.713985191299721,-0.18935256184712382,-0.21303769768270914,-0.1401098514754074,-0.358145440323592,-0.8659042062818543
-0.07113203593792379,0.4870285058378622,0.4446794137736925,-0.5090791928416813,-0.06589759600423688,-0.966303193286565,-0.8024484737087255,-0.2544884306547635,-0.5090791928416813,-0.18935256184712382,-0.21303769768270914,-0.1401098514754074,-0.358145440323592,-0.8659042062818543
-0.4085163942757147,0.4870285058378622,-0.8382842205939496,-0.713985191299721,-0.06589759600423688,-0.966303193286565,-0.8024484737087255,-0.2544884306547635,-0.713985191299721,-0.18935256184712382,-0.21303769768270914,-0.1401098514754074,-0.358145440323592,2.6885269624312205
-0.32417030469126695,-2.053267905293714,-0.8382842205939496,-0.713985191299721,-0.06589759600423688,1.034871877633807,-0.8024484737087255,-0.2544884306547635,-0.713985191299721,-0.18935256184712382,-0.21303769768270914,-0.1401098514754074,-0.358145440323592,0.5558682612033757
-1.251977290120192,-2.053267905293714,1.7276430481413345,-0.713985191299721,-0.06589759600423688,1.034871877633807,1.672543794926189,-2.0219053307591675,-0.713985191299721,-0.18935256184712382,-0.21303769768270914,-0.1401098514754074,-0.358145440323592,0.5558682612033757
-0.9989390213668488,0.4870285058378622,0.4446794137736925,-0.30417319438364177,-0.06589759600423688,1.034871877633807,1.672543794926189,-0.2544884306547635,-0.30417319438364177,-0.18935256184712382,-0.21303769768270914,-0.1401098514754074,-0.358145440323592,1.2667544949459906
0.35059841198431485,0.4870285058378622,-0.8382842205939496,-0.0992671959256021,-0.33235335195878357,-0.966303193286565,-0.8024484737087255,-0.2544884306547635,-0.0992671959256021,-0.18935256184712382,-0.21303769768270914,-0.1401098514754074,-0.358145440323592,1.2667544949459906
-0.23982421510681926,0.4870285058378622,1.7276430481413345,-0.30417319438364177,-0.00854614825704895,-0.966303193286565,-0.8024484737087255,-2.0219053307591675,-0.30417319438364177,-0.18935256184712382,-0.21303769768270914,-0.1401098514754074,-0.358145440323592,-0.8659042062818543
-0.6615546630290579,0.4870285058378622,0.4446794137736925,-0.5090791928416813,-0.06589759600423688,1.034871877633807,-0.8024484737087255,-0.2544884306547635,-0.5090791928416813,-0.18935256184712382,1.7533742503977268,-0.1401098514754074,-0.358145440323592,0.5558682612033757
-1.0832851109512964,0.4870285058378622,-0.8382842205939496,-0.713985191299721,-0.06589759600423688,-0.966303193286565,1.672543794926189,1.5129284694496405,-0.713985191299721,-0.18935256184712382,-0.21303769768270914,-0.1401098514754074,-0.358145440323592,-0.8659042062818543
-0.5772085734446102,0.4870285058378622,-0.8382842205939496,-0.713985191299721,-0.06589759600423688,-0.966303193286565,-0.8024484737087255,-0.2544884306547635,-0.713985191299721,-0.18935256184712382,-0.21303769768270914,-0.1401098514754074,-0.358145440323592,0.5558682612033757
-0.4928624838601624,0.4870285058378622,-0.8382842205939496,0.5154507994485168,9.300022225798081,-0.966303193286565,-0.8024484737087255,-0.2544884306547635,0.5154507994485168,-0.18935256184712382,-0.21303769768270914,-0.1401098514754074,-0.358145440323592,-0.8659042062818543
-0.15547812552237153,0.4870285058378622,-0.8382842205939496,-0.30417319438364177,-0.06589759600423688,-0.966303193286565,-0.8024484737087255,-0.2544884306547635,-0.30417319438364177,-0.18935256184712382,-0.21303769768270914,-0.1401098514754074,-0.358145440323592,-0.8659042062818543
0.603636680737658,0.4870285058378622,-0.8382842205939496,-0.5090791928416813,-0.05257480820650953,-0.966303193286565,-0.8024484737087255,-0.2544884306547635,-0.5090791928416813,-0.18935256184712382,-0.21303769768270914,-0.1401098514754074,-0.358145440323592,-0.8659042062818543
1.4470975765821352,0.4870285058378622,0.4446794137736925,1.9497927886547946,-0.06589759600423688,1.034871877633807,0.4350476606087318,1.5129284694496405,1.9497927886547946,-0.18935256184712382,-0.21303769768270914,-0.1401098514754074,-0.358145440323592,2.6885269624312205
0.6879827703221058,0.4870285058378622,-0.8382842205939496,-0.713985191299721,-0.06589759600423688,1.034871877633807,-0.8024484737087255,-0.2544884306547635,-0.713985191299721,-0.18935256184712382,-0.21303769768270914,-0.1401098514754074,2.792161751651698,-0.8659042062818543
1.8688280245043738,-2.053267905293714,-0.8382842205939496,-0.713985191299721,-0.11918874719514622,-0.966303193286565,0.4350476606087318,-0.2544884306547635,-0.713985191299721,-0.18935256184712382,-0.21303769768270914,-0.1401098514754074,-0.358145440323592,0.5558682612033757
-0.4928624838601624,-2.053267905293714,0.4446794137736925,1.1301687948226358,-0.06589759600423688,1.034871877633807,-0.8024484737087255,1.5129284694496405,1.1301687948226358,-0.18935256184712382,-0.21303769768270914,-0.1401098514754074,-0.358145440323592,-0.8659042062818543
0.7723288599065534,0.4870285058378622,-0.8382842205939496,0.3105448009904772,-0.6787458346996944,-0.966303193286565,-0.8024484737087255,-0.2544884306547635,0.3105448009904772,-0.18935256184712382,-0.21303769768270914,-0.1401098514754074,-0.358145440323592,0.5558682612033757
0.4349445015687626,-2.053267905293714,-0.8382842205939496,0.10563880253243754,-0.06589759600423688,1.034871877633807,-0.8024484737087255,-0.2544884306547635,0.10563880253243754,-0.18935256184712382,-0.21303769768270914,-0.1401098514754074,-0.358145440323592,0.5558682612033757
0.2662523223998671,0.4870285058378622,-0.8382842205939496,-0.713985191299721,-0.05257480820650953,-0.966303193286565,-0.8024484737087255,-0.2544884306547635,-0.713985191299721,-0.18935256184712382,-0.21303769768270914,-0.1401098514754074,-0.358145440323592,1.2667544949459906
-0.4928624838601624,0.4870285058378622,-0.8382842205939496,-0.30417319438364177,-0.06589759600423688,1.034871877633807,-0.8024484737087255,-0.2544884306547635,-0.30417319438364177,-0.18935256184712382,-0.21303769768270914,-0.1401098514754074,-0.358145440323592,-0.8659042062818543
1.531443666166583,-2.053267905293714,-0.8382842205939496,-0.5090791928416813,-0.06589759600423688,-0.966303193286565,0.4350476606087318,-0.2544884306547635,-0.5090791928416813,-0.18935256184712382,-0.21303769768270914,-0.1401098514754074,-0.358145440323592,0.5558682612033757
1.6157897557510308,0.4870285058378622,-0.8382842205939496,0.7203567979065565,-0.05257480820650953,-0.966303193286565,0.4350476606087318,-0.2544884306547635,0.7203567979065565,-0.18935256184712382,-0.21303769768270914,-0.1401098514754074,-0.358145440323592,0.5558682612033757
2.8809810995177467,0.4870285058378622,-0.8382842205939496,-0.713985191299721,-0.06589759600423688,-0.966303193286565,0.4350476606087318,-0.2544884306547635,-0.713985191299721,-0.18935256184712382,-0.21303769768270914,-0.1401098514754074,-0.358145440323592,0.5558682612033757
-0.4928624838601624,0.4870285058378622,-0.8382842205939496,-0.713985191299721,-0.06589759600423688,-0.966303193286565,-0.8024484737087255,-0.2544884306547635,-0.713985191299721,-0.18935256184712382,-0.21303769768270914,-0.1401098514754074,-0.358145440323592,-0.8659042062818543
-1.251977290120192,-2.053267905293714,0.4446794137736925,-0.713985191299721,-0.06589759600423688,-0.966303193286565,1.672543794926189,1.5129284694496405,-0.713985191299721,-0.18935256184712382,-0.21303769768270914,-0.1401098514754074,-0.358145440323592,-0.8659042062818543
0.2662523223998671,0.4870285058378622,-0.8382842205939496,-0.713985191299721,-0.07922038380196421,-0.966303193286565,-0.8024484737087255,-0.2544884306547635,-0.713985191299721,-0.18935256184712382,-0.21303769768270914,-0.1401098514754074,-0.358145440323592,2.6885269624312205
0.603636680737658,0.4870285058378622,0.4446794137736925,-0.30417319438364177,-0.06589759600423688,1.034871877633807,-0.8024484737087255,-0.2544884306547635,-0.30417319438364177,-0.18935256184712382,-0.21303769768270914,-0.1401098514754074,-0.358145440323592,0.5558682612033757
-0.7459007526135056,-2.053267905293714,-0.8382842205939496,-0.5090791928416813,-0.06589759600423688,1.034871877633807,-0.8024484737087255,-0.2544884306547635,-0.5090791928416813,-0.18935256184712382,-0.21303769768270914,-0.1401098514754074,-0.358145440323592,-0.8659042062818543
0.013214053646523933,0.4870285058378622,1.7276430481413345,1.9497927886547946,-0.06589759600423688,-0.966303193286565,-0.8024484737087255,1.5129284694496405,1.9497927886547946,-0.18935256184712382,-0.21303769768270914,5.940818286914266,-0.358145440323592,-0.8659042062818543
0.603636680737658,0.4870285058378622,-0.8382842205939496,-0.713985191299721,-0.06589759600423688,-0.966303193286565,-0.8024484737087255,-0.2544884306547635,-0.713985191299721,-0.18935256184712382,-0.21303769768270914,-0.1401098514754074,-0.358145440323592,0.5558682612033757
-0.07113203593792379,0.4870285058378622,0.4446794137736925,3.7939467747771514,-0.06589759600423688,1.034871877633807,-0.8024484737087255,-0.2544884306547635,3.7939467747771514,-0.18935256184712382,-0.21303769768270914,-0.1401098514754074,-0.358145440323592,-0.8659042062818543
-0.4085163942757147,0.4870285058378622,1.7276430481413345,0.3105448009904772,-0.06589759600423688,1.034871877633807,-0.8024484737087255,-0.2544884306547635,0.3105448009904772,-0.18935256184712382,-0.21303769768270914,-0.1401098514754074,-0.358145440323592,2.6885269624312205
1.7844819349199261,0.4870285058378622,-0.8382842205939496,-0.5090791928416813,-0.06589759600423688,-0.966303193286565,0.4350476606087318,-0.2544884306547635,-0.5090791928416813,-0.18935256184712382,-0.21303769768270914,-0.1401098514754074,-0.358145440323592,0.5558682612033757
-1.251977290120192,0.4870285058378622,-0.8382842205939496,-0.713985191299721,-0.05257480820650953,1.034871877633807,1.672543794926189,1.5129284694496405,-0.713985191299721,-0.18935256184712382,-0.21303769768270914,-0.1401098514754074,-0.358145440323592,-0.8659042062818543
0.4349445015687626,0.4870285058378622,-0.8382842205939496,-0.713985191299721,-0.09254317159969154,-0.966303193286565,-0.8024484737087255,-0.2544884306547635,-0.713985191299721,-0.18935256184712382,-0.21303769768270914,-0.1401098514754074,-0.358145440323592,-0.8659042062818543
-0.9145929317824011,0.4870285058378622,1.7276430481413345,0.5154507994485168,-0.05257480820650953,1.034871877633807,1.672543794926189,-2.0219053307591675,0.5154507994485168,-0.18935256184712382,1.7533742503977268,-0.1401098514754074,-0.358145440323592,-0.8659042062818543
-0.7459007526135056,0.4870285058378622,-0.8382842205939496,-0.30417319438364177,-0.06589759600423688,1.034871877633807,-0.8024484737087255,1.5129284694496405,-0.30417319438364177,-0.18935256184712382,-0.21303769768270914,-0.1401098514754074,2.792161751651698,-0.1550179725392393
1.3627514869976876,0.4870285058378622,-0.8382842205939496,0.7203567979065565,-0.06589759600423688,1.034871877633807,0.4350476606087318,-0.2544884306547635,0.7203567979065565,-0.18935256184712382,-0.21303769768270914,-0.1401098514754074,2.792161751651698,0.5558682612033757
0.35059841198431485,0.4870285058378622,-0.8382842205939496,-0.713985191299721,-0.06589759600423688,-0.966303193286565,-0.8024484737087255,-0.2544884306547635,-0.713985191299721,-0.18935256184712382,-0.21303769768270914,-0.1401098514754074,-0.358145440323592,0.5558682612033757
-0.4085163942757147,0.4870285058378622,-0.8382842205939496,-0.0992671959256021,-0.06589759600423688,-0.966303193286565,-0.8024484737087255,-0.2544884306547635,-0.0992671959256021,-0.18935256184712382,-0.21303769768270914,-0.1401098514754074,-0.358145440323592,0.5558682612033757
1.531443666166583,0.4870285058378622,-0.8382842205939496,-0.30417319438364177,-0.06589759600423688,-0.966303193286565,0.4350476606087318,-0.2544884306547635,-0.30417319438364177,-0.18935256184712382,-0.21303769768270914,-0.1401098514754074,-0.358145440323592,-0.8659042062818543
-0.6615546630290579,-2.053267905293714,-0.8382842205939496,-0.713985191299721,-0.06589759600423688,-0.966303193286565,-0.8024484737087255,-0.2544884306547635,-0.713985191299721,-0.18935256184712382,-0.21303769768270914,-0.1401098514754074,-0.358145440323592,2.6885269624312205
-0.9989390213668488,0.4870285058378622,-0.8382842205939496,-0.713985191299721,-0.06589759600423688,-0.966303193286565,1.672543794926189,-0.2544884306547635,-0.713985191299721,-0.18935256184712382,-0.21303769768270914,-0.1401098514754074,-0.358145440323592,-0.8659042062818543
-0.4928624838601624,0.4870285058378622,1.7276430481413345,1.1301687948226358,-0.06589759600423688,1.034871877633807,-0.8024484737087255,1.5129284694496405,1.1301687948226358,-0.18935256184712382,1.7533742503977268,1.8868661946544836,-0.358145440323592,0.5558682612033757
2.3749045620110603,0.4870285058378622,-0.8382842205939496,3.998852773235191,-0.06589759600423688,1.034871877633807,0.4350476606087318,-0.2544884306547635,3.998852773235191,-0.18935256184712382,-0.21303769768270914,-0.1401098514754074,-0.358145440323592,2.6885269624312205
-1.0832851109512964,0.4870285058378622,0.4446794137736925,-0.713985191299721,-0.06589759600423688,1.034871877633807,1.672543794926189,1.5129284694496405,-0.713985191299721,-0.18935256184712382,-0.21303769768270914,-0.1401098514754074,-0.358145440323592,-0.8659042062818543
0.35059841198431485,-2.053267905293714,-0.8382842205939496,-0.713985191299721,-0.06589759600423688,-0.966303193286565,-0.8024484737087255,-0.2544884306547635,-0.713985191299721,-0.18935256184712382,-0.21303769768270914,-0.1401098514754074,-0.358145440323592,2.6885269624312205
-0.9145929317824011,0.4870285058378622,1.7276430481413345,0.10563880253243754,-0.06589759600423688,-0.966303193286565,1.672543794926189,-0.2544884306547635,0.10563880253243754,-0.18935256184712382,-0.21303769768270914,-0.1401098514754074,-0.358145440323592,0.5558682612033757
-1.1676312005357443,0.4870285058378622,1.7276430481413345,-0.30417319438364177,-0.05257480820650953,1.034871877633807,1.672543794926189,1.5129284694496405,-0.30417319438364177,-0.18935256184712382,-0.21303769768270914,-0.1401098514754074,-0.358145440323592,-0.8659042062818543
-0.6615546630290579,0.4870285058378622,-0.8382842205939496,-0.713985191299721,-0.06589759600423688,-0.966303193286565,-0.8024484737087255,-0.2544884306547635,-0.713985191299721,-0.18935256184712382,-0.21303769768270914,-0.1401098514754074,-0.358145440323592,-0.8659042062818543
0.7723288599065534,0.4870285058378622,-0.8382842205939496,-0.5090791928416813,-0.06589759600423688,-0.966303193286565,-0.8024484737087255,-0.2544884306547635,-0.5090791928416813,-0.18935256184712382,-0.21303769768270914,-0.1401098514754074,-0.358145440323592,0.5558682612033757
-0.4085163942757147,0.4870285058378622,-0.8382842205939496,-0.5090791928416813,-0.06589759600423688,-0.966303193286565,-0.8024484737087255,-0.2544884306547635,-0.5090791928416813,-0.18935256184712382,-0.21303769768270914,-0.1401098514754074,-0.358145440323592,-0.8659042062818543
-0.4928624838601624,-2.053267905293714,-0.8382842205939496,-0.713985191299721,-0.00854614825704895,-0.966303193286565,-0.8024484737087255,-0.2544884306547635,-0.713985191299721,-0.18935256184712382,-0.21303769768270914,-0.1401098514754074,-0.358145440323592,-0.8659042062818543
0.7723288599065534,-2.053267905293714,-0.8382842205939496,-0.5090791928416813,-0.09254317159969154,1.034871877633807,-0.8024484737087255,-0.2544884306547635,-0.5090791928416813,-0.18935256184712382,-0.21303769768270914,-0.1401098514754074,-0.358145440323592,0.5558682612033757
-0.6615546630290579,0.4870285058378622,0.4446794137736925,-0.5090791928416813,-0.05257480820650953,1.034871877633807,-0.8024484737087255,-0.2544884306547635,-0.5090791928416813,-0.18935256184712382,-0.21303769768270914,1.8868661946544836,-0.358145440323592,-0.8659042062818543
-0.4085163942757147,0.4870285058378622,0.4446794137736925,1.1301687948226358,-0.06589759600423688,1.034871877633807,-0.8024484737087255,1.5129284694496405,1.1301687948226358,-0.18935256184712382,-0.21303769768270914,-0.1401098514754074,-0.358145440323592,0.5558682612033757
-0.4085163942757147,-2.053267905293714,-0.8382842205939496,-0.5090791928416813,-0.06589759600423688,-0.966303193286565,-0.8024484737087255,-0.2544884306547635,-0.5090791928416813,-0.18935256184712382,-0.21303769768270914,-0.1401098514754074,-0.358145440323592,-0.8659042062818543
0.603636680737658,0.4870285058378622,-0.8382842205939496,-0.5090791928416813,-0.09254317159969154,-0.966303193286565,-0.8024484737087255,-0.2544884306547635,-0.5090791928416813,-0.18935256184712382,-0.21303769768270914,-0.1401098514754074,-0.358145440323592,0.5558682612033757
-1.0832851109512964,-2.053267905293714,1.7276430481413345,-0.0992671959256021,-0.06589759600423688,1.034871877633807,1.672543794926189,-0.2544884306547635,-0.0992671959256021,-0.18935256184712382,-0.21303769768270914,-0.1401098514754074,-0.358145440323592,0.5558682612033757
1.531443666166583,0.4870285058378622,-0.8382842205939496,-0.5090791928416813,-0.33235335195878357,-0.966303193286565,0.4350476606087318,-0.2544884306547635,-0.5090791928416813,-0.18935256184712382,-0.21303769768270914,-0.1401098514754074,-0.358145440323592,0.5558682612033757
1.9531741140888217,-2.053267905293714,-0.8382842205939496,-0.713985191299721,-0.06589759600423688,1.034871877633807,0.4350476606087318,-0.2544884306547635,-0.713985191299721,-0.18935256184712382,-0.21303769768270914,-0.1401098514754074,-0.358145440323592,2.6885269624312205
0.7723288599065534,0.4870285058378622,-0.8382842205939496,-0.713985191299721,-0.06589759600423688,1.034871877633807,-0.8024484737087255,-0.2544884306547635,-0.713985191299721,-0.18935256184712382,-0.21303769768270914,-0.1401098514754074,-0.358145440323592,-0.8659042062818543
1.4470975765821352,0.4870285058378622,-0.8382842205939496,-0.713985191299721,-0.05257480820650953,-0.966303193286565,0.4350476606087318,-0.2544884306547635,-0.713985191299721,-0.18935256184712382,-0.21303769768270914,-0.1401098514754074,-0.358145440323592,-0.8659042062818543
0.2662523223998671,0.4870285058378622,1.7276430481413345,-0.713985191299721,-0.06589759600423688,-0.966303193286565,-0.8024484737087255,1.5129284694496405,-0.713985191299721,-0.18935256184712382,-0.21303769768270914,-0.1401098514754074,-0.358145440323592,-0.8659042062818543
-0.9145929317824011,-2.053267905293714,1.7276430481413345,-0.713985191299721,-0.06589759600423688,-0.966303193286565,1.672543794926189,1.5129284694496405,-0.713985191299721,-0.18935256184712382,-0.21303769768270914,-0.1401098514754074,-0.358145440323592,0.5558682612033757
-0.23982421510681926,0.4870285058378622,0.4446794137736925,0.3105448009904772,3.571223472775326,1.034871877633807,-0.8024484737087255,-0.2544884306547635,0.3105448009904772,-0.18935256184712382,-0.21303769768270914,-0.1401098514754074,-0.358145440323592,0.5558682612033757
-0.4928624838601624,-2.053267905293714,-0.8382842205939496,-0.5090791928416813,-0.585486320115603,-0.966303193286565,-0.8024484737087255,-0.2544884306547635,-0.5090791928416813,-0.18935256184712382,-0.21303769768270914,-0.1401098514754074,-0.358145440323592,-0.8659042062818543
-0.23982421510681926,0.4870285058378622,-0.8382842205939496,-0.713985191299721,-0.06589759600423688,-0.966303193286565,-0.8024484737087255,-0.2544884306547635,-0.713985191299721,-0.18935256184712382,-0.21303769768270914,-0.1401098514754074,-0.358145440323592,0.5558682612033757
-1.1676312005357443,0.4870285058378622,1.7276430481413345,-0.713985191299721,-0.06589759600423688,1.034871877633807,1.672543794926189,-2.0219053307591675,-0.713985191299721,-0.18935256184712382,-0.21303769768270914,-0.1401098514754074,-0.358145440323592,-0.8659042062818543
-0.23982421510681926,0.4870285058378622,-0.8382842205939496,-0.30417319438364177,3.8510020165276,-0.966303193286565,-0.8024484737087255,-0.2544884306547635,-0.30417319438364177,2.103311910014095,-0.21303769768270914,-0.1401098514754074,-0.358145440323592,0.5558682612033757
1.7844819349199261,0.4870285058378622,-0.8382842205939496,-0.5090791928416813,-0.05257480820650953,-0.966303193286565,0.4350476606087318,-0.2544884306547635,-0.5090791928416813,-0.18935256184712382,-0.21303769768270914,-0.1401098514754074,-0.358145440323592,0.5558682612033757
-0.9145929317824011,-2.053267905293714,1.7276430481413345,-0.5090791928416813,-0.06589759600423688,-0.966303193286565,1.672543794926189,1.5129284694496405,-0.5090791928416813,-0.18935256184712382,-0.21303769768270914,-0.1401098514754074,-0.358145440323592,-0.8659042062818543
-0.9989390213668488,0.4870285058378622,-0.8382842205939496,-0.713985191299721,-0.06589759600423688,1.034871877633807,1.672543794926189,-0.2544884306547635,-0.713985191299721,-0.18935256184712382,-0.21303769768270914,-0.1401098514754074,2.792161751651698,1.2667544949459906
1.4470975765821352,0.4870285058378622,-0.8382842205939496,-0.30417319438364177,-0.06589759600423688,-0.966303193286565,0.4350476606087318,-0.2544884306547635,-0.30417319438364177,-0.18935256184712382,-0.21303769768270914,-0.1401098514754074,-0.358145440323592,0.5558682612033757
-0.9989390213668488,0.4870285058378622,-0.8382842205939496,-0.5090791928416813,-0.11918874719514622,-0.966303193286565,1.672543794926189,-0.2544884306547635,-0.5090791928416813,-0.18935256184712382,-0.21303769768270914,-0.1401098514754074,-0.358145440323592,1.2667544949459906
0.35059841198431485,0.4870285058378622,-0.8382842205939496,-0.30417319438364177,-0.06589759600423688,-0.966303193286565,-0.8024484737087255,-0.2544884306547635,-0.30417319438364177,-0.18935256184712382,-0.21303769768270914,-0.1401098514754074,-0.358145440323592,0.5558682612033757
-0.9989390213668488,-2.053267905293714,0.4446794137736925,-0.713985191299721,-0.06589759600423688,-0.966303193286565,1.672543794926189,1.5129284694496405,-0.713985191299721,-0.18935256184712382,-0.21303769768270914,-0.1401098514754074,-0.358145440323592,0.5558682612033757
-0.4928624838601624,-2.053267905293714,-0.8382842205939496,1.3350747932806755,-0.06589759600423688,1.034871877633807,-0.8024484737087255,-0.2544884306547635,1.3350747932806755,2.103311910014095,-0.21303769768270914,-0.1401098514754074,-0.358145440323592,0.5558682612033757
-0.4085163942757147,0.4870285058378622,-0.8382842205939496,-0.713985191299721,-0.06589759600423688,-0.966303193286565,-0.8024484737087255,-0.2544884306547635,-0.713985191299721,-0.18935256184712382,-0.21303769768270914,-0.1401098514754074,-0.358145440323592,-0.8659042062818543
0.5192905911532103,0.4870285058378622,-0.8382842205939496,-0.0992671959256021,-0.06589759600423688,1.034871877633807,-0.8024484737087255,-0.2544884306547635,-0.0992671959256021,-0.18935256184712382,-0.21303769768270914,-0.1401098514754074,-0.358145440323592,-0.8659042062818543
-0.5772085734446102,-2.053267905293714,-0.8382842205939496,-0.0992671959256021,-0.06589759600423688,-0.966303193286565,-0.8024484737087255,-0.2544884306547635,-0.0992671959256021,-0.18935256184712382,-0.21303769768270914,-0.1401098514754074,-0.358145440323592,-0.8659042062818543
-1.0832851109512964,0.4870285058378622,-0.8382842205939496,-0.713985191299721,-0.06589759600423688,1.034871877633807,1.672543794926189,1.5129284694496405,-0.713985191299721,-0.18935256184712382,3.719786198478163,-0.1401098514754074,-0.358145440323592,-0.8659042062818543
-0.32417030469126695,0.4870285058378622,1.7276430481413345,-0.713985191299721,-0.00854614825704895,1.034871877633807,-0.8024484737087255,-0.2544884306547635,-0.713985191299721,-0.18935256184712382,-0.21303769768270914,-0.1401098514754074,-0.358145440323592,-0.8659042062818543
-0.15547812552237153,0.4870285058378622,0.4446794137736925,-0.0992671959256021,-1.2516257100019699,1.034871877633807,-0.8024484737087255,1.5129284694496405,-0.0992671959256021,-0.18935256184712382,-0.21303769768270914,-0.1401098514754074,-0.358145440323592,0.5558682612033757
-0.5772085734446102,0.4870285058378622,1.7276430481413345,0.7203567979065565,-0.06589759600423688,1.034871877633807,-0.8024484737087255,-2.0219053307591675,0.7203567979065565,-0.18935256184712382,-0.21303769768270914,-0.1401098514754074,-0.358145440323592,0.5558682612033757
-0.4085163942757147,0.4870285058378622,0.4446794137736925,0.5154507994485168,-0.00854614825704895,1.034871877633807,-0.8024484737087255,-0.2544884306547635,0.5154507994485168,-0.18935256184712382,-0.21303769768270914,-0.1401098514754074,2.792161751651698,1.2667544949459906
-1.1676312005357443,0.4870285058378622,-0.8382842205939496,-0.5090791928416813,13.030402809161735,-0.966303193286565,1.672543794926189,1.5129284694496405,-0.5090791928416813,-0.18935256184712382,-0.21303769768270914,-0.1401098514754074,-0.358145440323592,2.6885269624312205
1.8688280245043738,0.4870285058378622,1.7276430481413345,0.5154507994485168,4.876856676952605,1.034871877633807,0.4350476606087318,1.5129284694496405,0.5154507994485168,-0.18935256184712382,-0.21303769768270914,-0.1401098514754074,-0.358145440323592,-0.8659042062818543
-1.251977290120192,-2.053267905293714,0.4446794137736925,-0.713985191299721,-0.06589759600423688,1.034871877633807,1.672543794926189,1.5129284694496405,-0.713985191299721,-0.18935256184712382,-0.21303769768270914,-0.1401098514754074,-0.358145440323592,-0.8659042062818543
-1.1676312005357443,0.4870285058378622,1.7276430481413345,-0.5090791928416813,-0.06589759600423688,1.034871877633807,1.672543794926189,-2.0219053307591675,-0.5090791928416813,-0.18935256184712382,-0.21303769768270914,1.8868661946544836,-0.358145440323592,-0.8659042062818543
-0.8302468421979533,0.4870285058378622,-0.8382842205939496,-0.30417319438364177,-0.06589759600423688,-0.966303193286565,-0.8024484737087255,-0.2544884306547635,-0.30417319438364177,-0.18935256184712382,-0.21303769768270914,-0.1401098514754074,-0.358145440323592,-0.8659042062818543
-0.6615546630290579,0.4870285058378622,-0.8382842205939496,-0.30417319438364177,-0.06589759600423688,-0.966303193286565,-0.8024484737087255,-0.2544884306547635,-0.30417319438364177,-0.18935256184712382,-0.21303769768270914,-0.1401098514754074,-0.358145440323592,-0.8659042062818543
-0.6615546630290579,0.4870285058378622,1.7276430481413345,1.7448867901967549,-0.06589759600423688,1.034871877633807,-0.8024484737087255,1.5129284694496405,1.7448867901967549,-0.18935256184712382,-0.21303769768270914,-0.1401098514754074,-0.358145440323592,-0.8659042062818543
0.18190623281541937,0.4870285058378622,-0.8382842205939496,-0.713985191299721,-0.06589759600423688,1.034871877633807,-0.8024484737087255,-0.2544884306547635,-0.713985191299721,-0.18935256184712382,-0.21303769768270914,-0.1401098514754074,2.792161751651698,-0.8659042062818543
0.603636680737658,0.4870285058378622,-0.8382842205939496,-0.5090791928416813,-1.6246637683383354,-0.966303193286565,-0.8024484737087255,-0.2544884306547635,-0.5090791928416813,-0.18935256184712382,-0.21303769768270914,-0.1401098514754074,-0.358145440323592,1.2667544949459906
-1.1676312005357443,0.4870285058378622,0.4446794137736925,-0.713985191299721,-0.05257480820650953,-0.966303193286565,1.672543794926189,1.5129284694496405,-0.713985191299721,-0.18935256184712382,-0.21303769768270914,-0.1401098514754074,-0.358145440323592,1.2667544949459906
-0.5772085734446102,0.4870285058378622,-0.8382842205939496,-0.713985191299721,-0.06589759600423688,-0.966303193286565,-0.8024484737087255,1.5129284694496405,-0.713985191299721,-0.18935256184712382,-0.21303769768270914,-0.1401098514754074,-0.358145440323592,0.5558682612033757
0.09756014323097166,0.4870285058378622,-0.8382842205939496,-0.0992671959256021,-0.06589759600423688,1.034871877633807,-0.8024484737087255,-0.2544884306547635,-0.0992671959256021,-0.18935256184712382,-0.21303769768270914,-0.1401098514754074,2.792161751651698,-0.8659042062818543
0.18190623281541937,0.4870285058378622,0.4446794137736925,-0.5090791928416813,-0.06589759600423688,-0.966303193286565,-0.8024484737087255,-0.2544884306547635,-0.5090791928416813,-0.18935256184712382,-0.21303769768270914,-0.1401098514754074,-0.358145440323592,0.5558682612033757
-0.9145929317824011,0.4870285058378622,-0.8382842205939496,-0.713985191299721,-0.05257480820650953,-0.966303193286565,1.672543794926189,-0.2544884306547635,-0.713985191299721,-0.18935256184712382,-0.21303769768270914,-0.1401098514754074,-0.358145440323592,-0.1550179725392393
0.013214053646523933,0.4870285058378622,-0.8382842205939496,-0.5090791928416813,-0.06589759600423688,-0.966303193286565,-0.8024484737087255,-0.2544884306547635,-0.5090791928416813,-0.18935256184712382,-0.21303769768270914,-0.1401098514754074,-0.358145440323592,0.5558682612033757
1.531443666166583,0.4870285058378622,-0.8382842205939496,-0.713985191299721,-0.05257480820650953,1.034871877633807,0.4350476606087318,-0.2544884306547635,-0.713985191299721,-0.18935256184712382,-0.21303769768270914,-0.1401098514754074,2.792161751651698,-0.8659042062818543
0.9410210390754489,0.4870285058378622,-0.8382842205939496,-0.30417319438364177,-0.06589759600423688,-0.966303193286565,0.4350476606087318,-0.2544884306547635,-0.30417319438364177,-0.18935256184712382,-0.21303769768270914,-0.1401098514754074,-0.358145440323592,0.5558682612033757
0.603636680737658,0.4870285058378622,-0.8382842205939496,-0.5090791928416813,-0.06589759600423688,1.034871877633807,-0.8024484737087255,-0.2544884306547635,-0.5090791928416813,-0.18935256184712382,-0.21303769768270914,-0.1401098514754074,-0.358145440323592,-0.8659042062818543
-0.5772085734446102,0.4870285058378622,-0.8382842205939496,-0.713985191299721,-0.06589759600423688,-0.966303193286565,-0.8024484737087255,-0.2544884306547635,-0.713985191299721,-0.18935256184712382,-0.21303769768270914,-0.1401098514754074,-0.358145440323592,1.2667544949459906
0.9410210390754489,0.4870285058378622,0.4446794137736925,1.539980791738715,-1.6779549195292447,1.034871877633807,0.4350476606087318,-0.2544884306547635,1.539980791738715,-0.18935256184712382,-0.21303769768270914,-0.1401098514754074,-0.358145440323592,0.5558682612033757
0.5192905911532103,-2.053267905293714,-0.8382842205939496,-0.5090791928416813,-0.00854614825704895,-0.966303193286565,-0.8024484737087255,-0.2544884306547635,-0.5090791928416813,-0.18935256184712382,-0.21303769768270914,-0.1401098514754074,-0.358145440323592,0.5558682612033757
-0.15547812552237153,0.4870285058378622,-0.8382842205939496,-0.5090791928416813,-1.2516257100019699,-0.966303193286565,-0.8024484737087255,-0.2544884306547635,-0.5090791928416813,-0.18935256184712382,-0.21303769768270914,-0.1401098514754074,-0.358145440323592,1.2667544949459906
1.2784053974132399,0.4870285058378622,-0.8382842205939496,-0.30417319438364177,-0.06589759600423688,1.034871877633807,0.4350476606087318,-0.2544884306547635,-0.30417319438364177,-0.18935256184712382,-0.21303769768270914,-0.1401098514754074,2.792161751651698,0.5558682612033757
0.18190623281541937,0.4870285058378622,0.4446794137736925,0.5154507994485168,-0.06589759600423688,1.034871877633807,-0.8024484737087255,-0.2544884306547635,0.5154507994485168,-0.18935256184712382,-0.21303769768270914,-0.1401098514754074,2.792161751651698,-0.8659042062818543
-0.5772085734446102,-2.053267905293714,0.4446794137736925,-0.0992671959256021,-0.2657394129701469,-0.966303193286565,-0.8024484737087255,-0.2544884306547635,-0.0992671959256021,-0.18935256184712382,-0.21303769768270914,-0.1401098514754074,-0.358145440323592,-0.8659042062818543
-1.1676312005357443,0.4870285058378622,1.7276430481413345,-0.5090791928416813,-0.06589759600423688,-0.966303193286565,1.672543794926189,1.5129284694496405,-0.5090791928416813,-0.18935256184712382,1.7533742503977268,-0.1401098514754074,-0.358145440323592,-0.8659042062818543
1.9531741140888217,-2.053267905293714,-0.8382842205939496,-0.0992671959256021,-0.2923849885656016,-0.966303193286565,0.4350476606087318,-0.2544884306547635,-0.0992671959256021,-0.18935256184712382,-0.21303769768270914,-0.1401098514754074,-0.358145440323592,-0.8659042062818543
1.6157897557510308,0.4870285058378622,-0.8382842205939496,-0.713985191299721,-0.10586595939741889,-0.966303193286565,0.4350476606087318,-0.2544884306547635,-0.713985191299721,-0.18935256184712382,-0.21303769768270914,-0.1401098514754074,-0.358145440323592,0.5558682612033757
-0.9989390213668488,0.4870285058378622,-0.8382842205939496,-0.713985191299721,-0.05257480820650953,1.034871877633807,1.672543794926189,-0.2544884306547635,-0.713985191299721,-0.18935256184712382,-0.21303769768270914,-0.1401098514754074,-0.358145440323592,-0.8659042062818543
-0.8302468421979533,0.4870285058378622,1.7276430481413345,-0.30417319438364177,-1.3315624367883339,-0.966303193286565,-0.8024484737087255,1.5129284694496405,-0.30417319438364177,-0.18935256184712382,-0.21303769768270914,-0.1401098514754074,-0.358145440323592,-0.8659042062818543
-0.4928624838601624,0.4870285058378622,0.4446794137736925,0.10563880253243754,-0.06589759600423688,1.034871877633807,-0.8024484737087255,1.5129284694496405,0.10563880253243754,-0.18935256184712382,-0.21303769768270914,-0.1401098514754074,-0.358145440323592,-0.8659042062818543
0.4349445015687626,0.4870285058378622,1.7276430481413345,2.3596047855708737,-0.06589759600423688,-0.966303193286565,-0.8024484737087255,1.5129284694496405,2.3596047855708737,-0.18935256184712382,-0.21303769768270914,1.8868661946544836,-0.358145440323592,-0.8659042062818543
0.09756014323097166,0.4870285058378622,-0.8382842205939496,-0.5090791928416813,-0.05257480820650953,-0.966303193286565,-0.8024484737087255,-0.2544884306547635,-0.5090791928416813,-0.18935256184712382,-0.21303769768270914,-0.1401098514754074,-0.358145440323592,-0.8659042062818543
0.7723288599065534,0.4870285058378622,-0.8382842205939496,-0.713985191299721,-0.06589759600423688,-0.966303193286565,-0.8024484737087255,-0.2544884306547635,-0.713985191299721,-0.18935256184712382,-0.21303769768270914,-0.1401098514754074,-0.358145440323592,-0.8659042062818543
-0.8302468421979533,0.4870285058378622,-0.8382842205939496,-0.5090791928416813,-0.00854614825704895,-0.966303193286565,-0.8024484737087255,-0.2544884306547635,-0.5090791928416813,-0.18935256184712382,-0.21303769768270914,-0.1401098514754074,-0.358145440323592,-0.8659042062818543
-0.9989390213668488,0.4870285058378622,0.4446794137736925,0.5154507994485168,-0.05257480820650953,1.034871877633807,1.672543794926189,1.5129284694496405,0.5154507994485168,-0.18935256184712382,-0.21303769768270914,-0.1401098514754074,2.792161751651698,-0.8659042062818543
-0.9145929317824011,-2.053267905293714,0.4446794137736925,-0.30417319438364177,-0.05257480820650953,-0.966303193286565,1.672543794926189,1.5129284694496405,-0.30417319438364177,-0.18935256184712382,-0.21303769768270914,-0.1401098514754074,-0.358145440323592,-0.8659042062818543
-0.5772085734446102,0.4870285058378622,1.7276430481413345,0.3105448009904772,-0.06589759600423688,-0.966303193286565,-0.8024484737087255,-2.0219053307591675,0.3105448009904772,-0.18935256184712382,-0.21303769768270914,-0.1401098514754074,-0.358145440323592,-0.8659042062818543
1.7001358453354785,-2.053267905293714,0.4446794137736925,-0.713985191299721,-0.07922038380196421,1.034871877633807,0.4350476606087318,1.5129284694496405,-0.713985191299721,-0.18935256184712382,-0.21303769768270914,-0.1401098514754074,-0.358145440323592,0.5558682612033757
-0.4928624838601624,0.4870285058378622,-0.8382842205939496,-0.30417319438364177,-0.06589759600423688,-0.966303193286565,-0.8024484737087255,-0.2544884306547635,-0.30417319438364177,-0.18935256184712382,-0.21303769768270914,-0.1401098514754074,-0.358145440323592,-0.8659042062818543
1.3627514869976876,0.4870285058378622,-0.8382842205939496,-0.30417319438364177,-0.9052332272610591,1.034871877633807,0.4350476606087318,-0.2544884306547635,-0.30417319438364177,-0.18935256184712382,-0.21303769768270914,-0.1401098514754074,-0.358145440323592,0.5558682612033757
-0.6615546630290579,-2.053267905293714,-0.8382842205939496,-0.5090791928416813,-0.06589759600423688,-0.966303193286565,-0.8024484737087255,-0.2544884306547635,-0.5090791928416813,-0.18935256184712382,-0.21303769768270914,-0.1401098514754074,-0.358145440323592,-0.8659042062818543
-0.23982421510681926,0.4870285058378622,0.4446794137736925,-0.30417319438364177,0.14726700875940052,1.034871877633807,-0.8024484737087255,1.5129284694496405,-0.30417319438364177,-0.18935256184712382,-0.21303769768270914,1.8868661946544836,-0.358145440323592,1.2667544949459906
-0.6615546630290579,-2.053267905293714,0.4446794137736925,-0.0992671959256021,-1.6646321317315174,1.034871877633807,-0.8024484737087255,-0.2544884306547635,-0.0992671959256021,-0.18935256184712382,-0.21303769768270914,-0.1401098514754074,-0.358145440323592,0.5558682612033757
-1.251977290120192,-2.053267905293714,0.4446794137736925,-0.5090791928416813,-0.5988091079133303,-0.966303193286565,1.672543794926189,1.5129284694496405,-0.5090791928416813,-0.18935256184712382,-0.21303769768270914,-0.1401098514754074,-0.358145440323592,0.5558682612033757
-0.9145929317824011,0.4870285058378622,0.4446794137736925,-0.0992671959256021,-0.06589759600423688,-0.966303193286565,1.672543794926189,-0.2544884306547635,-0.0992671959256021,-0.18935256184712382,3.719786198478163,-0.1401098514754074,-0.358145440323592,0.5558682612033757
-0.32417030469126695,0.4870285058378622,0.4446794137736925,-0.0992671959256021,-0.05257480820650953,-0.966303193286565,-0.8024484737087255,-2.0219053307591675,-0.0992671959256021,-0.18935256184712382,-0.21303769768270914,-0.1401098514754074,-0.358145440323592,0.5558682612033757
0.18190623281541937,0.4870285058378622,0.4446794137736925,0.9252627963645961,-0.06589759600423688,1.034871877633807,-0.8024484737087255,-0.2544884306547635,0.9252627963645961,-0.18935256184712382,-0.21303769768270914,-0.1401098514754074,-0.358145440323592,-0.8659042062818543
0.18190623281541937,0.4870285058378622,0.4446794137736925,0.9252627963645961,-0.05257480820650953,-0.966303193286565,-0.8024484737087255,-0.2544884306547635,0.9252627963645961,-0.18935256184712382,-0.21303769768270914,-0.1401098514754074,-0.358145440323592,-0.8659042062818543
1.6157897557510308,0.4870285058378622,-0.8382842205939496,-0.713985191299721,-0.05257480820650953,-0.966303193286565,0.4350476606087318,-0.2544884306547635,-0.713985191299721,-0.18935256184712382,-0.21303769768270914,-0.1401098514754074,-0.358145440323592,1.2667544949459906
-0.9145929317824011,0.4870285058378622,1.7276430481413345,-0.5090791928416813,-0.00854614825704895,-0.966303193286565,1.672543794926189,1.5129284694496405,-0.5090791928416813,-0.18935256184712382,-0.21303769768270914,-0.1401098514754074,-0.358145440323592,1.2667544949459906
1.194059307828792,0.4870285058378622,0.4446794137736925,1.539980791738715,-0.06589759600423688,1.034871877633807,0.4350476606087318,-0.2544884306547635,1.539980791738715,-0.18935256184712382,-0.21303769768270914,-0.1401098514754074,-0.358145440323592,-0.8659042062818543
0.09756014323097166,-2.053267905293714,-0.8382842205939496,-0.0992671959256021,-0.05257480820650953,-0.966303193286565,-0.8024484737087255,-0.2544884306547635,-0.0992671959256021,-0.18935256184712382,1.7533742503977268,-0.1401098514754074,-0.358145440323592,0.5558682612033757
-0.4928624838601624,0.4870285058378622,1.7276430481413345,0.3105448009904772,-0.06589759600423688,1.034871877633807,-0.8024484737087255,-2.0219053307591675,0.3105448009904772,-0.18935256184712382,-0.21303769768270914,-0.1401098514754074,-0.358145440323592,-0.8659042062818543
0.8566749494910012,0.4870285058378622,-0.8382842205939496,-0.5090791928416813,-0.06589759600423688,-0.966303193286565,0.4350476606087318,-0.2544884306547635,-0.5090791928416813,-0.18935256184712382,-0.21303769768270914,-0.1401098514754074,-0.358145440323592,-0.8659042062818543
1.6157897557510308,0.4870285058378622,-0.8382842205939496,-0.713985191299721,-0.05257480820650953,-0.966303193286565,0.4350476606087318,-0.2544884306547635,-0.713985191299721,-0.18935256184712382,-0.21303769768270914,-0.1401098514754074,-0.358145440323592,0.5558682612033757
-0.15547812552237153,-2.053267905293714,-0.8382842205939496,-0.713985191299721,-0.06589759600423688,-0.966303193286565,-0.8024484737087255,-0.2544884306547635,-0.713985191299721,-0.18935256184712382,-0.21303769768270914,-0.1401098514754074,-0.358145440323592,0.5558682612033757
0.9410210390754489,0.4870285058378622,0.4446794137736925,1.9497927886547946,-0.585486320115603,1.034871877633807,0.4350476606087318,-0.2544884306547635,1.9497927886547946,-0.18935256184712382,-0.21303769768270914,-0.1401098514754074,-0.358145440323592,-0.8659042062818543
0.7723288599065534,-2.053267905293714,0.4446794137736925,-0.5090791928416813,-0.13251153499287355,-0.966303193286565,-0.8024484737087255,-0.2544884306547635,-0.5090791928416813,-0.18935256184712382,-0.21303769768270914,-0.1401098514754074,-0.358145440323592,0.5558682612033757
0.09756014323097166,0.4870285058378622,-0.8382842205939496,-0.713985191299721,-0.06589759600423688,1.034871877633807,-0.8024484737087255,-0.2544884306547635,-0.713985191299721,-0.18935256184712382,-0.21303769768270914,-0.1401098514754074,-0.358145440323592,1.2667544949459906
0.5192905911532103,0.4870285058378622,1.7276430481413345,2.9743227809449926,-0.06589759600423688,1.034871877633807,-0.8024484737087255,-2.0219053307591675,2.9743227809449926,-0.18935256184712382,-0.21303769768270914,3.913842240784374,-0.358145440323592,-0.8659042062818543
-1.0832851109512964,-2.053267905293714,0.4446794137736925,-0.713985191299721,-0.05257480820650953,1.034871877633807,1.672543794926189,1.5129284694496405,-0.713985191299721,-0.18935256184712382,-0.21303769768270914,-0.1401098514754074,2.792161751651698,-0.8659042062818543
-0.9989390213668488,0.4870285058378622,1.7276430481413345,-0.713985191299721,-0.06589759600423688,-0.966303193286565,1.672543794926189,1.5129284694496405,-0.713985191299721,-0.18935256184712382,-0.21303769768270914,-0.1401098514754074,-0.358145440323592,-0.8659042062818543
0.603636680737658,0.4870285058378622,-0.8382842205939496,-0.5090791928416813,-0.05257480820650953,-0.966303193286565,-0.8024484737087255,-0.2544884306547635,-0.5090791928416813,-0.18935256184712382,-0.21303769768270914,-0.1401098514754074,-0.358145440323592,0.5558682612033757
-0.4928624838601624,0.4870285058378622,1.7276430481413345,-0.713985191299721,-0.06589759600423688,-0.966303193286565,-0.8024484737087255,1.5129284694496405,-0.713985191299721,-0.18935256184712382,-0.21303769768270914,-0.1401098514754074,-0.358145440323592,-0.8659042062818543
-0.8302468421979533,-2.053267905293714,-0.8382842205939496,-0.5090791928416813,-0.1858026861837829,-0.966303193286565,-0.8024484737087255,-0.2544884306547635,-0.5090791928416813,-0.18935256184712382,-0.21303769768270914,-0.1401098514754074,-0.358145440323592,-0.8659042062818543
-0.8302468421979533,-2.053267905293714,-0.8382842205939496,-0.713985191299721,-0.05257480820650953,1.034871877633807,-0.8024484737087255,-0.2544884306547635,-0.713985191299721,-0.18935256184712382,-0.21303769768270914,-0.1401098514754074,-0.358145440323592,0.5558682612033757
-0.4085163942757147,-2.053267905293714,-0.8382842205939496,-0.5090791928416813,-0.05257480820650953,-0.966303193286565,-0.8024484737087255,-0.2544884306547635,-0.5090791928416813,-0.18935256184712382,1.7533742503977268,-0.1401098514754074,-0.358145440323592,0.5558682612033757
0.9410210390754489,0.4870285058378622,-0.8382842205939496,-0.0992671959256021,-0.06589759600423688,-0.966303193286565,0.4350476606087318,-0.2544884306547635,-0.0992671959256021,-0.18935256184712382,-0.21303769768270914,-0.1401098514754074,-0.358145440323592,-0.8659042062818543
-0.7459007526135056,0.4870285058378622,1.7276430481413345,0.5154507994485168,-0.06589759600423688,1.034871877633807,-0.8024484737087255,1.5129284694496405,0.5154507994485168,-0.18935256184712382,-0.21303769768270914,-0.1401098514754074,-0.358145440323592,-0.8659042062818543
-1.1676312005357443,0.4870285058378622,-0.8382842205939496,-0.713985191299721,-0.05257480820650953,-0.966303193286565,1.672543794926189,1.5129284694496405,-0.713985191299721,-0.18935256184712382,-0.21303769768270914,-0.1401098514754074,-0.358145440323592,-0.8659042062818543
-0.15547812552237153,0.4870285058378622,-0.8382842205939496,-0.30417319438364177,-0.23909383737469223,-0.966303193286565,-0.8024484737087255,-0.2544884306547635,-0.30417319438364177,-0.18935256184712382,-0.21303769768270914,-0.1401098514754074,-0.358145440323592,0.5558682612033757
-0.9145929317824011,0.4870285058378622,-0.8382842205939496,-0.30417319438364177,-0.06589759600423688,1.034871877633807,1.672543794926189,-0.2544884306547635,-0.30417319438364177,-0.18935256184712382,-0.21303769768270914,-0.1401098514754074,-0.358145440323592,-0.8659042062818543
0.09756014323097166,0.4870285058378622,0.4446794137736925,0.3105448009904772,-0.06589759600423688,1.034871877633807,-0.8024484737087255,-0.2544884306547635,0.3105448009904772,-0.18935256184712382,-0.21303769768270914,-0.1401098514754074,2.792161751651698,-0.8659042062818543
-0.4928624838601624,-2.053267905293714,-0.8382842205939496,-0.5090791928416813,-0.13251153499287355,1.034871877633807,-0.8024484737087255,-0.2544884306547635,-0.5090791928416813,-0.18935256184712382,-0.21303769768270914,-0.1401098514754074,-0.358145440323592,0.5558682612033757
-0.9145929317824011,0.4870285058378622,-0.8382842205939496,-0.5090791928416813,-0.06589759600423688,1.034871877633807,1.672543794926189,-0.2544884306547635,-0.5090791928416813,-0.18935256184712382,-0.21303769768270914,-0.1401098514754074,-0.358145440323592,0.5558682612033757
1.531443666166583,0.4870285058378622,-0.8382842205939496,0.10563880253243754,-0.05257480820650953,-0.966303193286565,0.4350476606087318,-0.2544884306547635,0.10563880253243754,-0.18935256184712382,-0.21303769768270914,-0.1401098514754074,-0.358145440323592,0.5558682612033757
-0.5772085734446102,-2.053267905293714,-0.8382842205939496,-0.713985191299721,-0.06589759600423688,-0.966303193286565,-0.8024484737087255,-0.2544884306547635,-0.713985191299721,-0.18935256184712382,-0.21303769768270914,-0.1401098514754074,-0.358145440323592,-0.8659042062818543
0.18190623281541937,0.4870285058378622,-0.8382842205939496,-0.713985191299721,-0.06589759600423688,1.034871877633807,-0.8024484737087255,-0.2544884306547635,-0.713985191299721,-0.18935256184712382,-0.21303769768270914,-0.1401098514754074,-0.358145440323592,0.5558682612033757
0.6879827703221058,0.4870285058378622,-0.8382842205939496,-0.713985191299721,-0.06589759600423688,-0.966303193286565,-0.8024484737087255,-0.2544884306547635,-0.713985191299721,-0.18935256184712382,-0.21303769768270914,-0.1401098514754074,-0.358145440323592,0.5558682612033757
-0.9145929317824011,0.4870285058378622,-0.8382842205939496,-0.0992671959256021,-0.06589759600423688,1.034871877633807,1.672543794926189,-0.2544884306547635,-0.0992671959256021,-0.18935256184712382,-0.21303769768270914,-0.1401098514754074,-0.358145440323592,-0.8659042062818543
0.8566749494910012,0.4870285058378622,-0.8382842205939496,-0.0992671959256021,-0.06589759600423688,-0.966303193286565,0.4350476606087318,-0.2544884306547635,-0.0992671959256021,-0.18935256184712382,-0.21303769768270914,-0.1401098514754074,-0.358145440323592,0.5558682612033757
-0.9145929317824011,0.4870285058378622,-0.8382842205939496,-0.5090791928416813,-0.06589759600423688,1.034871877633807,1.672543794926189,1.5129284694496405,-0.5090791928416813,-0.18935256184712382,-0.21303769768270914,-0.1401098514754074,-0.358145440323592,-0.8659042062818543
0.6879827703221058,0.4870285058378622,1.7276430481413345,-0.713985191299721,-0.06589759600423688,1.034871877633807,-0.8024484737087255,-0.2544884306547635,-0.713985191299721,-0.18935256184712382,-0.21303769768270914,-0.1401098514754074,-0.358145440323592,0.5558682612033757
0.35059841198431485,0.4870285058378622,-0.8382842205939496,-0.5090791928416813,-0.00854614825704895,-0.966303193286565,-0.8024484737087255,-0.2544884306547635,-0.5090791928416813,-0.18935256184712382,-0.21303769768270914,-0.1401098514754074,-0.358145440323592,2.6885269624312205
-0.9989390213668488,0.4870285058378622,-0.8382842205939496,-0.713985191299721,-0.06589759600423688,1.034871877633807,1.672543794926189,-0.2544884306547635,-0.713985191299721,-0.18935256184712382,-0.21303769768270914,-0.1401098514754074,2.792161751651698,-0.8659042062818543
-1.1676312005357443,0.4870285058378622,1.7276430481413345,-0.0992671959256021,-0.06589759600423688,1.034871877633807,1.672543794926189,1.5129284694496405,-0.0992671959256021,4.395976381875314,1.7533742503977268,-0.1401098514754074,-0.358145440323592,0.5558682612033757
-1.251977290120192,0.4870285058378622,1.7276430481413345,-0.30417319438364177,-0.7986509248792404,1.034871877633807,1.672543794926189,-2.0219053307591675,-0.30417319438364177,-0.18935256184712382,-0.21303769768270914,3.913842240784374,-0.358145440323592,-0.8659042062818543
-0.4928624838601624,-2.053267905293714,-0.8382842205939496,-0.30417319438364177,-0.06589759600423688,1.034871877633807,-0.8024484737087255,-0.2544884306547635,-0.30417319438364177,-0.18935256184712382,-0.21303769768270914,-0.1401098514754074,-0.358145440323592,-0.8659042062818543
1.8688280245043738,-2.053267905293714,-0.8382842205939496,-0.0992671959256021,-0.00854614825704895,-0.966303193286565,0.4350476606087318,-0.2544884306547635,-0.0992671959256021,-0.18935256184712382,-0.21303769768270914,-0.1401098514754074,-0.358145440323592,0.5558682612033757
-1.0832851109512964,0.4870285058378622,-0.8382842205939496,-0.713985191299721,-0.06589759600423688,1.034871877633807,1.672543794926189,-0.2544884306547635,-0.713985191299721,-0.18935256184712382,1.7533742503977268,-0.1401098514754074,-0.358145440323592,1.2667544949459906
1.8688280245043738,0.4870285058378622,-0.8382842205939496,-0.30417319438364177,-0.00854614825704895,-0.966303193286565,0.4350476606087318,-0.2544884306547635,-0.30417319438364177,-0.18935256184712382,-0.21303769768270914,-0.1401098514754074,-0.358145440323592,-0.8659042062818543
1.6157897557510308,0.4870285058378622,-0.8382842205939496,-0.5090791928416813,-0.06589759600423688,-0.966303193286565,0.4350476606087318,-0.2544884306547635,-0.5090791928416813,-0.18935256184712382,-0.21303769768270914,-0.1401098514754074,-0.358145440323592,0.5558682612033757
0.5192905911532103,-2.053267905293714,0.4446794137736925,0.5154507994485168,-0.9185560150587865,-0.966303193286565,-0.8024484737087255,-0.2544884306547635,0.5154507994485168,2.103311910014095,-0.21303769768270914,-0.1401098514754074,-0.358145440323592,-0.8659042062818543
-0.7459007526135056,0.4870285058378622,-0.8382842205939496,-0.0992671959256021,-0.05257480820650953,1.034871877633807,-0.8024484737087255,-0.2544884306547635,-0.0992671959256021,-0.18935256184712382,-0.21303769768270914,-0.1401098514754074,-0.358145440323592,-0.8659042062818543
0.18190623281541937,0.4870285058378622,-0.8382842205939496,-0.713985191299721,-0.06589759600423688,1.034871877633807,-0.8024484737087255,-0.2544884306547635,-0.713985191299721,-0.18935256184712382,-0.21303769768270914,-0.1401098514754074,-0.358145440323592,0.5558682612033757
-0.7459007526135056,0.4870285058378622,0.4446794137736925,0.3105448009904772,-0.06589759600423688,-0.966303193286565,-0.8024484737087255,-0.2544884306547635,0.3105448009904772,2.103311910014095,-0.21303769768270914,-0.1401098514754074,-0.358145440323592,-0.8659042062818543
-0.5772085734446102,0.4870285058378622,-0.8382842205939496,0.10563880253243754,-0.06589759600423688,1.034871877633807,-0.8024484737087255,-0.2544884306547635,0.10563880253243754,-0.18935256184712382,-0.21303769768270914,-0.1401098514754074,2.792161751651698,-0.8659042062818543
-0.9989390213668488,0.4870285058378622,-0.8382842205939496,-0.713985191299721,-0.07922038380196421,1.034871877633807,1.672543794926189,-0.2544884306547635,-0.713985191299721,-0.18935256184712382,-0.21303769768270914,-0.1401098514754074,-0.358145440323592,-0.8659042062818543
1.1097132182443443,0.4870285058378622,-0.8382842205939496,-0.713985191299721,-0.06589759600423688,-0.966303193286565,0.4350476606087318,-0.2544884306547635,-0.713985191299721,-0.18935256184712382,-0.21303769768270914,-0.1401098514754074,-0.358145440323592,2.6885269624312205
1.0253671286598967,-2.053267905293714,-0.8382842205939496,-0.713985191299721,-0.05257480820650953,-0.966303193286565,0.4350476606087318,-0.2544884306547635,-0.713985191299721,-0.18935256184712382,-0.21303769768270914,-0.1401098514754074,-0.358145440323592,0.5558682612033757
-0.15547812552237153,0.4870285058378622,-0.8382842205939496,-0.713985191299721,-0.06589759600423688,1.034871877633807,-0.8024484737087255,-0.2544884306547635,-0.713985191299721,-0.18935256184712382,-0.21303769768270914,-0.1401098514754074,-0.358145440323592,-0.8659042062818543
-0.07113203593792379,-2.053267905293714,1.7276430481413345,1.3350747932806755,0.2405265233434919,1.034871877633807,-0.8024484737087255,1.5129284694496405,1.3350747932806755,-0.18935256184712382,-0.21303769768270914,-0.1401098514754074,2.792161751651698,0.5558682612033757
-0.8302468421979533,0.4870285058378622,-0.8382842205939496,-0.713985191299721,-0.06589759600423688,-0.966303193286565,-0.8024484737087255,1.5129284694496405,-0.713985191299721,-0.18935256184712382,-0.21303769768270914,-0.1401098514754074,-0.358145440323592,-0.8659042062818543
2.796635009933299,-2.053267905293714,-0.8382842205939496,0.3105448009904772,-0.10586595939741889,-0.966303193286565,0.4350476606087318,-0.2544884306547635,0.3105448009904772,-0.18935256184712382,-0.21303769768270914,-0.1401098514754074,-0.358145440323592,-0.8659042062818543
2.8809810995177467,0.4870285058378622,0.4446794137736925,3.7939467747771514,-0.06589759600423688,-0.966303193286565,0.4350476606087318,-0.2544884306547635,3.7939467747771514,-0.18935256184712382,-0.21303769768270914,-0.1401098514754074,-0.358145440323592,-0.8659042062818543
-0.32417030469126695,0.4870285058378622,0.4446794137736925,1.1301687948226358,-0.06589759600423688,1.034871877633807,-0.8024484737087255,-0.2544884306547635,1.1301687948226358,-0.18935256184712382,-0.21303769768270914,-0.1401098514754074,-0.358145440323592,-0.8659042062818543
-0.32417030469126695,-2.053267905293714,0.4446794137736925,-0.713985191299721,-0.06589759600423688,-0.966303193286565,-0.8024484737087255,1.5129284694496405,-0.713985191299721,-0.18935256184712382,-0.21303769768270914,-0.1401098514754074,-0.358145440323592,-0.8659042062818543
-0.32417030469126695,0.4870285058378622,0.4446794137736925,0.5154507994485168,-0.06589759600423688,1.034871877633807,-0.8024484737087255,-0.2544884306547635,0.5154507994485168,-0.18935256184712382,-0.21303769768270914,-0.1401098514754074,2.792161751651698,0.5558682612033757
-0.5772085734446102,0.4870285058378622,0.4446794137736925,-0.30417319438364177,-0.06589759600423688,1.034871877633807,-0.8024484737087255,-0.2544884306547635,-0.30417319438364177,-0.18935256184712382,-0.21303769768270914,-0.1401098514754074,-0.358145440323592,-0.8659042062818543
-1.1676312005357443,0.4870285058378622,0.4446794137736925,-0.713985191299721,-0.05257480820650953,-0.966303193286565,1.672543794926189,1.5129284694496405,-0.713985191299721,-0.18935256184712382,-0.21303769768270914,-0.1401098514754074,-0.358145440323592,-0.8659042062818543
0.5192905911532103,0.4870285058378622,-0.8382842205939496,-0.5090791928416813,-0.06589759600423688,-0.966303193286565,-0.8024484737087255,-0.2544884306547635,-0.5090791928416813,-0.18935256184712382,-0.21303769768270914,-0.1401098514754074,-0.358145440323592,-0.8659042062818543
1.3627514869976876,0.4870285058378622,-0.8382842205939496,-0.713985191299721,-0.06589759600423688,-0.966303193286565,0.4350476606087318,-0.2544884306547635,-0.713985191299721,-0.18935256184712382,-0.21303769768270914,-0.1401098514754074,-0.358145440323592,0.5558682612033757
2.459250651595508,0.4870285058378622,0.4446794137736925,1.9497927886547946,-0.06589759600423688,1.034871877633807,0.4350476606087318,-0.2544884306547635,1.9497927886547946,-0.18935256184712382,-0.21303769768270914,-0.1401098514754074,-0.358145440323592,-0.8659042062818543
-0.7459007526135056,-2.053267905293714,1.7276430481413345,0.10563880253243754,-0.06589759600423688,1.034871877633807,-0.8024484737087255,-0.2544884306547635,0.10563880253243754,-0.18935256184712382,-0.21303769768270914,-0.1401098514754074,2.792161751651698,-0.8659042062818543
-0.7459007526135056,0.4870285058378622,-0.8382842205939496,-0.30417319438364177,-0.4389356543406023,-0.966303193286565,-0.8024484737087255,-0.2544884306547635,-0.30417319438364177,-0.18935256184712382,-0.21303769768270914,-0.1401098514754074,-0.358145440323592,-0.8659042062818543
-0.6615546630290579,0.4870285058378622,0.4446794137736925,-0.713985191299721,-0.06589759600423688,1.034871877633807,-0.8024484737087255,1.5129284694496405,-0.713985191299721,-0.18935256184712382,-0.21303769768270914,-0.1401098514754074,2.792161751651698,0.5558682612033757
0.18190623281541937,0.4870285058378622,1.7276430481413345,1.539980791738715,-0.06589759600423688,1.034871877633807,-0.8024484737087255,-0.2544884306547635,1.539980791738715,-0.18935256184712382,-0.21303769768270914,-0.1401098514754074,-0.358145440323592,0.5558682612033757
1.1097132182443443,0.4870285058378622,-0.8382842205939496,-0.5090791928416813,-0.06589759600423688,-0.966303193286565,0.4350476606087318,-0.2544884306547635,-0.5090791928416813,-0.18935256184712382,-0.21303769768270914,-0.1401098514754074,-0.358145440323592,-0.8659042062818543
-1.1676312005357443,0.4870285058378622,1.7276430481413345,-0.713985191299721,-0.06589759600423688,1.034871877633807,1.672543794926189,1.5129284694496405,-0.713985191299721,-0.18935256184712382,-0.21303769768270914,-0.1401098514754074,-0.358145440323592,-0.8659042062818543
-0.8302468421979533,0.4870285058378622,1.7276430481413345,-0.30417319438364177,-0.05257480820650953,-0.966303193286565,-0.8024484737087255,-0.2544884306547635,-0.30417319438364177,-0.18935256184712382,-0.21303769768270914,-0.1401098514754074,-0.358145440323592,0.5558682612033757
2.2905584724266124,-2.053267905293714,-0.8382842205939496,-0.713985191299721,-0.05257480820650953,-0.966303193286565,0.4350476606087318,-0.2544884306547635,-0.713985191299721,-0.18935256184712382,-0.21303769768270914,-0.1401098514754074,-0.358145440323592,0.5558682612033757
1.531443666166583,-2.053267905293714,0.4446794137736925,0.3105448009904772,-0.06589759600423688,-0.966303193286565,0.4350476606087318,-0.2544884306547635,0.3105448009904772,-0.18935256184712382,-0.21303769768270914,-0.1401098514754074,-0.358145440323592,-0.8659042062818543
-0.07113203593792379,0.4870285058378622,-0.8382842205939496,0.10563880253243754,4.983438979334424,1.034871877633807,-0.8024484737087255,-0.2544884306547635,0.10563880253243754,-0.18935256184712382,-0.21303769768270914,-0.1401098514754074,2.792161751651698,-0.8659042062818543
1.2784053974132399,0.4870285058378622,-0.8382842205939496,-0.713985191299721,-0.05257480820650953,1.034871877633807,0.4350476606087318,-0.2544884306547635,-0.713985191299721,-0.18935256184712382,-0.21303769768270914,-0.1401098514754074,-0.358145440323592,0.5558682612033757
-0.32417030469126695,0.4870285058378622,-0.8382842205939496,-0.713985191299721,-0.06589759600423688,-0.966303193286565,-0.8024484737087255,-0.2544884306547635,-0.713985191299721,-0.18935256184712382,-0.21303769768270914,-0.1401098514754074,-0.358145440323592,0.5558682612033757
-0.15547812552237153,0.4870285058378622,1.7276430481413345,1.3350747932806755,-0.05257480820650953,1.034871877633807,-0.8024484737087255,1.5129284694496405,1.3350747932806755,-0.18935256184712382,-0.21303769768270914,-0.1401098514754074,-0.358145440323592,-0.8659042062818543
0.18190623281541937,-2.053267905293714,-0.8382842205939496,-0.713985191299721,-0.05257480820650953,-0.966303193286565,-0.8024484737087255,-0.2544884306547635,-0.713985191299721,-0.18935256184712382,-0.21303769768270914,-0.1401098514754074,-0.358145440323592,0.5558682612033757
-0.9989390213668488,0.4870285058378622,1.7276430481413345,-0.5090791928416813,-0.1858026861837829,1.034871877633807,1.672543794926189,-2.0219053307591675,-0.5090791928416813,-0.18935256184712382,1.7533742503977268,-0.1401098514754074,-0.358145440323592,-0.8659042062818543
-0.9989390213668488,0.4870285058378622,-0.8382842205939496,-0.713985191299721,-0.06589759600423688,1.034871877633807,1.672543794926189,-0.2544884306547635,-0.713985191299721,-0.18935256184712382,-0.21303769768270914,-0.1401098514754074,2.792161751651698,-0.8659042062818543
-1.1676312005357443,0.4870285058378622,0.4446794137736925,-0.713985191299721,-0.06589759600423688,-0.966303193286565,1.672543794926189,1.5129284694496405,-0.713985191299721,-0.18935256184712382,-0.21303769768270914,-0.1401098514754074,-0.358145440323592,0.5558682612033757
-1.1676312005357443,0.4870285058378622,0.4446794137736925,-0.30417319438364177,-0.06589759600423688,1.034871877633807,1.672543794926189,-2.0219053307591675,-0.30417319438364177,-0.18935256184712382,-0.21303769768270914,-0.1401098514754074,-0.358145440323592,-0.8659042062818543
1.6157897557510308,0.4870285058378622,-0.8382842205939496,-0.713985191299721,-0.06589759600423688,-0.966303193286565,0.4350476606087318,-0.2544884306547635,-0.713985191299721,-0.18935256184712382,-0.21303769768270914,-0.1401098514754074,-0.358145440323592,-0.8659042062818543
0.9410210390754489,0.4870285058378622,0.4446794137736925,-0.5090791928416813,-0.06589759600423688,1.034871877633807,0.4350476606087318,-0.2544884306547635,-0.5090791928416813,-0.18935256184712382,-0.21303769768270914,-0.1401098514754074,-0.358145440323592,-0.8659042062818543
0.603636680737658,0.4870285058378622,-0.8382842205939496,-0.713985191299721,-0.05257480820650953,-0.966303193286565,-0.8024484737087255,-0.2544884306547635,-0.713985191299721,-0.18935256184712382,-0.21303769768270914,-0.1401098514754074,-0.358145440323592,0.5558682612033757
0.18190623281541937,-2.053267905293714,-0.8382842205939496,-0.5090791928416813,-0.06589759600423688,-0.966303193286565,-0.8024484737087255,-0.2544884306547635,-0.5090791928416813,-0.18935256184712382,-0.21303769768270914,-0.1401098514754074,-0.358145440323592,1.2667544949459906
-0.8302468421979533,0.4870285058378622,1.7276430481413345,0.7203567979065565,-0.06589759600423688,1.034871877633807,-0.8024484737087255,-2.0219053307591675,0.7203567979065565,-0.18935256184712382,-0.21303769768270914,-0.1401098514754074,-0.358145440323592,0.5558682612033757
2.206212382842165,0.4870285058378622,-0.8382842205939496,-0.713985191299721,-0.06589759600423688,-0.966303193286565,0.4350476606087318,-0.2544884306547635,-0.713985191299721,-0.18935256184712382,-0.21303769768270914,-0.1401098514754074,-0.358145440323592,2.6885269624312205
-0.4085163942757147,-2.053267905293714,1.7276430481413345,2.3596047855708737,-0.05257480820650953,1.034871877633807,-0.8024484737087255,-0.2544884306547635,2.3596047855708737,-0.18935256184712382,-0.21303769768270914,-0.1401098514754074,-0.358145440323592,-0.8659042062818543
0.603636680737658,0.4870285058378622,-0.8382842205939496,-0.30417319438364177,-0.625454683508785,-0.966303193286565,-0.8024484737087255,1.5129284694496405,-0.30417319438364177,-0.18935256184712382,-0.21303769768270914,-0.1401098514754074,-0.358145440323592,0.5558682612033757
0.35059841198431485,-2.053267905293714,0.4446794137736925,0.5154507994485168,-0.05257480820650953,-0.966303193286565,-0.8024484737087255,-0.2544884306547635,0.5154507994485168,2.103311910014095,-0.21303769768270914,-0.1401098514754074,-0.358145440323592,-0.8659042062818543
-1.251977290120192,0.4870285058378622,1.7276430481413345,0.3105448009904772,-0.06589759600423688,1.034871877633807,1.672543794926189,-2.0219053307591675,0.3105448009904772,4.395976381875314,-0.21303769768270914,1.8868661946544836,-0.358145440323592,-0.8659042062818543
-0.9145929317824011,0.4870285058378622,0.4446794137736925,-0.713985191299721,-0.06589759600423688,1.034871877633807,1.672543794926189,-0.2544884306547635,-0.713985191299721,-0.18935256184712382,-0.21303769768270914,-0.1401098514754074,-0.358145440323592,-0.8659042062818543
-0.6615546630290579,0.4870285058378622,0.4446794137736925,-0.30417319438364177,-0.06589759600423688,1.034871877633807,-0.8024484737087255,1.5129284694496405,-0.30417319438364177,-0.18935256184712382,-0.21303769768270914,-0.1401098514754074,-0.358145440323592,-0.8659042062818543
1.3627514869976876,0.4870285058378622,-0.8382842205939496,-0.5090791928416813,-0.06589759600423688,-0.966303193286565,0.4350476606087318,-0.2544884306547635,-0.5090791928416813,-0.18935256184712382,-0.21303769768270914,-0.1401098514754074,-0.358145440323592,1.2667544949459906
-0.8302468421979533,0.4870285058378622,-0.8382842205939496,-0.713985191299721,-0.06589759600423688,-0.966303193286565,-0.8024484737087255,-0.2544884306547635,-0.713985191299721,-0.18935256184712382,-0.21303769768270914,-0.1401098514754074,-0.358145440323592,1.2667544949459906
1.7001358453354785,-2.053267905293714,-0.8382842205939496,-0.713985191299721,-0.06589759600423688,-0.966303193286565,0.4350476606087318,-0.2544884306547635,-0.713985191299721,-0.18935256184712382,-0.21303769768270914,-0.1401098514754074,-0.358145440323592,1.2667544949459906
-1.0832851109512964,-2.053267905293714,-0.8382842205939496,-0.5090791928416813,-0.10586595939741889,-0.966303193286565,1.672543794926189,1.5129284694496405,-0.5090791928416813,-0.18935256184712382,-0.21303769768270914,-0.1401098514754074,-0.358145440323592,1.2667544949459906
-0.23982421510681926,-2.053267905293714,-0.8382842205939496,-0.713985191299721,-0.06589759600423688,-0.966303193286565,-0.8024484737087255,-0.2544884306547635,-0.713985191299721,-0.18935256184712382,-0.21303769768270914,-0.1401098514754074,-0.358145440323592,-0.8659042062818543
1.7844819349199261,0.4870285058378622,-0.8382842205939496,-0.713985191299721,-0.06589759600423688,-0.966303193286565,0.4350476606087318,-0.2544884306547635,-0.713985191299721,-0.18935256184712382,-0.21303769768270914,-0.1401098514754074,-0.358145440323592,0.5558682612033757
0.18190623281541937,0.4870285058378622,0.4446794137736925,0.7203567979065565,-0.06589759600423688,-0.966303193286565,-0.8024484737087255,-0.2544884306547635,0.7203567979065565,-0.18935256184712382,-0.21303769768270914,-0.1401098514754074,-0.358145440323592,-0.8659042062818543
0.8566749494910012,0.4870285058378622,-0.8382842205939496,-0.713985191299721,-0.06589759600423688,-0.966303193286565,0.4350476606087318,-0.2544884306547635,-0.713985191299721,-0.18935256184712382,-0.21303769768270914,-0.1401098514754074,-0.358145440323592,2.6885269624312205
0.09756014323097166,0.4870285058378622,0.4446794137736925,2.1546987871128342,-0.06589759600423688,1.034871877633807,-0.8024484737087255,1.5129284694496405,2.1546987871128342,-0.18935256184712382,-0.21303769768270914,20.1296506098235,-0.358145440323592,-0.8659042062818543
-1.251977290120192,0.4870285058378622,1.7276430481413345,-0.713985191299721,-0.06589759600423688,1.034871877633807,1.672543794926189,-2.0219053307591675,-0.713985191299721,-0.18935256184712382,-0.21303769768270914,-0.1401098514754074,2.792161751651698,0.5558682612033757
1.531443666166583,0.4870285058378622,-0.8382842205939496,-0.713985191299721,-0.05257480820650953,1.034871877633807,0.4350476606087318,-0.2544884306547635,-0.713985191299721,-0.18935256184712382,-0.21303769768270914,-0.1401098514754074,-0.358145440323592,0.5558682612033757
-0.9145929317824011,0.4870285058378622,0.4446794137736925,0.10563880253243754,-0.585486320115603,1.034871877633807,1.672543794926189,1.5129284694496405,0.10563880253243754,-0.18935256184712382,-0.21303769768270914,-0.1401098514754074,-0.358145440323592,2.6885269624312205
0.35059841198431485,0.4870285058378622,-0.8382842205939496,-0.5090791928416813,-0.00854614825704895,-0.966303193286565,-0.8024484737087255,-0.2544884306547635,-0.5090791928416813,-0.18935256184712382,-0.21303769768270914,-0.1401098514754074,-0.358145440323592,-0.8659042062818543
-0.6615546630290579,0.4870285058378622,0.4446794137736925,0.3105448009904772,-0.06589759600423688,1.034871877633807,-0.8024484737087255,-0.2544884306547635,0.3105448009904772,-0.18935256184712382,1.7533742503977268,-0.1401098514754074,-0.358145440323592,-0.8659042062818543
-0.9145929317824011,0.4870285058378622,0.4446794137736925,-0.0992671959256021,-0.05257480820650953,-0.966303193286565,1.672543794926189,-0.2544884306547635,-0.0992671959256021,-0.18935256184712382,-0.21303769768270914,-0.1401098514754074,-0.358145440323592,0.5558682612033757
1.4470975765821352,0.4870285058378622,-0.8382842205939496,3.1792287794030325,-0.00854614825704895,-0.966303193286565,0.4350476606087318,-0.2544884306547635,3.1792287794030325,-0.18935256184712382,-0.21303769768270914,-0.1401098514754074,-0.358145440323592,-0.8659042062818543
-0.6615546630290579,0.4870285058378622,-0.8382842205939496,-0.713985191299721,-0.06589759600423688,1.034871877633807,-0.8024484737087255,-0.2544884306547635,-0.713985191299721,-0.18935256184712382,-0.21303769768270914,-0.1401098514754074,2.792161751651698,-0.8659042062818543
-0.5772085734446102,0.4870285058378622,-0.8382842205939496,-0.0992671959256021,3.930938743313964,1.034871877633807,-0.8024484737087255,-0.2544884306547635,-0.0992671959256021,-0.18935256184712382,-0.21303769768270914,-0.1401098514754074,2.792161751651698,-0.8659042062818543
-0.07113203593792379,0.4870285058378622,-0.8382842205939496,-0.713985191299721,-0.06589759600423688,-0.966303193286565,-0.8024484737087255,-0.2544884306547635,-0.713985191299721,-0.18935256184712382,-0.21303769768270914,-0.1401098514754074,-0.358145440323592,1.2667544949459906
0.6879827703221058,-2.053267905293714,-0.8382842205939496,-0.713985191299721,-0.06589759600423688,-0.966303193286565,-0.8024484737087255,-0.2544884306547635,-0.713985191299721,-0.18935256184712382,-0.21303769768270914,-0.1401098514754074,-0.358145440323592,-0.8659042062818543
-0.4085163942757147,-2.053267905293714,0.4446794137736925,-0.0992671959256021,-0.7320369858906037,-0.966303193286565,-0.8024484737087255,1.5129284694496405,-0.0992671959256021,-0.18935256184712382,-0.21303769768270914,-0.1401098514754074,-0.358145440323592,-0.8659042062818543
-0.6615546630290579,0.4870285058378622,-0.8382842205939496,-0.5090791928416813,-0.06589759600423688,-0.966303193286565,-0.8024484737087255,-0.2544884306547635,-0.5090791928416813,-0.18935256184712382,-0.21303769768270914,-0.1401098514754074,-0.358145440323592,-0.8659042062818543
-0.23982421510681926,0.4870285058378622,-0.8382842205939496,-0.5090791928416813,-0.06589759600423688,-0.966303193286565,-0.8024484737087255,-0.2544884306547635,-0.5090791928416813,-0.18935256184712382,-0.21303769768270914,-0.1401098514754074,-0.358145440323592,-0.8659042062818543
0.2662523223998671,-2.053267905293714,-0.8382842205939496,-0.713985191299721,-0.05257480820650953,-0.966303193286565,-0.8024484737087255,-0.2544884306547635,-0.713985191299721,-0.18935256184712382,-0.21303769768270914,-0.1401098514754074,-0.358145440323592,-0.8659042062818543
-1.1676312005357443,0.4870285058378622,0.4446794137736925,-0.5090791928416813,-0.06589759600423688,1.034871877633807,1.672543794926189,-2.0219053307591675,-0.5090791928416813,-0.18935256184712382,-0.21303769768270914,-0.1401098514754074,2.792161751651698,-0.8659042062818543
-0.7459007526135056,0.4870285058378622,0.4446794137736925,1.1301687948226358,-0.06589759600423688,1.034871877633807,-0.8024484737087255,1.5129284694496405,1.1301687948226358,-0.18935256184712382,-0.21303769768270914,-0.1401098514754074,2.792161751651698,0.5558682612033757
-1.1676312005357443,0.4870285058378622,1.7276430481413345,-0.30417319438364177,-4.129347874311075,-0.966303193286565,1.672543794926189,-2.0219053307591675,-0.30417319438364177,-0.18935256184712382,-0.21303769768270914,1.8868661946544836,-0.358145440323592,-0.8659042062818543
1.194059307828792,0.4870285058378622,-0.8382842205939496,-0.713985191299721,-0.00854614825704895,1.034871877633807,0.4350476606087318,-0.2544884306547635,-0.713985191299721,-0.18935256184712382,-0.21303769768270914,-0.1401098514754074,-0.358145440323592,-0.8659042062818543
-1.251977290120192,0.4870285058378622,1.7276430481413345,-0.5090791928416813,-0.7320369858906037,1.034871877633807,1.672543794926189,-2.0219053307591675,-0.5090791928416813,-0.18935256184712382,1.7533742503977268,1.8868661946544836,2.792161751651698,-0.8659042062818543
-1.0832851109512964,0.4870285058378622,-0.8382842205939496,-0.713985191299721,-0.06589759600423688,-0.966303193286565,1.672543794926189,1.5129284694496405,-0.713985191299721,-0.18935256184712382,-0.21303769768270914,-0.1401098514754074,-0.358145440323592,-0.8659042062818543
-0.4928624838601624,0.4870285058378622,-0.8382842205939496,0.10563880253243754,-0.06589759600423688,1.034871877633807,-0.8024484737087255,-0.2544884306547635,0.10563880253243754,2.103311910014095,1.7533742503977268,-0.1401098514754074,-0.358145440323592,-0.8659042062818543
-1.1676312005357443,0.4870285058378622,-0.8382842205939496,-0.5090791928416813,-0.11918874719514622,-0.966303193286565,1.672543794926189,1.5129284694496405,-0.5090791928416813,-0.18935256184712382,-0.21303769768270914,-0.1401098514754074,-0.358145440323592,0.5558682612033757
0.8566749494910012,0.4870285058378622,-0.8382842205939496,-0.713985191299721,-0.06589759600423688,-0.966303193286565,0.4350476606087318,-0.2544884306547635,-0.713985191299721,-0.18935256184712382,-0.21303769768270914,-0.1401098514754074,-0.358145440323592,-0.8659042062818543
-0.6615546630290579,0.4870285058378622,1.7276430481413345,1.539980791738715,-0.06589759600423688,1.034871877633807,-0.8024484737087255,-2.0219053307591675,1.539980791738715,-0.18935256184712382,-0.21303769768270914,-0.1401098514754074,-0.358145440323592,-0.8659042062818543
-0.6615546630290579,0.4870285058378622,1.7276430481413345,-0.5090791928416813,6.688755817443523,-0.966303193286565,-0.8024484737087255,-2.0219053307591675,-0.5090791928416813,-0.18935256184712382,-0.21303769768270914,-0.1401098514754074,-0.358145440323592,0.5558682612033757
-1.1676312005357443,0.4870285058378622,0.4446794137736925,-0.713985191299721,-0.06589759600423688,1.034871877633807,1.672543794926189,1.5129284694496405,-0.713985191299721,-0.18935256184712382,-0.21303769768270914,-0.1401098514754074,-0.358145440323592,-0.8659042062818543
-0.32417030469126695,0.4870285058378622,-0.8382842205939496,-0.5090791928416813,-0.23909383737469223,-0.966303193286565,-0.8024484737087255,-0.2544884306547635,-0.5090791928416813,-0.18935256184712382,-0.21303769768270914,-0.1401098514754074,-0.358145440323592,-0.8659042062818543
-0.6615546630290579,0.4870285058378622,0.4446794137736925,3.5890407763191114,-0.05257480820650953,1.034871877633807,-0.8024484737087255,-0.2544884306547635,3.5890407763191114,-0.18935256184712382,-0.21303769768270914,-0.1401098514754074,-0.358145440323592,-0.8659042062818543
-0.6615546630290579,0.4870285058378622,0.4446794137736925,-0.713985191299721,-0.05257480820650953,-0.966303193286565,-0.8024484737087255,-0.2544884306547635,-0.713985191299721,-0.18935256184712382,-0.21303769768270914,-0.1401098514754074,-0.358145440323592,0.5558682612033757
-0.5772085734446102,0.4870285058378622,-0.8382842205939496,0.10563880253243754,-0.06589759600423688,-0.966303193286565,-0.8024484737087255,-0.2544884306547635,0.10563880253243754,-0.18935256184712382,1.7533742503977268,-0.1401098514754074,-0.358145440323592,-0.8659042062818543
0.013214053646523933,0.4870285058378622,0.4446794137736925,2.769416782486953,-0.06589759600423688,1.034871877633807,-0.8024484737087255,-0.2544884306547635,2.769416782486953,2.103311910014095,-0.21303769768270914,-0.1401098514754074,2.792161751651698,-0.8659042062818543
-0.4928624838601624,0.4870285058378622,1.7276430481413345,1.9497927886547946,-0.06589759600423688,1.034871877633807,-0.8024484737087255,-0.2544884306547635,1.9497927886547946,-0.18935256184712382,-0.21303769768270914,-0.1401098514754074,-0.358145440323592,-0.8659042062818543
0.5192905911532103,-2.053267905293714,-0.8382842205939496,-0.5090791928416813,-0.05257480820650953,-0.966303193286565,-0.8024484737087255,-0.2544884306547635,-0.5090791928416813,-0.18935256184712382,-0.21303769768270914,-0.1401098514754074,-0.358145440323592,0.5558682612033757
-0.23982421510681926,0.4870285058378622,-0.8382842205939496,-0.713985191299721,-0.06589759600423688,-0.966303193286565,-0.8024484737087255,-0.2544884306547635,-0.713985191299721,-0.18935256184712382,-0.21303769768270914,-0.1401098514754074,-0.358145440323592,-0.8659042062818543
1.8688280245043738,0.4870285058378622,1.7276430481413345,5.0233827655253895,-0.05257480820650953,1.034871877633807,0.4350476606087318,1.5129284694496405,5.0233827655253895,-0.18935256184712382,-0.21303769768270914,-0.1401098514754074,2.792161751651698,-0.8659042062818543
-0.6615546630290579,0.4870285058378622,-0.8382842205939496,-0.713985191299721,-0.06589759600423688,1.034871877633807,-0.8024484737087255,-0.2544884306547635,-0.713985191299721,-0.18935256184712382,-0.21303769768270914,-0.1401098514754074,-0.358145440323592,2.6885269624312205
0.603636680737658,0.4870285058378622,-0.8382842205939496,-0.5090791928416813,-0.2124482617792376,-0.966303193286565,-0.8024484737087255,-0.2544884306547635,-0.5090791928416813,-0.18935256184712382,-0.21303769768270914,-0.1401098514754074,-0.358145440323592,-0.8659042062818543
1.7844819349199261,0.4870285058378622,-0.8382842205939496,-0.5090791928416813,-0.06589759600423688,-0.966303193286565,0.4350476606087318,-0.2544884306547635,-0.5090791928416813,-0.18935256184712382,-0.21303769768270914,-0.1401098514754074,-0.358145440323592,-0.8659042062818543
-0.4085163942757147,-2.053267905293714,1.7276430481413345,1.3350747932806755,-0.05257480820650953,1.034871877633807,-0.8024484737087255,-2.0219053307591675,1.3350747932806755,6.688640853736533,3.719786198478163,-0.1401098514754074,-0.358145440323592,-0.8659042062818543
-1.1676312005357443,0.4870285058378622,0.4446794137736925,-0.0992671959256021,-0.3456761397565109,1.034871877633807,1.672543794926189,1.5129284694496405,-0.0992671959256021,2.103311910014095,-0.21303769768270914,-0.1401098514754074,-0.358145440323592,1.2667544949459906
-0.7459007526135056,0.4870285058378622,1.7276430481413345,-0.5090791928416813,-0.4522584421383296,1.034871877633807,-0.8024484737087255,1.5129284694496405,-0.5090791928416813,-0.18935256184712382,-0.21303769768270914,-0.1401098514754074,2.792161751651698,-0.8659042062818543
-0.6615546630290579,0.4870285058378622,0.4446794137736925,0.3105448009904772,-0.06589759600423688,1.034871877633807,-0.8024484737087255,1.5129284694496405,0.3105448009904772,-0.18935256184712382,-0.21303769768270914,-0.1401098514754074,-0.358145440323592,0.5558682612033757
-0.9145929317824011,0.4870285058378622,0.4446794137736925,1.539980791738715,-0.47890401773378427,1.034871877633807,1.672543794926189,-0.2544884306547635,1.539980791738715,-0.18935256184712382,-0.21303769768270914,-0.1401098514754074,-0.358145440323592,-0.8659042062818543
0.09756014323097166,0.4870285058378622,1.7276430481413345,0.3105448009904772,-0.9052332272610591,-0.966303193286565,-0.8024484737087255,-2.0219053307591675,0.3105448009904772,-0.18935256184712382,-0.21303769768270914,3.913842240784374,-0.358145440323592,-0.8659042062818543
1.4470975765821352,-2.053267905293714,-0.8382842205939496,-0.713985191299721,-0.06589759600423688,-0.966303193286565,0.4350476606087318,-0.2544884306547635,-0.713985191299721,-0.18935256184712382,-0.21303769768270914,-0.1401098514754074,-0.358145440323592,0.5558682612033757
-0.4928624838601624,0.4870285058378622,1.7276430481413345,0.9252627963645961,-0.05257480820650953,1.034871877633807,-0.8024484737087255,1.5129284694496405,0.9252627963645961,-0.18935256184712382,-0.21303769768270914,-0.1401098514754074,2.792161751651698,-0.8659042062818543
-1.1676312005357443,0.4870285058378622,-0.8382842205939496,-0.713985191299721,-0.05257480820650953,-0.966303193286565,1.672543794926189,1.5129284694496405,-0.713985191299721,-0.18935256184712382,-0.21303769768270914,-0.1401098514754074,-0.358145440323592,1.2667544949459906
-0.15547812552237153,-2.053267905293714,-0.8382842205939496,-0.5090791928416813,-0.05257480820650953,-0.966303193286565,-0.8024484737087255,-0.2544884306547635,-0.5090791928416813,-0.18935256184712382,-0.21303769768270914,-0.1401098514754074,-0.358145440323592,0.5558682612033757
-1.1676312005357443,0.4870285058378622,0.4446794137736925,-0.713985191299721,-0.05257480820650953,1.034871877633807,1.672543794926189,1.5129284694496405,-0.713985191299721,-0.18935256184712382,-0.21303769768270914,-0.1401098514754074,-0.358145440323592,1.2667544949459906
1.6157897557510308,-2.053267905293714,-0.8382842205939496,-0.713985191299721,-0.05257480820650953,1.034871877633807,0.4350476606087318,-0.2544884306547635,-0.713985191299721,-0.18935256184712382,-0.21303769768270914,-0.1401098514754074,2.792161751651698,0.5558682612033757
-0.9989390213668488,0.4870285058378622,1.7276430481413345,0.9252627963645961,-0.05257480820650953,1.034871877633807,1.672543794926189,1.5129284694496405,0.9252627963645961,2.103311910014095,1.7533742503977268,-0.1401098514754074,-0.358145440323592,-0.8659042062818543
0.9410210390754489,0.4870285058378622,-0.8382842205939496,-0.713985191299721,-0.06589759600423688,-0.966303193286565,0.4350476606087318,-0.2544884306547635,-0.713985191299721,-0.18935256184712382,-0.21303769768270914,-0.1401098514754074,-0.358145440323592,0.5558682612033757
0.09756014323097166,0.4870285058378622,-0.8382842205939496,-0.713985191299721,-0.06589759600423688,-0.966303193286565,-0.8024484737087255,-0.2544884306547635,-0.713985191299721,-0.18935256184712382,-0.21303769768270914,-0.1401098514754074,-0.358145440323592,2.6885269624312205
-0.32417030469126695,-2.053267905293714,-0.8382842205939496,-0.713985191299721,-0.11918874719514622,-0.966303193286565,-0.8024484737087255,-0.2544884306547635,-0.713985191299721,-0.18935256184712382,-0.21303769768270914,-0.1401098514754074,-0.358145440323592,0.5558682612033757
-0.6615546630290579,0.4870285058378622,0.4446794137736925,0.5154507994485168,-0.06589759600423688,1.034871877633807,-0.8024484737087255,-2.0219053307591675,0.5154507994485168,-0.18935256184712382,-0.21303769768270914,1.8868661946544836,-0.358145440323592,-0.8659042062818543
1.8688280245043738,-2.053267905293714,-0.8382842205939496,-0.30417319438364177,-0.06589759600423688,-0.966303193286565,0.4350476606087318,-0.2544884306547635,-0.30417319438364177,-0.18935256184712382,-0.21303769768270914,-0.1401098514754074,-0.358145440323592,0.5558682612033757
-0.7459007526135056,-2.053267905293714,1.7276430481413345,-0.5090791928416813,-1.9177650998883367,-0.966303193286565,-0.8024484737087255,-2.0219053307591675,-0.5090791928416813,-0.18935256184712382,-0.21303769768270914,-0.1401098514754074,-0.358145440323592,-0.8659042062818543
-0.32417030469126695,-2.053267905293714,-0.8382842205939496,-0.713985191299721,-0.05257480820650953,-0.966303193286565,-0.8024484737087255,-0.2544884306547635,-0.713985191299721,-0.18935256184712382,-0.21303769768270914,-0.1401098514754074,-0.358145440323592,0.5558682612033757
1.194059307828792,0.4870285058378622,-0.8382842205939496,-0.713985191299721,-0.09254317159969154,-0.966303193286565,0.4350476606087318,-0.2544884306547635,-0.713985191299721,-0.18935256184712382,-0.21303769768270914,-0.1401098514754074,-0.358145440323592,1.2667544949459906
-0.9989390213668488,0.4870285058378622,0.4446794137736925,-0.713985191299721,-0.06589759600423688,-0.966303193286565,1.672543794926189,1.5129284694496405,-0.713985191299721,-0.18935256184712382,-0.21303769768270914,-0.1401098514754074,-0.358145440323592,-0.8659042062818543
-0.5772085734446102,0.4870285058378622,-0.8382842205939496,0.10563880253243754,-0.06589759600423688,1.034871877633807,-0.8024484737087255,-0.2544884306547635,0.10563880253243754,-0.18935256184712382,-0.21303769768270914,-0.1401098514754074,-0.358145440323592,-0.8659042062818543
2.8809810995177467,-2.053267905293714,-0.8382842205939496,0.3105448009904772,-0.09254317159969154,-0.966303193286565,0.4350476606087318,-0.2544884306547635,0.3105448009904772,-0.18935256184712382,-0.21303769768270914,-0.1401098514754074,-0.358145440323592,0.5558682612033757
0.09756014323097166,0.4870285058378622,0.4446794137736925,-0.713985191299721,-0.06589759600423688,1.034871877633807,-0.8024484737087255,-0.2544884306547635,-0.713985191299721,-0.18935256184712382,-0.21303769768270914,-0.1401098514754074,2.792161751651698,-0.8659042062818543
0.603636680737658,0.4870285058378622,0.4446794137736925,2.1546987871128342,-0.06589759600423688,1.034871877633807,-0.8024484737087255,1.5129284694496405,2.1546987871128342,-0.18935256184712382,-0.21303769768270914,-0.1401098514754074,-0.358145440323592,-0.8659042062818543
-0.7459007526135056,-2.053267905293714,-0.8382842205939496,-0.713985191299721,-0.06589759600423688,-0.966303193286565,-0.8024484737087255,-0.2544884306547635,-0.713985191299721,-0.18935256184712382,-0.21303769768270914,-0.1401098514754074,-0.358145440323592,-0.8659042062818543
-0.6615546630290579,0.4870285058378622,0.4446794137736925,-0.5090791928416813,-0.06589759600423688,-0.966303193286565,-0.8024484737087255,-0.2544884306547635,-0.5090791928416813,-0.18935256184712382,-0.21303769768270914,-0.1401098514754074,-0.358145440323592,-0.8659042062818543
-0.6615546630290579,-2.053267905293714,-0.8382842205939496,-0.5090791928416813,-0.05257480820650953,-0.966303193286565,-0.8024484737087255,-0.2544884306547635,-0.5090791928416813,-0.18935256184712382,-0.21303769768270914,-0.1401098514754074,-0.358145440323592,-0.8659042062818543
0.4349445015687626,0.4870285058378622,0.4446794137736925,-0.30417319438364177,-0.06589759600423688,-0.966303193286565,-0.8024484737087255,-0.2544884306547635,-0.30417319438364177,-0.18935256184712382,-0.21303769768270914,-0.1401098514754074,-0.358145440323592,1.9776407286886057
1.7844819349199261,0.4870285058378622,-0.8382842205939496,-0.0992671959256021,-0.4122900787451476,1.034871877633807,0.4350476606087318,-0.2544884306547635,-0.0992671959256021,-0.18935256184712382,-0.21303769768270914,-0.1401098514754074,-0.358145440323592,-0.8659042062818543
-0.5772085734446102,-2.053267905293714,-0.8382842205939496,-0.0992671959256021,-0.06589759600423688,1.034871877633807,-0.8024484737087255,-0.2544884306547635,-0.0992671959256021,-0.18935256184712382,-0.21303769768270914,-0.1401098514754074,-0.358145440323592,-0.8659042062818543
-0.6615546630290579,-2.053267905293714,1.7276430481413345,0.5154507994485168,-0.06589759600423688,-0.966303193286565,-0.8024484737087255,-2.0219053307591675,0.5154507994485168,-0.18935256184712382,-0.21303769768270914,-0.1401098514754074,-0.358145440323592,0.5558682612033757
0.603636680737658,0.4870285058378622,-0.8382842205939496,-0.713985191299721,-0.05257480820650953,1.034871877633807,-0.8024484737087255,-0.2544884306547635,-0.713985191299721,-0.18935256184712382,-0.21303769768270914,-0.1401098514754074,-0.358145440323592,-0.8659042062818543
1.531443666166583,0.4870285058378622,-0.8382842205939496,2.9743227809449926,-0.05257480820650953,-0.966303193286565,0.4350476606087318,-0.2544884306547635,2.9743227809449926,-0.18935256184712382,-0.21303769768270914,-0.1401098514754074,-0.358145440323592,1.2667544949459906
-1.0832851109512964,-2.053267905293714,-0.8382842205939496,-0.713985191299721,-0.06589759600423688,-0.966303193286565,1.672543794926189,-0.2544884306547635,-0.713985191299721,-0.18935256184712382,-0.21303769768270914,-0.1401098514754074,-0.358145440323592,1.2667544949459906
-0.5772085734446102,0.4870285058378622,1.7276430481413345,0.5154507994485168,-0.06589759600423688,1.034871877633807,-0.8024484737087255,1.5129284694496405,0.5154507994485168,-0.18935256184712382,-0.21303769768270914,-0.1401098514754074,-0.358145440323592,-0.8659042062818543
-0.9989390213668488,-2.053267905293714,0.4446794137736925,-0.30417319438364177,-0.07922038380196421,1.034871877633807,1.672543794926189,1.5129284694496405,-0.30417319438364177,-0.18935256184712382,-0.21303769768270914,-0.1401098514754074,2.792161751651698,-0.8659042062818543
0.9410210390754489,0.4870285058378622,-0.8382842205939496,-0.713985191299721,-0.05257480820650953,-0.966303193286565,0.4350476606087318,-0.2544884306547635,-0.713985191299721,-0.18935256184712382,-0.21303769768270914,-0.1401098514754074,-0.358145440323592,0.5558682612033757
2.8809810995177467,0.4870285058378622,-0.8382842205939496,-0.713985191299721,-0.1458343227906009,1.034871877633807,0.4350476606087318,-0.2544884306547635,-0.713985191299721,-0.18935256184712382,-0.21303769768270914,-0.1401098514754074,-0.358145440323592,0.5558682612033757
-0.5772085734446102,-2.053267905293714,-0.8382842205939496,-0.5090791928416813,-0.06589759600423688,1.034871877633807,-0.8024484737087255,-0.2544884306547635,-0.5090791928416813,-0.18935256184712382,-0.21303769768270914,-0.1401098514754074,-0.358145440323592,1.2667544949459906
-0.32417030469126695,0.4870285058378622,-0.8382842205939496,-0.5090791928416813,-0.06589759600423688,1.034871877633807,-0.8024484737087255,-0.2544884306547635,-0.5090791928416813,-0.18935256184712382,-0.21303769768270914,-0.1401098514754074,2.792161751651698,0.5558682612033757
2.3749045620110603,0.4870285058378622,-0.8382842205939496,-0.713985191299721,-0.05257480820650953,-0.966303193286565,0.4350476606087318,-0.2544884306547635,-0.713985191299721,-0.18935256184712382,-0.21303769768270914,-0.1401098514754074,-0.358145440323592,0.5558682612033757
-0.23982421510681926,-2.053267905293714,-0.8382842205939496,-0.5090791928416813,-0.06589759600423688,-0.966303193286565,-0.8024484737087255,-0.2544884306547635,-0.5090791928416813,-0.18935256184712382,-0.21303769768270914,-0.1401098514754074,-0.358145440323592,0.5558682612033757
0.7723288599065534,0.4870285058378622,1.7276430481413345,1.7448867901967549,-0.00854614825704895,-0.966303193286565,-0.8024484737087255,-0.2544884306547635,1.7448867901967549,-0.18935256184712382,-0.21303769768270914,-0.1401098514754074,-0.358145440323592,-0.8659042062818543
-0.15547812552237153,0.4870285058378622,-0.8382842205939496,-0.713985191299721,-0.06589759600423688,1.034871877633807,-0.8024484737087255,-0.2544884306547635,-0.713985191299721,-0.18935256184712382,-0.21303769768270914,-0.1401098514754074,2.792161751651698,2.6885269624312205
-1.0832851109512964,0.4870285058378622,1.7276430481413345,1.539980791738715,-0.05257480820650953,1.034871877633807,1.672543794926189,-2.0219053307591675,1.539980791738715,-0.18935256184712382,-0.21303769768270914,-0.1401098514754074,2.792161751651698,-0.8659042062818543
0.18190623281541937,-2.053267905293714,0.4446794137736925,-0.713985191299721,-0.00854614825704895,-0.966303193286565,-0.8024484737087255,-0.2544884306547635,-0.713985191299721,-0.18935256184712382,-0.21303769768270914,-0.1401098514754074,-0.358145440323592,-0.8659042062818543
-1.251977290120192,-2.053267905293714,1.7276430481413345,-0.30417319438364177,-0.06589759600423688,1.034871877633807,1.672543794926189,-2.0219053307591675,-0.30417319438364177,-0.18935256184712382,5.686198146558598,-0.1401098514754074,-0.358145440323592,-0.8659042062818543
-1.0832851109512964,0.4870285058378622,1.7276430481413345,-0.0992671959256021,-0.06589759600423688,1.034871877633807,1.672543794926189,1.5129284694496405,-0.0992671959256021,4.395976381875314,-0.21303769768270914,-0.1401098514754074,-0.358145440323592,0.5558682612033757
-1.1676312005357443,0.4870285058378622,0.4446794137736925,-0.713985191299721,-0.06589759600423688,1.034871877633807,1.672543794926189,1.5129284694496405,-0.713985191299721,-0.18935256184712382,1.7533742503977268,-0.1401098514754074,-0.358145440323592,1.9776407286886057
-1.1676312005357443,0.4870285058378622,-0.8382842205939496,-0.713985191299721,-0.05257480820650953,-0.966303193286565,1.672543794926189,1.5129284694496405,-0.713985191299721,-0.18935256184712382,-0.21303769768270914,-0.1401098514754074,-0.358145440323592,1.2667544949459906
1.9531741140888217,0.4870285058378622,0.4446794137736925,2.564510784028913,-0.06589759600423688,1.034871877633807,0.4350476606087318,-0.2544884306547635,2.564510784028913,-0.18935256184712382,-0.21303769768270914,-0.1401098514754074,-0.358145440323592,-0.8659042062818543
2.037520203673269,0.4870285058378622,-0.8382842205939496,-0.30417319438364177,-0.05257480820650953,-0.966303193286565,0.4350476606087318,-0.2544884306547635,-0.30417319438364177,-0.18935256184712382,-0.21303769768270914,-0.1401098514754074,-0.358145440323592,-0.8659042062818543
-0.9989390213668488,0.4870285058378622,1.7276430481413345,0.3105448009904772,-0.06589759600423688,1.034871877633807,1.672543794926189,-2.0219053307591675,0.3105448009904772,-0.18935256184712382,-0.21303769768270914,-0.1401098514754074,2.792161751651698,2.6885269624312205
-0.7459007526135056,0.4870285058378622,1.7276430481413345,2.3596047855708737,-0.06589759600423688,-0.966303193286565,-0.8024484737087255,1.5129284694496405,2.3596047855708737,-0.18935256184712382,-0.21303769768270914,-0.1401098514754074,-0.358145440323592,-0.8659042062818543
0.09756014323097166,0.4870285058378622,-0.8382842205939496,-0.5090791928416813,-0.06589759600423688,1.034871877633807,-0.8024484737087255,-0.2544884306547635,-0.5090791928416813,-0.18935256184712382,-0.21303769768270914,-0.1401098514754074,2.792161751651698,0.5558682612033757
-0.8302468421979533,0.4870285058378622,1.7276430481413345,-0.5090791928416813,-0.06589759600423688,1.034871877633807,-0.8024484737087255,-2.0219053307591675,-0.5090791928416813,-0.18935256184712382,-0.21303769768270914,-0.1401098514754074,-0.358145440323592,-0.8659042062818543
-0.4928624838601624,-2.053267905293714,-0.8382842205939496,-0.713985191299721,-0.06589759600423688,1.034871877633807,-0.8024484737087255,-0.2544884306547635,-0.713985191299721,-0.18935256184712382,-0.21303769768270914,-0.1401098514754074,2.792161751651698,1.2667544949459906
-0.15547812552237153,0.4870285058378622,1.7276430481413345,0.3105448009904772,-0.06589759600423688,1.034871877633807,-0.8024484737087255,-0.2544884306547635,0.3105448009904772,-0.18935256184712382,-0.21303769768270914,-0.1401098514754074,-0.358145440323592,-0.8659042062818543
-0.6615546630290579,-2.053267905293714,1.7276430481413345,-0.0992671959256021,-0.06589759600423688,1.034871877633807,-0.8024484737087255,1.5129284694496405,-0.0992671959256021,-0.18935256184712382,-0.21303769768270914,-0.1401098514754074,2.792161751651698,-0.8659042062818543
1.3627514869976876,0.4870285058378622,-0.8382842205939496,-0.5090791928416813,-0.06589759600423688,-0.966303193286565,0.4350476606087318,-0.2544884306547635,-0.5090791928416813,-0.18935256184712382,-0.21303769768270914,-0.1401098514754074,-0.358145440323592,0.5558682612033757
0.8566749494910012,0.4870285058378622,1.7276430481413345,7.072442750105785,-0.06589759600423688,1.034871877633807,0.4350476606087318,-2.0219053307591675,7.072442750105785,-0.18935256184712382,-0.21303769768270914,-0.1401098514754074,2.792161751651698,-0.8659042062818543
-0.7459007526135056,0.4870285058378622,1.7276430481413345,-0.713985191299721,-0.06589759600423688,-0.966303193286565,-0.8024484737087255,-0.2544884306547635,-0.713985191299721,-0.18935256184712382,-0.21303769768270914,-0.1401098514754074,-0.358145440323592,-0.8659042062818543
-0.5772085734446102,0.4870285058378622,-0.8382842205939496,-0.713985191299721,-0.00854614825704895,-0.966303193286565,-0.8024484737087255,-0.2544884306547635,-0.713985191299721,-0.18935256184712382,-0.21303769768270914,-0.1401098514754074,-0.358145440323592,1.2667544949459906
-0.6615546630290579,0.4870285058378622,0.4446794137736925,-0.5090791928416813,-0.06589759600423688,1.034871877633807,-0.8024484737087255,-0.2544884306547635,-0.5090791928416813,-0.18935256184712382,-0.21303769768270914,-0.1401098514754074,-0.358145440323592,1.2667544949459906
0.4349445015687626,-2.053267905293714,-0.8382842205939496,0.10563880253243754,-0.05257480820650953,1.034871877633807,-0.8024484737087255,-0.2544884306547635,0.10563880253243754,-0.18935256184712382,-0.21303769768270914,-0.1401098514754074,-0.358145440323592,1.2667544949459906
-1.1676312005357443,0.4870285058378622,-0.8382842205939496,-0.713985191299721,-0.06589759600423688,-0.966303193286565,1.672543794926189,1.5129284694496405,-0.713985191299721,-0.18935256184712382,-0.21303769768270914,-0.1401098514754074,-0.358145440323592,0.5558682612033757
0.013214053646523933,0.4870285058378622,-0.8382842205939496,-0.5090791928416813,-0.05257480820650953,-0.966303193286565,-0.8024484737087255,-0.2544884306547635,-0.5090791928416813,-0.18935256184712382,-0.21303769768270914,-0.1401098514754074,-0.358145440323592,-0.8659042062818543
1.3627514869976876,0.4870285058378622,-0.8382842205939496,-0.713985191299721,-0.06589759600423688,1.034871877633807,0.4350476606087318,-0.2544884306547635,-0.713985191299721,-0.18935256184712382,-0.21303769768270914,-0.1401098514754074,2.792161751651698,-0.8659042062818543
0.2662523223998671,0.4870285058378622,0.4446794137736925,-0.30417319438364177,-0.05257480820650953,1.034871877633807,-0.8024484737087255,-0.2544884306547635,-0.30417319438364177,-0.18935256184712382,-0.21303769768270914,-0.1401098514754074,2.792161751651698,-0.8659042062818543
-0.8302468421979533,0.4870285058378622,-0.8382842205939496,-0.30417319438364177,-0.2257710495769649,1.034871877633807,-0.8024484737087255,-0.2544884306547635,-0.30417319438364177,-0.18935256184712382,-0.21303769768270914,-0.1401098514754074,-0.358145440323592,0.5558682612033757
-1.1676312005357443,-2.053267905293714,0.4446794137736925,-0.5090791928416813,-0.06589759600423688,1.034871877633807,1.672543794926189,-2.0219053307591675,-0.5090791928416813,2.103311910014095,-0.21303769768270914,-0.1401098514754074,-0.358145440323592,-0.8659042062818543
-0.15547812552237153,-2.053267905293714,-0.8382842205939496,-0.30417319438364177,-0.06589759600423688,-0.966303193286565,-0.8024484737087255,-0.2544884306547635,-0.30417319438364177,-0.18935256184712382,-0.21303769768270914,-0.1401098514754074,-0.358145440323592,0.5558682612033757
0.5192905911532103,0.4870285058378622,-0.8382842205939496,-0.5090791928416813,-0.06589759600423688,-0.966303193286565,-0.8024484737087255,-0.2544884306547635,-0.5090791928416813,-0.18935256184712382,-0.21303769768270914,-0.1401098514754074,-0.358145440323592,-0.8659042062818543
1.7844819349199261,0.4870285058378622,-0.8382842205939496,-0.713985191299721,-0.05257480820650953,-0.966303193286565,0.4350476606087318,-0.2544884306547635,-0.713985191299721,-0.18935256184712382,-0.21303769768270914,-0.1401098514754074,-0.358145440323592,0.5558682612033757
-0.9989390213668488,0.4870285058378622,0.4446794137736925,-0.5090791928416813,-0.06589759600423688,-0.966303193286565,1.672543794926189,-0.2544884306547635,-0.5090791928416813,-0.18935256184712382,1.7533742503977268,-0.1401098514754074,-0.358145440323592,-0.8659042062818543
2.121866293257717,-2.053267905293714,0.4446794137736925,-0.713985191299721,-0.05257480820650953,-0.966303193286565,0.4350476606087318,-0.2544884306547635,-0.713985191299721,-0.18935256184712382,-0.21303769768270914,-0.1401098514754074,-0.358145440323592,0.5558682612033757
-1.0832851109512964,-2.053267905293714,0.4446794137736925,-0.5090791928416813,-0.06589759600423688,1.034871877633807,1.672543794926189,1.5129284694496405,-0.5090791928416813,-0.18935256184712382,-0.21303769768270914,-0.1401098514754074,-0.358145440323592,-0.8659042062818543
0.18190623281541937,0.4870285058378622,-0.8382842205939496,-0.30417319438364177,-0.2257710495769649,-0.966303193286565,-0.8024484737087255,-0.2544884306547635,-0.30417319438364177,-0.18935256184712382,-0.21303769768270914,-0.1401098514754074,-0.358145440323592,-0.8659042062818543
-0.15547812552237153,0.4870285058378622,0.4446794137736925,0.9252627963645961,-0.05257480820650953,-0.966303193286565,-0.8024484737087255,-0.2544884306547635,0.9252627963645961,-0.18935256184712382,-0.21303769768270914,-0.1401098514754074,-0.358145440323592,-0.8659042062818543
1.531443666166583,0.4870285058378622,-0.8382842205939496,-0.713985191299721,-0.06589759600423688,-0.966303193286565,0.4350476606087318,-0.2544884306547635,-0.713985191299721,-0.18935256184712382,-0.21303769768270914,-0.1401098514754074,-0.358145440323592,2.6885269624312205
1.9531741140888217,0.4870285058378622,1.7276430481413345,2.564510784028913,-0.6787458346996944,1.034871877633807,0.4350476606087318,-2.0219053307591675,2.564510784028913,-0.18935256184712382,-0.21303769768270914,-0.1401098514754074,-0.358145440323592,-0.8659042062818543
-1.251977290120192,0.4870285058378622,0.4446794137736925,-0.713985191299721,-0.06589759600423688,1.034871877633807,1.672543794926189,-2.0219053307591675,-0.713985191299721,-0.18935256184712382,5.686198146558598,-0.1401098514754074,-0.358145440323592,-0.8659042062818543
0.6879827703221058,0.4870285058378622,-0.8382842205939496,-0.5090791928416813,-0.06589759600423688,-0.966303193286565,-0.8024484737087255,-0.2544884306547635,-0.5090791928416813,-0.18935256184712382,-0.21303769768270914,-0.1401098514754074,-0.358145440323592,0.5558682612033757
1.0253671286598967,0.4870285058378622,-0.8382842205939496,-0.5090791928416813,-0.625454683508785,-0.966303193286565,0.4350476606087318,-0.2544884306547635,-0.5090791928416813,-0.18935256184712382,-0.21303769768270914,-0.1401098514754074,-0.358145440323592,0.5558682612033757
-1.1676312005357443,0.4870285058378622,-0.8382842205939496,-0.5090791928416813,-0.06589759600423688,-0.966303193286565,1.672543794926189,1.5129284694496405,-0.5090791928416813,-0.18935256184712382,-0.21303769768270914,-0.1401098514754074,-0.358145440323592,-0.8659042062818543
1.194059307828792,0.4870285058378622,-0.8382842205939496,-0.0992671959256021,-0.05257480820650953,-0.966303193286565,0.4350476606087318,-0.2544884306547635,-0.0992671959256021,-0.18935256184712382,-0.21303769768270914,-0.1401098514754074,-0.358145440323592,0.5558682612033757
-1.0832851109512964,0.4870285058378622,-0.8382842205939496,-0.713985191299721,-0.05257480820650953,1.034871877633807,1.672543794926189,1.5129284694496405,-0.713985191299721,-0.18935256184712382,-0.21303769768270914,-0.1401098514754074,-0.358145440323592,0.5558682612033757
-0.5772085734446102,0.4870285058378622,-0.8382842205939496,-0.30417319438364177,-0.06589759600423688,1.034871877633807,-0.8024484737087255,-0.2544884306547635,-0.30417319438364177,-0.18935256184712382,-0.21303769768270914,-0.1401098514754074,2.792161751651698,0.5558682612033757
-0.8302468421979533,0.4870285058378622,-0.8382842205939496,-0.5090791928416813,-0.05257480820650953,-0.966303193286565,-0.8024484737087255,-0.2544884306547635,-0.5090791928416813,-0.18935256184712382,-0.21303769768270914,-0.1401098514754074,-0.358145440323592,-0.8659042062818543
-1.251977290120192,0.4870285058378622,1.7276430481413345,-0.713985191299721,-0.06589759600423688,1.034871877633807,1.672543794926189,-2.0219053307591675,-0.713985191299721,-0.18935256184712382,-0.21303769768270914,-0.1401098514754074,-0.358145440323592,-0.8659042062818543
1.194059307828792,-2.053267905293714,-0.8382842205939496,-0.30417319438364177,-0.06589759600423688,1.034871877633807,0.4350476606087318,-0.2544884306547635,-0.30417319438364177,-0.18935256184712382,-0.21303769768270914,-0.1401098514754074,-0.358145440323592,0.5558682612033757
-0.8302468421979533,0.4870285058378622,1.7276430481413345,-0.5090791928416813,-0.05257480820650953,-0.966303193286565,-0.8024484737087255,-2.0219053307591675,-0.5090791928416813,-0.18935256184712382,-0.21303769768270914,-0.1401098514754074,-0.358145440323592,0.5558682612033757
-1.1676312005357443,0.4870285058378622,-0.8382842205939496,-0.713985191299721,-0.06589759600423688,-0.966303193286565,1.672543794926189,1.5129284694496405,-0.713985191299721,-0.18935256184712382,-0.21303769768270914,-0.1401098514754074,-0.358145440323592,1.2667544949459906
2.121866293257717,0.4870285058378622,-0.8382842205939496,2.3596047855708737,-0.5588407445201483,1.034871877633807,0.4350476606087318,-0.2544884306547635,2.3596047855708737,-0.18935256184712382,-0.21303769768270914,-0.1401098514754074,-0.358145440323592,-0.8659042062818543
-0.9145929317824011,0.4870285058378622,-0.8382842205939496,-0.5090791928416813,-0.545517956722421,-0.966303193286565,1.672543794926189,-0.2544884306547635,-0.5090791928416813,-0.18935256184712382,-0.21303769768270914,-0.1401098514754074,-0.358145440323592,0.5558682612033757
0.603636680737658,0.4870285058378622,-0.8382842205939496,-0.5090791928416813,-0.06589759600423688,1.034871877633807,-0.8024484737087255,-0.2544884306547635,-0.5090791928416813,-0.18935256184712382,-0.21303769768270914,-0.1401098514754074,2.792161751651698,0.5558682612033757
-0.6615546630290579,0.4870285058378622,-0.8382842205939496,-0.713985191299721,-0.05257480820650953,1.034871877633807,-0.8024484737087255,-0.2544884306547635,-0.713985191299721,-0.18935256184712382,-0.21303769768270914,-0.1401098514754074,-0.358145440323592,1.2667544949459906
0.013214053646523933,-2.053267905293714,-0.8382842205939496,-0.713985191299721,-0.06589759600423688,-0.966303193286565,-0.8024484737087255,-0.2544884306547635,-0.713985191299721,-0.18935256184712382,-0.21303769768270914,-0.1401098514754074,-0.358145440323592,-0.8659042062818543
0.4349445015687626,0.4870285058378622,-0.8382842205939496,1.539980791738715,-0.06589759600423688,1.034871877633807,-0.8024484737087255,-0.2544884306547635,1.539980791738715,-0.18935256184712382,-0.21303769768270914,-0.1401098514754074,2.792161751651698,-0.8659042062818543
1.194059307828792,-2.053267905293714,-0.8382842205939496,-0.30417319438364177,-0.06589759600423688,-0.966303193286565,0.4350476606087318,-0.2544884306547635,-0.30417319438364177,-0.18935256184712382,-0.21303769768270914,-0.1401098514754074,-0.358145440323592,0.5558682612033757
0.4349445015687626,0.4870285058378622,-0.8382842205939496,-0.713985191299721,-0.05257480820650953,-0.966303193286565,-0.8024484737087255,-0.2544884306547635,-0.713985191299721,-0.18935256184712382,-0.21303769768270914,-0.1401098514754074,-0.358145440323592,0.5558682612033757
-0.7459007526135056,0.4870285058378622,-0.8382842205939496,-0.30417319438364177,-0.06589759600423688,-0.966303193286565,-0.8024484737087255,-0.2544884306547635,-0.30417319438364177,-0.18935256184712382,-0.21303769768270914,-0.1401098514754074,-0.358145440323592,-0.8659042062818543
-0.07113203593792379,0.4870285058378622,0.4446794137736925,0.9252627963645961,-0.06589759600423688,1.034871877633807,-0.8024484737087255,-0.2544884306547635,0.9252627963645961,-0.18935256184712382,-0.21303769768270914,-0.1401098514754074,-0.358145440323592,-0.8659042062818543
-0.23982421510681926,0.4870285058378622,-0.8382842205939496,0.7203567979065565,-0.06589759600423688,1.034871877633807,-0.8024484737087255,-0.2544884306547635,0.7203567979065565,6.688640853736533,-0.21303769768270914,-0.1401098514754074,-0.358145440323592,-0.8659042062818543
0.09756014323097166,0.4870285058378622,0.4446794137736925,0.10563880253243754,-0.00854614825704895,-0.966303193286565,-0.8024484737087255,-0.2544884306547635,0.10563880253243754,-0.18935256184712382,-0.21303769768270914,-0.1401098514754074,-0.358145440323592,0.5558682612033757
-0.23982421510681926,0.4870285058378622,1.7276430481413345,0.7203567979065565,-0.05257480820650953,1.034871877633807,-0.8024484737087255,-2.0219053307591675,0.7203567979065565,-0.18935256184712382,-0.21303769768270914,-0.1401098514754074,2.792161751651698,-0.8659042062818543
-0.7459007526135056,0.4870285058378622,-0.8382842205939496,-0.713985191299721,10.245940159436723,-0.966303193286565,-0.8024484737087255,-0.2544884306547635,-0.713985191299721,-0.18935256184712382,-0.21303769768270914,-0.1401098514754074,-0.358145440323592,0.5558682612033757
-0.23982421510681926,0.4870285058378622,0.4446794137736925,-0.5090791928416813,-0.06589759600423688,1.034871877633807,-0.8024484737087255,-0.2544884306547635,-0.5090791928416813,-0.18935256184712382,-0.21303769768270914,-0.1401098514754074,-0.358145440323592,-0.8659042062818543
1.2784053974132399,0.4870285058378622,-0.8382842205939496,-0.0992671959256021,-0.05257480820650953,1.034871877633807,0.4350476606087318,1.5129284694496405,-0.0992671959256021,-0.18935256184712382,-0.21303769768270914,-0.1401098514754074,2.792161751651698,0.5558682612033757
-1.1676312005357443,0.4870285058378622,1.7276430481413345,-0.5090791928416813,-0.06589759600423688,1.034871877633807,1.672543794926189,-2.0219053307591675,-0.5090791928416813,-0.18935256184712382,-0.21303769768270914,-0.1401098514754074,2.792161751651698,-0.8659042062818543
-0.07113203593792379,0.4870285058378622,-0.8382842205939496,-0.713985191299721,-0.06589759600423688,-0.966303193286565,-0.8024484737087255,-0.2544884306547635,-0.713985191299721,-0.18935256184712382,-0.21303769768270914,-0.1401098514754074,-0.358145440323592,0.5558682612033757
-1.1676312005357443,0.4870285058378622,1.7276430481413345,-0.5090791928416813,-0.06589759600423688,-0.966303193286565,1.672543794926189,-2.0219053307591675,-0.5090791928416813,2.103311910014095,3.719786198478163,-0.1401098514754074,-0.358145440323592,0.5558682612033757
0.013214053646523933,0.4870285058378622,-0.8382842205939496,-0.30417319438364177,-0.05257480820650953,1.034871877633807,-0.8024484737087255,-0.2544884306547635,-0.30417319438364177,-0.18935256184712382,-0.21303769768270914,-0.1401098514754074,2.792161751651698,0.5558682612033757
-1.251977290120192,-2.053267905293714,1.7276430481413345,-0.713985191299721,-0.05257480820650953,1.034871877633807,1.672543794926189,-2.0219053307591675,-0.713985191299721,-0.18935256184712382,-0.21303769768270914,-0.1401098514754074,2.792161751651698,0.5558682612033757
1.3627514869976876,-2.053267905293714,-0.8382842205939496,-0.713985191299721,-0.06589759600423688,1.034871877633807,0.4350476606087318,-0.2544884306547635,-0.713985191299721,-0.18935256184712382,-0.21303769768270914,-0.1401098514754074,2.792161751651698,0.5558682612033757
-0.7459007526135056,0.4870285058378622,0.4446794137736925,-0.5090791928416813,0.99992542781395,1.034871877633807,-0.8024484737087255,-0.2544884306547635,-0.5090791928416813,-0.18935256184712382,-0.21303769768270914,1.8868661946544836,-0.358145440323592,1.2667544949459906
-0.7459007526135056,0.4870285058378622,0.4446794137736925,-0.5090791928416813,-0.46558122993605694,-0.966303193286565,-0.8024484737087255,1.5129284694496405,-0.5090791928416813,-0.18935256184712382,-0.21303769768270914,-0.1401098514754074,-0.358145440323592,0.5558682612033757
1.2784053974132399,0.4870285058378622,0.4446794137736925,0.3105448009904772,-0.15915711058832824,1.034871877633807,0.4350476606087318,-0.2544884306547635,0.3105448009904772,-0.18935256184712382,-0.21303769768270914,-0.1401098514754074,-0.358145440323592,0.5558682612033757
0.2662523223998671,0.4870285058378622,0.4446794137736925,-0.713985191299721,-0.05257480820650953,-0.966303193286565,-0.8024484737087255,-0.2544884306547635,-0.713985191299721,-0.18935256184712382,-0.21303769768270914,-0.1401098514754074,-0.358145440323592,-0.8659042062818543
-1.0832851109512964,-2.053267905293714,1.7276430481413345,-0.713985191299721,-0.06589759600423688,1.034871877633807,1.672543794926189,-2.0219053307591675,-0.713985191299721,-0.18935256184712382,-0.21303769768270914,-0.1401098514754074,-0.358145440323592,-0.8659042062818543
-0.7459007526135056,0.4870285058378622,-0.8382842205939496,-0.0992671959256021,-0.05257480820650953,1.034871877633807,-0.8024484737087255,1.5129284694496405,-0.0992671959256021,-0.18935256184712382,-0.21303769768270914,-0.1401098514754074,2.792161751651698,-0.8659042062818543
-0.7459007526135056,0.4870285058378622,1.7276430481413345,0.5154507994485168,1.0265710034094047,-0.966303193286565,-0.8024484737087255,-2.0219053307591675,0.5154507994485168,-0.18935256184712382,3.719786198478163,-0.1401098514754074,-0.358145440323592,0.5558682612033757
-0.4928624838601624,0.4870285058378622,1.7276430481413345,2.564510784028913,-0.06589759600423688,1.034871877633807,-0.8024484737087255,-2.0219053307591675,2.564510784028913,-0.18935256184712382,1.7533742503977268,-0.1401098514754074,-0.358145440323592,-0.8659042062818543
-1.0832851109512964,-2.053267905293714,-0.8382842205939496,-0.5090791928416813,-0.3456761397565109,-0.966303193286565,1.672543794926189,-0.2544884306547635,-0.5090791928416813,-0.18935256184712382,1.7533742503977268,-0.1401098514754074,-0.358145440323592,0.5558682612033757
2.206212382842165,0.4870285058378622,-0.8382842205939496,-0.5090791928416813,-1.131720619822424,-0.966303193286565,0.4350476606087318,-0.2544884306547635,-0.5090791928416813,-0.18935256184712382,-0.21303769768270914,-0.1401098514754074,-0.358145440323592,1.2667544949459906
0.2662523223998671,0.4870285058378622,0.4446794137736925,0.7203567979065565,-0.06589759600423688,-0.966303193286565,-0.8024484737087255,-2.0219053307591675,0.7203567979065565,-0.18935256184712382,-0.21303769768270914,-0.1401098514754074,-0.358145440323592,-0.8659042062818543
-0.6615546630290579,0.4870285058378622,1.7276430481413345,0.9252627963645961,-0.05257480820650953,1.034871877633807,-0.8024484737087255,1.5129284694496405,0.9252627963645961,-0.18935256184712382,-0.21303769768270914,-0.1401098514754074,-0.358145440323592,-0.8659042062818543
1.0253671286598967,0.4870285058378622,-0.8382842205939496,-0.713985191299721,-0.05257480820650953,-0.966303193286565,0.4350476606087318,-0.2544884306547635,-0.713985191299721,-0.18935256184712382,-0.21303769768270914,-0.1401098514754074,-0.358145440323592,0.5558682612033757
-1.3363233797046397,-2.053267905293714,0.4446794137736925,-0.5090791928416813,1.8126154834753179,1.034871877633807,1.672543794926189,-2.0219053307591675,-0.5090791928416813,2.103311910014095,-0.21303769768270914,1.8868661946544836,2.792161751651698,0.5558682612033757
1.3627514869976876,0.4870285058378622,0.4446794137736925,-0.5090791928416813,-0.05257480820650953,-0.966303193286565,0.4350476606087318,-0.2544884306547635,-0.5090791928416813,-0.18935256184712382,-0.21303769768270914,-0.1401098514754074,-0.358145440323592,-0.8659042062818543
0.8566749494910012,-2.053267905293714,-0.8382842205939496,-0.5090791928416813,-1.4647903147656074,-0.966303193286565,0.4350476606087318,-0.2544884306547635,-0.5090791928416813,-0.18935256184712382,-0.21303769768270914,-0.1401098514754074,-0.358145440323592,0.5558682612033757
-1.1676312005357443,0.4870285058378622,-0.8382842205939496,-0.713985191299721,-0.06589759600423688,1.034871877633807,1.672543794926189,1.5129284694496405,-0.713985191299721,-0.18935256184712382,-0.21303769768270914,-0.1401098514754074,2.792161751651698,2.6885269624312205
0.6879827703221058,-2.053267905293714,-0.8382842205939496,-0.713985191299721,-0.05257480820650953,-0.966303193286565,-0.8024484737087255,-0.2544884306547635,-0.713985191299721,-0.18935256184712382,-0.21303769768270914,-0.1401098514754074,-0.358145440323592,0.5558682612033757
0.18190623281541937,0.4870285058378622,1.7276430481413345,4.61357076860931,-0.06589759600423688,1.034871877633807,-0.8024484737087255,-2.0219053307591675,4.61357076860931,-0.18935256184712382,1.7533742503977268,-0.1401098514754074,-0.358145440323592,-0.8659042062818543
-0.32417030469126695,0.4870285058378622,0.4446794137736925,-0.713985191299721,-0.05257480820650953,-0.966303193286565,-0.8024484737087255,-0.2544884306547635,-0.713985191299721,-0.18935256184712382,-0.21303769768270914,-0.1401098514754074,-0.358145440323592,0.5558682612033757
-0.4085163942757147,0.4870285058378622,-0.8382842205939496,-0.713985191299721,-0.06589759600423688,-0.966303193286565,-0.8024484737087255,-0.2544884306547635,-0.713985191299721,-0.18935256184712382,-0.21303769768270914,-0.1401098514754074,-0.358145440323592,0.5558682612033757
0.18190623281541937,0.4870285058378622,-0.8382842205939496,0.10563880253243754,-0.05257480820650953,1.034871877633807,-0.8024484737087255,-0.2544884306547635,0.10563880253243754,-0.18935256184712382,-0.21303769768270914,-0.1401098514754074,2.792161751651698,1.2667544949459906
1.7001358453354785,0.4870285058378622,-0.8382842205939496,2.9743227809449926,-0.6787458346996944,1.034871877633807,0.4350476606087318,-0.2544884306547635,2.9743227809449926,-0.18935256184712382,-0.21303769768270914,-0.1401098514754074,-0.358145440323592,0.5558682612033757
1.1097132182443443,0.4870285058378622,1.7276430481413345,-0.713985191299721,-0.06589759600423688,1.034871877633807,0.4350476606087318,-0.2544884306547635,-0.713985191299721,-0.18935256184712382,-0.21303769768270914,-0.1401098514754074,-0.358145440323592,0.5558682612033757
-0.9989390213668488,0.4870285058378622,1.7276430481413345,-0.713985191299721,-0.06589759600423688,1.034871877633807,1.672543794926189,1.5129284694496405,-0.713985191299721,-0.18935256184712382,-0.21303769768270914,-0.1401098514754074,-0.358145440323592,2.6885269624312205
-0.7459007526135056,0.4870285058378622,1.7276430481413345,-0.5090791928416813,-0.05257480820650953,1.034871877633807,-0.8024484737087255,-2.0219053307591675,-0.5090791928416813,-0.18935256184712382,-0.21303769768270914,-0.1401098514754074,-0.358145440323592,-0.8659042062818543
-0.9145929317824011,0.4870285058378622,-0.8382842205939496,-0.5090791928416813,-0.06589759600423688,1.034871877633807,1.672543794926189,1.5129284694496405,-0.5090791928416813,-0.18935256184712382,-0.21303769768270914,-0.1401098514754074,2.792161751651698,2.6885269624312205
-0.7459007526135056,0.4870285058378622,0.4446794137736925,-0.5090791928416813,-0.06589759600423688,1.034871877633807,-0.8024484737087255,-0.2544884306547635,-0.5090791928416813,-0.18935256184712382,-0.21303769768270914,-0.1401098514754074,-0.358145440323592,-0.8659042062818543
1.6157897557510308,0.4870285058378622,-0.8382842205939496,-0.713985191299721,-0.06589759600423688,-0.966303193286565,0.4350476606087318,-0.2544884306547635,-0.713985191299721,-0.18935256184712382,-0.21303769768270914,-0.1401098514754074,-0.358145440323592,0.5558682612033757
0.09756014323097166,0.4870285058378622,-0.8382842205939496,1.1301687948226358,-0.05257480820650953,1.034871877633807,-0.8024484737087255,-0.2544884306547635,1.1301687948226358,-0.18935256184712382,-0.21303769768270914,-0.1401098514754074,-0.358145440323592,0.5558682612033757
-0.5772085734446102,0.4870285058378622,1.7276430481413345,1.1301687948226358,-0.15915711058832824,1.034871877633807,-0.8024484737087255,-2.0219053307591675,1.1301687948226358,-0.18935256184712382,-0.21303769768270914,-0.1401098514754074,-0.358145440323592,0.5558682612033757
1.6157897557510308,0.4870285058378622,-0.8382842205939496,0.5154507994485168,-3.5964363624019815,1.034871877633807,0.4350476606087318,-0.2544884306547635,0.5154507994485168,-0.18935256184712382,-0.21303769768270914,-0.1401098514754074,-0.358145440323592,0.5558682612033757
-0.8302468421979533,0.4870285058378622,1.7276430481413345,-0.5090791928416813,8.20755362638444,1.034871877633807,-0.8024484737087255,-2.0219053307591675,-0.5090791928416813,-0.18935256184712382,1.7533742503977268,-0.1401098514754074,-0.358145440323592,-0.8659042062818543
0.6879827703221058,0.4870285058378622,-0.8382842205939496,-0.30417319438364177,-0.2124482617792376,1.034871877633807,-0.8024484737087255,-0.2544884306547635,-0.30417319438364177,-0.18935256184712382,-0.21303769768270914,-0.1401098514754074,-0.358145440323592,1.2667544949459906
-0.9989390213668488,0.4870285058378622,-0.8382842205939496,-0.713985191299721,-0.06589759600423688,1.034871877633807,1.672543794926189,1.5129284694496405,-0.713985191299721,-0.18935256184712382,-0.21303769768270914,-0.1401098514754074,-0.358145440323592,0.5558682612033757
-0.9145929317824011,0.4870285058378622,-0.8382842205939496,-0.5090791928416813,-0.06589759600423688,-0.966303193286565,1.672543794926189,-0.2544884306547635,-0.5090791928416813,-0.18935256184712382,-0.21303769768270914,-0.1401098514754074,-0.358145440323592,-0.8659042062818543
-0.4928624838601624,0.4870285058378622,-0.8382842205939496,-0.5090791928416813,-0.06589759600423688,-0.966303193286565,-0.8024484737087255,-0.2544884306547635,-0.5090791928416813,-0.18935256184712382,-0.21303769768270914,-0.1401098514754074,-0.358145440323592,0.5558682612033757
-0.9989390213668488,0.4870285058378622,0.4446794137736925,-0.0992671959256021,3.2647993534275974,1.034871877633807,1.672543794926189,-2.0219053307591675,-0.0992671959256021,-0.18935256184712382,-0.21303769768270914,-0.1401098514754074,2.792161751651698,1.2667544949459906
0.4349445015687626,-2.053267905293714,0.4446794137736925,-0.30417319438364177,-0.06589759600423688,-0.966303193286565,-0.8024484737087255,-0.2544884306547635,-0.30417319438364177,-0.18935256184712382,-0.21303769768270914,-0.1401098514754074,-0.358145440323592,-0.8659042062818543
0.4349445015687626,0.4870285058378622,-0.8382842205939496,-0.5090791928416813,-0.06589759600423688,-0.966303193286565,-0.8024484737087255,-0.2544884306547635,-0.5090791928416813,-0.18935256184712382,-0.21303769768270914,-0.1401098514754074,-0.358145440323592,0.5558682612033757
0.603636680737658,0.4870285058378622,-0.8382842205939496,-0.713985191299721,-0.06589759600423688,-0.966303193286565,-0.8024484737087255,-0.2544884306547635,-0.713985191299721,-0.18935256184712382,-0.21303769768270914,-0.1401098514754074,-0.358145440323592,-0.8659042062818543
-0.6615546630290579,0.4870285058378622,-0.8382842205939496,-0.713985191299721,-0.06589759600423688,-0.966303193286565,-0.8024484737087255,-0.2544884306547635,-0.713985191299721,-0.18935256184712382,-0.21303769768270914,-0.1401098514754074,-0.358145440323592,0.5558682612033757
-0.4085163942757147,0.4870285058378622,-0.8382842205939496,-0.30417319438364177,-0.06589759600423688,-0.966303193286565,-0.8024484737087255,-0.2544884306547635,-0.30417319438364177,-0.18935256184712382,-0.21303769768270914,-0.1401098514754074,-0.358145440323592,2.6885269624312205
0.18190623281541937,0.4870285058378622,-0.8382842205939496,-0.713985191299721,-0.06589759600423688,-0.966303193286565,-0.8024484737087255,-0.2544884306547635,-0.713985191299721,-0.18935256184712382,-0.21303769768270914,-0.1401098514754074,-0.358145440323592,2.6885269624312205
-0.9989390213668488,0.4870285058378622,0.4446794137736925,-0.713985191299721,-0.06589759600423688,-0.966303193286565,1.672543794926189,1.5129284694496405,-0.713985191299721,-0.18935256184712382,-0.21303769768270914,-0.1401098514754074,-0.358145440323592,-0.8659042062818543
0.18190623281541937,0.4870285058378622,-0.8382842205939496,-0.5090791928416813,-0.06589759600423688,1.034871877633807,-0.8024484737087255,-0.2544884306547635,-0.5090791928416813,-0.18935256184712382,-0.21303769768270914,-0.1401098514754074,-0.358145440323592,0.5558682612033757
0.2662523223998671,0.4870285058378622,-0.8382842205939496,0.3105448009904772,-0.06589759600423688,-0.966303193286565,-0.8024484737087255,-0.2544884306547635,0.3105448009904772,-0.18935256184712382,-0.21303769768270914,-0.1401098514754074,-0.358145440323592,-0.8659042062818543
-0.4928624838601624,0.4870285058378622,0.4446794137736925,-0.5090791928416813,-0.05257480820650953,-0.966303193286565,-0.8024484737087255,-0.2544884306547635,-0.5090791928416813,-0.18935256184712382,-0.21303769768270914,-0.1401098514754074,-0.358145440323592,0.5558682612033757
-1.0832851109512964,0.4870285058378622,1.7276430481413345,-0.0992671959256021,-0.06589759600423688,1.034871877633807,1.672543794926189,1.5129284694496405,-0.0992671959256021,2.103311910014095,1.7533742503977268,-0.1401098514754074,-0.358145440323592,-0.8659042062818543
1.6157897557510308,-2.053267905293714,0.4446794137736925,0.7203567979065565,-1.3582080123837887,-0.966303193286565,0.4350476606087318,-0.2544884306547635,0.7203567979065565,-0.18935256184712382,-0.21303769768270914,-0.1401098514754074,-0.358145440323592,0.5558682612033757
-1.0832851109512964,-2.053267905293714,0.4446794137736925,-0.5090791928416813,3.864324804325327,-0.966303193286565,1.672543794926189,1.5129284694496405,-0.5090791928416813,2.103311910014095,-0.21303769768270914,-0.1401098514754074,-0.358145440323592,-0.8659042062818543
-0.7459007526135056,0.4870285058378622,0.4446794137736925,1.3350747932806755,0.04068470637758183,1.034871877633807,-0.8024484737087255,1.5129284694496405,1.3350747932806755,-0.18935256184712382,-0.21303769768270914,-0.1401098514754074,-0.358145440323592,0.5558682612033757
3.5557498161933285,0.4870285058378622,-0.8382842205939496,-0.5090791928416813,-0.06589759600423688,-0.966303193286565,0.4350476606087318,-0.2544884306547635,-0.5090791928416813,-0.18935256184712382,-0.21303769768270914,-0.1401098514754074,-0.358145440323592,0.5558682612033757
1.7001358453354785,0.4870285058378622,-0.8382842205939496,-0.713985191299721,-0.06589759600423688,1.034871877633807,0.4350476606087318,-0.2544884306547635,-0.713985191299721,-0.18935256184712382,-0.21303769768270914,-0.1401098514754074,-0.358145440323592,0.5558682612033757
-1.0832851109512964,0.4870285058378622,-0.8382842205939496,-0.713985191299721,-0.06589759600423688,-0.966303193286565,1.672543794926189,1.5129284694496405,-0.713985191299721,-0.18935256184712382,-0.21303769768270914,-0.1401098514754074,-0.358145440323592,-0.8659042062818543
-0.15547812552237153,0.4870285058378622,-0.8382842205939496,-0.713985191299721,-0.06589759600423688,-0.966303193286565,-0.8024484737087255,-0.2544884306547635,-0.713985191299721,-0.18935256184712382,-0.21303769768270914,-0.1401098514754074,-0.358145440323592,0.5558682612033757
-0.6615546630290579,0.4870285058378622,0.4446794137736925,0.5154507994485168,-0.06589759600423688,1.034871877633807,-0.8024484737087255,-0.2544884306547635,0.5154507994485168,-0.18935256184712382,-0.21303769768270914,-0.1401098514754074,-0.358145440323592,-0.8659042062818543
1.0253671286598967,-2.053267905293714,-0.8382842205939496,-0.713985191299721,-0.07922038380196421,-0.966303193286565,0.4350476606087318,-0.2544884306547635,-0.713985191299721,-0.18935256184712382,-0.21303769768270914,-0.1401098514754074,-0.358145440323592,-0.8659042062818543
0.9410210390754489,0.4870285058378622,-0.8382842205939496,0.3105448009904772,-0.06589759600423688,1.034871877633807,0.4350476606087318,-0.2544884306547635,0.3105448009904772,-0.18935256184712382,-0.21303769768270914,-0.1401098514754074,-0.358145440323592,-0.8659042062818543
-1.0832851109512964,0.4870285058378622,-0.8382842205939496,-0.30417319438364177,-0.3456761397565109,1.034871877633807,1.672543794926189,-0.2544884306547635,-0.30417319438364177,-0.18935256184712382,-0.21303769768270914,-0.1401098514754074,-0.358145440323592,-0.8659042062818543
-0.8302468421979533,0.4870285058378622,-0.8382842205939496,-0.5090791928416813,-0.06589759600423688,1.034871877633807,-0.8024484737087255,-0.2544884306547635,-0.5090791928416813,-0.18935256184712382,-0.21303769768270914,-0.1401098514754074,-0.358145440323592,-0.8659042062818543
-0.5772085734446102,0.4870285058378622,0.4446794137736925,0.10563880253243754,-0.05257480820650953,-0.966303193286565,-0.8024484737087255,1.5129284694496405,0.10563880253243754,-0.18935256184712382,-0.21303769768270914,-0.1401098514754074,-0.358145440323592,-0.8659042062818543
1.6157897557510308,-2.053267905293714,-0.8382842205939496,-0.5090791928416813,-0.07922038380196421,-0.966303193286565,0.4350476606087318,-0.2544884306547635,-0.5090791928416813,-0.18935256184712382,-0.21303769768270914,-0.1401098514754074,-0.358145440323592,0.5558682612033757
0.18190623281541937,0.4870285058378622,-0.8382842205939496,0.10563880253243754,-0.06589759600423688,-0.966303193286565,-0.8024484737087255,-0.2544884306547635,0.10563880253243754,-0.18935256184712382,-0.21303769768270914,-0.1401098514754074,-0.358145440323592,-0.8659042062818543
-0.8302468421979533,0.4870285058378622,-0.8382842205939496,-0.713985191299721,-0.06589759600423688,-0.966303193286565,-0.8024484737087255,-0.2544884306547635,-0.713985191299721,-0.18935256184712382,-0.21303769768270914,-0.1401098514754074,-0.358145440323592,0.5558682612033757
-0.9145929317824011,0.4870285058378622,-0.8382842205939496,-0.30417319438364177,-0.05257480820650953,1.034871877633807,1.672543794926189,-0.2544884306547635,-0.30417319438364177,-0.18935256184712382,1.7533742503977268,-0.1401098514754074,-0.358145440323592,-0.8659042062818543
-1.0832851109512964,0.4870285058378622,1.7276430481413345,-0.5090791928416813,-0.05257480820650953,1.034871877633807,1.672543794926189,-2.0219053307591675,-0.5090791928416813,-0.18935256184712382,-0.21303769768270914,-0.1401098514754074,-0.358145440323592,-0.8659042062818543
2.037520203673269,0.4870285058378622,-0.8382842205939496,0.10563880253243754,-0.9318788028565138,-0.966303193286565,0.4350476606087318,-0.2544884306547635,0.10563880253243754,-0.18935256184712382,-0.21303769768270914,-0.1401098514754074,-0.358145440323592,-0.8659042062818543
-0.4085163942757147,0.4870285058378622,-0.8382842205939496,-0.30417319438364177,-0.06589759600423688,-0.966303193286565,-0.8024484737087255,-0.2544884306547635,-0.30417319438364177,-0.18935256184712382,-0.21303769768270914,-0.1401098514754074,-0.358145440323592,-0.8659042062818543
2.459250651595508,0.4870285058378622,-0.8382842205939496,-0.5090791928416813,-0.07922038380196421,-0.966303193286565,0.4350476606087318,-0.2544884306547635,-0.5090791928416813,-0.18935256184712382,-0.21303769768270914,-0.1401098514754074,-0.358145440323592,1.2667544949459906
-1.251977290120192,0.4870285058378622,1.7276430481413345,-0.5090791928416813,-0.06589759600423688,1.034871877633807,1.672543794926189,-2.0219053307591675,-0.5090791928416813,-0.18935256184712382,1.7533742503977268,-0.1401098514754074,-0.358145440323592,-0.8659042062818543
-0.4085163942757147,-2.053267905293714,1.7276430481413345,0.3105448009904772,-0.05257480820650953,1.034871877633807,-0.8024484737087255,-2.0219053307591675,0.3105448009904772,-0.18935256184712382,-0.21303769768270914,-0.1401098514754074,-0.358145440323592,0.5558682612033757
0.2662523223998671,0.4870285058378622,1.7276430481413345,2.3596047855708737,-0.06589759600423688,-0.966303193286565,-0.8024484737087255,-0.2544884306547635,2.3596047855708737,-0.18935256184712382,-0.21303769768270914,-0.1401098514754074,-0.358145440323592,-0.8659042062818543
-0.4085163942757147,0.4870285058378622,-0.8382842205939496,0.10563880253243754,-0.1858026861837829,-0.966303193286565,-0.8024484737087255,-0.2544884306547635,0.10563880253243754,-0.18935256184712382,-0.21303769768270914,-0.1401098514754074,-0.358145440323592,-0.8659042062818543
-0.5772085734446102,0.4870285058378622,-0.8382842205939496,-0.5090791928416813,-0.06589759600423688,1.034871877633807,-0.8024484737087255,-0.2544884306547635,-0.5090791928416813,-0.18935256184712382,-0.21303769768270914,-0.1401098514754074,-0.358145440323592,0.5558682612033757
1.531443666166583,0.4870285058378622,-0.8382842205939496,-0.713985191299721,-0.05257480820650953,-0.966303193286565,0.4350476606087318,-0.2544884306547635,-0.713985191299721,-0.18935256184712382,-0.21303769768270914,-0.1401098514754074,-0.358145440323592,1.2667544949459906
1.8688280245043738,0.4870285058378622,-0.8382842205939496,3.5890407763191114,-0.49222680553151166,1.034871877633807,0.4350476606087318,-0.2544884306547635,3.5890407763191114,-0.18935256184712382,-0.21303769768270914,-0.1401098514754074,-0.358145440323592,0.5558682612033757
-0.9989390213668488,0.4870285058378622,1.7276430481413345,-0.30417319438364177,-0.06589759600423688,-0.966303193286565,1.672543794926189,1.5129284694496405,-0.30417319438364177,2.103311910014095,-0.21303769768270914,-0.1401098514754074,-0.358145440323592,1.2667544949459906
-0.4085163942757147,0.4870285058378622,0.4446794137736925,-0.5090791928416813,-0.05257480820650953,-0.966303193286565,-0.8024484737087255,-2.0219053307591675,-0.5090791928416813,-0.18935256184712382,-0.21303769768270914,-0.1401098514754074,-0.358145440323592,-0.8659042062818543
-0.9989390213668488,-2.053267905293714,1.7276430481413345,-0.30417319438364177,1.6260964543071348,1.034871877633807,1.672543794926189,1.5129284694496405,-0.30417319438364177,-0.18935256184712382,-0.21303769768270914,-0.1401098514754074,2.792161751651698,-0.8659042062818543
-1.251977290120192,0.4870285058378622,-0.8382842205939496,-0.5090791928416813,-0.3456761397565109,-0.966303193286565,1.672543794926189,1.5129284694496405,-0.5090791928416813,-0.18935256184712382,-0.21303769768270914,-0.1401098514754074,-0.358145440323592,-0.8659042062818543
-1.1676312005357443,0.4870285058378622,0.4446794137736925,-0.5090791928416813,-0.06589759600423688,-0.966303193286565,1.672543794926189,1.5129284694496405,-0.5090791928416813,-0.18935256184712382,-0.21303769768270914,-0.1401098514754074,-0.358145440323592,-0.8659042062818543
0.35059841198431485,-2.053267905293714,-0.8382842205939496,-0.713985191299721,-0.06589759600423688,-0.966303193286565,-0.8024484737087255,-0.2544884306547635,-0.713985191299721,-0.18935256184712382,-0.21303769768270914,-0.1401098514754074,-0.358145440323592,2.6885269624312205
0.603636680737658,-2.053267905293714,1.7276430481413345,2.769416782486953,-0.15915711058832824,1.034871877633807,-0.8024484737087255,1.5129284694496405,2.769416782486953,-0.18935256184712382,-0.21303769768270914,5.940818286914266,-0.358145440323592,-0.8659042062818543
-1.3363233797046397,0.4870285058378622,1.7276430481413345,-0.30417319438364177,-0.06589759600423688,1.034871877633807,1.672543794926189,-2.0219053307591675,-0.30417319438364177,4.395976381875314,-0.21303769768270914,-0.1401098514754074,-0.358145440323592,-0.8659042062818543
-0.9145929317824011,-2.053267905293714,0.4446794137736925,-0.5090791928416813,-0.06589759600423688,-0.966303193286565,1.672543794926189,-0.2544884306547635,-0.5090791928416813,-0.18935256184712382,-0.21303769768270914,-0.1401098514754074,-0.358145440323592,0.5558682612033757
-0.8302468421979533,0.4870285058378622,1.7276430481413345,0.7203567979065565,-0.06589759600423688,1.034871877633807,-0.8024484737087255,1.5129284694496405,0.7203567979065565,-0.18935256184712382,-0.21303769768270914,-0.1401098514754074,-0.358145440323592,-0.8659042062818543
2.037520203673269,0.4870285058378622,-0.8382842205939496,2.769416782486953,-2.5705817019769763,-0.966303193286565,0.4350476606087318,-0.2544884306547635,2.769416782486953,-0.18935256184712382,-0.21303769768270914,-0.1401098514754074,-0.358145440323592,-0.8659042062818543
2.121866293257717,0.4870285058378622,-0.8382842205939496,-0.30417319438364177,-0.06589759600423688,-0.966303193286565,0.4350476606087318,-0.2544884306547635,-0.30417319438364177,-0.18935256184712382,-0.21303769768270914,-0.1401098514754074,-0.358145440323592,0.5558682612033757
-0.5772085734446102,0.4870285058378622,0.4446794137736925,-0.30417319438364177,-3.5564679990087993,1.034871877633807,-0.8024484737087255,-0.2544884306547635,-0.30417319438364177,-0.18935256184712382,-0.21303769768270914,-0.1401098514754074,2.792161751651698,1.2667544949459906
-0.4928624838601624,-2.053267905293714,0.4446794137736925,-0.0992671959256021,-0.06589759600423688,-0.966303193286565,-0.8024484737087255,-0.2544884306547635,-0.0992671959256021,-0.18935256184712382,-0.21303769768270914,-0.1401098514754074,-0.358145440323592,-0.8659042062818543
-1.251977290120192,0.4870285058378622,-0.8382842205939496,-0.713985191299721,-0.06589759600423688,-0.966303193286565,1.672543794926189,1.5129284694496405,-0.713985191299721,-0.18935256184712382,9.61902204271947,-0.1401098514754074,-0.358145440323592,0.5558682612033757
-1.0832851109512964,-2.053267905293714,-0.8382842205939496,-0.713985191299721,-0.1458343227906009,-0.966303193286565,1.672543794926189,1.5129284694496405,-0.713985191299721,-0.18935256184712382,-0.21303769768270914,-0.1401098514754074,-0.358145440323592,-0.8659042062818543
-0.4928624838601624,0.4870285058378622,-0.8382842205939496,0.7203567979065565,-0.06589759600423688,-0.966303193286565,-0.8024484737087255,-0.2544884306547635,0.7203567979065565,-0.18935256184712382,-0.21303769768270914,-0.1401098514754074,-0.358145440323592,-0.8659042062818543
0.35059841198431485,0.4870285058378622,-0.8382842205939496,-0.5090791928416813,-0.06589759600423688,-0.966303193286565,-0.8024484737087255,-0.2544884306547635,-0.5090791928416813,-0.18935256184712382,-0.21303769768270914,-0.1401098514754074,-0.358145440323592,-0.8659042062818543
0.9410210390754489,-2.053267905293714,0.4446794137736925,0.10563880253243754,-0.7986509248792404,-0.966303193286565,0.4350476606087318,-0.2544884306547635,0.10563880253243754,-0.18935256184712382,-0.21303769768270914,-0.1401098514754074,-0.358145440323592,-0.8659042062818543
-0.6615546630290579,0.4870285058378622,0.4446794137736925,-0.30417319438364177,-0.06589759600423688,1.034871877633807,-0.8024484737087255,-0.2544884306547635,-0.30417319438364177,-0.18935256184712382,-0.21303769768270914,-0.1401098514754074,-0.358145440323592,0.5558682612033757
-1.0832851109512964,0.4870285058378622,0.4446794137736925,-0.5090791928416813,0.32046325012985594,1.034871877633807,1.672543794926189,-2.0219053307591675,-0.5090791928416813,-0.18935256184712382,1.7533742503977268,-0.1401098514754074,2.792161751651698,-0.8659042062818543
0.09756014323097166,0.4870285058378622,-0.8382842205939496,-0.713985191299721,-0.06589759600423688,-0.966303193286565,-0.8024484737087255,-0.2544884306547635,-0.713985191299721,-0.18935256184712382,-0.21303769768270914,-0.1401098514754074,-0.358145440323592,0.5558682612033757
-0.6615546630290579,0.4870285058378622,-0.8382842205939496,-0.713985191299721,-0.06589759600423688,-0.966303193286565,-0.8024484737087255,-0.2544884306547635,-0.713985191299721,-0.18935256184712382,-0.21303769768270914,-0.1401098514754074,-0.358145440323592,0.5558682612033757
0.09756014323097166,0.4870285058378622,-0.8382842205939496,-0.30417319438364177,-0.06589759600423688,1.034871877633807,-0.8024484737087255,-0.2544884306547635,-0.30417319438364177,-0.18935256184712382,-0.21303769768270914,1.8868661946544836,-0.358145440323592,1.2667544949459906
0.18190623281541937,0.4870285058378622,-0.8382842205939496,-0.5090791928416813,-0.05257480820650953,1.034871877633807,-0.8024484737087255,-0.2544884306547635,-0.5090791928416813,-0.18935256184712382,-0.21303769768270914,-0.1401098514754074,-0.358145440323592,0.5558682612033757
-0.7459007526135056,0.4870285058378622,1.7276430481413345,0.7203567979065565,1.0265710034094047,1.034871877633807,-0.8024484737087255,1.5129284694496405,0.7203567979065565,-0.18935256184712382,-0.21303769768270914,-0.1401098514754074,-0.358145440323592,0.5558682612033757
-0.4085163942757147,0.4870285058378622,1.7276430481413345,1.9497927886547946,-0.06589759600423688,1.034871877633807,-0.8024484737087255,1.5129284694496405,1.9497927886547946,-0.18935256184712382,-0.21303769768270914,-0.1401098514754074,2.792161751651698,2.6885269624312205
0.603636680737658,-2.053267905293714,-0.8382842205939496,-0.30417319438364177,6.555527939466249,-0.966303193286565,-0.8024484737087255,-0.2544884306547635,-0.30417319438364177,-0.18935256184712382,-0.21303769768270914,-0.1401098514754074,-0.358145440323592,2.6885269624312205
-1.251977290120192,0.4870285058378622,-0.8382842205939496,-0.5090791928416813,-0.06589759600423688,-0.966303193286565,1.672543794926189,1.5129284694496405,-0.5090791928416813,-0.18935256184712382,3.719786198478163,-0.1401098514754074,-0.358145440323592,-0.8659042062818543
-1.0832851109512964,0.4870285058378622,0.4446794137736925,-0.713985191299721,-0.05257480820650953,-0.966303193286565,1.672543794926189,1.5129284694496405,-0.713985191299721,-0.18935256184712382,1.7533742503977268,-0.1401098514754074,-0.358145440323592,1.2667544949459906
0.8566749494910012,-2.053267905293714,-0.8382842205939496,0.3105448009904772,-0.06589759600423688,-0.966303193286565,0.4350476606087318,-0.2544884306547635,0.3105448009904772,-0.18935256184712382,-0.21303769768270914,-0.1401098514754074,-0.358145440323592,0.5558682612033757
-0.9989390213668488,0.4870285058378622,1.7276430481413345,0.3105448009904772,0.26717209893894656,1.034871877633807,1.672543794926189,1.5129284694496405,0.3105448009904772,-0.18935256184712382,-0.21303769768270914,1.8868661946544836,2.792161751651698,-0.8659042062818543
-0.8302468421979533,0.4870285058378622,0.4446794137736925,-0.30417319438364177,-0.06589759600423688,-0.966303193286565,-0.8024484737087255,-0.2544884306547635,-0.30417319438364177,-0.18935256184712382,-0.21303769768270914,-0.1401098514754074,-0.358145440323592,0.5558682612033757
-0.6615546630290579,0.4870285058378622,0.4446794137736925,-0.30417319438364177,-0.06589759600423688,1.034871877633807,-0.8024484737087255,-0.2544884306547635,-0.30417319438364177,-0.18935256184712382,-0.21303769768270914,-0.1401098514754074,-0.358145440323592,-0.8659042062818543
1.531443666166583,0.4870285058378622,-0.8382842205939496,-0.5090791928416813,-0.06589759600423688,-0.966303193286565,0.4350476606087318,-0.2544884306547635,-0.5090791928416813,-0.18935256184712382,-0.21303769768270914,-0.1401098514754074,-0.358145440323592,0.5558682612033757
0.6879827703221058,0.4870285058378622,0.4446794137736925,-0.5090791928416813,-0.06589759600423688,1.034871877633807,-0.8024484737087255,1.5129284694496405,-0.5090791928416813,-0.18935256184712382,-0.21303769768270914,-0.1401098514754074,-0.358145440323592,-0.8659042062818543
-0.32417030469126695,-2.053267905293714,-0.8382842205939496,-0.30417319438364177,-0.06589759600423688,-0.966303193286565,-0.8024484737087255,-0.2544884306547635,-0.30417319438364177,-0.18935256184712382,-0.21303769768270914,-0.1401098514754074,-0.358145440323592,0.5558682612033757
-0.5772085734446102,0.4870285058378622,-0.8382842205939496,-0.30417319438364177,-0.05257480820650953,1.034871877633807,-0.8024484737087255,-0.2544884306547635,-0.30417319438364177,-0.18935256184712382,-0.21303769768270914,-0.1401098514754074,2.792161751651698,0.5558682612033757
0.18190623281541937,0.4870285058378622,0.4446794137736925,-0.5090791928416813,-0.17247989838605557,1.034871877633807,-0.8024484737087255,-0.2544884306547635,-0.5090791928416813,-0.18935256184712382,-0.21303769768270914,-0.1401098514754074,-0.358145440323592,0.5558682612033757
-0.23982421510681926,0.4870285058378622,-0.8382842205939496,-0.5090791928416813,-0.2524166251724196,-0.966303193286565,-0.8024484737087255,-0.2544884306547635,-0.5090791928416813,-0.18935256184712382,-0.21303769768270914,-0.1401098514754074,-0.358145440323592,2.6885269624312205
1.7001358453354785,-2.053267905293714,-0.8382842205939496,-0.713985191299721,-0.06589759600423688,-0.966303193286565,0.4350476606087318,-0.2544884306547635,-0.713985191299721,-0.18935256184712382,-0.21303769768270914,-0.1401098514754074,-0.358145440323592,0.5558682612033757
1.4470975765821352,0.4870285058378622,-0.8382842205939496,-0.713985191299721,-0.06589759600423688,-0.966303193286565,0.4350476606087318,-0.2544884306547635,-0.713985191299721,-0.18935256184712382,-0.21303769768270914,-0.1401098514754074,-0.358145440323592,-0.8659042062818543
0.09756014323097166,-2.053267905293714,-0.8382842205939496,-0.5090791928416813,-0.06589759600423688,-0.966303193286565,-0.8024484737087255,-0.2544884306547635,-0.5090791928416813,-0.18935256184712382,-0.21303769768270914,-0.1401098514754074,-0.358145440323592,-0.8659042062818543
2.6279428307644035,-2.053267905293714,-0.8382842205939496,-0.5090791928416813,-0.665423046901967,-0.966303193286565,0.4350476606087318,-0.2544884306547635,-0.5090791928416813,-0.18935256184712382,-0.21303769768270914,-0.1401098514754074,-0.358145440323592,0.5558682612033757
-0.4928624838601624,0.4870285058378622,1.7276430481413345,0.3105448009904772,-0.05257480820650953,-0.966303193286565,-0.8024484737087255,-0.2544884306547635,0.3105448009904772,-0.18935256184712382,-0.21303769768270914,-0.1401098514754074,-0.358145440323592,-0.8659042062818543
-0.15547812552237153,-2.053267905293714,-0.8382842205939496,-0.5090791928416813,-0.11918874719514622,-0.966303193286565,-0.8024484737087255,-0.2544884306547635,-0.5090791928416813,-0.18935256184712382,-0.21303769768270914,-0.1401098514754074,-0.358145440323592,0.5558682612033757
-0.4085163942757147,0.4870285058378622,-0.8382842205939496,-0.0992671959256021,-0.06589759600423688,-0.966303193286565,-0.8024484737087255,-0.2544884306547635,-0.0992671959256021,-0.18935256184712382,-0.21303769768270914,-0.1401098514754074,-0.358145440323592,0.5558682612033757
-0.5772085734446102,0.4870285058378622,1.7276430481413345,2.1546987871128342,-0.06589759600423688,-0.966303193286565,-0.8024484737087255,-0.2544884306547635,2.1546987871128342,-0.18935256184712382,-0.21303769768270914,-0.1401098514754074,-0.358145440323592,0.5558682612033757
-0.9989390213668488,0.4870285058378622,1.7276430481413345,0.3105448009904772,-0.6521002591042396,1.034871877633807,1.672543794926189,-2.0219053307591675,0.3105448009904772,-0.18935256184712382,-0.21303769768270914,-0.1401098514754074,2.792161751651698,-0.8659042062818543
-0.7459007526135056,0.4870285058378622,1.7276430481413345,3.384134777861072,-0.05257480820650953,1.034871877633807,-0.8024484737087255,-2.0219053307591675,3.384134777861072,-0.18935256184712382,-0.21303769768270914,-0.1401098514754074,-0.358145440323592,-0.8659042062818543
0.5192905911532103,0.4870285058378622,-0.8382842205939496,-0.5090791928416813,-0.06589759600423688,1.034871877633807,-0.8024484737087255,-0.2544884306547635,-0.5090791928416813,-0.18935256184712382,-0.21303769768270914,-0.1401098514754074,2.792161751651698,0.5558682612033757
-0.4085163942757147,0.4870285058378622,-0.8382842205939496,-0.713985191299721,-0.06589759600423688,-0.966303193286565,-0.8024484737087255,-0.2544884306547635,-0.713985191299721,-0.18935256184712382,-0.21303769768270914,-0.1401098514754074,-0.358145440323592,-0.8659042062818543
-1.1676312005357443,0.4870285058378622,0.4446794137736925,-0.713985191299721,-0.07922038380196421,-0.966303193286565,1.672543794926189,1.5129284694496405,-0.713985191299721,-0.18935256184712382,-0.21303769768270914,-0.1401098514754074,-0.358145440323592,-0.8659042062818543
0.4349445015687626,0.4870285058378622,-0.8382842205939496,-0.713985191299721,-0.06589759600423688,-0.966303193286565,-0.8024484737087255,-0.2544884306547635,-0.713985191299721,-0.18935256184712382,-0.21303769768270914,-0.1401098514754074,-0.358145440323592,0.5558682612033757
1.2784053974132399,-2.053267905293714,-0.8382842205939496,-0.713985191299721,-0.09254317159969154,1.034871877633807,0.4350476606087318,-0.2544884306547635,-0.713985191299721,-0.18935256184712382,-0.21303769768270914,-0.1401098514754074,2.792161751651698,0.5558682612033757
-0.23982421510681926,0.4870285058378622,-0.8382842205939496,0.9252627963645961,-0.07922038380196421,1.034871877633807,-0.8024484737087255,-0.2544884306547635,0.9252627963645961,-0.18935256184712382,-0.21303769768270914,1.8868661946544836,-0.358145440323592,0.5558682612033757
-1.0832851109512964,0.4870285058378622,-0.8382842205939496,-0.5090791928416813,-0.5321951689246937,-0.966303193286565,1.672543794926189,1.5129284694496405,-0.5090791928416813,-0.18935256184712382,-0.21303769768270914,-0.1401098514754074,-0.358145440323592,0.5558682612033757
-0.4928624838601624,0.4870285058378622,-0.8382842205939496,-0.713985191299721,-0.05257480820650953,-0.966303193286565,-0.8024484737087255,-0.2544884306547635,-0.713985191299721,-0.18935256184712382,-0.21303769768270914,-0.1401098514754074,-0.358145440323592,0.5558682612033757
-0.9989390213668488,0.4870285058378622,1.7276430481413345,0.5154507994485168,-0.06589759600423688,1.034871877633807,1.672543794926189,1.5129284694496405,0.5154507994485168,-0.18935256184712382,-0.21303769768270914,-0.1401098514754074,-0.358145440323592,2.6885269624312205
3.049673278686642,0.4870285058378622,-0.8382842205939496,1.9497927886547946,-0.06589759600423688,-0.966303193286565,0.4350476606087318,-0.2544884306547635,1.9497927886547946,-0.18935256184712382,-0.21303769768270914,-0.1401098514754074,-0.358145440323592,0.5558682612033757
0.5192905911532103,0.4870285058378622,0.4446794137736925,2.9743227809449926,-0.05257480820650953,1.034871877633807,-0.8024484737087255,-2.0219053307591675,2.9743227809449926,-0.18935256184712382,-0.21303769768270914,1.8868661946544836,-0.358145440323592,-0.8659042062818543
-0.5772085734446102,0.4870285058378622,-0.8382842205939496,-0.713985191299721,-0.05257480820650953,-0.966303193286565,-0.8024484737087255,-0.2544884306547635,-0.713985191299721,-0.18935256184712382,-0.21303769768270914,-0.1401098514754074,-0.358145440323592,-0.8659042062818543
-1.1676312005357443,0.4870285058378622,1.7276430481413345,-0.713985191299721,-0.05257480820650953,1.034871877633807,1.672543794926189,1.5129284694496405,-0.713985191299721,-0.18935256184712382,-0.21303769768270914,-0.1401098514754074,-0.358145440323592,-0.8659042062818543
-0.15547812552237153,0.4870285058378622,1.7276430481413345,0.10563880253243754,3.0916031120571423,1.034871877633807,-0.8024484737087255,1.5129284694496405,0.10563880253243754,-0.18935256184712382,-0.21303769768270914,-0.1401098514754074,2.792161751651698,-0.8659042062818543
-0.23982421510681926,0.4870285058378622,0.4446794137736925,-0.30417319438364177,-0.05257480820650953,1.034871877633807,-0.8024484737087255,-0.2544884306547635,-0.30417319438364177,-0.18935256184712382,-0.21303769768270914,-0.1401098514754074,-0.358145440323592,1.2667544949459906
1.3627514869976876,0.4870285058378622,-0.8382842205939496,-0.713985191299721,-0.06589759600423688,1.034871877633807,0.4350476606087318,-0.2544884306547635,-0.713985191299721,-0.18935256184712382,-0.21303769768270914,-0.1401098514754074,-0.358145440323592,2.6885269624312205
-0.8302468421979533,0.4870285058378622,1.7276430481413345,1.1301687948226358,-0.05257480820650953,-0.966303193286565,-0.8024484737087255,-2.0219053307591675,1.1301687948226358,4.395976381875314,1.7533742503977268,-0.1401098514754074,-0.358145440323592,0.5558682612033757
2.3749045620110603,0.4870285058378622,-0.8382842205939496,0.3105448009904772,-0.06589759600423688,-0.966303193286565,0.4350476606087318,-0.2544884306547635,0.3105448009904772,-0.18935256184712382,-0.21303769768270914,-0.1401098514754074,-0.358145440323592,0.5558682612033757
0.4349445015687626,0.4870285058378622,-0.8382842205939496,0.9252627963645961,-0.06589759600423688,1.034871877633807,-0.8024484737087255,1.5129284694496405,0.9252627963645961,-0.18935256184712382,-0.21303769768270914,-0.1401098514754074,-0.358145440323592,-0.8659042062818543
-1.0832851109512964,-2.053267905293714,1.7276430481413345,-0.713985191299721,-0.13251153499287355,-0.966303193286565,1.672543794926189,-2.0219053307591675,-0.713985191299721,-0.18935256184712382,-0.21303769768270914,-0.1401098514754074,-0.358145440323592,-0.8659042062818543
-0.6615546630290579,0.4870285058378622,-0.8382842205939496,-0.713985191299721,-0.05257480820650953,1.034871877633807,-0.8024484737087255,-0.2544884306547635,-0.713985191299721,-0.18935256184712382,-0.21303769768270914,-0.1401098514754074,-0.358145440323592,0.5558682612033757
-0.5772085734446102,0.4870285058378622,0.4446794137736925,-0.5090791928416813,-0.05257480820650953,-0.966303193286565,-0.8024484737087255,1.5129284694496405,-0.5090791928416813,-0.18935256184712382,-0.21303769768270914,-0.1401098514754074,-0.358145440323592,-0.8659042062818543
-1.1676312005357443,0.4870285058378622,1.7276430481413345,-0.713985191299721,-0.00854614825704895,1.034871877633807,1.672543794926189,-2.0219053307591675,-0.713985191299721,-0.18935256184712382,-0.21303769768270914,-0.1401098514754074,-0.358145440323592,1.2667544949459906
-0.32417030469126695,0.4870285058378622,-0.8382842205939496,0.3105448009904772,-0.05257480820650953,-0.966303193286565,-0.8024484737087255,-0.2544884306547635,0.3105448009904772,2.103311910014095,-0.21303769768270914,-0.1401098514754074,-0.358145440323592,2.6885269624312205
-0.6615546630290579,0.4870285058378622,0.4446794137736925,2.769416782486953,-0.05257480820650953,1.034871877633807,-0.8024484737087255,-0.2544884306547635,2.769416782486953,4.395976381875314,-0.21303769768270914,-0.1401098514754074,2.792161751651698,-0.8659042062818543
2.121866293257717,0.4870285058378622,-0.8382842205939496,-0.5090791928416813,-0.06589759600423688,-0.966303193286565,0.4350476606087318,-0.2544884306547635,-0.5090791928416813,-0.18935256184712382,-0.21303769768270914,-0.1401098514754074,-0.358145440323592,-0.8659042062818543
2.459250651595508,-2.053267905293714,-0.8382842205939496,-0.713985191299721,-0.06589759600423688,-0.966303193286565,0.4350476606087318,-0.2544884306547635,-0.713985191299721,-0.18935256184712382,-0.21303769768270914,-0.1401098514754074,-0.358145440323592,-0.8659042062818543
-1.0832851109512964,0.4870285058378622,1.7276430481413345,-0.713985191299721,-0.06589759600423688,-0.966303193286565,1.672543794926189,1.5129284694496405,-0.713985191299721,-0.18935256184712382,-0.21303769768270914,-0.1401098514754074,-0.358145440323592,0.5558682612033757
-0.15547812552237153,0.4870285058378622,1.7276430481413345,2.1546987871128342,-1.091752256429242,-0.966303193286565,-0.8024484737087255,-2.0219053307591675,2.1546987871128342,-0.18935256184712382,1.7533742503977268,-0.1401098514754074,-0.358145440323592,0.5558682612033757
0.18190623281541937,-2.053267905293714,-0.8382842205939496,-0.713985191299721,-0.06589759600423688,1.034871877633807,-0.8024484737087255,-0.2544884306547635,-0.713985191299721,-0.18935256184712382,-0.21303769768270914,-0.1401098514754074,-0.358145440323592,2.6885269624312205
-0.6615546630290579,0.4870285058378622,1.7276430481413345,4.40866477015127,0.18723537215258254,1.034871877633807,-0.8024484737087255,-2.0219053307591675,4.40866477015127,-0.18935256184712382,-0.21303769768270914,-0.1401098514754074,2.792161751651698,-0.8659042062818543
1.2784053974132399,-2.053267905293714,0.4446794137736925,-0.0992671959256021,0.680178520668494,1.034871877633807,0.4350476606087318,-0.2544884306547635,-0.0992671959256021,-0.18935256184712382,-0.21303769768270914,-0.1401098514754074,-0.358145440323592,0.5558682612033757
0.18190623281541937,0.4870285058378622,-0.8382842205939496,-0.5090791928416813,-0.17247989838605557,-0.966303193286565,-0.8024484737087255,-0.2544884306547635,-0.5090791928416813,-0.18935256184712382,-0.21303769768270914,-0.1401098514754074,-0.358145440323592,0.5558682612033757
1.7844819349199261,0.4870285058378622,-0.8382842205939496,-0.5090791928416813,1.2530583959707695,-0.966303193286565,0.4350476606087318,-0.2544884306547635,-0.5090791928416813,-0.18935256184712382,-0.21303769768270914,-0.1401098514754074,-0.358145440323592,-0.8659042062818543
0.35059841198431485,0.4870285058378622,-0.8382842205939496,-0.5090791928416813,-0.06589759600423688,-0.966303193286565,-0.8024484737087255,-0.2544884306547635,-0.5090791928416813,-0.18935256184712382,-0.21303769768270914,1.8868661946544836,-0.358145440323592,0.5558682612033757
-0.15547812552237153,-2.053267905293714,-0.8382842205939496,-0.713985191299721,-0.07922038380196421,-0.966303193286565,-0.8024484737087255,-0.2544884306547635,-0.713985191299721,-0.18935256184712382,-0.21303769768270914,-0.1401098514754074,-0.358145440323592,0.5558682612033757
-0.6615546630290579,0.4870285058378622,1.7276430481413345,0.3105448009904772,-0.42561286654287495,1.034871877633807,-0.8024484737087255,1.5129284694496405,0.3105448009904772,-0.18935256184712382,-0.21303769768270914,-0.1401098514754074,2.792161751651698,-0.8659042062818543
-1.251977290120192,0.4870285058378622,0.4446794137736925,-0.713985191299721,-0.06589759600423688,1.034871877633807,1.672543794926189,1.5129284694496405,-0.713985191299721,-0.18935256184712382,-0.21303769768270914,-0.1401098514754074,-0.358145440323592,0.5558682612033757
1.7001358453354785,-2.053267905293714,-0.8382842205939496,-0.713985191299721,-0.06589759600423688,-0.966303193286565,0.4350476606087318,-0.2544884306547635,-0.713985191299721,-0.18935256184712382,-0.21303769768270914,-0.1401098514754074,-0.358145440323592,0.5558682612033757
-0.15547812552237153,0.4870285058378622,0.4446794137736925,0.7203567979065565,-0.06589759600423688,1.034871877633807,-0.8024484737087255,1.5129284694496405,0.7203567979065565,-0.18935256184712382,-0.21303769768270914,-0.1401098514754074,2.792161751651698,-0.8659042062818543
0.9410210390754489,-2.053267905293714,1.7276430481413345,0.7203567979065565,-0.06589759600423688,-0.966303193286565,0.4350476606087318,-0.2544884306547635,0.7203567979065565,-0.18935256184712382,-0.21303769768270914,-0.1401098514754074,-0.358145440323592,-0.8659042062818543
0.18190623281541937,0.4870285058378622,0.4446794137736925,0.10563880253243754,-0.06589759600423688,1.034871877633807,-0.8024484737087255,1.5129284694496405,0.10563880253243754,-0.18935256184712382,-0.21303769768270914,-0.1401098514754074,2.792161751651698,-0.8659042062818543
-1.1676312005357443,0.4870285058378622,1.7276430481413345,-0.30417319438364177,-0.05257480820650953,1.034871877633807,1.672543794926189,-2.0219053307591675,-0.30417319438364177,-0.18935256184712382,5.686198146558598,1.8868661946544836,-0.358145440323592,0.5558682612033757
-0.5772085734446102,-2.053267905293714,-0.8382842205939496,-0.30417319438364177,-0.06589759600423688,-0.966303193286565,-0.8024484737087255,-0.2544884306547635,-0.30417319438364177,-0.18935256184712382,-0.21303769768270914,-0.1401098514754074,-0.358145440323592,-0.8659042062818543
-0.6615546630290579,-2.053267905293714,1.7276430481413345,-0.713985191299721,-0.06589759600423688,1.034871877633807,-0.8024484737087255,-0.2544884306547635,-0.713985191299721,-0.18935256184712382,-0.21303769768270914,-0.1401098514754074,-0.358145440323592,-0.8659042062818543
-0.4085163942757147,0.4870285058378622,0.4446794137736925,1.3350747932806755,1.1731216691844053,-0.966303193286565,-0.8024484737087255,1.5129284694496405,1.3350747932806755,-0.18935256184712382,-0.21303769768270914,-0.1401098514754074,-0.358145440323592,-0.8659042062818543
1.2784053974132399,0.4870285058378622,-0.8382842205939496,-0.5090791928416813,-0.06589759600423688,-0.966303193286565,0.4350476606087318,-0.2544884306547635,-0.5090791928416813,-0.18935256184712382,-0.21303769768270914,-0.1401098514754074,-0.358145440323592,-0.8659042062818543
2.037520203673269,0.4870285058378622,0.4446794137736925,0.3105448009904772,-0.05257480820650953,-0.966303193286565,0.4350476606087318,-0.2544884306547635,0.3105448009904772,-0.18935256184712382,-0.21303769768270914,-0.1401098514754074,-0.358145440323592,-0.8659042062818543
-0.15547812552237153,0.4870285058378622,1.7276430481413345,0.7203567979065565,-0.06589759600423688,1.034871877633807,-0.8024484737087255,-0.2544884306547635,0.7203567979065565,2.103311910014095,-0.21303769768270914,-0.1401098514754074,2.792161751651698,2.6885269624312205
-1.251977290120192,0.4870285058378622,1.7276430481413345,0.10563880253243754,-0.06589759600423688,-0.966303193286565,1.672543794926189,-2.0219053307591675,0.10563880253243754,8.981305325597752,-0.21303769768270914,-0.1401098514754074,-0.358145440323592,0.5558682612033757
0.09756014323097166,0.4870285058378622,-0.8382842205939496,-0.5090791928416813,-0.3057077763633289,1.034871877633807,-0.8024484737087255,-0.2544884306547635,-0.5090791928416813,-0.18935256184712382,-0.21303769768270914,-0.1401098514754074,-0.358145440323592,0.5558682612033757
-0.8302468421979533,-2.053267905293714,-0.8382842205939496,-0.5090791928416813,-0.07922038380196421,1.034871877633807,-0.8024484737087255,-0.2544884306547635,-0.5090791928416813,-0.18935256184712382,-0.21303769768270914,-0.1401098514754074,-0.358145440323592,0.5558682612033757
0.4349445015687626,0.4870285058378622,-0.8382842205939496,-0.30417319438364177,-0.2524166251724196,-0.966303193286565,-0.8024484737087255,-0.2544884306547635,-0.30417319438364177,-0.18935256184712382,-0.21303769768270914,-0.1401098514754074,-0.358145440323592,-0.8659042062818543
0.9410210390754489,0.4870285058378622,1.7276430481413345,2.769416782486953,-0.06589759600423688,1.034871877633807,0.4350476606087318,1.5129284694496405,2.769416782486953,-0.18935256184712382,-0.21303769768270914,-0.1401098514754074,-0.358145440323592,-0.8659042062818543
-0.9989390213668488,-2.053267905293714,0.4446794137736925,-0.5090791928416813,-0.05257480820650953,-0.966303193286565,1.672543794926189,1.5129284694496405,-0.5090791928416813,2.103311910014095,-0.21303769768270914,-0.1401098514754074,-0.358145440323592,-0.8659042062818543
-0.8302468421979533,0.4870285058378622,1.7276430481413345,0.10563880253243754,-0.05257480820650953,1.034871877633807,-0.8024484737087255,-2.0219053307591675,0.10563880253243754,-0.18935256184712382,-0.21303769768270914,-0.1401098514754074,-0.358145440323592,-0.8659042062818543
-0.9989390213668488,-2.053267905293714,0.4446794137736925,-0.713985191299721,-0.06589759600423688,1.034871877633807,1.672543794926189,-0.2544884306547635,-0.713985191299721,-0.18935256184712382,-0.21303769768270914,-0.1401098514754074,-0.358145440323592,0.5558682612033757
1.2784053974132399,-2.053267905293714,-0.8382842205939496,0.3105448009904772,-0.00854614825704895,-0.966303193286565,0.4350476606087318,-0.2544884306547635,0.3105448009904772,-0.18935256184712382,-0.21303769768270914,-0.1401098514754074,-0.358145440323592,-0.8659042062818543
-0.9989390213668488,0.4870285058378622,-0.8382842205939496,-0.5090791928416813,-0.06589759600423688,1.034871877633807,1.672543794926189,-0.2544884306547635,-0.5090791928416813,2.103311910014095,3.719786198478163,-0.1401098514754074,-0.358145440323592,-0.8659042062818543
-0.9989390213668488,0.4870285058378622,1.7276430481413345,-0.0992671959256021,-0.06589759600423688,1.034871877633807,1.672543794926189,1.5129284694496405,-0.0992671959256021,-0.18935256184712382,-0.21303769768270914,-0.1401098514754074,-0.358145440323592,0.5558682612033757
0.18190623281541937,0.4870285058378622,-0.8382842205939496,-0.5090791928416813,-0.06589759600423688,-0.966303193286565,-0.8024484737087255,-0.2544884306547635,-0.5090791928416813,-0.18935256184712382,-0.21303769768270914,-0.1401098514754074,-0.358145440323592,1.2667544949459906
-0.32417030469126695,0.4870285058378622,1.7276430481413345,-0.713985191299721,-0.06589759600423688,1.034871877633807,-0.8024484737087255,-2.0219053307591675,-0.713985191299721,-0.18935256184712382,-0.21303769768270914,-0.1401098514754074,-0.358145440323592,-0.8659042062818543
0.9410210390754489,0.4870285058378622,0.4446794137736925,2.3596047855708737,-0.00854614825704895,-0.966303193286565,0.4350476606087318,1.5129284694496405,2.3596047855708737,-0.18935256184712382,-0.21303769768270914,-0.1401098514754074,-0.358145440323592,1.2667544949459906
1.8688280245043738,0.4870285058378622,1.7276430481413345,2.9743227809449926,-0.00854614825704895,-0.966303193286565,0.4350476606087318,1.5129284694496405,2.9743227809449926,-0.18935256184712382,-0.21303769768270914,-0.1401098514754074,-0.358145440323592,-0.8659042062818543
-1.0832851109512964,0.4870285058378622,1.7276430481413345,-0.30417319438364177,-0.06589759600423688,1.034871877633807,1.672543794926189,-2.0219053307591675,-0.30417319438364177,-0.18935256184712382,-0.21303769768270914,-0.1401098514754074,2.792161751651698,-0.8659042062818543
-1.251977290120192,0.4870285058378622,1.7276430481413345,-0.30417319438364177,-0.2657394129701469,1.034871877633807,1.672543794926189,1.5129284694496405,-0.30417319438364177,2.103311910014095,-0.21303769768270914,-0.1401098514754074,-0.358145440323592,-0.8659042062818543
0.35059841198431485,0.4870285058378622,-0.8382842205939496,-0.713985191299721,-0.06589759600423688,-0.966303193286565,-0.8024484737087255,-0.2544884306547635,-0.713985191299721,-0.18935256184712382,-0.21303769768270914,-0.1401098514754074,-0.358145440323592,0.5558682612033757
1.6157897557510308,0.4870285058378622,-0.8382842205939496,2.1546987871128342,-0.06589759600423688,1.034871877633807,0.4350476606087318,-0.2544884306547635,2.1546987871128342,-0.18935256184712382,-0.21303769768270914,-0.1401098514754074,2.792161751651698,0.5558682612033757
-0.4085163942757147,0.4870285058378622,1.7276430481413345,-0.5090791928416813,-0.06589759600423688,1.034871877633807,-0.8024484737087255,1.5129284694496405,-0.5090791928416813,-0.18935256184712382,-0.21303769768270914,-0.1401098514754074,-0.358145440323592,0.5558682612033757
-0.15547812552237153,0.4870285058378622,0.4446794137736925,1.539980791738715,-0.06589759600423688,1.034871877633807,-0.8024484737087255,-0.2544884306547635,1.539980791738715,-0.18935256184712382,-0.21303769768270914,-0.1401098514754074,-0.358145440323592,-0.8659042062818543
-0.4928624838601624,0.4870285058378622,-0.8382842205939496,-0.713985191299721,-0.06589759600423688,-0.966303193286565,-0.8024484737087255,-0.2544884306547635,-0.713985191299721,-0.18935256184712382,-0.21303769768270914,-0.1401098514754074,-0.358145440323592,0.5558682612033757
0.09756014323097166,0.4870285058378622,-0.8382842205939496,0.5154507994485168,-0.38564450314969295,-0.966303193286565,-0.8024484737087255,-0.2544884306547635,0.5154507994485168,-0.18935256184712382,-0.21303769768270914,-0.1401098514754074,-0.358145440323592,0.5558682612033757
0.09756014323097166,0.4870285058378622,1.7276430481413345,4.61357076860931,-0.06589759600423688,1.034871877633807,-0.8024484737087255,1.5129284694496405,4.61357076860931,2.103311910014095,-0.21303769768270914,-0.1401098514754074,-0.358145440323592,1.2667544949459906
2.3749045620110603,0.4870285058378622,-0.8382842205939496,-0.713985191299721,-0.06589759600423688,-0.966303193286565,0.4350476606087318,-0.2544884306547635,-0.713985191299721,-0.18935256184712382,-0.21303769768270914,-0.1401098514754074,-0.358145440323592,0.5558682612033757
-1.251977290120192,0.4870285058378622,0.4446794137736925,-0.5090791928416813,-0.05257480820650953,1.034871877633807,1.672543794926189,-2.0219053307591675,-0.5090791928416813,2.103311910014095,3.719786198478163,-0.1401098514754074,-0.358145440323592,-0.8659042062818543
0.5192905911532103,0.4870285058378622,0.4446794137736925,2.1546987871128342,-0.06589759600423688,1.034871877633807,-0.8024484737087255,-0.2544884306547635,2.1546987871128342,-0.18935256184712382,-0.21303769768270914,-0.1401098514754074,-0.358145440323592,0.5558682612033757
-0.5772085734446102,0.4870285058378622,0.4446794137736925,-0.0992671959256021,-0.06589759600423688,1.034871877633807,-0.8024484737087255,1.5129284694496405,-0.0992671959256021,-0.18935256184712382,-0.21303769768270914,-0.1401098514754074,-0.358145440323592,0.5558682612033757
-1.1676312005357443,0.4870285058378622,1.7276430481413345,-0.5090791928416813,-0.06589759600423688,1.034871877633807,1.672543794926189,-2.0219053307591675,-0.5090791928416813,-0.18935256184712382,-0.21303769768270914,-0.1401098514754074,-0.358145440323592,-0.8659042062818543
-0.32417030469126695,0.4870285058378622,0.4446794137736925,-0.713985191299721,-0.06589759600423688,-0.966303193286565,-0.8024484737087255,-0.2544884306547635,-0.713985191299721,-0.18935256184712382,-0.21303769768270914,-0.1401098514754074,-0.358145440323592,-0.8659042062818543
-0.7459007526135056,-2.053267905293714,-0.8382842205939496,-0.5090791928416813,-0.06589759600423688,-0.966303193286565,-0.8024484737087255,-0.2544884306547635,-0.5090791928416813,-0.18935256184712382,-0.21303769768270914,-0.1401098514754074,-0.358145440323592,-0.8659042062818543
2.6279428307644035,0.4870285058378622,-0.8382842205939496,-0.713985191299721,-0.06589759600423688,-0.966303193286565,0.4350476606087318,-0.2544884306547635,-0.713985191299721,-0.18935256184712382,-0.21303769768270914,-0.1401098514754074,-0.358145440323592,0.5558682612033757
0.5192905911532103,0.4870285058378622,1.7276430481413345,2.1546987871128342,0.4936594915003113,1.034871877633807,-0.8024484737087255,-2.0219053307591675,2.1546987871128342,-0.18935256184712382,1.7533742503977268,3.913842240784374,-0.358145440323592,-0.8659042062818543
-0.4928624838601624,-2.053267905293714,-0.8382842205939496,-0.5090791928416813,-0.06589759600423688,1.034871877633807,-0.8024484737087255,-0.2544884306547635,-0.5090791928416813,-0.18935256184712382,-0.21303769768270914,-0.1401098514754074,-0.358145440323592,1.2667544949459906
-0.8302468421979533,0.4870285058378622,-0.8382842205939496,-0.713985191299721,-0.06589759600423688,-0.966303193286565,-0.8024484737087255,-0.2544884306547635,-0.713985191299721,-0.18935256184712382,-0.21303769768270914,-0.1401098514754074,-0.358145440323592,0.5558682612033757
-1.1676312005357443,0.4870285058378622,1.7276430481413345,-0.5090791928416813,0.4003999769162199,1.034871877633807,1.672543794926189,-2.0219053307591675,-0.5090791928416813,-0.18935256184712382,-0.21303769768270914,-0.1401098514754074,2.792161751651698,-0.8659042062818543
-0.9145929317824011,-2.053267905293714,1.7276430481413345,0.10563880253243754,-0.06589759600423688,1.034871877633807,1.672543794926189,-2.0219053307591675,0.10563880253243754,-0.18935256184712382,-0.21303769768270914,-0.1401098514754074,-0.358145440323592,-0.8659042062818543
0.2662523223998671,0.4870285058378622,-0.8382842205939496,-0.5090791928416813,-0.06589759600423688,-0.966303193286565,-0.8024484737087255,-0.2544884306547635,-0.5090791928416813,-0.18935256184712382,-0.21303769768270914,-0.1401098514754074,-0.358145440323592,2.6885269624312205
0.9410210390754489,-2.053267905293714,1.7276430481413345,-0.30417319438364177,-0.06589759600423688,-0.966303193286565,0.4350476606087318,-0.2544884306547635,-0.30417319438364177,-0.18935256184712382,-0.21303769768270914,-0.1401098514754074,-0.358145440323592,0.5558682612033757
1.9531741140888217,0.4870285058378622,-0.8382842205939496,-0.5090791928416813,-0.06589759600423688,-0.966303193286565,0.4350476606087318,-0.2544884306547635,-0.5090791928416813,-0.18935256184712382,-0.21303769768270914,-0.1401098514754074,-0.358145440323592,0.5558682612033757
-0.15547812552237153,-2.053267905293714,0.4446794137736925,-0.30417319438364177,-0.06589759600423688,1.034871877633807,-0.8024484737087255,-0.2544884306547635,-0.30417319438364177,-0.18935256184712382,-0.21303769768270914,-0.1401098514754074,-0.358145440323592,0.5558682612033757
-0.32417030469126695,0.4870285058378622,0.4446794137736925,-0.713985191299721,-0.06589759600423688,-0.966303193286565,-0.8024484737087255,-0.2544884306547635,-0.713985191299721,-0.18935256184712382,-0.21303769768270914,-0.1401098514754074,-0.358145440323592,-0.8659042062818543
-0.7459007526135056,0.4870285058378622,0.4446794137736925,-0.30417319438364177,-0.06589759600423688,1.034871877633807,-0.8024484737087255,1.5129284694496405,-0.30417319438364177,-0.18935256184712382,-0.21303769768270914,-0.1401098514754074,2.792161751651698,-0.8659042062818543
-1.3363233797046397,0.4870285058378622,1.7276430481413345,0.3105448009904772,-0.46558122993605694,1.034871877633807,1.672543794926189,-2.0219053307591675,0.3105448009904772,6.688640853736533,3.719786198478163,1.8868661946544836,-0.358145440323592,0.5558682612033757
-0.07113203593792379,0.4870285058378622,0.4446794137736925,-0.5090791928416813,-0.06589759600423688,-0.966303193286565,-0.8024484737087255,-0.2544884306547635,-0.5090791928416813,-0.18935256184712382,-0.21303769768270914,-0.1401098514754074,-0.358145440323592,0.5558682612033757
0.09756014323097166,0.4870285058378622,-0.8382842205939496,-0.713985191299721,-0.06589759600423688,-0.966303193286565,-0.8024484737087255,-0.2544884306547635,-0.713985191299721,-0.18935256184712382,-0.21303769768270914,-0.1401098514754074,-0.358145440323592,0.5558682612033757
1.0253671286598967,0.4870285058378622,-0.8382842205939496,-0.5090791928416813,-0.06589759600423688,1.034871877633807,0.4350476606087318,-0.2544884306547635,-0.5090791928416813,-0.18935256184712382,-0.21303769768270914,-0.1401098514754074,2.792161751651698,-0.8659042062818543
-0.4085163942757147,0.4870285058378622,1.7276430481413345,-0.713985191299721,-0.06589759600423688,1.034871877633807,-0.8024484737087255,-0.2544884306547635,-0.713985191299721,-0.18935256184712382,-0.21303769768270914,-0.1401098514754074,-0.358145440323592,0.5558682612033757
-1.1676312005357443,0.4870285058378622,-0.8382842205939496,-0.713985191299721,-0.06589759600423688,1.034871877633807,1.672543794926189,1.5129284694496405,-0.713985191299721,-0.18935256184712382,-0.21303769768270914,-0.1401098514754074,-0.358145440323592,-0.8659042062818543
1.3627514869976876,0.4870285058378622,-0.8382842205939496,0.10563880253243754,-0.3989672909474203,1.034871877633807,0.4350476606087318,-0.2544884306547635,0.10563880253243754,-0.18935256184712382,-0.21303769768270914,-0.1401098514754074,-0.358145440323592,-0.8659042062818543
0.5192905911532103,0.4870285058378622,1.7276430481413345,1.1301687948226358,-0.06589759600423688,-0.966303193286565,-0.8024484737087255,1.5129284694496405,1.1301687948226358,2.103311910014095,-0.21303769768270914,-0.1401098514754074,-0.358145440323592,-0.8659042062818543
0.013214053646523933,0.4870285058378622,1.7276430481413345,0.9252627963645961,-0.05257480820650953,1.034871877633807,-0.8024484737087255,-2.0219053307591675,0.9252627963645961,2.103311910014095,-0.21303769768270914,-0.1401098514754074,-0.358145440323592,-0.8659042062818543
0.5192905911532103,0.4870285058378622,0.4446794137736925,-0.0992671959256021,-0.06589759600423688,1.034871877633807,-0.8024484737087255,-0.2544884306547635,-0.0992671959256021,-0.18935256184712382,-0.21303769768270914,-0.1401098514754074,-0.358145440323592,0.5558682612033757
0.18190623281541937,0.4870285058378622,0.4446794137736925,1.1301687948226358,-0.06589759600423688,-0.966303193286565,-0.8024484737087255,-0.2544884306547635,1.1301687948226358,-0.18935256184712382,-0.21303769768270914,-0.1401098514754074,-0.358145440323592,1.2667544949459906
1.9531741140888217,0.4870285058378622,0.4446794137736925,3.5890407763191114,-0.06589759600423688,1.034871877633807,0.4350476606087318,-0.2544884306547635,3.5890407763191114,-0.18935256184712382,-0.21303769768270914,-0.1401098514754074,-0.358145440323592,-0.8659042062818543
-1.1676312005357443,-2.053267905293714,-0.8382842205939496,-0.5090791928416813,-0.19912547398151023,1.034871877633807,1.672543794926189,-0.2544884306547635,-0.5090791928416813,-0.18935256184712382,-0.21303769768270914,-0.1401098514754074,-0.358145440323592,-0.8659042062818543
-0.9989390213668488,0.4870285058378622,-0.8382842205939496,-0.713985191299721,-0.05257480820650953,-0.966303193286565,1.672543794926189,1.5129284694496405,-0.713985191299721,-0.18935256184712382,-0.21303769768270914,-0.1401098514754074,-0.358145440323592,1.2667544949459906
0.35059841198431485,-2.053267905293714,-0.8382842205939496,1.3350747932806755,-0.06589759600423688,1.034871877633807,-0.8024484737087255,-0.2544884306547635,1.3350747932806755,-0.18935256184712382,3.719786198478163,-0.1401098514754074,2.792161751651698,1.2667544949459906
-0.4085163942757147,0.4870285058378622,0.4446794137736925,-0.30417319438364177,-0.06589759600423688,1.034871877633807,-0.8024484737087255,-0.2544884306547635,-0.30417319438364177,-0.18935256184712382,-0.21303769768270914,-0.1401098514754074,-0.358145440323592,-0.8659042062818543
-1.3363233797046397,0.4870285058378622,1.7276430481413345,-0.0992671959256021,-2.7171323677519768,1.034871877633807,1.672543794926189,-2.0219053307591675,-0.0992671959256021,4.395976381875314,-0.21303769768270914,1.8868661946544836,2.792161751651698,-0.8659042062818543
-0.07113203593792379,0.4870285058378622,0.4446794137736925,-0.0992671959256021,-1.45146752696788,-0.966303193286565,-0.8024484737087255,1.5129284694496405,-0.0992671959256021,-0.18935256184712382,-0.21303769768270914,-0.1401098514754074,-0.358145440323592,-0.8659042062818543
0.6879827703221058,0.4870285058378622,-0.8382842205939496,0.9252627963645961,0.4137227647139473,1.034871877633807,-0.8024484737087255,1.5129284694496405,0.9252627963645961,-0.18935256184712382,-0.21303769768270914,-0.1401098514754074,-0.358145440323592,0.5558682612033757
-0.32417030469126695,0.4870285058378622,-0.8382842205939496,-0.0992671959256021,-0.06589759600423688,-0.966303193286565,-0.8024484737087255,-0.2544884306547635,-0.0992671959256021,-0.18935256184712382,-0.21303769768270914,-0.1401098514754074,-0.358145440323592,1.2667544949459906
-0.6615546630290579,0.4870285058378622,-0.8382842205939496,-0.0992671959256021,-0.06589759600423688,-0.966303193286565,-0.8024484737087255,-0.2544884306547635,-0.0992671959256021,-0.18935256184712382,-0.21303769768270914,-0.1401098514754074,-0.358145440323592,-0.8659042062818543
1.0253671286598967,-2.053267905293714,-0.8382842205939496,-0.30417319438364177,-0.00854614825704895,-0.966303193286565,0.4350476606087318,-0.2544884306547635,-0.30417319438364177,-0.18935256184712382,-0.21303769768270914,-0.1401098514754074,-0.358145440323592,1.2667544949459906
-0.4085163942757147,0.4870285058378622,-0.8382842205939496,-0.713985191299721,-0.06589759600423688,-0.966303193286565,-0.8024484737087255,-0.2544884306547635,-0.713985191299721,-0.18935256184712382,-0.21303769768270914,-0.1401098514754074,-0.358145440323592,1.2667544949459906
0.09756014323097166,0.4870285058378622,-0.8382842205939496,-0.713985191299721,-0.06589759600423688,-0.966303193286565,-0.8024484737087255,-0.2544884306547635,-0.713985191299721,-0.18935256184712382,-0.21303769768270914,-0.1401098514754074,-0.358145440323592,0.5558682612033757
0.6879827703221058,0.4870285058378622,-0.8382842205939496,-0.713985191299721,-0.06589759600423688,-0.966303193286565,-0.8024484737087255,-0.2544884306547635,-0.713985191299721,-0.18935256184712382,-0.21303769768270914,-0.1401098514754074,-0.358145440323592,-0.8659042062818543
-0.4085163942757147,0.4870285058378622,-0.8382842205939496,-0.5090791928416813,-0.06589759600423688,-0.966303193286565,-0.8024484737087255,-0.2544884306547635,-0.5090791928416813,-0.18935256184712382,-0.21303769768270914,-0.1401098514754074,-0.358145440323592,-0.8659042062818543
-0.4928624838601624,0.4870285058378622,-0.8382842205939496,-0.30417319438364177,-0.07922038380196421,-0.966303193286565,-0.8024484737087255,-0.2544884306547635,-0.30417319438364177,-0.18935256184712382,-0.21303769768270914,-0.1401098514754074,-0.358145440323592,0.5558682612033757
0.2662523223998671,0.4870285058378622,1.7276430481413345,2.564510784028913,-0.06589759600423688,1.034871877633807,-0.8024484737087255,-2.0219053307591675,2.564510784028913,2.103311910014095,-0.21303769768270914,-0.1401098514754074,2.792161751651698,-0.8659042062818543
2.3749045620110603,0.4870285058378622,0.4446794137736925,1.1301687948226358,-0.05257480820650953,1.034871877633807,0.4350476606087318,-0.2544884306547635,1.1301687948226358,-0.18935256184712382,-0.21303769768270914,-0.1401098514754074,-0.358145440323592,-0.8659042062818543
-0.23982421510681926,0.4870285058378622,-0.8382842205939496,-0.713985191299721,-0.06589759600423688,1.034871877633807,-0.8024484737087255,-0.2544884306547635,-0.713985191299721,-0.18935256184712382,-0.21303769768270914,-0.1401098514754074,-0.358145440323592,1.2667544949459906
-1.251977290120192,0.4870285058378622,0.4446794137736925,-0.713985191299721,-0.06589759600423688,1.034871877633807,1.672543794926189,1.5129284694496405,-0.713985191299721,-0.18935256184712382,-0.21303769768270914,-0.1401098514754074,2.792161751651698,-0.8659042062818543
-1.0832851109512964,-2.053267905293714,0.4446794137736925,-0.5090791928416813,-0.42561286654287495,-0.966303193286565,1.672543794926189,1.5129284694496405,-0.5090791928416813,-0.18935256184712382,-0.21303769768270914,-0.1401098514754074,-0.358145440323592,-0.8659042062818543
1.0253671286598967,0.4870285058378622,-0.8382842205939496,-0.713985191299721,-0.06589759600423688,1.034871877633807,0.4350476606087318,-0.2544884306547635,-0.713985191299721,-0.18935256184712382,-0.21303769768270914,-0.1401098514754074,-0.358145440323592,0.5558682612033757
-1.251977290120192,0.4870285058378622,1.7276430481413345,-0.5090791928416813,-0.06589759600423688,1.034871877633807,1.672543794926189,-2.0219053307591675,-0.5090791928416813,2.103311910014095,-0.21303769768270914,-0.1401098514754074,-0.358145440323592,-0.8659042062818543
-0.8302468421979533,0.4870285058378622,-0.8382842205939496,-0.5090791928416813,2.45210929776623,-0.966303193286565,-0.8024484737087255,-0.2544884306547635,-0.5090791928416813,-0.18935256184712382,-0.21303769768270914,-0.1401098514754074,-0.358145440323592,-0.8659042062818543
-0.8302468421979533,0.4870285058378622,-0.8382842205939496,-0.713985191299721,-0.05257480820650953,1.034871877633807,-0.8024484737087255,-0.2544884306547635,-0.713985191299721,-0.18935256184712382,-0.21303769768270914,-0.1401098514754074,2.792161751651698,-0.8659042062818543
0.7723288599065534,-2.053267905293714,1.7276430481413345,1.539980791738715,-0.06589759600423688,1.034871877633807,-0.8024484737087255,1.5129284694496405,1.539980791738715,2.103311910014095,-0.21303769768270914,-0.1401098514754074,-0.358145440323592,-0.8659042062818543
0.2662523223998671,-2.053267905293714,-0.8382842205939496,-0.0992671959256021,-0.06589759600423688,-0.966303193286565,-0.8024484737087255,-0.2544884306547635,-0.0992671959256021,-0.18935256184712382,-0.21303769768270914,-0.1401098514754074,-0.358145440323592,0.5558682612033757
2.121866293257717,0.4870285058378622,1.7276430481413345,1.3350747932806755,-0.00854614825704895,-0.966303193286565,0.4350476606087318,-0.2544884306547635,1.3350747932806755,-0.18935256184712382,-0.21303769768270914,-0.1401098514754074,-0.358145440323592,-0.8659042062818543
-0.8302468421979533,0.4870285058378622,1.7276430481413345,0.10563880253243754,-1.411499163574698,1.034871877633807,-0.8024484737087255,1.5129284694496405,0.10563880253243754,-0.18935256184712382,-0.21303769768270914,-0.1401098514754074,-0.358145440323592,-0.8659042062818543
-0.9989390213668488,0.4870285058378622,0.4446794137736925,-0.30417319438364177,-0.31903056416105624,-0.966303193286565,1.672543794926189,1.5129284694496405,-0.30417319438364177,-0.18935256184712382,-0.21303769768270914,-0.1401098514754074,-0.358145440323592,0.5558682612033757
0.013214053646523933,0.4870285058378622,1.7276430481413345,-0.5090791928416813,-0.06589759600423688,-0.966303193286565,-0.8024484737087255,-0.2544884306547635,-0.5090791928416813,-0.18935256184712382,-0.21303769768270914,-0.1401098514754074,-0.358145440323592,-0.8659042062818543
-0.32417030469126695,0.4870285058378622,1.7276430481413345,2.3596047855708737,-0.05257480820650953,-0.966303193286565,-0.8024484737087255,1.5129284694496405,2.3596047855708737,-0.18935256184712382,-0.21303769768270914,-0.1401098514754074,-0.358145440323592,-0.8659042062818543
1.3627514869976876,0.4870285058378622,1.7276430481413345,3.1792287794030325,-0.06589759600423688,1.034871877633807,0.4350476606087318,-0.2544884306547635,3.1792287794030325,-0.18935256184712382,-0.21303769768270914,1.8868661946544836,-0.358145440323592,-0.8659042062818543
-1.1676312005357443,0.4870285058378622,0.4446794137736925,-0.5090791928416813,1.4795457885321341,1.034871877633807,1.672543794926189,1.5129284694496405,-0.5090791928416813,2.103311910014095,-0.21303769768270914,-0.1401098514754074,2.792161751651698,0.5558682612033757
1.8688280245043738,0.4870285058378622,-0.8382842205939496,-0.713985191299721,-0.05257480820650953,-0.966303193286565,0.4350476606087318,-0.2544884306547635,-0.713985191299721,-0.18935256184712382,-0.21303769768270914,-0.1401098514754074,-0.358145440323592,1.2667544949459906
0.7723288599065534,0.4870285058378622,-0.8382842205939496,-0.713985191299721,-0.06589759600423688,-0.966303193286565,-0.8024484737087255,-0.2544884306547635,-0.713985191299721,-0.18935256184712382,-0.21303769768270914,-0.1401098514754074,-0.358145440323592,0.5558682612033757
-1.1676312005357443,0.4870285058378622,-0.8382842205939496,-0.5090791928416813,-0.06589759600423688,1.034871877633807,1.672543794926189,1.5129284694496405,-0.5090791928416813,-0.18935256184712382,-0.21303769768270914,1.8868661946544836,-0.358145440323592,0.5558682612033757
0.18190623281541937,0.4870285058378622,1.7276430481413345,3.998852773235191,-0.06589759600423688,1.034871877633807,-0.8024484737087255,-0.2544884306547635,3.998852773235191,-0.18935256184712382,-0.21303769768270914,-0.1401098514754074,-0.358145440323592,-0.8659042062818543
1.8688280245043738,0.4870285058378622,-0.8382842205939496,2.1546987871128342,-0.42561286654287495,1.034871877633807,0.4350476606087318,-0.2544884306547635,2.1546987871128342,-0.18935256184712382,-0.21303769768270914,-0.1401098514754074,-0.358145440323592,0.5558682612033757
-0.9145929317824011,0.4870285058378622,1.7276430481413345,0.3105448009904772,-0.06589759600423688,1.034871877633807,1.672543794926189,1.5129284694496405,0.3105448009904772,-0.18935256184712382,-0.21303769768270914,-0.1401098514754074,-0.358145440323592,-0.8659042062818543
-0.5772085734446102,0.4870285058378622,-0.8382842205939496,-0.30417319438364177,-0.06589759600423688,-0.966303193286565,-0.8024484737087255,-0.2544884306547635,-0.30417319438364177,-0.18935256184712382,-0.21303769768270914,-0.1401098514754074,-0.358145440323592,-0.8659042062818543
-0.7459007526135056,0.4870285058378622,0.4446794137736925,-0.713985191299721,-0.05257480820650953,1.034871877633807,-0.8024484737087255,-0.2544884306547635,-0.713985191299721,-0.18935256184712382,-0.21303769768270914,-0.1401098514754074,-0.358145440323592,-0.8659042062818543
0.013214053646523933,0.4870285058378622,0.4446794137736925,0.3105448009904772,-0.00854614825704895,-0.966303193286565,-0.8024484737087255,1.5129284694496405,0.3105448009904772,-0.18935256184712382,-0.21303769768270914,-0.1401098514754074,-0.358145440323592,1.2667544949459906
1.4470975765821352,0.4870285058378622,-0.8382842205939496,-0.5090791928416813,-0.06589759600423688,-0.966303193286565,0.4350476606087318,-0.2544884306547635,-0.5090791928416813,-0.18935256184712382,-0.21303769768270914,-0.1401098514754074,-0.358145440323592,0.5558682612033757
2.796635009933299,0.4870285058378622,-0.8382842205939496,-0.713985191299721,-0.06589759600423688,-0.966303193286565,0.4350476606087318,-0.2544884306547635,-0.713985191299721,-0.18935256184712382,-0.21303769768270914,-0.1401098514754074,-0.358145440323592,0.5558682612033757
-1.251977290120192,0.4870285058378622,0.4446794137736925,-0.713985191299721,-0.05257480820650953,1.034871877633807,1.672543794926189,-2.0219053307591675,-0.713985191299721,-0.18935256184712382,-0.21303769768270914,-0.1401098514754074,-0.358145440323592,-0.8659042062818543
-0.15547812552237153,0.4870285058378622,1.7276430481413345,-0.30417319438364177,-0.05257480820650953,1.034871877633807,-0.8024484737087255,-2.0219053307591675,-0.30417319438364177,-0.18935256184712382,-0.21303769768270914,-0.1401098514754074,-0.358145440323592,-0.8659042062818543
2.206212382842165,0.4870285058378622,-0.8382842205939496,-0.5090791928416813,-0.11918874719514622,1.034871877633807,0.4350476606087318,-0.2544884306547635,-0.5090791928416813,-0.18935256184712382,-0.21303769768270914,-0.1401098514754074,-0.358145440323592,0.5558682612033757
-0.8302468421979533,0.4870285058378622,0.4446794137736925,-0.30417319438364177,-0.06589759600423688,-0.966303193286565,-0.8024484737087255,-0.2544884306547635,-0.30417319438364177,-0.18935256184712382,-0.21303769768270914,-0.1401098514754074,-0.358145440323592,-0.8659042062818543
1.0253671286598967,0.4870285058378622,-0.8382842205939496,-0.713985191299721,-0.06589759600423688,-0.966303193286565,0.4350476606087318,-0.2544884306547635,-0.713985191299721,-0.18935256184712382,-0.21303769768270914,-0.1401098514754074,-0.358145440323592,2.6885269624312205
-0.23982421510681926,0.4870285058378622,-0.8382842205939496,0.3105448009904772,-0.1858026861837829,-0.966303193286565,-0.8024484737087255,-0.2544884306547635,0.3105448009904772,2.103311910014095,-0.21303769768270914,-0.1401098514754074,-0.358145440323592,-0.8659042062818543
0.603636680737658,0.4870285058378622,0.4446794137736925,1.3350747932806755,-0.06589759600423688,1.034871877633807,-0.8024484737087255,-0.2544884306547635,1.3350747932806755,-0.18935256184712382,-0.21303769768270914,-0.1401098514754074,2.792161751651698,-0.8659042062818543
0.2662523223998671,0.4870285058378622,-0.8382842205939496,0.3105448009904772,-0.19912547398151023,1.034871877633807,-0.8024484737087255,-0.2544884306547635,0.3105448009904772,-0.18935256184712382,-0.21303769768270914,-0.1401098514754074,-0.358145440323592,0.5558682612033757
-0.9145929317824011,-2.053267905293714,0.4446794137736925,-0.30417319438364177,-0.06589759600423688,-0.966303193286565,1.672543794926189,1.5129284694496405,-0.30417319438364177,-0.18935256184712382,-0.21303769768270914,-0.1401098514754074,-0.358145440323592,0.5558682612033757
1.531443666166583,0.4870285058378622,-0.8382842205939496,-0.0992671959256021,-0.06589759600423688,1.034871877633807,0.4350476606087318,-0.2544884306547635,-0.0992671959256021,-0.18935256184712382,-0.21303769768270914,-0.1401098514754074,-0.358145440323592,0.5558682612033757
1.6157897557510308,-2.053267905293714,-0.8382842205939496,-0.713985191299721,-0.06589759600423688,-0.966303193286565,0.4350476606087318,-0.2544884306547635,-0.713985191299721,-0.18935256184712382,-0.21303769768270914,-0.1401098514754074,-0.358145440323592,0.5558682612033757
-0.4928624838601624,-2.053267905293714,-0.8382842205939496,-0.713985191299721,-0.09254317159969154,-0.966303193286565,-0.8024484737087255,-0.2544884306547635,-0.713985191299721,-0.18935256184712382,-0.21303769768270914,-0.1401098514754074,-0.358145440323592,1.2667544949459906
1.1097132182443443,0.4870285058378622,-0.8382842205939496,-0.30417319438364177,-0.625454683508785,1.034871877633807,0.4350476606087318,-0.2544884306547635,-0.30417319438364177,-0.18935256184712382,-0.21303769768270914,-0.1401098514754074,2.792161751651698,0.5558682612033757
-0.5772085734446102,0.4870285058378622,1.7276430481413345,0.9252627963645961,-0.06589759600423688,1.034871877633807,-0.8024484737087255,1.5129284694496405,0.9252627963645961,-0.18935256184712382,-0.21303769768270914,-0.1401098514754074,2.792161751651698,-0.8659042062818543
1.4470975765821352,0.4870285058378622,0.4446794137736925,-0.713985191299721,-0.06589759600423688,1.034871877633807,0.4350476606087318,-0.2544884306547635,-0.713985191299721,-0.18935256184712382,-0.21303769768270914,-0.1401098514754074,2.792161751651698,-0.8659042062818543
-0.8302468421979533,0.4870285058378622,-0.8382842205939496,0.10563880253243754,-0.05257480820650953,-0.966303193286565,-0.8024484737087255,-0.2544884306547635,0.10563880253243754,-0.18935256184712382,-0.21303769768270914,-0.1401098514754074,-0.358145440323592,1.2667544949459906
1.0253671286598967,0.4870285058378622,-0.8382842205939496,-0.30417319438364177,-0.00854614825704895,-0.966303193286565,0.4350476606087318,-0.2544884306547635,-0.30417319438364177,-0.18935256184712382,-0.21303769768270914,-0.1401098514754074,-0.358145440323592,0.5558682612033757
1.194059307828792,0.4870285058378622,-0.8382842205939496,-0.5090791928416813,-0.05257480820650953,-0.966303193286565,0.4350476606087318,-0.2544884306547635,-0.5090791928416813,-0.18935256184712382,-0.21303769768270914,-0.1401098514754074,-0.358145440323592,-0.8659042062818543
-0.4085163942757147,0.4870285058378622,0.4446794137736925,-0.5090791928416813,-0.06589759600423688,1.034871877633807,-0.8024484737087255,-0.2544884306547635,-0.5090791928416813,-0.18935256184712382,-0.21303769768270914,-0.1401098514754074,-0.358145440323592,-0.8659042062818543
-1.0832851109512964,0.4870285058378622,-0.8382842205939496,-0.5090791928416813,-0.19912547398151023,1.034871877633807,1.672543794926189,1.5129284694496405,-0.5090791928416813,-0.18935256184712382,-0.21303769768270914,-0.1401098514754074,-0.358145440323592,0.5558682612033757
-0.15547812552237153,0.4870285058378622,1.7276430481413345,2.1546987871128342,-0.06589759600423688,1.034871877633807,-0.8024484737087255,-0.2544884306547635,2.1546987871128342,-0.18935256184712382,-0.21303769768270914,-0.1401098514754074,2.792161751651698,-0.8659042062818543
1.6157897557510308,0.4870285058378622,-0.8382842205939496,-0.5090791928416813,1.3063495471616788,1.034871877633807,0.4350476606087318,-0.2544884306547635,-0.5090791928416813,-0.18935256184712382,-0.21303769768270914,-0.1401098514754074,-0.358145440323592,0.5558682612033757
1.2784053974132399,0.4870285058378622,-0.8382842205939496,0.3105448009904772,0.33378603792758327,-0.966303193286565,0.4350476606087318,-0.2544884306547635,0.3105448009904772,-0.18935256184712382,-0.21303769768270914,1.8868661946544836,-0.358145440323592,-0.8659042062818543
-1.251977290120192,0.4870285058378622,-0.8382842205939496,-0.713985191299721,-0.06589759600423688,-0.966303193286565,1.672543794926189,1.5129284694496405,-0.713985191299721,-0.18935256184712382,-0.21303769768270914,-0.1401098514754074,-0.358145440323592,0.5558682612033757
3.13401936827109,0.4870285058378622,-0.8382842205939496,0.7203567979065565,-0.06589759600423688,-0.966303193286565,0.4350476606087318,-0.2544884306547635,0.7203567979065565,-0.18935256184712382,-0.21303769768270914,-0.1401098514754074,-0.358145440323592,0.5558682612033757
1.0253671286598967,0.4870285058378622,-0.8382842205939496,1.9497927886547946,-0.05257480820650953,1.034871877633807,0.4350476606087318,-0.2544884306547635,1.9497927886547946,-0.18935256184712382,-0.21303769768270914,-0.1401098514754074,-0.358145440323592,-0.8659042062818543
0.7723288599065534,0.4870285058378622,-0.8382842205939496,-0.713985191299721,-0.06589759600423688,1.034871877633807,-0.8024484737087255,-0.2544884306547635,-0.713985191299721,-0.18935256184712382,-0.21303769768270914,-0.1401098514754074,-0.358145440323592,1.2667544949459906
0.18190623281541937,0.4870285058378622,-0.8382842205939496,0.10563880253243754,-0.05257480820650953,1.034871877633807,-0.8024484737087255,-0.2544884306547635,0.10563880253243754,-0.18935256184712382,-0.21303769768270914,-0.1401098514754074,-0.358145440323592,0.5558682612033757
-0.8302468421979533,-2.053267905293714,1.7276430481413345,0.7203567979065565,-1.411499163574698,1.034871877633807,-0.8024484737087255,-2.0219053307591675,0.7203567979065565,-0.18935256184712382,-0.21303769768270914,-0.1401098514754074,-0.358145440323592,-0.8659042062818543
-0.5772085734446102,0.4870285058378622,-0.8382842205939496,-0.5090791928416813,-1.2516257100019699,-0.966303193286565,-0.8024484737087255,-0.2544884306547635,-0.5090791928416813,-0.18935256184712382,-0.21303769768270914,-0.1401098514754074,-0.358145440323592,-0.8659042062818543
-0.4085163942757147,-2.053267905293714,-0.8382842205939496,1.1301687948226358,-0.3057077763633289,1.034871877633807,-0.8024484737087255,-0.2544884306547635,1.1301687948226358,-0.18935256184712382,-0.21303769768270914,-0.1401098514754074,-0.358145440323592,0.5558682612033757
1.2784053974132399,0.4870285058378622,1.7276430481413345,-0.713985191299721,-0.00854614825704895,-0.966303193286565,0.4350476606087318,1.5129284694496405,-0.713985191299721,-0.18935256184712382,-0.21303769768270914,-0.1401098514754074,-0.358145440323592,-0.8659042062818543
-0.9145929317824011,0.4870285058378622,1.7276430481413345,1.3350747932806755,-3.396594545436071,-0.966303193286565,1.672543794926189,1.5129284694496405,1.3350747932806755,2.103311910014095,-0.21303769768270914,3.913842240784374,-0.358145440323592,-0.8659042062818543
0.5192905911532103,0.4870285058378622,0.4446794137736925,0.10563880253243754,-0.06589759600423688,-0.966303193286565,-0.8024484737087255,-0.2544884306547635,0.10563880253243754,-0.18935256184712382,-0.21303769768270914,-0.1401098514754074,-0.358145440323592,-0.8659042062818543
-1.0832851109512964,0.4870285058378622,1.7276430481413345,1.7448867901967549,-0.05257480820650953,1.034871877633807,1.672543794926189,-2.0219053307591675,1.7448867901967549,-0.18935256184712382,-0.21303769768270914,1.8868661946544836,-0.358145440323592,-0.8659042062818543
-0.7459007526135056,0.4870285058378622,0.4446794137736925,1.1301687948226358,-0.05257480820650953,1.034871877633807,-0.8024484737087255,1.5129284694496405,1.1301687948226358,-0.18935256184712382,1.7533742503977268,-0.1401098514754074,-0.358145440323592,1.2667544949459906
-0.8302468421979533,0.4870285058378622,1.7276430481413345,0.3105448009904772,-0.06589759600423688,1.034871877633807,-0.8024484737087255,1.5129284694496405,0.3105448009904772,-0.18935256184712382,-0.21303769768270914,-0.1401098514754074,-0.358145440323592,0.5558682612033757
-0.15547812552237153,0.4870285058378622,-0.8382842205939496,-0.5090791928416813,-0.00854614825704895,-0.966303193286565,-0.8024484737087255,-0.2544884306547635,-0.5090791928416813,-0.18935256184712382,-0.21303769768270914,-0.1401098514754074,-0.358145440323592,1.2667544949459906
-0.9145929317824011,0.4870285058378622,0.4446794137736925,-0.0992671959256021,-0.05257480820650953,-0.966303193286565,1.672543794926189,1.5129284694496405,-0.0992671959256021,-0.18935256184712382,-0.21303769768270914,-0.1401098514754074,-0.358145440323592,-0.8659042062818543
0.6879827703221058,0.4870285058378622,-0.8382842205939496,-0.713985191299721,-0.06589759600423688,-0.966303193286565,-0.8024484737087255,-0.2544884306547635,-0.713985191299721,-0.18935256184712382,-0.21303769768270914,-0.1401098514754074,-0.358145440323592,1.2667544949459906
-0.4928624838601624,0.4870285058378622,-0.8382842205939496,-0.30417319438364177,-0.06589759600423688,-0.966303193286565,-0.8024484737087255,-0.2544884306547635,-0.30417319438364177,-0.18935256184712382,-0.21303769768270914,-0.1401098514754074,-0.358145440323592,-0.8659042062818543
-1.1676312005357443,0.4870285058378622,0.4446794137736925,-0.30417319438364177,-0.06589759600423688,1.034871877633807,1.672543794926189,1.5129284694496405,-0.30417319438364177,-0.18935256184712382,-0.21303769768270914,-0.1401098514754074,-0.358145440323592,0.5558682612033757
1.1097132182443443,-2.053267905293714,-0.8382842205939496,-0.5090791928416813,-0.05257480820650953,-0.966303193286565,0.4350476606087318,-0.2544884306547635,-0.5090791928416813,-0.18935256184712382,-0.21303769768270914,-0.1401098514754074,-0.358145440323592,0.5558682612033757
-1.251977290120192,0.4870285058378622,1.7276430481413345,-0.713985191299721,-0.06589759600423688,1.034871877633807,1.672543794926189,1.5129284694496405,-0.713985191299721,-0.18935256184712382,1.7533742503977268,-0.1401098514754074,2.792161751651698,2.6885269624312205
-0.4928624838601624,0.4870285058378622,1.7276430481413345,1.7448867901967549,-0.05257480820650953,1.034871877633807,-0.8024484737087255,1.5129284694496405,1.7448867901967549,4.395976381875314,-0.21303769768270914,-0.1401098514754074,-0.358145440323592,-0.8659042062818543
-0.9989390213668488,0.4870285058378622,0.4446794137736925,-0.5090791928416813,-0.06589759600423688,1.034871877633807,1.672543794926189,-2.0219053307591675,-0.5090791928416813,-0.18935256184712382,-0.21303769768270914,-0.1401098514754074,2.792161751651698,-0.8659042062818543
-0.4928624838601624,0.4870285058378622,1.7276430481413345,0.5154507994485168,-0.06589759600423688,1.034871877633807,-0.8024484737087255,-0.2544884306547635,0.5154507994485168,-0.18935256184712382,-0.21303769768270914,-0.1401098514754074,-0.358145440323592,-0.8659042062818543
0.09756014323097166,0.4870285058378622,0.4446794137736925,1.1301687948226358,-0.05257480820650953,1.034871877633807,-0.8024484737087255,1.5129284694496405,1.1301687948226358,-0.18935256184712382,-0.21303769768270914,-0.1401098514754074,-0.358145440323592,-0.8659042062818543
-0.4928624838601624,-2.053267905293714,0.4446794137736925,-0.5090791928416813,-0.06589759600423688,1.034871877633807,-0.8024484737087255,1.5129284694496405,-0.5090791928416813,-0.18935256184712382,-0.21303769768270914,-0.1401098514754074,-0.358145440323592,0.5558682612033757
0.35059841198431485,-2.053267905293714,-0.8382842205939496,0.10563880253243754,-0.07922038380196421,1.034871877633807,-0.8024484737087255,-0.2544884306547635,0.10563880253243754,-0.18935256184712382,-0.21303769768270914,-0.1401098514754074,-0.358145440323592,0.5558682612033757
-0.4928624838601624,0.4870285058378622,1.7276430481413345,0.5154507994485168,-0.06589759600423688,1.034871877633807,-0.8024484737087255,-0.2544884306547635,0.5154507994485168,-0.18935256184712382,-0.21303769768270914,-0.1401098514754074,-0.358145440323592,-0.8659042062818543
0.603636680737658,0.4870285058378622,0.4446794137736925,-0.713985191299721,-0.05257480820650953,-0.966303193286565,-0.8024484737087255,-0.2544884306547635,-0.713985191299721,-0.18935256184712382,-0.21303769768270914,-0.1401098514754074,-0.358145440323592,-0.8659042062818543
0.18190623281541937,0.4870285058378622,1.7276430481413345,2.9743227809449926,-0.06589759600423688,-0.966303193286565,-0.8024484737087255,-2.0219053307591675,2.9743227809449926,-0.18935256184712382,-0.21303769768270914,3.913842240784374,-0.358145440323592,-0.8659042062818543
0.35059841198431485,0.4870285058378622,0.4446794137736925,-0.30417319438364177,-1.65130934393379,-0.966303193286565,-0.8024484737087255,-0.2544884306547635,-0.30417319438364177,-0.18935256184712382,-0.21303769768270914,-0.1401098514754074,-0.358145440323592,0.5558682612033757
1.2784053974132399,0.4870285058378622,1.7276430481413345,2.3596047855708737,-0.06589759600423688,-0.966303193286565,0.4350476606087318,-0.2544884306547635,2.3596047855708737,-0.18935256184712382,-0.21303769768270914,-0.1401098514754074,-0.358145440323592,-0.8659042062818543
1.8688280245043738,0.4870285058378622,-0.8382842205939496,-0.713985191299721,-0.05257480820650953,-0.966303193286565,0.4350476606087318,-0.2544884306547635,-0.713985191299721,-0.18935256184712382,-0.21303769768270914,-0.1401098514754074,-0.358145440323592,0.5558682612033757
0.18190623281541937,0.4870285058378622,0.4446794137736925,0.3105448009904772,-1.45146752696788,-0.966303193286565,-0.8024484737087255,-0.2544884306547635,0.3105448009904772,-0.18935256184712382,-0.21303769768270914,-0.1401098514754074,-0.358145440323592,0.5558682612033757
0.013214053646523933,0.4870285058378622,-0.8382842205939496,-0.5090791928416813,-0.06589759600423688,-0.966303193286565,-0.8024484737087255,-0.2544884306547635,-0.5090791928416813,-0.18935256184712382,-0.21303769768270914,-0.1401098514754074,-0.358145440323592,-0.8659042062818543
-0.23982421510681926,0.4870285058378622,1.7276430481413345,0.9252627963645961,-0.10586595939741889,1.034871877633807,-0.8024484737087255,-2.0219053307591675,0.9252627963645961,-0.18935256184712382,-0.21303769768270914,-0.1401098514754074,-0.358145440323592,0.5558682612033757
0.8566749494910012,0.4870285058378622,-0.8382842205939496,-0.713985191299721,-0.05257480820650953,-0.966303193286565,0.4350476606087318,-0.2544884306547635,-0.713985191299721,-0.18935256184712382,-0.21303769768270914,-0.1401098514754074,-0.358145440323592,1.2667544949459906
-0.7459007526135056,0.4870285058378622,-0.8382842205939496,-0.713985191299721,-0.06589759600423688,-0.966303193286565,-0.8024484737087255,-0.2544884306547635,-0.713985191299721,-0.18935256184712382,-0.21303769768270914,-0.1401098514754074,-0.358145440323592,-0.8659042062818543
-1.0832851109512964,0.4870285058378622,0.4446794137736925,-0.5090791928416813,-0.2124482617792376,-0.966303193286565,1.672543794926189,-0.2544884306547635,-0.5090791928416813,-0.18935256184712382,-0.21303769768270914,-0.1401098514754074,-0.358145440323592,0.5558682612033757
-1.251977290120192,0.4870285058378622,-0.8382842205939496,-0.5090791928416813,-0.06589759600423688,1.034871877633807,1.672543794926189,1.5129284694496405,-0.5090791928416813,-0.18935256184712382,-0.21303769768270914,-0.1401098514754074,2.792161751651698,-0.8659042062818543
-1.0832851109512964,0.4870285058378622,-0.8382842205939496,-0.713985191299721,-0.06589759600423688,1.034871877633807,1.672543794926189,1.5129284694496405,-0.713985191299721,-0.18935256184712382,-0.21303769768270914,-0.1401098514754074,-0.358145440323592,-0.8659042062818543
-1.1676312005357443,0.4870285058378622,-0.8382842205939496,-0.713985191299721,-0.06589759600423688,1.034871877633807,1.672543794926189,1.5129284694496405,-0.713985191299721,-0.18935256184712382,1.7533742503977268,-0.1401098514754074,2.792161751651698,0.5558682612033757
-0.5772085734446102,0.4870285058378622,-0.8382842205939496,-0.5090791928416813,-0.33235335195878357,1.034871877633807,-0.8024484737087255,-0.2544884306547635,-0.5090791928416813,-0.18935256184712382,-0.21303769768270914,-0.1401098514754074,-0.358145440323592,0.5558682612033757
-0.4085163942757147,0.4870285058378622,-0.8382842205939496,0.7203567979065565,-0.06589759600423688,-0.966303193286565,-0.8024484737087255,-0.2544884306547635,0.7203567979065565,2.103311910014095,-0.21303769768270914,-0.1401098514754074,-0.358145440323592,-0.8659042062818543
-0.15547812552237153,0.4870285058378622,0.4446794137736925,0.3105448009904772,-0.05257480820650953,1.034871877633807,-0.8024484737087255,-0.2544884306547635,0.3105448009904772,-0.18935256184712382,-0.21303769768270914,-0.1401098514754074,-0.358145440323592,-0.8659042062818543
-0.5772085734446102,0.4870285058378622,0.4446794137736925,1.539980791738715,-0.05257480820650953,-0.966303193286565,-0.8024484737087255,1.5129284694496405,1.539980791738715,-0.18935256184712382,-0.21303769768270914,-0.1401098514754074,-0.358145440323592,1.2667544949459906
-0.6615546630290579,0.4870285058378622,0.4446794137736925,0.5154507994485168,11.151889729682182,-0.966303193286565,-0.8024484737087255,1.5129284694496405,0.5154507994485168,-0.18935256184712382,-0.21303769768270914,-0.1401098514754074,-0.358145440323592,-0.8659042062818543
-1.1676312005357443,-2.053267905293714,1.7276430481413345,-0.713985191299721,-0.06589759600423688,1.034871877633807,1.672543794926189,1.5129284694496405,-0.713985191299721,-0.18935256184712382,-0.21303769768270914,-0.1401098514754074,-0.358145440323592,-0.8659042062818543
0.5192905911532103,0.4870285058378622,-0.8382842205939496,-0.713985191299721,-0.05257480820650953,-0.966303193286565,-0.8024484737087255,-0.2544884306547635,-0.713985191299721,-0.18935256184712382,-0.21303769768270914,-0.1401098514754074,-0.358145440323592,0.5558682612033757
1.7001358453354785,0.4870285058378622,0.4446794137736925,-0.713985191299721,-0.06589759600423688,-0.966303193286565,0.4350476606087318,-0.2544884306547635,-0.713985191299721,-0.18935256184712382,-0.21303769768270914,-0.1401098514754074,-0.358145440323592,0.5558682612033757
-1.0832851109512964,0.4870285058378622,0.4446794137736925,-0.0992671959256021,0.21388094774803723,1.034871877633807,1.672543794926189,-2.0219053307591675,-0.0992671959256021,-0.18935256184712382,-0.21303769768270914,-0.1401098514754074,2.792161751651698,-0.8659042062818543
1.7844819349199261,0.4870285058378622,-0.8382842205939496,0.10563880253243754,-0.7187141980928764,1.034871877633807,0.4350476606087318,-0.2544884306547635,0.10563880253243754,-0.18935256184712382,-0.21303769768270914,-0.1401098514754074,2.792161751651698,-0.8659042062818543
0.09756014323097166,-2.053267905293714,-0.8382842205939496,-0.5090791928416813,-0.06589759600423688,-0.966303193286565,-0.8024484737087255,-0.2544884306547635,-0.5090791928416813,-0.18935256184712382,-0.21303769768270914,-0.1401098514754074,-0.358145440323592,2.6885269624312205
0.013214053646523933,0.4870285058378622,0.4446794137736925,-0.713985191299721,-0.06589759600423688,-0.966303193286565,-0.8024484737087255,-0.2544884306547635,-0.713985191299721,-0.18935256184712382,-0.21303769768270914,-0.1401098514754074,-0.358145440323592,1.2667544949459906
-0.9989390213668488,0.4870285058378622,-0.8382842205939496,-0.713985191299721,-0.06589759600423688,-0.966303193286565,1.672543794926189,-0.2544884306547635,-0.713985191299721,-0.18935256184712382,-0.21303769768270914,-0.1401098514754074,-0.358145440323592,0.5558682612033757
-0.6615546630290579,0.4870285058378622,1.7276430481413345,0.7203567979065565,-0.05257480820650953,1.034871877633807,-0.8024484737087255,-2.0219053307591675,0.7203567979065565,-0.18935256184712382,-0.21303769768270914,-0.1401098514754074,-0.358145440323592,-0.8659042062818543
1.1097132182443443,0.4870285058378622,0.4446794137736925,-0.713985191299721,-0.13251153499287355,1.034871877633807,0.4350476606087318,-0.2544884306547635,-0.713985191299721,-0.18935256184712382,-0.21303769768270914,-0.1401098514754074,-0.358145440323592,0.5558682612033757
0.2662523223998671,0.4870285058378622,-0.8382842205939496,-0.713985191299721,-0.05257480820650953,-0.966303193286565,-0.8024484737087255,-0.2544884306547635,-0.713985191299721,-0.18935256184712382,-0.21303769768270914,-0.1401098514754074,-0.358145440323592,0.5558682612033757
-0.7459007526135056,0.4870285058378622,-0.8382842205939496,1.1301687948226358,-0.05257480820650953,1.034871877633807,-0.8024484737087255,-0.2544884306547635,1.1301687948226358,-0.18935256184712382,-0.21303769768270914,-0.1401098514754074,2.792161751651698,0.5558682612033757
-0.4928624838601624,-2.053267905293714,0.4446794137736925,-0.713985191299721,-0.09254317159969154,-0.966303193286565,-0.8024484737087255,-0.2544884306547635,-0.713985191299721,-0.18935256184712382,-0.21303769768270914,-0.1401098514754074,-0.358145440323592,0.5558682612033757
-0.7459007526135056,0.4870285058378622,-0.8382842205939496,-0.30417319438364177,-0.05257480820650953,-0.966303193286565,-0.8024484737087255,1.5129284694496405,-0.30417319438364177,-0.18935256184712382,-0.21303769768270914,-0.1401098514754074,-0.358145440323592,0.5558682612033757
-0.4085163942757147,0.4870285058378622,-0.8382842205939496,-0.713985191299721,-0.1458343227906009,-0.966303193286565,-0.8024484737087255,-0.2544884306547635,-0.713985191299721,-0.18935256184712382,-0.21303769768270914,-0.1401098514754074,-0.358145440323592,0.5558682612033757
1.2784053974132399,0.4870285058378622,-0.8382842205939496,-0.713985191299721,-0.05257480820650953,-0.966303193286565,0.4350476606087318,-0.2544884306547635,-0.713985191299721,-0.18935256184712382,-0.21303769768270914,-0.1401098514754074,-0.358145440323592,1.2667544949459906
0.09756014323097166,0.4870285058378622,-0.8382842205939496,-0.713985191299721,-0.06589759600423688,1.034871877633807,-0.8024484737087255,1.5129284694496405,-0.713985191299721,-0.18935256184712382,-0.21303769768270914,-0.1401098514754074,-0.358145440323592,0.5558682612033757
1.4470975765821352,0.4870285058378622,-0.8382842205939496,-0.30417319438364177,-0.06589759600423688,-0.966303193286565,0.4350476606087318,-0.2544884306547635,-0.30417319438364177,-0.18935256184712382,-0.21303769768270914,-0.1401098514754074,-0.358145440323592,-0.8659042062818543
-1.0832851109512964,0.4870285058378622,-0.8382842205939496,-0.5090791928416813,-0.3057077763633289,1.034871877633807,1.672543794926189,-0.2544884306547635,-0.5090791928416813,-0.18935256184712382,-0.21303769768270914,-0.1401098514754074,-0.358145440323592,1.2667544949459906
-0.9145929317824011,-2.053267905293714,-0.8382842205939496,-0.713985191299721,-0.06589759600423688,-0.966303193286565,1.672543794926189,-0.2544884306547635,-0.713985191299721,-0.18935256184712382,-0.21303769768270914,-0.1401098514754074,-0.358145440323592,-0.8659042062818543
-1.0832851109512964,0.4870285058378622,0.4446794137736925,0.10563880253243754,-0.2124482617792376,-0.966303193286565,1.672543794926189,1.5129284694496405,0.10563880253243754,-0.18935256184712382,-0.21303769768270914,-0.1401098514754074,-0.358145440323592,-0.8659042062818543
1.0253671286598967,-2.053267905293714,0.4446794137736925,0.10563880253243754,-0.06589759600423688,-0.966303193286565,0.4350476606087318,1.5129284694496405,0.10563880253243754,-0.18935256184712382,-0.21303769768270914,-0.1401098514754074,-0.358145440323592,-0.8659042062818543
0.8566749494910012,0.4870285058378622,-0.8382842205939496,-0.5090791928416813,-0.00854614825704895,-0.966303193286565,0.4350476606087318,-0.2544884306547635,-0.5090791928416813,-0.18935256184712382,-0.21303769768270914,-0.1401098514754074,-0.358145440323592,0.5558682612033757
-0.15547812552237153,-2.053267905293714,-0.8382842205939496,-0.30417319438364177,-0.9052332272610591,-0.966303193286565,-0.8024484737087255,-0.2544884306547635,-0.30417319438364177,-0.18935256184712382,-0.21303769768270914,-0.1401098514754074,-0.358145440323592,1.2667544949459906
-0.8302468421979533,0.4870285058378622,1.7276430481413345,1.9497927886547946,-0.15915711058832824,1.034871877633807,-0.8024484737087255,-2.0219053307591675,1.9497927886547946,-0.18935256184712382,-0.21303769768270914,7.967794333044156,-0.358145440323592,-0.8659042062818543
-0.8302468421979533,0.4870285058378622,-0.8382842205939496,-0.5090791928416813,-0.06589759600423688,-0.966303193286565,-0.8024484737087255,-0.2544884306547635,-0.5090791928416813,-0.18935256184712382,1.7533742503977268,-0.1401098514754074,-0.358145440323592,1.2667544949459906
0.9410210390754489,0.4870285058378622,0.4446794137736925,-0.30417319438364177,-0.05257480820650953,1.034871877633807,0.4350476606087318,-0.2544884306547635,-0.30417319438364177,-0.18935256184712382,-0.21303769768270914,-0.1401098514754074,-0.358145440323592,-0.8659042062818543
-1.1676312005357443,0.4870285058378622,1.7276430481413345,-0.5090791928416813,-0.05257480820650953,1.034871877633807,1.672543794926189,-2.0219053307591675,-0.5090791928416813,-0.18935256184712382,-0.21303769768270914,-0.1401098514754074,-0.358145440323592,-0.8659042062818543
-0.6615546630290579,0.4870285058378622,-0.8382842205939496,-0.713985191299721,-0.05257480820650953,1.034871877633807,-0.8024484737087255,-0.2544884306547635,-0.713985191299721,-0.18935256184712382,-0.21303769768270914,-0.1401098514754074,-0.358145440323592,0.5558682612033757
1.8688280245043738,0.4870285058378622,-0.8382842205939496,-0.713985191299721,-0.06589759600423688,-0.966303193286565,0.4350476606087318,-0.2544884306547635,-0.713985191299721,-0.18935256184712382,-0.21303769768270914,-0.1401098514754074,-0.358145440323592,-0.8659042062818543
0.8566749494910012,-2.053267905293714,-0.8382842205939496,0.7203567979065565,-0.06589759600423688,1.034871877633807,0.4350476606087318,-0.2544884306547635,0.7203567979065565,2.103311910014095,-0.21303769768270914,-0.1401098514754074,-0.358145440323592,0.5558682612033757
0.09756014323097166,0.4870285058378622,1.7276430481413345,1.3350747932806755,-0.06589759600423688,1.034871877633807,-0.8024484737087255,1.5129284694496405,1.3350747932806755,-0.18935256184712382,-0.21303769768270914,-0.1401098514754074,-0.358145440323592,-0.8659042062818543
-1.0832851109512964,0.4870285058378622,0.4446794137736925,-0.5090791928416813,-0.06589759600423688,-0.966303193286565,1.672543794926189,1.5129284694496405,-0.5090791928416813,-0.18935256184712382,1.7533742503977268,-0.1401098514754074,-0.358145440323592,0.5558682612033757
-0.7459007526135056,0.4870285058378622,0.4446794137736925,-0.0992671959256021,-0.06589759600423688,1.034871877633807,-0.8024484737087255,-0.2544884306547635,-0.0992671959256021,-0.18935256184712382,-0.21303769768270914,-0.1401098514754074,-0.358145440323592,0.5558682612033757
0.603636680737658,0.4870285058378622,-0.8382842205939496,-0.713985191299721,-0.06589759600423688,-0.966303193286565,-0.8024484737087255,-0.2544884306547635,-0.713985191299721,-0.18935256184712382,-0.21303769768270914,-0.1401098514754074,-0.358145440323592,0.5558682612033757
-1.1676312005357443,0.4870285058378622,0.4446794137736925,-0.5090791928416813,-0.06589759600423688,1.034871877633807,1.672543794926189,1.5129284694496405,-0.5090791928416813,-0.18935256184712382,-0.21303769768270914,-0.1401098514754074,-0.358145440323592,0.5558682612033757
1.9531741140888217,0.4870285058378622,-0.8382842205939496,-0.5090791928416813,-0.06589759600423688,-0.966303193286565,0.4350476606087318,-0.2544884306547635,-0.5090791928416813,-0.18935256184712382,-0.21303769768270914,-0.1401098514754074,-0.358145440323592,-0.8659042062818543
2.037520203673269,-2.053267905293714,-0.8382842205939496,-0.713985191299721,-0.07922038380196421,-0.966303193286565,0.4350476606087318,-0.2544884306547635,-0.713985191299721,-0.18935256184712382,-0.21303769768270914,-0.1401098514754074,-0.358145440323592,0.5558682612033757
-0.9145929317824011,0.4870285058378622,-0.8382842205939496,-0.713985191299721,-0.05257480820650953,-0.966303193286565,1.672543794926189,-0.2544884306547635,-0.713985191299721,-0.18935256184712382,-0.21303769768270914,-0.1401098514754074,-0.358145440323592,-0.8659042062818543
0.603636680737658,-2.053267905293714,-0.8382842205939496,-0.713985191299721,-0.06589759600423688,1.034871877633807,-0.8024484737087255,-0.2544884306547635,-0.713985191299721,-0.18935256184712382,-0.21303769768270914,-0.1401098514754074,-0.358145440323592,0.5558682612033757
-0.6615546630290579,0.4870285058378622,1.7276430481413345,-0.30417319438364177,-0.06589759600423688,1.034871877633807,-0.8024484737087255,-2.0219053307591675,-0.30417319438364177,-0.18935256184712382,-0.21303769768270914,-0.1401098514754074,-0.358145440323592,-0.8659042062818543
0.7723288599065534,0.4870285058378622,-0.8382842205939496,-0.713985191299721,-0.06589759600423688,1.034871877633807,-0.8024484737087255,-0.2544884306547635,-0.713985191299721,-0.18935256184712382,-0.21303769768270914,-0.1401098514754074,2.792161751651698,0.5558682612033757
1.1097132182443443,0.4870285058378622,-0.8382842205939496,0.3105448009904772,-0.06589759600423688,1.034871877633807,0.4350476606087318,-0.2544884306547635,0.3105448009904772,-0.18935256184712382,-0.21303769768270914,-0.1401098514754074,-0.358145440323592,-0.8659042062818543
-0.9145929317824011,0.4870285058378622,-0.8382842205939496,-0.713985191299721,-0.05257480820650953,-0.966303193286565,1.672543794926189,-0.2544884306547635,-0.713985191299721,-0.18935256184712382,-0.21303769768270914,-0.1401098514754074,-0.358145440323592,0.5558682612033757
0.18190623281541937,0.4870285058378622,0.4446794137736925,0.10563880253243754,-0.00854614825704895,-0.966303193286565,-0.8024484737087255,-0.2544884306547635,0.10563880253243754,-0.18935256184712382,-0.21303769768270914,-0.1401098514754074,-0.358145440323592,1.2667544949459906
1.531443666166583,0.4870285058378622,0.4446794137736925,4.61357076860931,-0.00854614825704895,1.034871877633807,0.4350476606087318,-0.2544884306547635,4.61357076860931,-0.18935256184712382,-0.21303769768270914,-0.1401098514754074,-0.358145440323592,-0.8659042062818543
1.1097132182443443,0.4870285058378622,1.7276430481413345,0.3105448009904772,-0.06589759600423688,1.034871877633807,0.4350476606087318,-0.2544884306547635,0.3105448009904772,-0.18935256184712382,-0.21303769768270914,-0.1401098514754074,-0.358145440323592,-0.8659042062818543
-0.8302468421979533,-2.053267905293714,-0.8382842205939496,-0.713985191299721,-0.05257480820650953,-0.966303193286565,-0.8024484737087255,-0.2544884306547635,-0.713985191299721,-0.18935256184712382,-0.21303769768270914,-0.1401098514754074,-0.358145440323592,1.2667544949459906
-0.32417030469126695,0.4870285058378622,0.4446794137736925,-0.713985191299721,-0.05257480820650953,1.034871877633807,-0.8024484737087255,-0.2544884306547635,-0.713985191299721,-0.18935256184712382,-0.21303769768270914,-0.1401098514754074,-0.358145440323592,0.5558682612033757
-0.6615546630290579,0.4870285058378622,0.4446794137736925,-0.5090791928416813,-0.06589759600423688,-0.966303193286565,-0.8024484737087255,-0.2544884306547635,-0.5090791928416813,-0.18935256184712382,-0.21303769768270914,-0.1401098514754074,-0.358145440323592,-0.8659042062818543
-0.9989390213668488,0.4870285058378622,-0.8382842205939496,-0.30417319438364177,-0.06589759600423688,1.034871877633807,1.672543794926189,-0.2544884306547635,-0.30417319438364177,-0.18935256184712382,-0.21303769768270914,-0.1401098514754074,-0.358145440323592,-0.8659042062818543
-0.15547812552237153,0.4870285058378622,0.4446794137736925,3.5890407763191114,-0.13251153499287355,1.034871877633807,-0.8024484737087255,1.5129284694496405,3.5890407763191114,-0.18935256184712382,-0.21303769768270914,-0.1401098514754074,-0.358145440323592,-0.8659042062818543
-1.1676312005357443,-2.053267905293714,0.4446794137736925,-0.713985191299721,-0.10586595939741889,-0.966303193286565,1.672543794926189,1.5129284694496405,-0.713985191299721,-0.18935256184712382,-0.21303769768270914,-0.1401098514754074,-0.358145440323592,-0.8659042062818543
-0.32417030469126695,0.4870285058378622,-0.8382842205939496,-0.713985191299721,-0.05257480820650953,-0.966303193286565,-0.8024484737087255,-0.2544884306547635,-0.713985191299721,-0.18935256184712382,-0.21303769768270914,-0.1401098514754074,-0.358145440323592,-0.8659042062818543
0.4349445015687626,-2.053267905293714,-0.8382842205939496,-0.713985191299721,-0.05257480820650953,-0.966303193286565,-0.8024484737087255,-0.2544884306547635,-0.713985191299721,-0.18935256184712382,-0.21303769768270914,-0.1401098514754074,-0.358145440323592,0.5558682612033757
-0.9145929317824011,0.4870285058378622,1.7276430481413345,2.1546987871128342,-0.06589759600423688,1.034871877633807,1.672543794926189,-2.0219053307591675,2.1546987871128342,8.981305325597752,-0.21303769768270914,-0.1401098514754074,2.792161751651698,-0.8659042062818543
-0.9989390213668488,0.4870285058378622,1.7276430481413345,-0.0992671959256021,-0.06589759600423688,1.034871877633807,1.672543794926189,-2.0219053307591675,-0.0992671959256021,-0.18935256184712382,-0.21303769768270914,-0.1401098514754074,-0.358145440323592,-0.8659042062818543
0.5192905911532103,0.4870285058378622,0.4446794137736925,1.7448867901967549,-0.05257480820650953,1.034871877633807,-0.8024484737087255,-0.2544884306547635,1.7448867901967549,-0.18935256184712382,5.686198146558598,-0.1401098514754074,2.792161751651698,-0.8659042062818543
0.603636680737658,-2.053267905293714,1.7276430481413345,0.10563880253243754,-0.1858026861837829,1.034871877633807,-0.8024484737087255,-0.2544884306547635,0.10563880253243754,-0.18935256184712382,-0.21303769768270914,-0.1401098514754074,-0.358145440323592,0.5558682612033757
0.5192905911532103,0.4870285058378622,-0.8382842205939496,0.9252627963645961,-0.05257480820650953,1.034871877633807,-0.8024484737087255,-0.2544884306547635,0.9252627963645961,-0.18935256184712382,-0.21303769768270914,-0.1401098514754074,-0.358145440323592,-0.8659042062818543
-0.4928624838601624,0.4870285058378622,-0.8382842205939496,-0.30417319438364177,-0.3989672909474203,-0.966303193286565,-0.8024484737087255,-0.2544884306547635,-0.30417319438364177,-0.18935256184712382,-0.21303769768270914,-0.1401098514754074,-0.358145440323592,1.2667544949459906
-1.1676312005357443,-2.053267905293714,0.4446794137736925,-0.713985191299721,-0.06589759600423688,-0.966303193286565,1.672543794926189,1.5129284694496405,-0.713985191299721,-0.18935256184712382,-0.21303769768270914,-0.1401098514754074,-0.358145440323592,0.5558682612033757
0.603636680737658,0.4870285058378622,0.4446794137736925,2.769416782486953,-0.06589759600423688,1.034871877633807,-0.8024484737087255,-0.2544884306547635,2.769416782486953,-0.18935256184712382,-0.21303769768270914,-0.1401098514754074,-0.358145440323592,-0.8659042062818543
-0.07113203593792379,0.4870285058378622,0.4446794137736925,0.3105448009904772,-0.06589759600423688,1.034871877633807,-0.8024484737087255,1.5129284694496405,0.3105448009904772,-0.18935256184712382,1.7533742503977268,-0.1401098514754074,-0.358145440323592,0.5558682612033757
-1.1676312005357443,-2.053267905293714,0.4446794137736925,-0.713985191299721,-0.06589759600423688,1.034871877633807,1.672543794926189,1.5129284694496405,-0.713985191299721,-0.18935256184712382,-0.21303769768270914,-0.1401098514754074,-0.358145440323592,1.2667544949459906
