0,1,2,3,4,5,6,7,8,9,10,11,12,13,14,15,16,17,18,19,20,21,22,23,24,25
-0.14998295745037957,-0.11020775375559674,-0.8969363146059627,-0.47010766958349126,1.0443719009268386,-0.32774946540135635,-0.5496210815947049,-0.7004715485718485,-0.3388616263074406,-0.6267038057704221,-0.738667542842371,-0.11020775375559674,1.8092828063916029,-0.09529814069846938,0.9530429398036458,-1.4919136877222166,-0.9275465787730462,-0.6236095644623236,0.1469491804436178,0.19601428307463414,1.4184668458483913,-1.1459781115829426,-0.22941573387056183,-0.1966090085915255,-0.42665336858709313,-0.3956699544983684
-0.14998295745037957,-0.11020775375559674,-0.8969363146059627,-0.47010766958349126,-1.0464627355633287,3.051111002653864,1.8194353045893679,-0.6037085081388105,-0.3388616263074406,-0.6267038057704221,-0.2408572253028645,-0.11020775375559674,-0.5527051915086619,-0.09529814069846938,0.9530429398036458,-1.4919136877222166,-1.0154990326677027,-0.6236095644623236,-1.3837714491773996,0.19601428307463414,-0.7049865162000988,-0.3179592448322615,-0.22941573387056183,0.8381752471533456,-0.42665336858709313,-0.3956699544983684
-0.14998295745037957,-0.11020775375559674,0.5856030483790996,-0.47010766958349126,-1.0464627355633287,3.051111002653864,-0.5496210815947049,0.31678092777547323,-0.3388616263074406,-0.6267038057704221,-0.2408572253028645,-0.11020775375559674,-0.5527051915086619,-0.09529814069846938,-0.8553876860097238,0.6702800625998365,0.03993041406817406,-0.6236095644623236,0.1469491804436178,0.19601428307463414,1.4184668458483913,-0.3179592448322615,-0.22941573387056183,-0.1966090085915255,-0.42665336858709313,-2.7231402750770073
-0.14998295745037957,-0.11020775375559674,0.5856030483790996,-0.47010766958349126,1.0443719009268386,-0.32774946540135635,-0.5496210815947049,-0.46228560289052434,-0.3388616263074406,-0.6267038057704221,0.2569530922366421,-0.11020775375559674,-0.5527051915086619,-0.09529814069846938,0.9530429398036458,-1.4919136877222166,-1.3673088482463283,1.6035674514745464,0.1469491804436178,0.19601428307463414,1.4184668458483913,1.3380784886691008,-0.22941573387056183,-0.1966090085915255,-0.42665336858709313,-0.3956699544983684
-0.14998295745037957,-0.11020775375559674,0.5856030483790996,-0.47010766958349126,-1.0464627355633287,-0.32774946540135635,1.8194353045893679,1.4024409748318656,-0.3388616263074406,-0.6267038057704221,-0.8216359290989554,-0.11020775375559674,1.8092828063916029,-0.09529814069846938,-0.8553876860097238,0.6702800625998365,0.3037877757521432,-0.6236095644623236,-1.3837714491773996,0.19601428307463414,-0.7049865162000988,-0.3179592448322615,-0.22941573387056183,-0.1966090085915255,-0.42665336858709313,0.7680652057909509
-0.14998295745037957,-0.11020775375559674,0.5856030483790996,-0.47010766958349126,-1.0464627355633287,-0.32774946540135635,-0.5496210815947049,-0.8745032440026969,-0.3388616263074406,-0.6267038057704221,-0.738667542842371,-0.11020775375559674,-0.5527051915086619,-0.09529814069846938,-0.8553876860097238,0.6702800625998365,0.21583532185748686,1.6035674514745464,0.1469491804436178,0.19601428307463414,1.4184668458483913,1.3380784886691008,-0.22941573387056183,-0.1966090085915255,-0.42665336858709313,-0.3956699544983684
-0.14998295745037957,-0.11020775375559674,0.5856030483790996,-0.47010766958349126,1.0443719009268386,3.051111002653864,1.8194353045893679,-0.2723039557399444,-0.3388616263074406,-0.6267038057704221,0.7547634097761486,-0.11020775375559674,-0.5527051915086619,-0.09529814069846938,-0.8553876860097238,0.6702800625998365,0.479692683541456,-0.6236095644623236,0.1469491804436178,0.19601428307463414,-0.7049865162000988,1.3380784886691008,-0.22941573387056183,0.8381752471533456,-0.42665336858709313,1.9318003660802703
-0.14998295745037957,-0.11020775375559674,0.5856030483790996,-0.47010766958349126,-0.0010454173182450838,-0.32774946540135635,-0.5496210815947049,2.25345950992243,2.951057075706546,-0.6267038057704221,1.2525737273156552,-0.11020775375559674,-0.5527051915086619,-0.09529814069846938,-0.8553876860097238,0.6702800625998365,-1.0154990326677027,-0.6236095644623236,0.1469491804436178,0.19601428307463414,1.4184668458483913,0.5100596219184197,-0.22941573387056183,-0.1966090085915255,-0.42665336858709313,0.7680652057909509
-0.14998295745037957,-0.11020775375559674,0.5856030483790996,2.1271722728667366,-0.0010454173182450838,-0.32774946540135635,1.8194353045893679,-1.0077739517053426,-0.3388616263074406,-0.6267038057704221,-1.2364778603818776,-0.11020775375559674,-0.5527051915086619,-0.09529814069846938,0.9530429398036458,-1.4919136877222166,1.1833123146987072,-0.6236095644623236,0.1469491804436178,0.19601428307463414,-0.7049865162000988,1.3380784886691008,-0.22941573387056183,-0.1966090085915255,-0.42665336858709313,-0.3956699544983684
-0.14998295745037957,-0.11020775375559674,-0.8969363146059627,-0.47010766958349126,-1.0464627355633287,-0.32774946540135635,-0.5496210815947049,-0.7213837074932742,-0.3388616263074406,1.5956501154012874,-0.9875727016121243,9.073771725877465,-0.5527051915086619,-0.09529814069846938,0.9530429398036458,-1.4919136877222166,-1.103451486562359,-0.6236095644623236,0.1469491804436178,0.19601428307463414,-0.7049865162000988,-1.1459781115829426,-0.22941573387056183,-0.1966090085915255,-0.42665336858709313,-0.3956699544983684
-0.14998295745037957,-0.11020775375559674,0.5856030483790996,-0.47010766958349126,-1.0464627355633287,-0.32774946540135635,-0.5496210815947049,-0.7256370279518692,-0.3388616263074406,1.5956501154012874,-0.9875727016121243,-0.11020775375559674,1.8092828063916029,-0.09529814069846938,-0.8553876860097238,0.6702800625998365,-0.4877843092997643,-0.6236095644623236,0.1469491804436178,0.19601428307463414,-0.7049865162000988,-0.3179592448322615,-0.22941573387056183,-0.1966090085915255,-0.42665336858709313,0.7680652057909509
-0.14998295745037957,-0.11020775375559674,0.5856030483790996,2.1271722728667366,-0.0010454173182450838,-0.32774946540135635,1.8194353045893679,-0.540263144631434,-0.3388616263074406,-0.6267038057704221,0.2569530922366421,-0.11020775375559674,-0.5527051915086619,-0.09529814069846938,-0.8553876860097238,0.6702800625998365,-1.0154990326677027,-0.6236095644623236,-1.3837714491773996,-5.101669043266824,-0.7049865162000988,-1.1459781115829426,-0.22941573387056183,-0.1966090085915255,-0.42665336858709313,-0.3956699544983684
-0.14998295745037957,-0.11020775375559674,-0.8969363146059627,-0.47010766958349126,-1.0464627355633287,-0.32774946540135635,-0.5496210815947049,-0.5934296503638724,-0.3388616263074406,-0.6267038057704221,-0.9046043153555399,-0.11020775375559674,1.8092828063916029,-0.09529814069846938,-0.8553876860097238,0.6702800625998365,0.3917402296467996,-0.6236095644623236,-1.3837714491773996,-5.101669043266824,-0.7049865162000988,-0.3179592448322615,-0.22941573387056183,1.8729595028982167,2.3438230508096156,-0.3956699544983684
-0.14998295745037957,-0.11020775375559674,0.5856030483790996,-0.47010766958349126,-0.0010454173182450838,-0.32774946540135635,1.8194353045893679,-0.6699894186185837,-0.3388616263074406,-0.6267038057704221,0.2569530922366421,-0.11020775375559674,1.8092828063916029,-0.09529814069846938,0.9530429398036458,-1.4919136877222166,-0.048022039826482336,-0.6236095644623236,0.1469491804436178,0.19601428307463414,-0.7049865162000988,-0.3179592448322615,-0.22941573387056183,-1.2313932643363965,-0.42665336858709313,-0.3956699544983684
-0.14998295745037957,-0.11020775375559674,0.5856030483790996,-0.47010766958349126,-0.0010454173182450838,-0.32774946540135635,-0.5496210815947049,-0.36233257211354014,-0.3388616263074406,-0.6267038057704221,-0.2408572253028645,-0.11020775375559674,1.8092828063916029,-0.09529814069846938,-0.8553876860097238,0.6702800625998365,-0.4877843092997643,-0.6236095644623236,1.677669810064635,0.19601428307463414,1.4184668458483913,0.5100596219184197,-0.22941573387056183,0.8381752471533456,-0.42665336858709313,-0.3956699544983684
-0.14998295745037957,-0.11020775375559674,-0.8969363146059627,-0.47010766958349126,-0.0010454173182450838,-0.32774946540135635,-0.5496210815947049,-0.407346880300338,-0.3388616263074406,1.5956501154012874,-0.738667542842371,-0.11020775375559674,1.8092828063916029,-0.09529814069846938,-0.8553876860097238,0.6702800625998365,0.3037877757521432,-0.6236095644623236,-1.3837714491773996,-5.101669043266824,-0.7049865162000988,-0.3179592448322615,-0.22941573387056183,-0.1966090085915255,-0.42665336858709313,0.7680652057909509
-0.14998295745037957,-0.11020775375559674,0.5856030483790996,-0.47010766958349126,-0.0010454173182450838,-0.32774946540135635,1.8194353045893679,1.7572387897530046,2.951057075706546,-0.6267038057704221,1.2525737273156552,-0.11020775375559674,-0.5527051915086619,-0.09529814069846938,-0.8553876860097238,0.6702800625998365,-0.8395941248783899,-0.6236095644623236,0.1469491804436178,0.19601428307463414,-0.7049865162000988,-0.3179592448322615,-0.22941573387056183,-0.1966090085915255,-0.42665336858709313,-0.3956699544983684
-0.14998295745037957,-0.11020775375559674,0.5856030483790996,-0.47010766958349126,-1.0464627355633287,-0.32774946540135635,-0.5496210815947049,4.388626380137157,-0.3388616263074406,-0.6267038057704221,3.2438149974736814,-0.11020775375559674,-0.5527051915086619,-0.09529814069846938,-0.8553876860097238,0.6702800625998365,-1.279356394351672,1.6035674514745464,0.1469491804436178,0.19601428307463414,1.4184668458483913,0.5100596219184197,-0.22941573387056183,-0.1966090085915255,-0.42665336858709313,1.9318003660802703
-0.14998295745037957,-0.11020775375559674,-2.379475677591025,-0.47010766958349126,-0.0010454173182450838,-0.32774946540135635,-0.5496210815947049,2.4902276821175557,2.951057075706546,-0.6267038057704221,2.2481943623946683,-0.11020775375559674,-0.5527051915086619,-0.09529814069846938,-0.8553876860097238,0.6702800625998365,0.3037877757521432,-0.6236095644623236,0.1469491804436178,0.19601428307463414,-0.7049865162000988,0.5100596219184197,-0.22941573387056183,-0.1966090085915255,2.3438230508096156,-0.3956699544983684
-0.14998295745037957,-0.11020775375559674,0.5856030483790996,2.1271722728667366,-0.0010454173182450838,-0.32774946540135635,1.8194353045893679,-0.32724267833013077,-0.3388616263074406,-0.6267038057704221,1.2525737273156552,-0.11020775375559674,-0.5527051915086619,-0.09529814069846938,1.8572582527103307,0.6702800625998365,0.919454953014738,-0.6236095644623236,0.1469491804436178,0.19601428307463414,-0.7049865162000988,-0.3179592448322615,-0.22941573387056183,-0.1966090085915255,-0.42665336858709313,0.7680652057909509
-0.14998295745037957,-0.11020775375559674,0.5856030483790996,-0.47010766958349126,1.0443719009268386,-0.32774946540135635,-0.5496210815947049,0.896295840259052,2.951057075706546,-0.6267038057704221,1.2525737273156552,-0.11020775375559674,-0.5527051915086619,-0.09529814069846938,-0.8553876860097238,0.6702800625998365,-0.13597449372113873,-0.6236095644623236,0.1469491804436178,0.19601428307463414,1.4184668458483913,-0.3179592448322615,-0.22941573387056183,-0.1966090085915255,-0.42665336858709313,0.7680652057909509
-0.14998295745037957,-0.11020775375559674,0.5856030483790996,-0.47010766958349126,-1.0464627355633287,-0.32774946540135635,-0.5496210815947049,-0.20814970548946873,-0.3388616263074406,1.5956501154012874,0.2569530922366421,-0.11020775375559674,-0.5527051915086619,-0.09529814069846938,-0.8553876860097238,0.6702800625998365,-0.048022039826482336,1.6035674514745464,-1.3837714491773996,0.19601428307463414,-0.7049865162000988,-0.3179592448322615,-0.22941573387056183,-0.1966090085915255,-0.42665336858709313,0.7680652057909509
-0.14998295745037957,-0.11020775375559674,-2.379475677591025,-0.47010766958349126,1.0443719009268386,-0.32774946540135635,-0.5496210815947049,0.6584643379492774,2.951057075706546,-0.6267038057704221,-0.9875727016121243,-0.11020775375559674,-0.5527051915086619,-0.09529814069846938,0.9530429398036458,-1.4919136877222166,3.382123662065117,-0.6236095644623236,1.677669810064635,0.19601428307463414,-0.7049865162000988,1.3380784886691008,-0.22941573387056183,-0.1966090085915255,2.3438230508096156,-1.5594051147876877
-0.14998295745037957,-0.11020775375559674,0.5856030483790996,-0.47010766958349126,1.0443719009268386,-0.32774946540135635,-0.5496210815947049,-0.8025512395781302,-0.3388616263074406,1.5956501154012874,-0.738667542842371,-0.11020775375559674,1.8092828063916029,-0.09529814069846938,1.8572582527103307,0.6702800625998365,-1.1914039404570154,-0.6236095644623236,0.1469491804436178,0.19601428307463414,-0.7049865162000988,-0.3179592448322615,-0.22941573387056183,2.9077437586430874,-0.42665336858709313,-0.3956699544983684
-0.14998295745037957,-0.11020775375559674,0.5856030483790996,-0.47010766958349126,1.0443719009268386,-0.32774946540135635,1.8194353045893679,-1.0290405539983178,-0.3388616263074406,-0.6267038057704221,-1.2364778603818776,-0.11020775375559674,-0.5527051915086619,-0.09529814069846938,-0.8553876860097238,0.6702800625998365,0.21583532185748686,1.6035674514745464,0.1469491804436178,0.19601428307463414,-0.7049865162000988,1.3380784886691008,-0.22941573387056183,-1.2313932643363965,-0.42665336858709313,-0.3956699544983684
-0.14998295745037957,-0.11020775375559674,-0.8969363146059627,-0.47010766958349126,1.0443719009268386,3.051111002653864,-0.5496210815947049,1.309931254857423,-0.3388616263074406,-0.6267038057704221,0.2569530922366421,-0.11020775375559674,-0.5527051915086619,-0.09529814069846938,-0.8553876860097238,0.6702800625998365,0.03993041406817406,-0.6236095644623236,1.677669810064635,0.19601428307463414,1.4184668458483913,0.5100596219184197,-0.22941573387056183,0.8381752471533456,-0.42665336858709313,1.9318003660802703
-0.14998295745037957,-0.11020775375559674,0.5856030483790996,-0.47010766958349126,1.0443719009268386,-0.32774946540135635,-0.5496210815947049,0.2547533377542951,-0.3388616263074406,-0.6267038057704221,1.2525737273156552,9.073771725877465,-0.5527051915086619,-0.09529814069846938,0.9530429398036458,-1.4919136877222166,-0.5757367631944207,-0.6236095644623236,-2.9144920787984168,0.19601428307463414,-0.7049865162000988,-1.1459781115829426,-0.22941573387056183,-1.2313932643363965,2.3438230508096156,-1.5594051147876877
-0.14998295745037957,-0.11020775375559674,-0.8969363146059627,2.1271722728667366,1.0443719009268386,-0.32774946540135635,-0.5496210815947049,-0.09012006276345544,-0.3388616263074406,1.5956501154012874,-0.738667542842371,-0.11020775375559674,-0.5527051915086619,-0.09529814069846938,0.9530429398036458,-1.4919136877222166,-0.13597449372113873,-0.6236095644623236,1.677669810064635,0.19601428307463414,-0.7049865162000988,-1.1459781115829426,-0.22941573387056183,-0.1966090085915255,-0.42665336858709313,-0.3956699544983684
-0.14998295745037957,-0.11020775375559674,0.5856030483790996,-0.47010766958349126,-0.0010454173182450838,-0.32774946540135635,1.8194353045893679,-1.0006850842743507,-0.3388616263074406,-0.6267038057704221,-1.2364778603818776,-0.11020775375559674,-0.5527051915086619,-0.09529814069846938,0.9530429398036458,-1.4919136877222166,-1.103451486562359,-0.6236095644623236,0.1469491804436178,0.19601428307463414,-0.7049865162000988,-1.1459781115829426,4.358898943540674,-0.1966090085915255,-0.42665336858709313,-0.3956699544983684
-0.14998295745037957,-0.11020775375559674,0.5856030483790996,-0.47010766958349126,2.0897892191719225,3.051111002653864,1.8194353045893679,1.0696186489468011,-0.3388616263074406,-0.6267038057704221,1.7503840448551617,-0.11020775375559674,-0.5527051915086619,-0.09529814069846938,0.048827626896961025,0.6702800625998365,-0.22392694761579512,-0.6236095644623236,0.1469491804436178,0.19601428307463414,-0.7049865162000988,-1.1459781115829426,-0.22941573387056183,-0.1966090085915255,-0.42665336858709313,-2.7231402750770073
-0.14998295745037957,-0.11020775375559674,0.5856030483790996,-0.47010766958349126,-0.0010454173182450838,-0.32774946540135635,1.8194353045893679,-0.7915634950600929,-0.3388616263074406,-0.6267038057704221,-0.9046043153555399,-0.11020775375559674,1.8092828063916029,-0.09529814069846938,-0.8553876860097238,0.6702800625998365,1.1833123146987072,-0.6236095644623236,0.1469491804436178,0.19601428307463414,-0.7049865162000988,0.5100596219184197,-0.22941573387056183,-0.1966090085915255,-0.42665336858709313,0.7680652057909509
-0.14998295745037957,-0.11020775375559674,0.5856030483790996,-0.47010766958349126,-1.0464627355633287,3.051111002653864,-0.5496210815947049,1.9057505624322826,-0.3388616263074406,-0.6267038057704221,0.2569530922366421,-0.11020775375559674,-0.5527051915086619,-0.09529814069846938,-0.8553876860097238,0.6702800625998365,-0.7516416709837335,-0.6236095644623236,0.1469491804436178,0.19601428307463414,1.4184668458483913,-1.1459781115829426,-0.22941573387056183,-0.1966090085915255,-0.42665336858709313,1.9318003660802703
-0.14998295745037957,-0.11020775375559674,0.5856030483790996,2.1271722728667366,-0.0010454173182450838,-0.32774946540135635,1.8194353045893679,0.1129759891344593,-0.3388616263074406,-0.6267038057704221,-0.738667542842371,-0.11020775375559674,-0.5527051915086619,-0.09529814069846938,-0.8553876860097238,0.6702800625998365,-0.5757367631944207,-0.6236095644623236,-1.3837714491773996,0.19601428307463414,-0.7049865162000988,-0.3179592448322615,-0.22941573387056183,-0.1966090085915255,-0.42665336858709313,-0.3956699544983684
-0.14998295745037957,-0.11020775375559674,0.5856030483790996,-0.47010766958349126,-1.0464627355633287,3.051111002653864,-0.5496210815947049,-0.4002580128693462,-0.3388616263074406,1.5956501154012874,-0.8216359290989554,-0.11020775375559674,-0.5527051915086619,-0.09529814069846938,0.048827626896961025,0.6702800625998365,-0.6636892170890771,-0.6236095644623236,0.1469491804436178,0.19601428307463414,-0.7049865162000988,1.3380784886691008,-0.22941573387056183,2.9077437586430874,-0.42665336858709313,-0.3956699544983684
-0.14998295745037957,-0.11020775375559674,0.5856030483790996,-0.47010766958349126,-1.0464627355633287,-0.32774946540135635,-0.5496210815947049,1.1295195787386818,-0.3388616263074406,-0.6267038057704221,-0.2408572253028645,-0.11020775375559674,1.8092828063916029,-0.09529814069846938,-0.8553876860097238,0.6702800625998365,0.3037877757521432,-0.6236095644623236,1.677669810064635,0.19601428307463414,-0.7049865162000988,1.3380784886691008,-0.22941573387056183,-0.1966090085915255,2.3438230508096156,-1.5594051147876877
-0.14998295745037957,-0.11020775375559674,-0.8969363146059627,-0.47010766958349126,1.0443719009268386,-0.32774946540135635,-0.5496210815947049,1.3031968307979807,2.951057075706546,-0.6267038057704221,1.2525737273156552,-0.11020775375559674,-0.5527051915086619,-0.09529814069846938,-0.8553876860097238,0.6702800625998365,-0.048022039826482336,-0.6236095644623236,1.677669810064635,0.19601428307463414,1.4184668458483913,-0.3179592448322615,-0.22941573387056183,-0.1966090085915255,-0.42665336858709313,-0.3956699544983684
-0.14998295745037957,-0.11020775375559674,0.5856030483790996,-0.47010766958349126,-1.0464627355633287,-0.32774946540135635,-0.5496210815947049,-0.9046309305844119,-0.3388616263074406,-0.6267038057704221,-0.738667542842371,-0.11020775375559674,-0.5527051915086619,-0.09529814069846938,-0.8553876860097238,0.6702800625998365,0.479692683541456,-0.6236095644623236,-1.3837714491773996,0.19601428307463414,1.4184668458483913,1.3380784886691008,4.358898943540674,-0.1966090085915255,-0.42665336858709313,-0.3956699544983684
-0.14998295745037957,-0.11020775375559674,0.5856030483790996,-0.47010766958349126,1.0443719009268386,3.051111002653864,1.8194353045893679,2.3342725986357364,-0.3388616263074406,-0.6267038057704221,1.2525737273156552,-0.11020775375559674,-0.5527051915086619,-0.09529814069846938,-0.8553876860097238,0.6702800625998365,-0.3998318554051079,-0.6236095644623236,-1.3837714491773996,0.19601428307463414,-0.7049865162000988,0.5100596219184197,-0.22941573387056183,0.8381752471533456,-0.42665336858709313,1.9318003660802703
-0.14998295745037957,-0.11020775375559674,-0.8969363146059627,-0.47010766958349126,2.0897892191719225,-0.32774946540135635,-0.5496210815947049,-1.0145083757647846,-0.3388616263074406,1.5956501154012874,-0.738667542842371,-0.11020775375559674,-0.5527051915086619,-0.09529814069846938,0.9530429398036458,-1.4919136877222166,0.5676451374361124,1.6035674514745464,0.1469491804436178,0.19601428307463414,-0.7049865162000988,-0.3179592448322615,-0.22941573387056183,2.9077437586430874,-0.42665336858709313,-1.5594051147876877
-0.14998295745037957,-0.11020775375559674,0.5856030483790996,-0.47010766958349126,1.0443719009268386,-0.32774946540135635,-0.5496210815947049,0.6956808919619843,-0.3388616263074406,-0.6267038057704221,0.7547634097761486,-0.11020775375559674,1.8092828063916029,-0.09529814069846938,1.8572582527103307,0.6702800625998365,-0.6636892170890771,-0.6236095644623236,1.677669810064635,0.19601428307463414,1.4184668458483913,-1.973996978333624,-0.22941573387056183,-0.1966090085915255,-0.42665336858709313,0.7680652057909509
-0.14998295745037957,-0.11020775375559674,-2.379475677591025,-0.47010766958349126,1.0443719009268386,-0.32774946540135635,-0.5496210815947049,3.310764087254855,-0.3388616263074406,-0.6267038057704221,1.2525737273156552,-0.11020775375559674,-0.5527051915086619,-0.09529814069846938,-0.8553876860097238,0.6702800625998365,1.0074074069093943,-0.6236095644623236,0.1469491804436178,0.19601428307463414,-0.7049865162000988,-0.3179592448322615,4.358898943540674,0.8381752471533456,2.3438230508096156,-0.3956699544983684
-0.14998295745037957,-0.11020775375559674,0.5856030483790996,-0.47010766958349126,1.0443719009268386,-0.32774946540135635,-0.5496210815947049,1.6640201830354626,2.951057075706546,-0.6267038057704221,0.42288986474981094,-0.11020775375559674,-0.5527051915086619,-0.09529814069846938,-0.8553876860097238,0.6702800625998365,-0.4877843092997643,-0.6236095644623236,0.1469491804436178,0.19601428307463414,1.4184668458483913,-1.1459781115829426,-0.22941573387056183,-0.1966090085915255,-0.42665336858709313,-0.3956699544983684
-0.14998295745037957,-0.11020775375559674,0.5856030483790996,-0.47010766958349126,-0.0010454173182450838,-0.32774946540135635,-0.5496210815947049,-0.5640108505252565,-0.3388616263074406,1.5956501154012874,-0.738667542842371,-0.11020775375559674,-0.5527051915086619,-0.09529814069846938,1.8572582527103307,0.6702800625998365,-0.048022039826482336,1.6035674514745464,0.1469491804436178,0.19601428307463414,-0.7049865162000988,1.3380784886691008,-0.22941573387056183,1.8729595028982167,-0.42665336858709313,-0.3956699544983684
-0.14998295745037957,-0.11020775375559674,-0.8969363146059627,-0.47010766958349126,1.0443719009268386,-0.32774946540135635,-0.5496210815947049,-0.7259914713234189,-0.3388616263074406,1.5956501154012874,-0.738667542842371,-0.11020775375559674,1.8092828063916029,-0.09529814069846938,0.048827626896961025,0.6702800625998365,0.919454953014738,-0.6236095644623236,0.1469491804436178,0.19601428307463414,-0.7049865162000988,1.3380784886691008,-0.22941573387056183,-0.1966090085915255,-0.42665336858709313,-0.3956699544983684
-0.14998295745037957,-0.11020775375559674,0.5856030483790996,-0.47010766958349126,-1.0464627355633287,-0.32774946540135635,1.8194353045893679,0.6138044731340292,-0.3388616263074406,-0.6267038057704221,0.008047933466888799,-0.11020775375559674,1.8092828063916029,-0.09529814069846938,0.9530429398036458,-1.4919136877222166,-0.5757367631944207,-0.6236095644623236,0.1469491804436178,0.19601428307463414,-0.7049865162000988,-0.3179592448322615,-0.22941573387056183,-1.2313932643363965,-0.42665336858709313,-2.7231402750770073
-0.14998295745037957,-0.11020775375559674,0.5856030483790996,-0.47010766958349126,-1.0464627355633287,-0.32774946540135635,-0.5496210815947049,-0.8454388875356305,-0.3388616263074406,-0.6267038057704221,-0.738667542842371,-0.11020775375559674,-0.5527051915086619,-0.09529814069846938,0.9530429398036458,-1.4919136877222166,-1.279356394351672,1.6035674514745464,0.1469491804436178,0.19601428307463414,1.4184668458483913,-0.3179592448322615,-0.22941573387056183,-1.2313932643363965,-0.42665336858709313,-0.3956699544983684
-0.14998295745037957,-0.11020775375559674,-2.379475677591025,-0.47010766958349126,-0.0010454173182450838,-0.32774946540135635,-0.5496210815947049,1.0845052705518838,2.951057075706546,-0.6267038057704221,2.2481943623946683,-0.11020775375559674,-0.5527051915086619,-0.09529814069846938,-0.8553876860097238,0.6702800625998365,0.919454953014738,-0.6236095644623236,0.1469491804436178,0.19601428307463414,-0.7049865162000988,1.3380784886691008,-0.22941573387056183,-0.1966090085915255,2.3438230508096156,0.7680652057909509
-0.14998295745037957,-0.11020775375559674,-2.379475677591025,-0.47010766958349126,1.0443719009268386,-0.32774946540135635,-0.5496210815947049,-0.7568280446482332,-0.3388616263074406,-0.6267038057704221,-0.9875727016121243,-0.11020775375559674,-0.5527051915086619,-0.09529814069846938,-0.8553876860097238,0.6702800625998365,-0.3118794015104515,-0.6236095644623236,0.1469491804436178,0.19601428307463414,-0.7049865162000988,1.3380784886691008,4.358898943540674,2.9077437586430874,2.3438230508096156,0.7680652057909509
-0.14998295745037957,-0.11020775375559674,0.5856030483790996,2.1271722728667366,1.0443719009268386,-0.32774946540135635,1.8194353045893679,1.4541897070781058,-0.3388616263074406,-0.6267038057704221,-0.2408572253028645,-0.11020775375559674,-0.5527051915086619,-0.09529814069846938,-0.8553876860097238,0.6702800625998365,0.3917402296467996,-0.6236095644623236,1.677669810064635,0.19601428307463414,-0.7049865162000988,-1.973996978333624,-0.22941573387056183,-0.1966090085915255,-0.42665336858709313,0.7680652057909509
-0.14998295745037957,-0.11020775375559674,0.5856030483790996,-0.47010766958349126,-0.0010454173182450838,-0.32774946540135635,-0.5496210815947049,-1.0379016382870576,-0.3388616263074406,1.5956501154012874,-1.2364778603818776,9.073771725877465,-0.5527051915086619,-0.09529814069846938,0.9530429398036458,-1.4919136877222166,-0.7516416709837335,-0.6236095644623236,0.1469491804436178,0.19601428307463414,-0.7049865162000988,-1.1459781115829426,-0.22941573387056183,-0.1966090085915255,-0.42665336858709313,-0.3956699544983684
-0.14998295745037957,-0.11020775375559674,0.5856030483790996,-0.47010766958349126,-1.0464627355633287,-0.32774946540135635,1.8194353045893679,-0.30030498209236195,-0.3388616263074406,-0.6267038057704221,0.2569530922366421,-0.11020775375559674,-0.5527051915086619,-0.09529814069846938,-0.8553876860097238,0.6702800625998365,1.5351221302773328,1.6035674514745464,0.1469491804436178,0.19601428307463414,-0.7049865162000988,1.3380784886691008,-0.22941573387056183,-1.2313932643363965,-0.42665336858709313,0.7680652057909509
-0.14998295745037957,-0.11020775375559674,0.5856030483790996,-0.47010766958349126,-1.0464627355633287,-0.32774946540135635,-0.5496210815947049,-0.8752121307457961,-0.3388616263074406,-0.6267038057704221,-0.5727307703292022,-0.11020775375559674,1.8092828063916029,-0.09529814069846938,-0.8553876860097238,0.6702800625998365,-0.7516416709837335,-0.6236095644623236,-1.3837714491773996,0.19601428307463414,1.4184668458483913,-0.3179592448322615,-0.22941573387056183,-0.1966090085915255,-0.42665336858709313,1.9318003660802703
-0.14998295745037957,-0.11020775375559674,-0.8969363146059627,-0.47010766958349126,-0.0010454173182450838,-0.32774946540135635,-0.5496210815947049,0.143458119087724,-0.3388616263074406,1.5956501154012874,-1.2364778603818776,-0.11020775375559674,1.8092828063916029,-0.09529814069846938,-0.8553876860097238,0.6702800625998365,0.12788286796283044,-0.6236095644623236,0.1469491804436178,0.19601428307463414,-0.7049865162000988,-0.3179592448322615,-0.22941573387056183,-0.1966090085915255,-0.42665336858709313,0.7680652057909509
-0.14998295745037957,-0.11020775375559674,0.5856030483790996,2.1271722728667366,-1.0464627355633287,-0.32774946540135635,-0.5496210815947049,-0.4736277907801112,-0.3388616263074406,1.5956501154012874,-0.738667542842371,-0.11020775375559674,-0.5527051915086619,-0.09529814069846938,-0.8553876860097238,0.6702800625998365,0.6555975913307688,-0.6236095644623236,0.1469491804436178,0.19601428307463414,-0.7049865162000988,1.3380784886691008,-0.22941573387056183,-0.1966090085915255,-0.42665336858709313,0.7680652057909509
-0.14998295745037957,-0.11020775375559674,0.5856030483790996,-0.47010766958349126,1.0443719009268386,3.051111002653864,-0.5496210815947049,0.343718624013242,-0.3388616263074406,1.5956501154012874,0.2569530922366421,-0.11020775375559674,-0.5527051915086619,-0.09529814069846938,-0.8553876860097238,0.6702800625998365,0.03993041406817406,-0.6236095644623236,-1.3837714491773996,0.19601428307463414,-0.7049865162000988,-0.3179592448322615,-0.22941573387056183,-0.1966090085915255,-0.42665336858709313,-2.7231402750770073
-0.14998295745037957,-0.11020775375559674,0.5856030483790996,-0.47010766958349126,1.0443719009268386,-0.32774946540135635,1.8194353045893679,-0.86316105611311,-0.3388616263074406,-0.6267038057704221,-0.738667542842371,-0.11020775375559674,1.8092828063916029,-0.09529814069846938,0.9530429398036458,-1.4919136877222166,-1.103451486562359,-0.6236095644623236,-1.3837714491773996,0.19601428307463414,-0.7049865162000988,-1.1459781115829426,-0.22941573387056183,0.8381752471533456,-0.42665336858709313,-0.3956699544983684
-0.14998295745037957,-0.11020775375559674,0.5856030483790996,-0.47010766958349126,-1.0464627355633287,-0.32774946540135635,-0.5496210815947049,-0.7199659340070759,-0.3388616263074406,1.5956501154012874,-0.738667542842371,-0.11020775375559674,-0.5527051915086619,-0.09529814069846938,0.9530429398036458,-1.4919136877222166,0.21583532185748686,1.6035674514745464,0.1469491804436178,0.19601428307463414,-0.7049865162000988,1.3380784886691008,-0.22941573387056183,-1.2313932643363965,-0.42665336858709313,0.7680652057909509
-0.14998295745037957,-0.11020775375559674,-0.8969363146059627,2.1271722728667366,-0.0010454173182450838,-0.32774946540135635,-0.5496210815947049,-0.5009199303894296,-0.3388616263074406,-0.6267038057704221,-0.738667542842371,-0.11020775375559674,-0.5527051915086619,-0.09529814069846938,0.9530429398036458,-1.4919136877222166,-1.1914039404570154,-0.6236095644623236,0.1469491804436178,0.19601428307463414,1.4184668458483913,-1.1459781115829426,-0.22941573387056183,-0.1966090085915255,-0.42665336858709313,-0.3956699544983684
-0.14998295745037957,-0.11020775375559674,-0.8969363146059627,-0.47010766958349126,-0.0010454173182450838,-0.32774946540135635,1.8194353045893679,-0.6753060691918276,-0.3388616263074406,-0.6267038057704221,-0.9875727016121243,-0.11020775375559674,-0.5527051915086619,-0.09529814069846938,0.9530429398036458,-1.4919136877222166,-1.1914039404570154,1.6035674514745464,0.1469491804436178,0.19601428307463414,-0.7049865162000988,-1.1459781115829426,-0.22941573387056183,-0.1966090085915255,-0.42665336858709313,-0.3956699544983684
-0.14998295745037957,-0.11020775375559674,0.5856030483790996,-0.47010766958349126,-1.0464627355633287,-0.32774946540135635,-0.5496210815947049,-0.23402407161258876,-0.3388616263074406,1.5956501154012874,0.2569530922366421,-0.11020775375559674,-0.5527051915086619,-0.09529814069846938,1.8572582527103307,0.6702800625998365,0.919454953014738,1.6035674514745464,0.1469491804436178,0.19601428307463414,-0.7049865162000988,1.3380784886691008,-0.22941573387056183,-0.1966090085915255,-0.42665336858709313,0.7680652057909509
-0.14998295745037957,-0.11020775375559674,0.5856030483790996,2.1271722728667366,-1.0464627355633287,-0.32774946540135635,-0.5496210815947049,-0.10394335425388943,-0.3388616263074406,-0.6267038057704221,-1.2364778603818776,-0.11020775375559674,-0.5527051915086619,-0.09529814069846938,-0.8553876860097238,0.6702800625998365,-0.3118794015104515,-0.6236095644623236,0.1469491804436178,0.19601428307463414,1.4184668458483913,-0.3179592448322615,-0.22941573387056183,1.8729595028982167,-0.42665336858709313,-0.3956699544983684
-0.14998295745037957,-0.11020775375559674,0.5856030483790996,-0.47010766958349126,-0.0010454173182450838,-0.32774946540135635,1.8194353045893679,-0.7330803387544107,-0.3388616263074406,-0.6267038057704221,-1.2364778603818776,-0.11020775375559674,1.8092828063916029,-0.09529814069846938,-0.8553876860097238,0.6702800625998365,0.6555975913307688,-0.6236095644623236,0.1469491804436178,0.19601428307463414,-0.7049865162000988,1.3380784886691008,-0.22941573387056183,0.8381752471533456,-0.42665336858709313,-0.3956699544983684
-0.14998295745037957,-0.11020775375559674,0.5856030483790996,-0.47010766958349126,-1.0464627355633287,-0.32774946540135635,-0.5496210815947049,-0.014978067994942484,2.951057075706546,-0.6267038057704221,-0.2408572253028645,-0.11020775375559674,-0.5527051915086619,-0.09529814069846938,-0.8553876860097238,0.6702800625998365,0.21583532185748686,-0.6236095644623236,1.677669810064635,0.19601428307463414,-0.7049865162000988,-1.973996978333624,-0.22941573387056183,-1.2313932643363965,2.3438230508096156,0.7680652057909509
-0.14998295745037957,-0.11020775375559674,0.5856030483790996,-0.47010766958349126,-0.0010454173182450838,-0.32774946540135635,-0.5496210815947049,-0.8351600297606924,-0.3388616263074406,-0.6267038057704221,0.2569530922366421,-0.11020775375559674,1.8092828063916029,-0.09529814069846938,0.9530429398036458,-1.4919136877222166,-0.5757367631944207,-0.6236095644623236,0.1469491804436178,0.19601428307463414,1.4184668458483913,1.3380784886691008,-0.22941573387056183,-1.2313932643363965,-0.42665336858709313,-0.3956699544983684
-0.14998295745037957,-0.11020775375559674,0.5856030483790996,2.1271722728667366,-1.0464627355633287,-0.32774946540135635,1.8194353045893679,0.4748626714865901,-0.3388616263074406,-0.6267038057704221,-1.2364778603818776,-0.11020775375559674,-0.5527051915086619,-0.09529814069846938,0.9530429398036458,-1.4919136877222166,-0.3118794015104515,-0.6236095644623236,0.1469491804436178,0.19601428307463414,-0.7049865162000988,-1.1459781115829426,-0.22941573387056183,-0.1966090085915255,-0.42665336858709313,-0.3956699544983684
-0.14998295745037957,-0.11020775375559674,-0.8969363146059627,2.1271722728667366,-0.0010454173182450838,-0.32774946540135635,1.8194353045893679,-0.9283786364782345,-0.3388616263074406,-0.6267038057704221,-0.738667542842371,-0.11020775375559674,-0.5527051915086619,-0.09529814069846938,0.9530429398036458,-1.4919136877222166,-1.0154990326677027,-0.6236095644623236,0.1469491804436178,0.19601428307463414,-0.7049865162000988,1.3380784886691008,-0.22941573387056183,-0.1966090085915255,-0.42665336858709313,-0.3956699544983684
-0.14998295745037957,-0.11020775375559674,-2.379475677591025,2.1271722728667366,-0.0010454173182450838,-0.32774946540135635,-0.5496210815947049,-0.49595772318773534,-0.3388616263074406,-0.6267038057704221,-1.2364778603818776,-0.11020775375559674,-0.5527051915086619,-0.09529814069846938,-0.8553876860097238,0.6702800625998365,0.03993041406817406,-0.6236095644623236,1.677669810064635,0.19601428307463414,-0.7049865162000988,-1.973996978333624,-0.22941573387056183,-0.1966090085915255,2.3438230508096156,0.7680652057909509
-0.14998295745037957,-0.11020775375559674,0.5856030483790996,-0.47010766958349126,-1.0464627355633287,-0.32774946540135635,-0.5496210815947049,0.4989648207519622,2.951057075706546,-0.6267038057704221,0.2569530922366421,-0.11020775375559674,-0.5527051915086619,-0.09529814069846938,-0.8553876860097238,0.6702800625998365,-0.048022039826482336,-0.6236095644623236,-1.3837714491773996,0.19601428307463414,1.4184668458483913,0.5100596219184197,-0.22941573387056183,-0.1966090085915255,-0.42665336858709313,1.9318003660802703
-0.14998295745037957,-0.11020775375559674,0.5856030483790996,-0.47010766958349126,-1.0464627355633287,3.051111002653864,-0.5496210815947049,-0.46831114020686737,-0.3388616263074406,-0.6267038057704221,-0.2408572253028645,-0.11020775375559674,-0.5527051915086619,-0.09529814069846938,-0.8553876860097238,0.6702800625998365,-0.13597449372113873,-0.6236095644623236,0.1469491804436178,0.19601428307463414,1.4184668458483913,0.5100596219184197,-0.22941573387056183,-0.1966090085915255,-0.42665336858709313,-0.3956699544983684
-0.14998295745037957,-0.11020775375559674,0.5856030483790996,-0.47010766958349126,1.0443719009268386,-0.32774946540135635,-0.5496210815947049,-0.7181937171493279,-0.3388616263074406,-0.6267038057704221,-0.2408572253028645,-0.11020775375559674,-0.5527051915086619,-0.09529814069846938,1.8572582527103307,0.6702800625998365,-0.22392694761579512,1.6035674514745464,0.1469491804436178,0.19601428307463414,1.4184668458483913,-0.3179592448322615,-0.22941573387056183,-0.1966090085915255,-0.42665336858709313,0.7680652057909509
-0.14998295745037957,-0.11020775375559674,0.5856030483790996,-0.47010766958349126,1.0443719009268386,-0.32774946540135635,-0.5496210815947049,0.08532940615359133,-0.3388616263074406,-0.6267038057704221,0.2569530922366421,-0.11020775375559674,1.8092828063916029,-0.09529814069846938,-0.8553876860097238,0.6702800625998365,0.21583532185748686,-0.6236095644623236,0.1469491804436178,0.19601428307463414,1.4184668458483913,0.5100596219184197,-0.22941573387056183,0.8381752471533456,-0.42665336858709313,-0.3956699544983684
-0.14998295745037957,-0.11020775375559674,0.5856030483790996,-0.47010766958349126,-1.0464627355633287,-0.32774946540135635,-0.5496210815947049,-0.18369311285254705,-0.3388616263074406,-0.6267038057704221,-0.9875727016121243,-0.11020775375559674,-0.5527051915086619,-0.09529814069846938,-0.8553876860097238,0.6702800625998365,-0.048022039826482336,1.6035674514745464,0.1469491804436178,0.19601428307463414,1.4184668458483913,1.3380784886691008,-0.22941573387056183,0.8381752471533456,-0.42665336858709313,-0.3956699544983684
-0.14998295745037957,-0.11020775375559674,0.5856030483790996,-0.47010766958349126,1.0443719009268386,-0.32774946540135635,-0.5496210815947049,-0.8900987523508788,-0.3388616263074406,1.5956501154012874,-1.0705410878687087,-0.11020775375559674,-0.5527051915086619,-0.09529814069846938,0.9530429398036458,-1.4919136877222166,0.7435500452254252,1.6035674514745464,-1.3837714491773996,0.19601428307463414,-0.7049865162000988,0.5100596219184197,-0.22941573387056183,-0.1966090085915255,-0.42665336858709313,-0.3956699544983684
-0.14998295745037957,-0.11020775375559674,0.5856030483790996,-0.47010766958349126,-1.0464627355633287,-0.32774946540135635,-0.5496210815947049,1.4059854085473615,-0.3388616263074406,-0.6267038057704221,2.2481943623946683,-0.11020775375559674,-0.5527051915086619,-0.09529814069846938,-0.8553876860097238,0.6702800625998365,-0.3118794015104515,1.6035674514745464,0.1469491804436178,0.19601428307463414,1.4184668458483913,1.3380784886691008,-0.22941573387056183,-1.2313932643363965,-0.42665336858709313,1.9318003660802703
-0.14998295745037957,-0.11020775375559674,-0.8969363146059627,-0.47010766958349126,-1.0464627355633287,3.051111002653864,-0.5496210815947049,-0.7114592930898858,-0.3388616263074406,-0.6267038057704221,-0.738667542842371,-0.11020775375559674,-0.5527051915086619,-0.09529814069846938,-0.8553876860097238,0.6702800625998365,1.8869319458559584,-0.6236095644623236,-1.3837714491773996,0.19601428307463414,-0.7049865162000988,1.3380784886691008,-0.22941573387056183,-1.2313932643363965,2.3438230508096156,0.7680652057909509
-0.14998295745037957,-0.11020775375559674,0.5856030483790996,-0.47010766958349126,-1.0464627355633287,-0.32774946540135635,-0.5496210815947049,0.10092491450177327,-0.3388616263074406,-0.6267038057704221,-0.4897623840726178,-0.11020775375559674,1.8092828063916029,-0.09529814069846938,-0.8553876860097238,0.6702800625998365,-0.5757367631944207,-0.6236095644623236,0.1469491804436178,0.19601428307463414,-0.7049865162000988,-0.3179592448322615,-0.22941573387056183,-1.2313932643363965,2.3438230508096156,-0.3956699544983684
-0.14998295745037957,-0.11020775375559674,0.5856030483790996,2.1271722728667366,2.0897892191719225,-0.32774946540135635,-0.5496210815947049,-0.36162368537044093,-0.3388616263074406,-0.6267038057704221,-0.738667542842371,-0.11020775375559674,-0.5527051915086619,-0.09529814069846938,0.9530429398036458,-1.4919136877222166,0.919454953014738,-0.6236095644623236,-1.3837714491773996,0.19601428307463414,1.4184668458483913,-0.3179592448322615,-0.22941573387056183,-0.1966090085915255,-0.42665336858709313,-0.3956699544983684
-0.14998295745037957,-0.11020775375559674,0.5856030483790996,-0.47010766958349126,-1.0464627355633287,-0.32774946540135635,-0.5496210815947049,-0.47646333775250793,-0.3388616263074406,-0.6267038057704221,0.2569530922366421,-0.11020775375559674,-0.5527051915086619,-0.09529814069846938,0.9530429398036458,-1.4919136877222166,-0.22392694761579512,-0.6236095644623236,0.1469491804436178,0.19601428307463414,1.4184668458483913,-0.3179592448322615,4.358898943540674,-1.2313932643363965,-0.42665336858709313,0.7680652057909509
-0.14998295745037957,-0.11020775375559674,0.5856030483790996,-0.47010766958349126,-1.0464627355633287,-0.32774946540135635,-0.5496210815947049,-0.012851407765644947,-0.3388616263074406,-0.6267038057704221,0.2569530922366421,-0.11020775375559674,-0.5527051915086619,-0.09529814069846938,0.048827626896961025,0.6702800625998365,-0.8395941248783899,1.6035674514745464,1.677669810064635,0.19601428307463414,1.4184668458483913,1.3380784886691008,-0.22941573387056183,1.8729595028982167,-0.42665336858709313,-0.3956699544983684
-0.14998295745037957,-0.11020775375559674,0.5856030483790996,-0.47010766958349126,-1.0464627355633287,-0.32774946540135635,-0.5496210815947049,-0.4427912174552969,-0.3388616263074406,-0.6267038057704221,0.2569530922366421,-0.11020775375559674,1.8092828063916029,-0.09529814069846938,0.9530429398036458,-1.4919136877222166,0.12788286796283044,-0.6236095644623236,0.1469491804436178,0.19601428307463414,1.4184668458483913,-0.3179592448322615,-0.22941573387056183,-0.1966090085915255,-0.42665336858709313,0.7680652057909509
-0.14998295745037957,-0.11020775375559674,0.5856030483790996,-0.47010766958349126,-0.0010454173182450838,-0.32774946540135635,-0.5496210815947049,0.9664756278258706,-0.3388616263074406,-0.6267038057704221,1.584447272341993,-0.11020775375559674,-0.5527051915086619,-0.09529814069846938,-0.8553876860097238,0.6702800625998365,-0.7516416709837335,-0.6236095644623236,0.1469491804436178,0.19601428307463414,-0.7049865162000988,-0.3179592448322615,4.358898943540674,-0.1966090085915255,2.3438230508096156,0.7680652057909509
-0.14998295745037957,-0.11020775375559674,0.5856030483790996,-0.47010766958349126,-1.0464627355633287,-0.32774946540135635,-0.5496210815947049,-0.49772994004548327,-0.3388616263074406,-0.6267038057704221,0.7547634097761486,-0.11020775375559674,-0.5527051915086619,-0.09529814069846938,-0.8553876860097238,0.6702800625998365,1.9748843997506147,1.6035674514745464,0.1469491804436178,0.19601428307463414,1.4184668458483913,1.3380784886691008,-0.22941573387056183,-1.2313932643363965,-0.42665336858709313,-0.3956699544983684
-0.14998295745037957,-0.11020775375559674,-2.379475677591025,-0.47010766958349126,-0.0010454173182450838,-0.32774946540135635,-0.5496210815947049,-0.6870027004529641,-0.3388616263074406,1.5956501154012874,0.2569530922366421,-0.11020775375559674,1.8092828063916029,-0.09529814069846938,-0.8553876860097238,0.6702800625998365,0.6555975913307688,-0.6236095644623236,0.1469491804436178,0.19601428307463414,-0.7049865162000988,-1.973996978333624,-0.22941573387056183,-0.1966090085915255,-0.42665336858709313,1.9318003660802703
-0.14998295745037957,-0.11020775375559674,0.5856030483790996,-0.47010766958349126,1.0443719009268386,-0.32774946540135635,-0.5496210815947049,1.1330640124541778,2.951057075706546,1.5956501154012874,-0.07492045278969563,-0.11020775375559674,-0.5527051915086619,-0.09529814069846938,0.048827626896961025,0.6702800625998365,2.1507893075399274,-0.6236095644623236,1.677669810064635,0.19601428307463414,-0.7049865162000988,-1.973996978333624,-0.22941573387056183,-1.2313932643363965,-0.42665336858709313,-0.3956699544983684
-0.14998295745037957,-0.11020775375559674,-0.8969363146059627,-0.47010766958349126,-0.0010454173182450838,-0.32774946540135635,1.8194353045893679,-0.36729477931523435,-0.3388616263074406,-0.6267038057704221,-0.07492045278969563,-0.11020775375559674,1.8092828063916029,-0.09529814069846938,1.8572582527103307,0.6702800625998365,-0.22392694761579512,-0.6236095644623236,0.1469491804436178,-5.101669043266824,-0.7049865162000988,-0.3179592448322615,-0.22941573387056183,-0.1966090085915255,-0.42665336858709313,0.7680652057909509
-0.14998295745037957,-0.11020775375559674,0.5856030483790996,-0.47010766958349126,-1.0464627355633287,-0.32774946540135635,-0.5496210815947049,-0.2489106932176715,2.951057075706546,-0.6267038057704221,1.5014788860854085,-0.11020775375559674,-0.5527051915086619,-0.09529814069846938,-0.8553876860097238,0.6702800625998365,-1.0154990326677027,-0.6236095644623236,0.1469491804436178,0.19601428307463414,1.4184668458483913,-0.3179592448322615,-0.22941573387056183,1.8729595028982167,-0.42665336858709313,-0.3956699544983684
-0.14998295745037957,-0.11020775375559674,0.5856030483790996,-0.47010766958349126,-1.0464627355633287,-0.32774946540135635,-0.5496210815947049,-0.5034010339902767,-0.3388616263074406,-0.6267038057704221,0.2569530922366421,-0.11020775375559674,-0.5527051915086619,-0.09529814069846938,1.8572582527103307,0.6702800625998365,-0.22392694761579512,1.6035674514745464,0.1469491804436178,0.19601428307463414,1.4184668458483913,0.5100596219184197,-0.22941573387056183,-0.1966090085915255,-0.42665336858709313,0.7680652057909509
-0.14998295745037957,-0.11020775375559674,-2.379475677591025,-0.47010766958349126,1.0443719009268386,3.051111002653864,-0.5496210815947049,-0.4672478100922186,-0.3388616263074406,-0.6267038057704221,1.2525737273156552,-0.11020775375559674,-0.5527051915086619,-0.09529814069846938,-0.8553876860097238,0.6702800625998365,2.238741761434584,-0.6236095644623236,1.677669810064635,0.19601428307463414,-0.7049865162000988,1.3380784886691008,-0.22941573387056183,-0.1966090085915255,2.3438230508096156,-2.7231402750770073
-0.14998295745037957,-0.11020775375559674,0.5856030483790996,-0.47010766958349126,-0.0010454173182450838,-0.32774946540135635,-0.5496210815947049,-0.7862468444868491,-0.3388616263074406,1.5956501154012874,-0.4897623840726178,-0.11020775375559674,-0.5527051915086619,-0.09529814069846938,1.8572582527103307,0.6702800625998365,-0.7516416709837335,1.6035674514745464,0.1469491804436178,-5.101669043266824,-0.7049865162000988,-1.1459781115829426,-0.22941573387056183,-0.1966090085915255,-0.42665336858709313,-0.3956699544983684
-0.14998295745037957,-0.11020775375559674,0.5856030483790996,-0.47010766958349126,-0.0010454173182450838,-0.32774946540135635,-0.5496210815947049,-0.9234164292765402,-0.3388616263074406,1.5956501154012874,-1.2364778603818776,-0.11020775375559674,1.8092828063916029,-0.09529814069846938,0.9530429398036458,-1.4919136877222166,0.3037877757521432,-0.6236095644623236,-1.3837714491773996,0.19601428307463414,-0.7049865162000988,0.5100596219184197,-0.22941573387056183,2.9077437586430874,-0.42665336858709313,0.7680652057909509
-0.14998295745037957,-0.11020775375559674,0.5856030483790996,-0.47010766958349126,-0.0010454173182450838,-0.32774946540135635,1.8194353045893679,-0.05254906537919896,-0.3388616263074406,-0.6267038057704221,0.2569530922366421,-0.11020775375559674,1.8092828063916029,-0.09529814069846938,0.9530429398036458,-1.4919136877222166,-0.7516416709837335,-0.6236095644623236,0.1469491804436178,0.19601428307463414,-0.7049865162000988,-1.1459781115829426,-0.22941573387056183,-0.1966090085915255,-0.42665336858709313,-0.3956699544983684
-0.14998295745037957,-0.11020775375559674,0.5856030483790996,-0.47010766958349126,-1.0464627355633287,3.051111002653864,-0.5496210815947049,0.444734984904875,-0.3388616263074406,1.5956501154012874,0.2569530922366421,-0.11020775375559674,-0.5527051915086619,-0.09529814069846938,-0.8553876860097238,0.6702800625998365,3.382123662065117,-0.6236095644623236,1.677669810064635,0.19601428307463414,-0.7049865162000988,-0.3179592448322615,-0.22941573387056183,-0.1966090085915255,-0.42665336858709313,0.7680652057909509
-0.14998295745037957,-0.11020775375559674,-0.8969363146059627,-0.47010766958349126,-1.0464627355633287,-0.32774946540135635,1.8194353045893679,0.545751345796508,2.951057075706546,-0.6267038057704221,0.7547634097761486,-0.11020775375559674,-0.5527051915086619,-0.09529814069846938,0.9530429398036458,-1.4919136877222166,-1.0154990326677027,-0.6236095644623236,-1.3837714491773996,0.19601428307463414,-0.7049865162000988,0.5100596219184197,-0.22941573387056183,-1.2313932643363965,-0.42665336858709313,-0.3956699544983684
-0.14998295745037957,-0.11020775375559674,0.5856030483790996,-0.47010766958349126,1.0443719009268386,-0.32774946540135635,-0.5496210815947049,0.5889934371255579,-0.3388616263074406,1.5956501154012874,1.5014788860854085,-0.11020775375559674,-0.5527051915086619,-0.09529814069846938,-0.8553876860097238,0.6702800625998365,-0.9275465787730462,1.6035674514745464,0.1469491804436178,0.19601428307463414,-0.7049865162000988,0.5100596219184197,-0.22941573387056183,-0.1966090085915255,-0.42665336858709313,0.7680652057909509
-0.14998295745037957,-0.11020775375559674,-2.379475677591025,-0.47010766958349126,-0.0010454173182450838,-0.32774946540135635,-0.5496210815947049,1.794809787137261,2.951057075706546,-0.6267038057704221,1.2525737273156552,-0.11020775375559674,-0.5527051915086619,-0.09529814069846938,-0.8553876860097238,0.6702800625998365,1.0074074069093943,-0.6236095644623236,0.1469491804436178,0.19601428307463414,-0.7049865162000988,1.3380784886691008,-0.22941573387056183,-1.2313932643363965,2.3438230508096156,-0.3956699544983684
-0.14998295745037957,-0.11020775375559674,0.5856030483790996,2.1271722728667366,1.0443719009268386,-0.32774946540135635,-0.5496210815947049,0.07965831220879789,-0.3388616263074406,-0.6267038057704221,0.7547634097761486,-0.11020775375559674,-0.5527051915086619,-0.09529814069846938,-0.8553876860097238,0.6702800625998365,-0.13597449372113873,-0.6236095644623236,0.1469491804436178,0.19601428307463414,1.4184668458483913,-0.3179592448322615,-0.22941573387056183,2.9077437586430874,-0.42665336858709313,-1.5594051147876877
-0.14998295745037957,-0.11020775375559674,0.5856030483790996,-0.47010766958349126,1.0443719009268386,-0.32774946540135635,-0.5496210815947049,-0.7851835143722004,-0.3388616263074406,1.5956501154012874,-0.2408572253028645,-0.11020775375559674,1.8092828063916029,-0.09529814069846938,-0.8553876860097238,0.6702800625998365,-0.4877843092997643,-0.6236095644623236,0.1469491804436178,0.19601428307463414,-0.7049865162000988,1.3380784886691008,-0.22941573387056183,-0.1966090085915255,-0.42665336858709313,0.7680652057909509
-0.14998295745037957,-0.11020775375559674,-0.8969363146059627,2.1271722728667366,-0.0010454173182450838,-0.32774946540135635,-0.5496210815947049,1.0483520466538259,-0.3388616263074406,-0.6267038057704221,1.2525737273156552,-0.11020775375559674,-0.5527051915086619,-0.09529814069846938,0.9530429398036458,-1.4919136877222166,-1.103451486562359,-0.6236095644623236,-1.3837714491773996,0.19601428307463414,-0.7049865162000988,-1.1459781115829426,-0.22941573387056183,-0.1966090085915255,2.3438230508096156,0.7680652057909509
-0.14998295745037957,-0.11020775375559674,0.5856030483790996,-0.47010766958349126,-0.0010454173182450838,-0.32774946540135635,-0.5496210815947049,-1.0396738551448055,-0.3388616263074406,-0.6267038057704221,-1.2364778603818776,-0.11020775375559674,-0.5527051915086619,-0.09529814069846938,-0.8553876860097238,0.6702800625998365,1.4471696763826765,1.6035674514745464,0.1469491804436178,0.19601428307463414,1.4184668458483913,1.3380784886691008,-0.22941573387056183,1.8729595028982167,-0.42665336858709313,0.7680652057909509
-0.14998295745037957,-0.11020775375559674,0.5856030483790996,-0.47010766958349126,-1.0464627355633287,3.051111002653864,-0.5496210815947049,-0.7394603194423033,-0.3388616263074406,1.5956501154012874,-0.738667542842371,-0.11020775375559674,-0.5527051915086619,-0.09529814069846938,0.9530429398036458,-1.4919136877222166,-0.7516416709837335,-0.6236095644623236,0.1469491804436178,0.19601428307463414,-0.7049865162000988,-0.3179592448322615,-0.22941573387056183,-0.1966090085915255,-0.42665336858709313,0.7680652057909509
-0.14998295745037957,-0.11020775375559674,0.5856030483790996,2.1271722728667366,1.0443719009268386,-0.32774946540135635,1.8194353045893679,-0.18050312250860073,-0.3388616263074406,-0.6267038057704221,-0.738667542842371,-0.11020775375559674,-0.5527051915086619,-0.09529814069846938,0.9530429398036458,-1.4919136877222166,-0.9275465787730462,-0.6236095644623236,0.1469491804436178,0.19601428307463414,-0.7049865162000988,1.3380784886691008,-0.22941573387056183,-1.2313932643363965,-0.42665336858709313,-0.3956699544983684
-0.14998295745037957,-0.11020775375559674,0.5856030483790996,-0.47010766958349126,1.0443719009268386,3.051111002653864,-0.5496210815947049,-0.1581731901009766,-0.3388616263074406,-0.6267038057704221,0.2569530922366421,-0.11020775375559674,-0.5527051915086619,-0.09529814069846938,-0.8553876860097238,0.6702800625998365,-0.13597449372113873,-0.6236095644623236,0.1469491804436178,0.19601428307463414,-0.7049865162000988,0.5100596219184197,-0.22941573387056183,-1.2313932643363965,2.3438230508096156,0.7680652057909509
-0.14998295745037957,-0.11020775375559674,0.5856030483790996,-0.47010766958349126,-1.0464627355633287,-0.32774946540135635,-0.5496210815947049,-0.9404297111109204,-0.3388616263074406,1.5956501154012874,-0.738667542842371,-0.11020775375559674,-0.5527051915086619,-0.09529814069846938,-0.8553876860097238,0.6702800625998365,1.798979491961302,1.6035674514745464,0.1469491804436178,0.19601428307463414,-0.7049865162000988,1.3380784886691008,-0.22941573387056183,-0.1966090085915255,-0.42665336858709313,0.7680652057909509
-0.14998295745037957,-0.11020775375559674,-0.8969363146059627,-0.47010766958349126,-1.0464627355633287,-0.32774946540135635,-0.5496210815947049,-0.23685961858498547,2.951057075706546,-0.6267038057704221,0.2569530922366421,-0.11020775375559674,-0.5527051915086619,-0.09529814069846938,0.9530429398036458,-1.4919136877222166,-0.6636892170890771,-0.6236095644623236,0.1469491804436178,0.19601428307463414,1.4184668458483913,-0.3179592448322615,-0.22941573387056183,2.9077437586430874,-0.42665336858709313,-0.3956699544983684
-0.14998295745037957,-0.11020775375559674,0.5856030483790996,-0.47010766958349126,-1.0464627355633287,3.051111002653864,-0.5496210815947049,-0.17979423576550158,-0.3388616263074406,-0.6267038057704221,1.003668568545902,-0.11020775375559674,-0.5527051915086619,-0.09529814069846938,0.9530429398036458,-1.4919136877222166,-0.8395941248783899,-0.6236095644623236,0.1469491804436178,0.19601428307463414,1.4184668458483913,-0.3179592448322615,-0.22941573387056183,-0.1966090085915255,-0.42665336858709313,1.9318003660802703
-0.14998295745037957,-0.11020775375559674,0.5856030483790996,-0.47010766958349126,-1.0464627355633287,-0.32774946540135635,-0.5496210815947049,-0.6295828742619306,-0.3388616263074406,1.5956501154012874,-0.738667542842371,-0.11020775375559674,1.8092828063916029,-0.09529814069846938,-0.8553876860097238,0.6702800625998365,0.21583532185748686,-0.6236095644623236,-1.3837714491773996,0.19601428307463414,-0.7049865162000988,1.3380784886691008,-0.22941573387056183,-0.1966090085915255,-0.42665336858709313,0.7680652057909509
-0.14998295745037957,-0.11020775375559674,0.5856030483790996,-0.47010766958349126,-1.0464627355633287,-0.32774946540135635,-0.5496210815947049,0.056265049686524994,-0.3388616263074406,-0.6267038057704221,0.2569530922366421,-0.11020775375559674,-0.5527051915086619,-0.09529814069846938,-0.8553876860097238,0.6702800625998365,-0.3998318554051079,1.6035674514745464,0.1469491804436178,0.19601428307463414,1.4184668458483913,1.3380784886691008,-0.22941573387056183,1.8729595028982167,-0.42665336858709313,-0.3956699544983684
6.667424199385056,-0.11020775375559674,0.5856030483790996,-0.47010766958349126,-1.0464627355633287,-0.32774946540135635,-0.5496210815947049,-0.23331518486948957,-0.3388616263074406,-0.6267038057704221,1.2525737273156552,-0.11020775375559674,-0.5527051915086619,-0.09529814069846938,-0.8553876860097238,0.6702800625998365,-0.7516416709837335,-0.6236095644623236,0.1469491804436178,0.19601428307463414,1.4184668458483913,-0.3179592448322615,-0.22941573387056183,-0.1966090085915255,-0.42665336858709313,-2.7231402750770073
-0.14998295745037957,-0.11020775375559674,0.5856030483790996,-0.47010766958349126,-1.0464627355633287,-0.32774946540135635,1.8194353045893679,-0.5941385371069716,-0.3388616263074406,-0.6267038057704221,-1.2364778603818776,-0.11020775375559674,-0.5527051915086619,-0.09529814069846938,-0.8553876860097238,0.6702800625998365,1.35921722248802,1.6035674514745464,0.1469491804436178,0.19601428307463414,-0.7049865162000988,0.5100596219184197,-0.22941573387056183,-0.1966090085915255,-0.42665336858709313,-0.3956699544983684
-0.14998295745037957,-0.11020775375559674,0.5856030483790996,-0.47010766958349126,-1.0464627355633287,-0.32774946540135635,-0.5496210815947049,-0.42223350190542075,-0.3388616263074406,-0.6267038057704221,-1.2364778603818776,-0.11020775375559674,1.8092828063916029,-0.09529814069846938,1.8572582527103307,0.6702800625998365,-1.0154990326677027,-0.6236095644623236,0.1469491804436178,0.19601428307463414,1.4184668458483913,-0.3179592448322615,-0.22941573387056183,1.8729595028982167,-0.42665336858709313,0.7680652057909509
-0.14998295745037957,-0.11020775375559674,-0.8969363146059627,-0.47010766958349126,-0.0010454173182450838,-0.32774946540135635,-0.5496210815947049,-0.6621916644444927,-0.3388616263074406,-0.6267038057704221,-0.4897623840726178,-0.11020775375559674,1.8092828063916029,-0.09529814069846938,0.9530429398036458,-1.4919136877222166,-0.6636892170890771,-0.6236095644623236,0.1469491804436178,0.19601428307463414,1.4184668458483913,-0.3179592448322615,-0.22941573387056183,-0.1966090085915255,-0.42665336858709313,-0.3956699544983684
-0.14998295745037957,-0.11020775375559674,0.5856030483790996,-0.47010766958349126,1.0443719009268386,3.051111002653864,-0.5496210815947049,3.166151191662623,-0.3388616263074406,-0.6267038057704221,2.2481943623946683,-0.11020775375559674,-0.5527051915086619,-0.09529814069846938,-0.8553876860097238,0.6702800625998365,1.0953598608040507,-0.6236095644623236,1.677669810064635,0.19601428307463414,1.4184668458483913,-0.3179592448322615,-0.22941573387056183,-1.2313932643363965,-0.42665336858709313,-2.7231402750770073
-0.14998295745037957,-0.11020775375559674,0.5856030483790996,-0.47010766958349126,-0.0010454173182450838,-0.32774946540135635,-0.5496210815947049,0.24589225346555532,-0.3388616263074406,-0.6267038057704221,1.7503840448551617,-0.11020775375559674,-0.5527051915086619,-0.09529814069846938,-0.8553876860097238,0.6702800625998365,-0.13597449372113873,1.6035674514745464,0.1469491804436178,0.19601428307463414,1.4184668458483913,-1.1459781115829426,-0.22941573387056183,-0.1966090085915255,-0.42665336858709313,-0.3956699544983684
-0.14998295745037957,-0.11020775375559674,0.5856030483790996,-0.47010766958349126,-1.0464627355633287,-0.32774946540135635,1.8194353045893679,-0.6955093413701542,-0.3388616263074406,-0.6267038057704221,-0.9046043153555399,-0.11020775375559674,1.8092828063916029,-0.09529814069846938,-0.8553876860097238,0.6702800625998365,-0.7516416709837335,-0.6236095644623236,-1.3837714491773996,0.19601428307463414,-0.7049865162000988,-0.3179592448322615,-0.22941573387056183,-1.2313932643363965,-0.42665336858709313,-0.3956699544983684
-0.14998295745037957,-0.11020775375559674,-2.379475677591025,-0.47010766958349126,-1.0464627355633287,-0.32774946540135635,-0.5496210815947049,-0.6380895151791207,-0.3388616263074406,-0.6267038057704221,-0.4897623840726178,-0.11020775375559674,-0.5527051915086619,-0.09529814069846938,-0.8553876860097238,0.6702800625998365,-0.048022039826482336,1.6035674514745464,0.1469491804436178,0.19601428307463414,-0.7049865162000988,-0.3179592448322615,-0.22941573387056183,-0.1966090085915255,2.3438230508096156,0.7680652057909509
-0.14998295745037957,-0.11020775375559674,0.5856030483790996,-0.47010766958349126,-1.0464627355633287,-0.32774946540135635,-0.5496210815947049,-0.7472580736163943,-0.3388616263074406,1.5956501154012874,-0.738667542842371,-0.11020775375559674,1.8092828063916029,-0.09529814069846938,-0.8553876860097238,0.6702800625998365,0.7435500452254252,-0.6236095644623236,0.1469491804436178,0.19601428307463414,-0.7049865162000988,-0.3179592448322615,-0.22941573387056183,1.8729595028982167,-0.42665336858709313,0.7680652057909509
-0.14998295745037957,-0.11020775375559674,0.5856030483790996,2.1271722728667366,-0.0010454173182450838,-0.32774946540135635,-0.5496210815947049,0.0995071410155749,-0.3388616263074406,-0.6267038057704221,0.2569530922366421,-0.11020775375559674,-0.5527051915086619,-0.09529814069846938,-0.8553876860097238,0.6702800625998365,-0.7516416709837335,-0.6236095644623236,0.1469491804436178,0.19601428307463414,1.4184668458483913,0.5100596219184197,-0.22941573387056183,-0.1966090085915255,-0.42665336858709313,-1.5594051147876877
-0.14998295745037957,9.073771725877465,-2.379475677591025,-0.47010766958349126,1.0443719009268386,-0.32774946540135635,-0.5496210815947049,1.5279139283604204,-0.3388616263074406,-0.6267038057704221,2.2481943623946683,-0.11020775375559674,-0.5527051915086619,-0.09529814069846938,-0.8553876860097238,0.6702800625998365,-0.3998318554051079,-0.6236095644623236,1.677669810064635,0.19601428307463414,-0.7049865162000988,-1.973996978333624,-0.22941573387056183,0.8381752471533456,2.3438230508096156,1.9318003660802703
-0.14998295745037957,-0.11020775375559674,-0.8969363146059627,-0.47010766958349126,-0.0010454173182450838,-0.32774946540135635,-0.5496210815947049,-0.6115062623129015,-0.3388616263074406,-0.6267038057704221,0.2569530922366421,-0.11020775375559674,-0.5527051915086619,-0.09529814069846938,-0.8553876860097238,0.6702800625998365,-1.0154990326677027,1.6035674514745464,-1.3837714491773996,0.19601428307463414,1.4184668458483913,0.5100596219184197,-0.22941573387056183,-0.1966090085915255,-0.42665336858709313,-1.5594051147876877
-0.14998295745037957,-0.11020775375559674,0.5856030483790996,2.1271722728667366,2.0897892191719225,-0.32774946540135635,-0.5496210815947049,-0.14434989861054262,-0.3388616263074406,1.5956501154012874,-0.2408572253028645,-0.11020775375559674,-0.5527051915086619,-0.09529814069846938,-0.8553876860097238,0.6702800625998365,-0.13597449372113873,-0.6236095644623236,-1.3837714491773996,0.19601428307463414,-0.7049865162000988,-0.3179592448322615,-0.22941573387056183,-0.1966090085915255,-0.42665336858709313,-0.3956699544983684
-0.14998295745037957,-0.11020775375559674,0.5856030483790996,-0.47010766958349126,-0.0010454173182450838,-0.32774946540135635,1.8194353045893679,-0.4931221762153386,-0.3388616263074406,-0.6267038057704221,-0.2408572253028645,-0.11020775375559674,-0.5527051915086619,-0.09529814069846938,1.8572582527103307,0.6702800625998365,-0.3118794015104515,1.6035674514745464,1.677669810064635,0.19601428307463414,-0.7049865162000988,0.5100596219184197,-0.22941573387056183,-0.1966090085915255,-0.42665336858709313,0.7680652057909509
-0.14998295745037957,-0.11020775375559674,0.5856030483790996,-0.47010766958349126,1.0443719009268386,-0.32774946540135635,-0.5496210815947049,1.019642133558309,2.951057075706546,-0.6267038057704221,-0.07492045278969563,-0.11020775375559674,-0.5527051915086619,-0.09529814069846938,1.8572582527103307,0.6702800625998365,-0.3998318554051079,-0.6236095644623236,0.1469491804436178,0.19601428307463414,1.4184668458483913,1.3380784886691008,-0.22941573387056183,0.8381752471533456,-0.42665336858709313,-2.7231402750770073
-0.14998295745037957,-0.11020775375559674,-0.8969363146059627,-0.47010766958349126,1.0443719009268386,-0.32774946540135635,-0.5496210815947049,-0.06353680989723623,-0.3388616263074406,-0.6267038057704221,0.2569530922366421,-0.11020775375559674,-0.5527051915086619,-0.09529814069846938,1.8572582527103307,0.6702800625998365,-1.1914039404570154,1.6035674514745464,0.1469491804436178,0.19601428307463414,1.4184668458483913,-1.1459781115829426,-0.22941573387056183,0.8381752471533456,-0.42665336858709313,-0.3956699544983684
-0.14998295745037957,-0.11020775375559674,0.5856030483790996,-0.47010766958349126,-1.0464627355633287,-0.32774946540135635,-0.5496210815947049,-0.4739822341516608,-0.3388616263074406,-0.6267038057704221,-0.738667542842371,-0.11020775375559674,-0.5527051915086619,-0.09529814069846938,-0.8553876860097238,0.6702800625998365,-0.8395941248783899,1.6035674514745464,0.1469491804436178,0.19601428307463414,-0.7049865162000988,1.3380784886691008,-0.22941573387056183,-0.1966090085915255,2.3438230508096156,0.7680652057909509
-0.14998295745037957,-0.11020775375559674,0.5856030483790996,-0.47010766958349126,1.0443719009268386,-0.32774946540135635,-0.5496210815947049,-0.6040629515103602,-0.3388616263074406,-0.6267038057704221,-0.738667542842371,-0.11020775375559674,-0.5527051915086619,-0.09529814069846938,0.9530429398036458,-1.4919136877222166,-1.1914039404570154,1.6035674514745464,0.1469491804436178,0.19601428307463414,1.4184668458483913,-0.3179592448322615,-0.22941573387056183,-0.1966090085915255,-0.42665336858709313,-0.3956699544983684
-0.14998295745037957,-0.11020775375559674,0.5856030483790996,2.1271722728667366,-1.0464627355633287,-0.32774946540135635,-0.5496210815947049,0.17925689961423252,-0.3388616263074406,1.5956501154012874,0.2569530922366421,-0.11020775375559674,-0.5527051915086619,-0.09529814069846938,-0.8553876860097238,0.6702800625998365,1.2712647685933636,-0.6236095644623236,0.1469491804436178,0.19601428307463414,-0.7049865162000988,-0.3179592448322615,-0.22941573387056183,2.9077437586430874,-0.42665336858709313,0.7680652057909509
-0.14998295745037957,-0.11020775375559674,0.5856030483790996,-0.47010766958349126,-1.0464627355633287,-0.32774946540135635,-0.5496210815947049,0.42240505249725085,-0.3388616263074406,-0.6267038057704221,1.2525737273156552,-0.11020775375559674,-0.5527051915086619,-0.09529814069846938,-0.8553876860097238,0.6702800625998365,-0.8395941248783899,1.6035674514745464,1.677669810064635,0.19601428307463414,1.4184668458483913,-0.3179592448322615,-0.22941573387056183,-0.1966090085915255,-0.42665336858709313,1.9318003660802703
-0.14998295745037957,-0.11020775375559674,-2.379475677591025,-0.47010766958349126,1.0443719009268386,-0.32774946540135635,-0.5496210815947049,2.1308221033662718,2.951057075706546,-0.6267038057704221,1.7503840448551617,-0.11020775375559674,-0.5527051915086619,-0.09529814069846938,-0.8553876860097238,0.6702800625998365,1.7110270380666455,-0.6236095644623236,1.677669810064635,0.19601428307463414,-0.7049865162000988,-1.973996978333624,-0.22941573387056183,-0.1966090085915255,2.3438230508096156,-1.5594051147876877
-0.14998295745037957,-0.11020775375559674,0.5856030483790996,2.1271722728667366,-1.0464627355633287,-0.32774946540135635,-0.5496210815947049,0.444734984904875,-0.3388616263074406,1.5956501154012874,0.5058582510063954,-0.11020775375559674,-0.5527051915086619,-0.09529814069846938,-0.8553876860097238,0.6702800625998365,-0.3118794015104515,-0.6236095644623236,-1.3837714491773996,0.19601428307463414,-0.7049865162000988,-1.1459781115829426,-0.22941573387056183,2.9077437586430874,-0.42665336858709313,0.7680652057909509
-0.14998295745037957,9.073771725877465,-2.379475677591025,-0.47010766958349126,1.0443719009268386,-0.32774946540135635,-0.5496210815947049,4.0799062035174645,-0.3388616263074406,-0.6267038057704221,3.2438149974736814,-0.11020775375559674,-0.5527051915086619,-0.09529814069846938,0.9530429398036458,-1.4919136877222166,2.1507893075399274,-0.6236095644623236,1.677669810064635,0.19601428307463414,-0.7049865162000988,1.3380784886691008,-0.22941573387056183,0.8381752471533456,2.3438230508096156,-1.5594051147876877
-0.14998295745037957,-0.11020775375559674,-0.8969363146059627,-0.47010766958349126,1.0443719009268386,-0.32774946540135635,-0.5496210815947049,-0.4629944896336235,-0.3388616263074406,-0.6267038057704221,0.2569530922366421,-0.11020775375559674,1.8092828063916029,-0.09529814069846938,0.9530429398036458,-1.4919136877222166,0.5676451374361124,-0.6236095644623236,0.1469491804436178,0.19601428307463414,1.4184668458483913,-0.3179592448322615,-0.22941573387056183,-1.2313932643363965,-0.42665336858709313,1.9318003660802703
-0.14998295745037957,-0.11020775375559674,0.5856030483790996,-0.47010766958349126,-1.0464627355633287,-0.32774946540135635,-0.5496210815947049,-1.0084828384484417,-0.3388616263074406,-0.6267038057704221,-1.2364778603818776,-0.11020775375559674,-0.5527051915086619,-0.09529814069846938,1.8572582527103307,0.6702800625998365,0.3037877757521432,1.6035674514745464,-1.3837714491773996,0.19601428307463414,1.4184668458483913,1.3380784886691008,-0.22941573387056183,-0.1966090085915255,-0.42665336858709313,-2.7231402750770073
-0.14998295745037957,-0.11020775375559674,-0.8969363146059627,-0.47010766958349126,-0.0010454173182450838,-0.32774946540135635,-0.5496210815947049,-0.7671069024231713,-0.3388616263074406,1.5956501154012874,-0.738667542842371,-0.11020775375559674,-0.5527051915086619,-0.09529814069846938,-0.8553876860097238,0.6702800625998365,-1.3673088482463283,1.6035674514745464,1.677669810064635,0.19601428307463414,-0.7049865162000988,-0.3179592448322615,-0.22941573387056183,-0.1966090085915255,-0.42665336858709313,-0.3956699544983684
-0.14998295745037957,-0.11020775375559674,0.5856030483790996,-0.47010766958349126,1.0443719009268386,-0.32774946540135635,-0.5496210815947049,-0.33397710238957296,-0.3388616263074406,1.5956501154012874,-1.1535094741252931,-0.11020775375559674,-0.5527051915086619,-0.09529814069846938,0.9530429398036458,-1.4919136877222166,0.8315024991200816,1.6035674514745464,0.1469491804436178,0.19601428307463414,-0.7049865162000988,-1.1459781115829426,-0.22941573387056183,-0.1966090085915255,-0.42665336858709313,-0.3956699544983684
-0.14998295745037957,-0.11020775375559674,0.5856030483790996,-0.47010766958349126,-0.0010454173182450838,-0.32774946540135635,-0.5496210815947049,0.2604244316990885,-0.3388616263074406,-0.6267038057704221,0.5888266372629798,-0.11020775375559674,1.8092828063916029,-0.09529814069846938,-0.8553876860097238,0.6702800625998365,0.8315024991200816,-0.6236095644623236,-1.3837714491773996,0.19601428307463414,1.4184668458483913,-0.3179592448322615,-0.22941573387056183,-0.1966090085915255,-0.42665336858709313,-0.3956699544983684
-0.14998295745037957,-0.11020775375559674,0.5856030483790996,2.1271722728667366,-0.0010454173182450838,-0.32774946540135635,-0.5496210815947049,-0.28293725688643206,-0.3388616263074406,-0.6267038057704221,-0.2408572253028645,-0.11020775375559674,-0.5527051915086619,-0.09529814069846938,-0.8553876860097238,0.6702800625998365,-0.9275465787730462,-0.6236095644623236,-2.9144920787984168,0.19601428307463414,1.4184668458483913,-1.973996978333624,-0.22941573387056183,-0.1966090085915255,-0.42665336858709313,-0.3956699544983684
-0.14998295745037957,-0.11020775375559674,0.5856030483790996,-0.47010766958349126,-0.0010454173182450838,-0.32774946540135635,-0.5496210815947049,-0.45874116917502844,-0.3388616263074406,-0.6267038057704221,1.2525737273156552,-0.11020775375559674,-0.5527051915086619,-0.09529814069846938,-0.8553876860097238,0.6702800625998365,0.3917402296467996,-0.6236095644623236,1.677669810064635,0.19601428307463414,-0.7049865162000988,1.3380784886691008,4.358898943540674,-1.2313932643363965,2.3438230508096156,-0.3956699544983684
-0.14998295745037957,-0.11020775375559674,0.5856030483790996,-0.47010766958349126,-0.0010454173182450838,-0.32774946540135635,-0.5496210815947049,-0.6831038233659186,-0.3388616263074406,1.5956501154012874,-0.738667542842371,-0.11020775375559674,1.8092828063916029,-0.09529814069846938,-0.8553876860097238,0.6702800625998365,0.6555975913307688,-0.6236095644623236,-1.3837714491773996,0.19601428307463414,-0.7049865162000988,-0.3179592448322615,-0.22941573387056183,-0.1966090085915255,-0.42665336858709313,1.9318003660802703
-0.14998295745037957,-0.11020775375559674,0.5856030483790996,2.1271722728667366,1.0443719009268386,-0.32774946540135635,-0.5496210815947049,-0.8195645214125105,-0.3388616263074406,-0.6267038057704221,-0.9875727016121243,-0.11020775375559674,-0.5527051915086619,-0.09529814069846938,0.9530429398036458,-1.4919136877222166,-0.5757367631944207,-0.6236095644623236,0.1469491804436178,-5.101669043266824,1.4184668458483913,-0.3179592448322615,-0.22941573387056183,-0.1966090085915255,-0.42665336858709313,-0.3956699544983684
6.667424199385056,-0.11020775375559674,-0.8969363146059627,-0.47010766958349126,1.0443719009268386,-0.32774946540135635,-0.5496210815947049,-0.31448271695434554,-0.3388616263074406,-0.6267038057704221,1.2525737273156552,-0.11020775375559674,-0.5527051915086619,-0.09529814069846938,-0.8553876860097238,0.6702800625998365,-0.22392694761579512,-0.6236095644623236,-1.3837714491773996,0.19601428307463414,-0.7049865162000988,-1.1459781115829426,-0.22941573387056183,-0.1966090085915255,2.3438230508096156,-0.3956699544983684
-0.14998295745037957,-0.11020775375559674,0.5856030483790996,2.1271722728667366,-0.0010454173182450838,-0.32774946540135635,1.8194353045893679,-0.9085298076714574,-0.3388616263074406,-0.6267038057704221,-0.738667542842371,-0.11020775375559674,-0.5527051915086619,-0.09529814069846938,-0.8553876860097238,0.6702800625998365,0.21583532185748686,-0.6236095644623236,-1.3837714491773996,0.19601428307463414,-0.7049865162000988,-0.3179592448322615,-0.22941573387056183,-0.1966090085915255,-0.42665336858709313,-0.3956699544983684
-0.14998295745037957,9.073771725877465,-2.379475677591025,-0.47010766958349126,-0.0010454173182450838,-0.32774946540135635,-0.5496210815947049,-0.7469036302448446,-0.3388616263074406,-0.6267038057704221,-1.0705410878687087,-0.11020775375559674,-0.5527051915086619,-0.09529814069846938,-0.8553876860097238,0.6702800625998365,1.35921722248802,-0.6236095644623236,1.677669810064635,0.19601428307463414,-0.7049865162000988,1.3380784886691008,-0.22941573387056183,-0.1966090085915255,2.3438230508096156,0.7680652057909509
-0.14998295745037957,-0.11020775375559674,0.5856030483790996,-0.47010766958349126,1.0443719009268386,-0.32774946540135635,-0.5496210815947049,-0.7504480639603406,-0.3388616263074406,1.5956501154012874,-0.9875727016121243,-0.11020775375559674,-0.5527051915086619,-0.09529814069846938,-0.8553876860097238,0.6702800625998365,0.12788286796283044,1.6035674514745464,-1.3837714491773996,0.19601428307463414,-0.7049865162000988,1.3380784886691008,-0.22941573387056183,-0.1966090085915255,-0.42665336858709313,0.7680652057909509
-0.14998295745037957,-0.11020775375559674,-2.379475677591025,-0.47010766958349126,-1.0464627355633287,-0.32774946540135635,-0.5496210815947049,0.17216803218324073,-0.3388616263074406,-0.6267038057704221,0.2569530922366421,-0.11020775375559674,1.8092828063916029,-0.09529814069846938,0.9530429398036458,-1.4919136877222166,2.3266942153292405,-0.6236095644623236,0.1469491804436178,0.19601428307463414,-0.7049865162000988,1.3380784886691008,-0.22941573387056183,-0.1966090085915255,2.3438230508096156,-0.3956699544983684
-0.14998295745037957,-0.11020775375559674,-0.8969363146059627,2.1271722728667366,2.0897892191719225,-0.32774946540135635,-0.5496210815947049,0.12254596016629822,-0.3388616263074406,-0.6267038057704221,0.2569530922366421,-0.11020775375559674,-0.5527051915086619,-0.09529814069846938,-0.8553876860097238,0.6702800625998365,-1.3673088482463283,-0.6236095644623236,0.1469491804436178,0.19601428307463414,-0.7049865162000988,1.3380784886691008,-0.22941573387056183,-1.2313932643363965,2.3438230508096156,0.7680652057909509
-0.14998295745037957,-0.11020775375559674,-0.8969363146059627,-0.47010766958349126,-0.0010454173182450838,-0.32774946540135635,-0.5496210815947049,-0.16738871776126593,-0.3388616263074406,1.5956501154012874,-0.9875727016121243,-0.11020775375559674,1.8092828063916029,-0.09529814069846938,-0.8553876860097238,0.6702800625998365,0.03993041406817406,-0.6236095644623236,0.1469491804436178,0.19601428307463414,-0.7049865162000988,-0.3179592448322615,-0.22941573387056183,-0.1966090085915255,-0.42665336858709313,0.7680652057909509
-0.14998295745037957,-0.11020775375559674,-0.8969363146059627,-0.47010766958349126,-1.0464627355633287,-0.32774946540135635,1.8194353045893679,-0.9007320534973665,-0.3388616263074406,-0.6267038057704221,-1.1535094741252931,-0.11020775375559674,-0.5527051915086619,-0.09529814069846938,-0.8553876860097238,0.6702800625998365,0.919454953014738,1.6035674514745464,-1.3837714491773996,0.19601428307463414,-0.7049865162000988,1.3380784886691008,-0.22941573387056183,-1.2313932643363965,-0.42665336858709313,0.7680652057909509
-0.14998295745037957,-0.11020775375559674,0.5856030483790996,2.1271722728667366,-0.0010454173182450838,-0.32774946540135635,1.8194353045893679,-0.8138934274677171,-0.3388616263074406,-0.6267038057704221,-0.4897623840726178,-0.11020775375559674,-0.5527051915086619,-0.09529814069846938,0.048827626896961025,0.6702800625998365,-0.9275465787730462,-0.6236095644623236,0.1469491804436178,0.19601428307463414,-0.7049865162000988,-0.3179592448322615,-0.22941573387056183,-0.1966090085915255,-0.42665336858709313,0.7680652057909509
-0.14998295745037957,-0.11020775375559674,-2.379475677591025,-0.47010766958349126,-1.0464627355633287,-0.32774946540135635,-0.5496210815947049,-0.859616622397614,-0.3388616263074406,-0.6267038057704221,-1.1535094741252931,-0.11020775375559674,-0.5527051915086619,-0.09529814069846938,-0.8553876860097238,0.6702800625998365,0.03993041406817406,1.6035674514745464,0.1469491804436178,0.19601428307463414,-0.7049865162000988,1.3380784886691008,-0.22941573387056183,-1.2313932643363965,2.3438230508096156,1.9318003660802703
-0.14998295745037957,-0.11020775375559674,0.5856030483790996,-0.47010766958349126,1.0443719009268386,3.051111002653864,-0.5496210815947049,-0.3350404325042217,-0.3388616263074406,-0.6267038057704221,-0.4897623840726178,-0.11020775375559674,-0.5527051915086619,-0.09529814069846938,-0.8553876860097238,0.6702800625998365,-0.7516416709837335,-0.6236095644623236,0.1469491804436178,0.19601428307463414,1.4184668458483913,-0.3179592448322615,-0.22941573387056183,1.8729595028982167,-0.42665336858709313,0.7680652057909509
-0.14998295745037957,-0.11020775375559674,-0.8969363146059627,-0.47010766958349126,-1.0464627355633287,-0.32774946540135635,-0.5496210815947049,-0.13123549386320782,2.951057075706546,1.5956501154012874,-0.9046043153555399,-0.11020775375559674,-0.5527051915086619,-0.09529814069846938,0.9530429398036458,-1.4919136877222166,-0.3998318554051079,-0.6236095644623236,0.1469491804436178,0.19601428307463414,-0.7049865162000988,-1.1459781115829426,-0.22941573387056183,-1.2313932643363965,-0.42665336858709313,-0.3956699544983684
-0.14998295745037957,-0.11020775375559674,-2.379475677591025,-0.47010766958349126,-0.0010454173182450838,-0.32774946540135635,-0.5496210815947049,-0.007889200563950694,-0.3388616263074406,-0.6267038057704221,1.2525737273156552,-0.11020775375559674,1.8092828063916029,-0.09529814069846938,-0.8553876860097238,0.6702800625998365,0.3037877757521432,-0.6236095644623236,1.677669810064635,0.19601428307463414,-0.7049865162000988,0.5100596219184197,-0.22941573387056183,-0.1966090085915255,2.3438230508096156,-0.3956699544983684
-0.14998295745037957,-0.11020775375559674,0.5856030483790996,2.1271722728667366,-0.0010454173182450838,-0.32774946540135635,1.8194353045893679,-0.32334380124308526,-0.3388616263074406,-0.6267038057704221,0.2569530922366421,-0.11020775375559674,-0.5527051915086619,-0.09529814069846938,0.048827626896961025,0.6702800625998365,-0.22392694761579512,-0.6236095644623236,0.1469491804436178,0.19601428307463414,-0.7049865162000988,-1.973996978333624,-0.22941573387056183,0.8381752471533456,-0.42665336858709313,-0.3956699544983684
-0.14998295745037957,-0.11020775375559674,0.5856030483790996,-0.47010766958349126,-1.0464627355633287,-0.32774946540135635,-0.5496210815947049,-0.603354064767261,-0.3388616263074406,-0.6267038057704221,-0.4897623840726178,-0.11020775375559674,-0.5527051915086619,-0.09529814069846938,-0.8553876860097238,0.6702800625998365,-0.13597449372113873,1.6035674514745464,-1.3837714491773996,0.19601428307463414,1.4184668458483913,1.3380784886691008,-0.22941573387056183,0.8381752471533456,-0.42665336858709313,-1.5594051147876877
-0.14998295745037957,-0.11020775375559674,0.5856030483790996,2.1271722728667366,-0.0010454173182450838,-0.32774946540135635,-0.5496210815947049,0.3125276073168781,-0.3388616263074406,-0.6267038057704221,-0.2408572253028645,-0.11020775375559674,-0.5527051915086619,-0.09529814069846938,-0.8553876860097238,0.6702800625998365,0.5676451374361124,-0.6236095644623236,0.1469491804436178,0.19601428307463414,1.4184668458483913,-0.3179592448322615,-0.22941573387056183,-0.1966090085915255,-0.42665336858709313,-0.3956699544983684
-0.14998295745037957,-0.11020775375559674,0.5856030483790996,2.1271722728667366,2.0897892191719225,-0.32774946540135635,1.8194353045893679,-0.637026185064472,-0.3388616263074406,-0.6267038057704221,-0.738667542842371,-0.11020775375559674,-0.5527051915086619,-0.09529814069846938,0.9530429398036458,-1.4919136877222166,-0.22392694761579512,-0.6236095644623236,1.677669810064635,0.19601428307463414,-0.7049865162000988,-1.1459781115829426,-0.22941573387056183,-0.1966090085915255,-0.42665336858709313,-0.3956699544983684
-0.14998295745037957,-0.11020775375559674,0.5856030483790996,-0.47010766958349126,-1.0464627355633287,-0.32774946540135635,1.8194353045893679,-0.7018893220580468,-0.3388616263074406,-0.6267038057704221,-0.738667542842371,-0.11020775375559674,-0.5527051915086619,-0.09529814069846938,0.9530429398036458,-1.4919136877222166,-0.048022039826482336,1.6035674514745464,0.1469491804436178,0.19601428307463414,-0.7049865162000988,-0.3179592448322615,-0.22941573387056183,-0.1966090085915255,-0.42665336858709313,0.7680652057909509
-0.14998295745037957,-0.11020775375559674,0.5856030483790996,-0.47010766958349126,1.0443719009268386,-0.32774946540135635,-0.5496210815947049,1.4697852154262876,-0.3388616263074406,1.5956501154012874,3.2438149974736814,-0.11020775375559674,-0.5527051915086619,-0.09529814069846938,-0.8553876860097238,0.6702800625998365,-0.7516416709837335,1.6035674514745464,-1.3837714491773996,0.19601428307463414,-0.7049865162000988,-0.3179592448322615,-0.22941573387056183,-1.2313932643363965,-0.42665336858709313,1.9318003660802703
-0.14998295745037957,-0.11020775375559674,-2.379475677591025,2.1271722728667366,-0.0010454173182450838,-0.32774946540135635,-0.5496210815947049,0.027555136591008247,-0.3388616263074406,-0.6267038057704221,0.2569530922366421,-0.11020775375559674,-0.5527051915086619,-0.09529814069846938,-0.8553876860097238,0.6702800625998365,-0.4877843092997643,-0.6236095644623236,0.1469491804436178,0.19601428307463414,-0.7049865162000988,-1.1459781115829426,-0.22941573387056183,1.8729595028982167,2.3438230508096156,-1.5594051147876877
6.667424199385056,-0.11020775375559674,-2.379475677591025,-0.47010766958349126,-0.0010454173182450838,-0.32774946540135635,-0.5496210815947049,-0.7376881025845553,-0.3388616263074406,-0.6267038057704221,-0.2408572253028645,-0.11020775375559674,-0.5527051915086619,-0.09529814069846938,0.9530429398036458,-1.4919136877222166,1.7110270380666455,-0.6236095644623236,-2.9144920787984168,0.19601428307463414,-0.7049865162000988,-1.973996978333624,-0.22941573387056183,-0.1966090085915255,2.3438230508096156,0.7680652057909509
-0.14998295745037957,-0.11020775375559674,0.5856030483790996,2.1271722728667366,1.0443719009268386,-0.32774946540135635,1.8194353045893679,-0.7004715485718485,-0.3388616263074406,-0.6267038057704221,-0.2408572253028645,-0.11020775375559674,-0.5527051915086619,-0.09529814069846938,0.9530429398036458,-1.4919136877222166,-0.7516416709837335,-0.6236095644623236,0.1469491804436178,0.19601428307463414,-0.7049865162000988,-1.1459781115829426,-0.22941573387056183,-0.1966090085915255,-0.42665336858709313,0.7680652057909509
-0.14998295745037957,-0.11020775375559674,0.5856030483790996,-0.47010766958349126,-0.0010454173182450838,-0.32774946540135635,-0.5496210815947049,-0.67317940896253,-0.3388616263074406,-0.6267038057704221,-0.738667542842371,-0.11020775375559674,1.8092828063916029,-0.09529814069846938,0.048827626896961025,0.6702800625998365,0.03993041406817406,-0.6236095644623236,0.1469491804436178,0.19601428307463414,1.4184668458483913,0.5100596219184197,-0.22941573387056183,-0.1966090085915255,-0.42665336858709313,-0.3956699544983684
-0.14998295745037957,-0.11020775375559674,-0.8969363146059627,-0.47010766958349126,1.0443719009268386,-0.32774946540135635,1.8194353045893679,-0.6090251587120543,-0.3388616263074406,-0.6267038057704221,0.2569530922366421,-0.11020775375559674,-0.5527051915086619,-0.09529814069846938,0.9530429398036458,-1.4919136877222166,-1.103451486562359,1.6035674514745464,0.1469491804436178,0.19601428307463414,-0.7049865162000988,0.5100596219184197,-0.22941573387056183,0.8381752471533456,-0.42665336858709313,1.9318003660802703
-0.14998295745037957,-0.11020775375559674,0.5856030483790996,-0.47010766958349126,-1.0464627355633287,3.051111002653864,-0.5496210815947049,-0.31767270729829183,-0.3388616263074406,-0.6267038057704221,0.2569530922366421,-0.11020775375559674,-0.5527051915086619,-0.09529814069846938,-0.8553876860097238,0.6702800625998365,0.7435500452254252,-0.6236095644623236,0.1469491804436178,0.19601428307463414,1.4184668458483913,-0.3179592448322615,-0.22941573387056183,1.8729595028982167,-0.42665336858709313,1.9318003660802703
-0.14998295745037957,-0.11020775375559674,0.5856030483790996,-0.47010766958349126,-0.0010454173182450838,-0.32774946540135635,-0.5496210815947049,0.08426607603894255,-0.3388616263074406,1.5956501154012874,-0.2408572253028645,-0.11020775375559674,-0.5527051915086619,-0.09529814069846938,0.9530429398036458,-1.4919136877222166,-0.9275465787730462,1.6035674514745464,0.1469491804436178,0.19601428307463414,-0.7049865162000988,0.5100596219184197,-0.22941573387056183,-0.1966090085915255,-0.42665336858709313,-0.3956699544983684
6.667424199385056,-0.11020775375559674,0.5856030483790996,-0.47010766958349126,1.0443719009268386,-0.32774946540135635,-0.5496210815947049,-0.6228484502024884,-0.3388616263074406,1.5956501154012874,-0.4897623840726178,-0.11020775375559674,-0.5527051915086619,-0.09529814069846938,-0.8553876860097238,0.6702800625998365,-1.1914039404570154,-0.6236095644623236,0.1469491804436178,0.19601428307463414,-0.7049865162000988,-0.3179592448322615,-0.22941573387056183,0.8381752471533456,-0.42665336858709313,-0.3956699544983684
-0.14998295745037957,-0.11020775375559674,0.5856030483790996,-0.47010766958349126,1.0443719009268386,-0.32774946540135635,-0.5496210815947049,-0.35205371433860205,-0.3388616263074406,-0.6267038057704221,-0.2408572253028645,-0.11020775375559674,1.8092828063916029,-0.09529814069846938,0.9530429398036458,-1.4919136877222166,-0.6636892170890771,-0.6236095644623236,0.1469491804436178,0.19601428307463414,1.4184668458483913,-1.1459781115829426,-0.22941573387056183,0.8381752471533456,-0.42665336858709313,-2.7231402750770073
-0.14998295745037957,-0.11020775375559674,0.5856030483790996,2.1271722728667366,2.0897892191719225,-0.32774946540135635,-0.5496210815947049,-0.4771722244956071,-0.3388616263074406,1.5956501154012874,0.2569530922366421,-0.11020775375559674,-0.5527051915086619,-0.09529814069846938,-0.8553876860097238,0.6702800625998365,-0.8395941248783899,-0.6236095644623236,0.1469491804436178,0.19601428307463414,-0.7049865162000988,-0.3179592448322615,-0.22941573387056183,-0.1966090085915255,-0.42665336858709313,-0.3956699544983684
-0.14998295745037957,-0.11020775375559674,0.5856030483790996,2.1271722728667366,-1.0464627355633287,-0.32774946540135635,1.8194353045893679,-0.5976829708224675,-0.3388616263074406,-0.6267038057704221,0.2569530922366421,-0.11020775375559674,-0.5527051915086619,-0.09529814069846938,-0.8553876860097238,0.6702800625998365,0.3917402296467996,-0.6236095644623236,0.1469491804436178,0.19601428307463414,-0.7049865162000988,0.5100596219184197,-0.22941573387056183,-0.1966090085915255,-0.42665336858709313,0.7680652057909509
-0.14998295745037957,-0.11020775375559674,0.5856030483790996,-0.47010766958349126,-1.0464627355633287,-0.32774946540135635,-0.5496210815947049,0.12396373365249658,-0.3388616263074406,-0.6267038057704221,0.2569530922366421,-0.11020775375559674,-0.5527051915086619,-0.09529814069846938,-0.8553876860097238,0.6702800625998365,-0.3998318554051079,1.6035674514745464,0.1469491804436178,0.19601428307463414,1.4184668458483913,1.3380784886691008,-0.22941573387056183,0.8381752471533456,-0.42665336858709313,-0.3956699544983684
-0.14998295745037957,-0.11020775375559674,0.5856030483790996,-0.47010766958349126,-1.0464627355633287,-0.32774946540135635,-0.5496210815947049,-0.20354194165932407,-0.3388616263074406,1.5956501154012874,-0.9875727016121243,-0.11020775375559674,-0.5527051915086619,-0.09529814069846938,-0.8553876860097238,0.6702800625998365,-0.3118794015104515,1.6035674514745464,0.1469491804436178,0.19601428307463414,-0.7049865162000988,-0.3179592448322615,-0.22941573387056183,-0.1966090085915255,-0.42665336858709313,-0.3956699544983684
-0.14998295745037957,-0.11020775375559674,0.5856030483790996,-0.47010766958349126,1.0443719009268386,-0.32774946540135635,-0.5496210815947049,-0.4406645572259994,2.951057075706546,-0.6267038057704221,-0.738667542842371,-0.11020775375559674,-0.5527051915086619,-0.09529814069846938,-0.8553876860097238,0.6702800625998365,-0.4877843092997643,-0.6236095644623236,0.1469491804436178,0.19601428307463414,1.4184668458483913,-0.3179592448322615,-0.22941573387056183,-1.2313932643363965,-0.42665336858709313,-0.3956699544983684
-0.14998295745037957,-0.11020775375559674,0.5856030483790996,-0.47010766958349126,-1.0464627355633287,-0.32774946540135635,-0.5496210815947049,0.8860169824841139,-0.3388616263074406,-0.6267038057704221,0.7547634097761486,-0.11020775375559674,-0.5527051915086619,-0.09529814069846938,0.9530429398036458,-1.4919136877222166,-0.9275465787730462,1.6035674514745464,0.1469491804436178,0.19601428307463414,1.4184668458483913,0.5100596219184197,-0.22941573387056183,-0.1966090085915255,-0.42665336858709313,0.7680652057909509
-0.14998295745037957,-0.11020775375559674,-0.8969363146059627,-0.47010766958349126,-1.0464627355633287,-0.32774946540135635,-0.5496210815947049,2.9485229615311748,2.951057075706546,-0.6267038057704221,2.2481943623946683,-0.11020775375559674,-0.5527051915086619,-0.09529814069846938,0.9530429398036458,-1.4919136877222166,-1.0154990326677027,-0.6236095644623236,-1.3837714491773996,0.19601428307463414,1.4184668458483913,-0.3179592448322615,-0.22941573387056183,0.8381752471533456,-0.42665336858709313,0.7680652057909509
-0.14998295745037957,-0.11020775375559674,-0.8969363146059627,2.1271722728667366,-1.0464627355633287,-0.32774946540135635,1.8194353045893679,-0.7135859533191833,-0.3388616263074406,-0.6267038057704221,-0.738667542842371,-0.11020775375559674,-0.5527051915086619,-0.09529814069846938,0.9530429398036458,-1.4919136877222166,-1.1914039404570154,-0.6236095644623236,-1.3837714491773996,0.19601428307463414,-0.7049865162000988,-1.1459781115829426,-0.22941573387056183,-0.1966090085915255,-0.42665336858709313,0.7680652057909509
-0.14998295745037957,-0.11020775375559674,0.5856030483790996,-0.47010766958349126,-1.0464627355633287,-0.32774946540135635,-0.5496210815947049,-0.6600650042151952,-0.3388616263074406,1.5956501154012874,-0.6556991565857866,-0.11020775375559674,-0.5527051915086619,-0.09529814069846938,0.9530429398036458,-1.4919136877222166,2.502599123118553,1.6035674514745464,0.1469491804436178,0.19601428307463414,-0.7049865162000988,-1.973996978333624,-0.22941573387056183,0.8381752471533456,-0.42665336858709313,-0.3956699544983684
-0.14998295745037957,-0.11020775375559674,0.5856030483790996,-0.47010766958349126,-1.0464627355633287,-0.32774946540135635,-0.5496210815947049,-0.4580322824319293,-0.3388616263074406,-0.6267038057704221,-0.4897623840726178,-0.11020775375559674,-0.5527051915086619,-0.09529814069846938,-0.8553876860097238,0.6702800625998365,-0.048022039826482336,1.6035674514745464,0.1469491804436178,0.19601428307463414,1.4184668458483913,1.3380784886691008,-0.22941573387056183,-1.2313932643363965,-0.42665336858709313,-0.3956699544983684
-0.14998295745037957,-0.11020775375559674,0.5856030483790996,-0.47010766958349126,-0.0010454173182450838,-0.32774946540135635,-0.5496210815947049,2.6408661150261312,-0.3388616263074406,1.5956501154012874,2.165225976138084,-0.11020775375559674,1.8092828063916029,-0.09529814069846938,0.9530429398036458,-1.4919136877222166,-0.048022039826482336,-0.6236095644623236,-1.3837714491773996,0.19601428307463414,-0.7049865162000988,-1.1459781115829426,-0.22941573387056183,-0.1966090085915255,-0.42665336858709313,-0.3956699544983684
-0.14998295745037957,-0.11020775375559674,0.5856030483790996,-0.47010766958349126,-1.0464627355633287,3.051111002653864,-0.5496210815947049,-0.6129240357990998,-0.3388616263074406,-0.6267038057704221,-0.738667542842371,-0.11020775375559674,-0.5527051915086619,-0.09529814069846938,-0.8553876860097238,0.6702800625998365,0.03993041406817406,-0.6236095644623236,0.1469491804436178,0.19601428307463414,1.4184668458483913,0.5100596219184197,-0.22941573387056183,-0.1966090085915255,-0.42665336858709313,-0.3956699544983684
-0.14998295745037957,-0.11020775375559674,0.5856030483790996,2.1271722728667366,1.0443719009268386,-0.32774946540135635,1.8194353045893679,0.19875128504945994,-0.3388616263074406,-0.6267038057704221,0.7547634097761486,-0.11020775375559674,-0.5527051915086619,-0.09529814069846938,1.8572582527103307,0.6702800625998365,-1.1914039404570154,-0.6236095644623236,0.1469491804436178,0.19601428307463414,-0.7049865162000988,-1.1459781115829426,-0.22941573387056183,-0.1966090085915255,-0.42665336858709313,-0.3956699544983684
-0.14998295745037957,-0.11020775375559674,0.5856030483790996,-0.47010766958349126,-0.0010454173182450838,-0.32774946540135635,-0.5496210815947049,-0.9017953836120153,-0.3388616263074406,-0.6267038057704221,-0.738667542842371,-0.11020775375559674,-0.5527051915086619,-0.09529814069846938,1.8572582527103307,0.6702800625998365,-0.22392694761579512,1.6035674514745464,-1.3837714491773996,0.19601428307463414,-0.7049865162000988,-1.1459781115829426,-0.22941573387056183,0.8381752471533456,2.3438230508096156,-0.3956699544983684
-0.14998295745037957,-0.11020775375559674,0.5856030483790996,-0.47010766958349126,-0.0010454173182450838,-0.32774946540135635,1.8194353045893679,0.5375991482508674,2.951057075706546,-0.6267038057704221,2.2481943623946683,-0.11020775375559674,-0.5527051915086619,-0.09529814069846938,-0.8553876860097238,0.6702800625998365,-0.8395941248783899,-0.6236095644623236,0.1469491804436178,0.19601428307463414,-0.7049865162000988,0.5100596219184197,-0.22941573387056183,-0.1966090085915255,-0.42665336858709313,-0.3956699544983684
-0.14998295745037957,-0.11020775375559674,-2.379475677591025,-0.47010766958349126,1.0443719009268386,-0.32774946540135635,-0.5496210815947049,3.153745673658387,-0.3388616263074406,-0.6267038057704221,2.2481943623946683,-0.11020775375559674,1.8092828063916029,-0.09529814069846938,-0.8553876860097238,0.6702800625998365,0.03993041406817406,-0.6236095644623236,1.677669810064635,0.19601428307463414,-0.7049865162000988,-1.973996978333624,-0.22941573387056183,-1.2313932643363965,2.3438230508096156,-1.5594051147876877
-0.14998295745037957,-0.11020775375559674,0.5856030483790996,2.1271722728667366,-1.0464627355633287,-0.32774946540135635,1.8194353045893679,-0.4406645572259994,-0.3388616263074406,-0.6267038057704221,0.2569530922366421,-0.11020775375559674,-0.5527051915086619,-0.09529814069846938,-0.8553876860097238,0.6702800625998365,-0.4877843092997643,-0.6236095644623236,-1.3837714491773996,0.19601428307463414,-0.7049865162000988,0.5100596219184197,-0.22941573387056183,-0.1966090085915255,-0.42665336858709313,0.7680652057909509
-0.14998295745037957,-0.11020775375559674,-2.379475677591025,-0.47010766958349126,-0.0010454173182450838,-0.32774946540135635,-0.5496210815947049,0.04066954133834306,2.951057075706546,-0.6267038057704221,-0.738667542842371,-0.11020775375559674,-0.5527051915086619,-0.09529814069846938,-0.8553876860097238,0.6702800625998365,-0.048022039826482336,-0.6236095644623236,0.1469491804436178,0.19601428307463414,-0.7049865162000988,1.3380784886691008,-0.22941573387056183,-0.1966090085915255,2.3438230508096156,-0.3956699544983684
-0.14998295745037957,-0.11020775375559674,-2.379475677591025,-0.47010766958349126,-1.0464627355633287,-0.32774946540135635,-0.5496210815947049,-0.6986993317141005,2.951057075706546,-0.6267038057704221,-0.4897623840726178,-0.11020775375559674,-0.5527051915086619,-0.09529814069846938,-0.8553876860097238,0.6702800625998365,0.8315024991200816,-0.6236095644623236,0.1469491804436178,0.19601428307463414,-0.7049865162000988,1.3380784886691008,-0.22941573387056183,-1.2313932643363965,2.3438230508096156,-0.3956699544983684
-0.14998295745037957,-0.11020775375559674,0.5856030483790996,-0.47010766958349126,-0.0010454173182450838,-0.32774946540135635,-0.5496210815947049,-0.6827493799943689,-0.3388616263074406,1.5956501154012874,-0.2408572253028645,-0.11020775375559674,-0.5527051915086619,-0.09529814069846938,1.8572582527103307,0.6702800625998365,-0.8395941248783899,1.6035674514745464,0.1469491804436178,0.19601428307463414,-0.7049865162000988,-0.3179592448322615,-0.22941573387056183,-0.1966090085915255,-0.42665336858709313,-0.3956699544983684
-0.14998295745037957,-0.11020775375559674,-2.379475677591025,-0.47010766958349126,-0.0010454173182450838,-0.32774946540135635,-0.5496210815947049,-0.6554572403850506,-0.3388616263074406,-0.6267038057704221,-0.9875727016121243,-0.11020775375559674,1.8092828063916029,-0.09529814069846938,-0.8553876860097238,0.6702800625998365,-0.7516416709837335,-0.6236095644623236,1.677669810064635,0.19601428307463414,-0.7049865162000988,-1.1459781115829426,-0.22941573387056183,-0.1966090085915255,2.3438230508096156,-0.3956699544983684
-0.14998295745037957,-0.11020775375559674,0.5856030483790996,-0.47010766958349126,-1.0464627355633287,3.051111002653864,-0.5496210815947049,-0.7780946469412086,-0.3388616263074406,1.5956501154012874,-0.738667542842371,-0.11020775375559674,-0.5527051915086619,-0.09529814069846938,1.8572582527103307,0.6702800625998365,-0.8395941248783899,-0.6236095644623236,0.1469491804436178,-5.101669043266824,-0.7049865162000988,-0.3179592448322615,-0.22941573387056183,-0.1966090085915255,-0.42665336858709313,-0.3956699544983684
-0.14998295745037957,-0.11020775375559674,0.5856030483790996,-0.47010766958349126,-1.0464627355633287,-0.32774946540135635,-0.5496210815947049,-0.9758740482658794,-0.3388616263074406,1.5956501154012874,-1.2364778603818776,-0.11020775375559674,-0.5527051915086619,-0.09529814069846938,0.9530429398036458,-1.4919136877222166,-0.5757367631944207,1.6035674514745464,0.1469491804436178,0.19601428307463414,-0.7049865162000988,-0.3179592448322615,-0.22941573387056183,-0.1966090085915255,-0.42665336858709313,-0.3956699544983684
-0.14998295745037957,-0.11020775375559674,0.5856030483790996,-0.47010766958349126,-1.0464627355633287,-0.32774946540135635,-0.5496210815947049,-0.2457207028737252,-0.3388616263074406,-0.6267038057704221,0.2569530922366421,-0.11020775375559674,-0.5527051915086619,-0.09529814069846938,-0.8553876860097238,0.6702800625998365,-0.13597449372113873,1.6035674514745464,0.1469491804436178,0.19601428307463414,1.4184668458483913,1.3380784886691008,-0.22941573387056183,2.9077437586430874,-0.42665336858709313,0.7680652057909509
-0.14998295745037957,-0.11020775375559674,0.5856030483790996,-0.47010766958349126,-1.0464627355633287,-0.32774946540135635,-0.5496210815947049,2.7585413143805946,2.951057075706546,-0.6267038057704221,1.2525737273156552,-0.11020775375559674,-0.5527051915086619,-0.09529814069846938,-0.8553876860097238,0.6702800625998365,-0.4877843092997643,-0.6236095644623236,1.677669810064635,0.19601428307463414,1.4184668458483913,-0.3179592448322615,-0.22941573387056183,-1.2313932643363965,-0.42665336858709313,0.7680652057909509
-0.14998295745037957,-0.11020775375559674,0.5856030483790996,-0.47010766958349126,-1.0464627355633287,-0.32774946540135635,-0.5496210815947049,-0.6696349752470342,-0.3388616263074406,-0.6267038057704221,-1.2364778603818776,-0.11020775375559674,-0.5527051915086619,-0.09529814069846938,0.9530429398036458,-1.4919136877222166,-0.6636892170890771,1.6035674514745464,0.1469491804436178,0.19601428307463414,1.4184668458483913,-0.3179592448322615,-0.22941573387056183,-0.1966090085915255,-0.42665336858709313,0.7680652057909509
-0.14998295745037957,-0.11020775375559674,0.5856030483790996,-0.47010766958349126,-1.0464627355633287,-0.32774946540135635,-0.5496210815947049,-0.3899791550944081,-0.3388616263074406,-0.6267038057704221,-0.738667542842371,-0.11020775375559674,-0.5527051915086619,-0.09529814069846938,0.9530429398036458,-1.4919136877222166,-0.5757367631944207,1.6035674514745464,0.1469491804436178,0.19601428307463414,1.4184668458483913,-1.1459781115829426,-0.22941573387056183,-0.1966090085915255,-0.42665336858709313,-0.3956699544983684
-0.14998295745037957,-0.11020775375559674,0.5856030483790996,2.1271722728667366,-0.0010454173182450838,-0.32774946540135635,1.8194353045893679,1.5771815570058132,-0.3388616263074406,-0.6267038057704221,0.2569530922366421,-0.11020775375559674,-0.5527051915086619,-0.09529814069846938,0.9530429398036458,-1.4919136877222166,-0.4877843092997643,-0.6236095644623236,0.1469491804436178,-5.101669043266824,-0.7049865162000988,-1.1459781115829426,-0.22941573387056183,-1.2313932643363965,-0.42665336858709313,-0.3956699544983684
-0.14998295745037957,-0.11020775375559674,0.5856030483790996,-0.47010766958349126,1.0443719009268386,-0.32774946540135635,-0.5496210815947049,0.9547789965647342,2.951057075706546,-0.6267038057704221,0.5058582510063954,-0.11020775375559674,-0.5527051915086619,-0.09529814069846938,-0.8553876860097238,0.6702800625998365,-0.4877843092997643,-0.6236095644623236,1.677669810064635,0.19601428307463414,1.4184668458483913,1.3380784886691008,-0.22941573387056183,-0.1966090085915255,-0.42665336858709313,1.9318003660802703
-0.14998295745037957,-0.11020775375559674,0.5856030483790996,-0.47010766958349126,-1.0464627355633287,3.051111002653864,1.8194353045893679,0.3075654001151839,-0.3388616263074406,-0.6267038057704221,0.2569530922366421,-0.11020775375559674,-0.5527051915086619,-0.09529814069846938,-0.8553876860097238,0.6702800625998365,-0.7516416709837335,-0.6236095644623236,-1.3837714491773996,0.19601428307463414,-0.7049865162000988,-0.3179592448322615,-0.22941573387056183,0.8381752471533456,-0.42665336858709313,0.7680652057909509
-0.14998295745037957,-0.11020775375559674,0.5856030483790996,2.1271722728667366,-0.0010454173182450838,-0.32774946540135635,1.8194353045893679,1.276259134560212,-0.3388616263074406,-0.6267038057704221,0.2569530922366421,-0.11020775375559674,-0.5527051915086619,-0.09529814069846938,0.048827626896961025,0.6702800625998365,1.7110270380666455,-0.6236095644623236,0.1469491804436178,0.19601428307463414,-0.7049865162000988,-1.1459781115829426,-0.22941573387056183,-0.1966090085915255,-0.42665336858709313,-1.5594051147876877
-0.14998295745037957,-0.11020775375559674,0.5856030483790996,-0.47010766958349126,-1.0464627355633287,-0.32774946540135635,-0.5496210815947049,-0.6221395634593891,-0.3388616263074406,1.5956501154012874,0.2569530922366421,-0.11020775375559674,-0.5527051915086619,-0.09529814069846938,0.9530429398036458,-1.4919136877222166,0.6555975913307688,1.6035674514745464,-1.3837714491773996,0.19601428307463414,-0.7049865162000988,-0.3179592448322615,-0.22941573387056183,2.9077437586430874,-0.42665336858709313,0.7680652057909509
-0.14998295745037957,-0.11020775375559674,0.5856030483790996,-0.47010766958349126,2.0897892191719225,-0.32774946540135635,-0.5496210815947049,-0.46441226311982187,-0.3388616263074406,-0.6267038057704221,-0.2408572253028645,-0.11020775375559674,1.8092828063916029,-0.09529814069846938,0.9530429398036458,-1.4919136877222166,-1.103451486562359,-0.6236095644623236,1.677669810064635,0.19601428307463414,1.4184668458483913,1.3380784886691008,-0.22941573387056183,-0.1966090085915255,-0.42665336858709313,-0.3956699544983684
-0.14998295745037957,-0.11020775375559674,0.5856030483790996,-0.47010766958349126,-1.0464627355633287,-0.32774946540135635,1.8194353045893679,-0.6657360981599887,-0.3388616263074406,-0.6267038057704221,-0.738667542842371,-0.11020775375559674,-0.5527051915086619,-0.09529814069846938,-0.8553876860097238,0.6702800625998365,1.0074074069093943,-0.6236095644623236,0.1469491804436178,0.19601428307463414,-0.7049865162000988,1.3380784886691008,4.358898943540674,-0.1966090085915255,-0.42665336858709313,-0.3956699544983684
-0.14998295745037957,-0.11020775375559674,-2.379475677591025,2.1271722728667366,-0.0010454173182450838,-0.32774946540135635,1.8194353045893679,1.634246939825297,-0.3388616263074406,-0.6267038057704221,1.7503840448551617,-0.11020775375559674,-0.5527051915086619,-0.09529814069846938,-0.8553876860097238,0.6702800625998365,0.8315024991200816,-0.6236095644623236,0.1469491804436178,0.19601428307463414,-0.7049865162000988,0.5100596219184197,-0.22941573387056183,-0.1966090085915255,-0.42665336858709313,-0.3956699544983684
-0.14998295745037957,-0.11020775375559674,-0.8969363146059627,-0.47010766958349126,-0.0010454173182450838,-0.32774946540135635,-0.5496210815947049,-0.7366247724699065,-0.3388616263074406,-0.6267038057704221,0.2569530922366421,-0.11020775375559674,1.8092828063916029,-0.09529814069846938,0.9530429398036458,-1.4919136877222166,-0.5757367631944207,-0.6236095644623236,-2.9144920787984168,0.19601428307463414,-0.7049865162000988,-1.973996978333624,-0.22941573387056183,-0.1966090085915255,2.3438230508096156,-1.5594051147876877
-0.14998295745037957,-0.11020775375559674,0.5856030483790996,-0.47010766958349126,-1.0464627355633287,-0.32774946540135635,-0.5496210815947049,-0.6852304835952161,-0.3388616263074406,1.5956501154012874,-1.2364778603818776,9.073771725877465,-0.5527051915086619,-0.09529814069846938,0.048827626896961025,0.6702800625998365,2.3266942153292405,-0.6236095644623236,0.1469491804436178,0.19601428307463414,-0.7049865162000988,-0.3179592448322615,-0.22941573387056183,1.8729595028982167,-0.42665336858709313,-0.3956699544983684
-0.14998295745037957,-0.11020775375559674,-0.8969363146059627,-0.47010766958349126,-1.0464627355633287,-0.32774946540135635,-0.5496210815947049,0.21151124642524516,2.951057075706546,-0.6267038057704221,0.2569530922366421,-0.11020775375559674,-0.5527051915086619,-0.09529814069846938,0.9530429398036458,-1.4919136877222166,0.479692683541456,-0.6236095644623236,1.677669810064635,0.19601428307463414,1.4184668458483913,1.3380784886691008,-0.22941573387056183,-0.1966090085915255,-0.42665336858709313,0.7680652057909509
-0.14998295745037957,-0.11020775375559674,-0.8969363146059627,2.1271722728667366,-1.0464627355633287,-0.32774946540135635,-0.5496210815947049,-0.9464552484272635,-0.3388616263074406,1.5956501154012874,-1.4024146328950464,-0.11020775375559674,-0.5527051915086619,-0.09529814069846938,0.9530429398036458,-1.4919136877222166,-1.103451486562359,-0.6236095644623236,-1.3837714491773996,0.19601428307463414,-0.7049865162000988,-1.1459781115829426,-0.22941573387056183,-0.1966090085915255,-0.42665336858709313,-0.3956699544983684
-0.14998295745037957,-0.11020775375559674,0.5856030483790996,-0.47010766958349126,-0.0010454173182450838,-0.32774946540135635,-0.5496210815947049,0.512079225499297,-0.3388616263074406,1.5956501154012874,-1.2364778603818776,-0.11020775375559674,1.8092828063916029,-0.09529814069846938,-0.8553876860097238,0.6702800625998365,0.7435500452254252,-0.6236095644623236,-1.3837714491773996,0.19601428307463414,-0.7049865162000988,-1.1459781115829426,-0.22941573387056183,-1.2313932643363965,-0.42665336858709313,0.7680652057909509
-0.14998295745037957,-0.11020775375559674,0.5856030483790996,-0.47010766958349126,1.0443719009268386,-0.32774946540135635,-0.5496210815947049,1.1100251933034544,-0.3388616263074406,-0.6267038057704221,0.2569530922366421,-0.11020775375559674,-0.5527051915086619,-0.09529814069846938,-0.8553876860097238,0.6702800625998365,-0.22392694761579512,1.6035674514745464,0.1469491804436178,0.19601428307463414,1.4184668458483913,-1.1459781115829426,-0.22941573387056183,-0.1966090085915255,-0.42665336858709313,1.9318003660802703
-0.14998295745037957,-0.11020775375559674,-2.379475677591025,-0.47010766958349126,-1.0464627355633287,-0.32774946540135635,-0.5496210815947049,0.5014459243528093,2.951057075706546,-0.6267038057704221,1.2525737273156552,-0.11020775375559674,-0.5527051915086619,-0.09529814069846938,-0.8553876860097238,0.6702800625998365,-0.3118794015104515,-0.6236095644623236,1.677669810064635,0.19601428307463414,-0.7049865162000988,-0.3179592448322615,-0.22941573387056183,-0.1966090085915255,2.3438230508096156,-0.3956699544983684
6.667424199385056,-0.11020775375559674,-2.379475677591025,-0.47010766958349126,-1.0464627355633287,-0.32774946540135635,-0.5496210815947049,-0.6083162719689552,-0.3388616263074406,-0.6267038057704221,-0.738667542842371,-0.11020775375559674,-0.5527051915086619,-0.09529814069846938,-0.8553876860097238,0.6702800625998365,1.7110270380666455,-0.6236095644623236,0.1469491804436178,0.19601428307463414,-0.7049865162000988,1.3380784886691008,-0.22941573387056183,2.9077437586430874,2.3438230508096156,1.9318003660802703
-0.14998295745037957,-0.11020775375559674,-0.8969363146059627,-0.47010766958349126,1.0443719009268386,3.051111002653864,-0.5496210815947049,-0.861388839255362,-0.3388616263074406,1.5956501154012874,-0.738667542842371,-0.11020775375559674,-0.5527051915086619,-0.09529814069846938,0.9530429398036458,-1.4919136877222166,-1.103451486562359,-0.6236095644623236,-1.3837714491773996,0.19601428307463414,-0.7049865162000988,0.5100596219184197,-0.22941573387056183,0.8381752471533456,-0.42665336858709313,-0.3956699544983684
-0.14998295745037957,-0.11020775375559674,0.5856030483790996,2.1271722728667366,-0.0010454173182450838,-0.32774946540135635,-0.5496210815947049,0.4649382570832016,-0.3388616263074406,1.5956501154012874,0.7547634097761486,-0.11020775375559674,-0.5527051915086619,-0.09529814069846938,0.048827626896961025,0.6702800625998365,-0.3118794015104515,-0.6236095644623236,0.1469491804436178,0.19601428307463414,-0.7049865162000988,-0.3179592448322615,-0.22941573387056183,-0.1966090085915255,-0.42665336858709313,-2.7231402750770073
-0.14998295745037957,-0.11020775375559674,0.5856030483790996,-0.47010766958349126,-0.0010454173182450838,-0.32774946540135635,-0.5496210815947049,-0.9081753642999079,-0.3388616263074406,1.5956501154012874,-0.738667542842371,-0.11020775375559674,-0.5527051915086619,-0.09529814069846938,-0.8553876860097238,0.6702800625998365,1.8869319458559584,1.6035674514745464,-1.3837714491773996,0.19601428307463414,-0.7049865162000988,1.3380784886691008,-0.22941573387056183,-0.1966090085915255,-0.42665336858709313,-0.3956699544983684
-0.14998295745037957,-0.11020775375559674,0.5856030483790996,-0.47010766958349126,-0.0010454173182450838,-0.32774946540135635,1.8194353045893679,-0.40770132367188755,-0.3388616263074406,-0.6267038057704221,-0.738667542842371,-0.11020775375559674,1.8092828063916029,-0.09529814069846938,-0.8553876860097238,0.6702800625998365,-0.4877843092997643,-0.6236095644623236,0.1469491804436178,0.19601428307463414,-0.7049865162000988,-0.3179592448322615,-0.22941573387056183,-0.1966090085915255,-0.42665336858709313,0.7680652057909509
-0.14998295745037957,-0.11020775375559674,0.5856030483790996,2.1271722728667366,1.0443719009268386,-0.32774946540135635,1.8194353045893679,-0.8340966996460436,-0.3388616263074406,-0.6267038057704221,-0.9875727016121243,-0.11020775375559674,-0.5527051915086619,-0.09529814069846938,0.9530429398036458,-1.4919136877222166,-0.4877843092997643,-0.6236095644623236,0.1469491804436178,0.19601428307463414,-0.7049865162000988,-0.3179592448322615,-0.22941573387056183,-0.1966090085915255,-0.42665336858709313,-0.3956699544983684
-0.14998295745037957,-0.11020775375559674,-2.379475677591025,-0.47010766958349126,1.0443719009268386,-0.32774946540135635,-0.5496210815947049,-0.18121200925169992,2.951057075706546,-0.6267038057704221,0.2569530922366421,-0.11020775375559674,-0.5527051915086619,-0.09529814069846938,-0.8553876860097238,0.6702800625998365,0.03993041406817406,-0.6236095644623236,0.1469491804436178,0.19601428307463414,-0.7049865162000988,1.3380784886691008,-0.22941573387056183,-1.2313932643363965,2.3438230508096156,-0.3956699544983684
-0.14998295745037957,-0.11020775375559674,0.5856030483790996,2.1271722728667366,-1.0464627355633287,-0.32774946540135635,-0.5496210815947049,-0.5441620217184795,-0.3388616263074406,1.5956501154012874,-0.738667542842371,-0.11020775375559674,-0.5527051915086619,-0.09529814069846938,0.9530429398036458,-1.4919136877222166,-0.3998318554051079,-0.6236095644623236,-1.3837714491773996,0.19601428307463414,-0.7049865162000988,0.5100596219184197,-0.22941573387056183,-0.1966090085915255,-0.42665336858709313,-0.3956699544983684
-0.14998295745037957,-0.11020775375559674,0.5856030483790996,-0.47010766958349126,2.0897892191719225,-0.32774946540135635,-0.5496210815947049,-0.760372478363729,-0.3388616263074406,1.5956501154012874,-0.9875727016121243,-0.11020775375559674,-0.5527051915086619,-0.09529814069846938,0.048827626896961025,0.6702800625998365,1.1833123146987072,1.6035674514745464,0.1469491804436178,0.19601428307463414,-0.7049865162000988,1.3380784886691008,-0.22941573387056183,0.8381752471533456,-0.42665336858709313,-0.3956699544983684
-0.14998295745037957,-0.11020775375559674,0.5856030483790996,-0.47010766958349126,-1.0464627355633287,-0.32774946540135635,-0.5496210815947049,-0.9326319569368295,-0.3388616263074406,1.5956501154012874,-0.738667542842371,-0.11020775375559674,1.8092828063916029,-0.09529814069846938,0.048827626896961025,0.6702800625998365,1.1833123146987072,-0.6236095644623236,-1.3837714491773996,0.19601428307463414,-0.7049865162000988,-0.3179592448322615,-0.22941573387056183,-0.1966090085915255,-0.42665336858709313,-0.3956699544983684
-0.14998295745037957,-0.11020775375559674,0.5856030483790996,2.1271722728667366,-0.0010454173182450838,-0.32774946540135635,1.8194353045893679,0.744239633864278,-0.3388616263074406,-0.6267038057704221,1.2525737273156552,-0.11020775375559674,-0.5527051915086619,-0.09529814069846938,-0.8553876860097238,0.6702800625998365,-0.6636892170890771,-0.6236095644623236,0.1469491804436178,0.19601428307463414,-0.7049865162000988,-0.3179592448322615,-0.22941573387056183,-0.1966090085915255,-0.42665336858709313,0.7680652057909509
-0.14998295745037957,-0.11020775375559674,0.5856030483790996,-0.47010766958349126,1.0443719009268386,-0.32774946540135635,-0.5496210815947049,-0.09933559042374476,-0.3388616263074406,-0.6267038057704221,0.7547634097761486,-0.11020775375559674,-0.5527051915086619,-0.09529814069846938,0.9530429398036458,-1.4919136877222166,-0.9275465787730462,1.6035674514745464,0.1469491804436178,0.19601428307463414,1.4184668458483913,1.3380784886691008,-0.22941573387056183,-1.2313932643363965,-0.42665336858709313,-0.3956699544983684
-0.14998295745037957,-0.11020775375559674,0.5856030483790996,-0.47010766958349126,-1.0464627355633287,-0.32774946540135635,-0.5496210815947049,-0.9177453353317467,-0.3388616263074406,-0.6267038057704221,-0.738667542842371,-0.11020775375559674,1.8092828063916029,-0.09529814069846938,0.9530429398036458,-1.4919136877222166,1.35921722248802,-0.6236095644623236,0.1469491804436178,0.19601428307463414,1.4184668458483913,0.5100596219184197,-0.22941573387056183,0.8381752471533456,-0.42665336858709313,0.7680652057909509
-0.14998295745037957,-0.11020775375559674,0.5856030483790996,-0.47010766958349126,1.0443719009268386,-0.32774946540135635,-0.5496210815947049,-0.8879720921215812,-0.3388616263074406,1.5956501154012874,-0.738667542842371,-0.11020775375559674,-0.5527051915086619,-0.09529814069846938,-0.8553876860097238,0.6702800625998365,2.678504030907866,1.6035674514745464,-1.3837714491773996,0.19601428307463414,-0.7049865162000988,-0.3179592448322615,-0.22941573387056183,1.8729595028982167,-0.42665336858709313,-0.3956699544983684
-0.14998295745037957,-0.11020775375559674,0.5856030483790996,-0.47010766958349126,-1.0464627355633287,3.051111002653864,-0.5496210815947049,2.2332562377441034,-0.3388616263074406,-0.6267038057704221,1.2525737273156552,-0.11020775375559674,-0.5527051915086619,-0.09529814069846938,0.048827626896961025,0.6702800625998365,-0.6636892170890771,-0.6236095644623236,0.1469491804436178,0.19601428307463414,1.4184668458483913,-1.1459781115829426,-0.22941573387056183,-0.1966090085915255,-0.42665336858709313,1.9318003660802703
-0.14998295745037957,-0.11020775375559674,0.5856030483790996,-0.47010766958349126,1.0443719009268386,-0.32774946540135635,-0.5496210815947049,-0.892579855951726,-0.3388616263074406,1.5956501154012874,-1.2364778603818776,-0.11020775375559674,-0.5527051915086619,-0.09529814069846938,0.9530429398036458,-1.4919136877222166,2.502599123118553,1.6035674514745464,0.1469491804436178,0.19601428307463414,-0.7049865162000988,-0.3179592448322615,-0.22941573387056183,-0.1966090085915255,-0.42665336858709313,-0.3956699544983684
-0.14998295745037957,-0.11020775375559674,-0.8969363146059627,-0.47010766958349126,-0.0010454173182450838,-0.32774946540135635,1.8194353045893679,-0.7316625652682123,-0.3388616263074406,-0.6267038057704221,0.2569530922366421,-0.11020775375559674,1.8092828063916029,-0.09529814069846938,0.9530429398036458,-1.4919136877222166,-1.0154990326677027,-0.6236095644623236,0.1469491804436178,0.19601428307463414,-0.7049865162000988,-1.1459781115829426,-0.22941573387056183,-0.1966090085915255,-0.42665336858709313,-0.3956699544983684
-0.14998295745037957,-0.11020775375559674,0.5856030483790996,-0.47010766958349126,-0.0010454173182450838,-0.32774946540135635,1.8194353045893679,-0.3899791550944081,-0.3388616263074406,-0.6267038057704221,-0.738667542842371,-0.11020775375559674,1.8092828063916029,-0.09529814069846938,-0.8553876860097238,0.6702800625998365,0.21583532185748686,-0.6236095644623236,-1.3837714491773996,-5.101669043266824,-0.7049865162000988,-0.3179592448322615,-0.22941573387056183,-0.1966090085915255,-0.42665336858709313,0.7680652057909509
-0.14998295745037957,-0.11020775375559674,0.5856030483790996,2.1271722728667366,-1.0464627355633287,-0.32774946540135635,-0.5496210815947049,-0.3066849627802546,-0.3388616263074406,-0.6267038057704221,-0.9875727016121243,-0.11020775375559674,-0.5527051915086619,-0.09529814069846938,-0.8553876860097238,0.6702800625998365,-0.3998318554051079,-0.6236095644623236,1.677669810064635,0.19601428307463414,1.4184668458483913,-1.973996978333624,-0.22941573387056183,-0.1966090085915255,-0.42665336858709313,0.7680652057909509
-0.14998295745037957,-0.11020775375559674,0.5856030483790996,-0.47010766958349126,-0.0010454173182450838,-0.32774946540135635,-0.5496210815947049,0.17429469241253828,-0.3388616263074406,1.5956501154012874,0.008047933466888799,-0.11020775375559674,1.8092828063916029,-0.09529814069846938,-0.8553876860097238,0.6702800625998365,-1.0154990326677027,-0.6236095644623236,-1.3837714491773996,-5.101669043266824,-0.7049865162000988,0.5100596219184197,-0.22941573387056183,-1.2313932643363965,-0.42665336858709313,-0.3956699544983684
-0.14998295745037957,-0.11020775375559674,0.5856030483790996,-0.47010766958349126,1.0443719009268386,-0.32774946540135635,-0.5496210815947049,-0.8199189647840601,-0.3388616263074406,1.5956501154012874,-0.738667542842371,-0.11020775375559674,1.8092828063916029,-0.09529814069846938,-0.8553876860097238,0.6702800625998365,1.0074074069093943,-0.6236095644623236,-1.3837714491773996,0.19601428307463414,-0.7049865162000988,0.5100596219184197,-0.22941573387056183,-0.1966090085915255,-0.42665336858709313,0.7680652057909509
-0.14998295745037957,-0.11020775375559674,-0.8969363146059627,2.1271722728667366,-1.0464627355633287,-0.32774946540135635,-0.5496210815947049,-0.3761558636039741,-0.3388616263074406,1.5956501154012874,-0.9046043153555399,-0.11020775375559674,-0.5527051915086619,-0.09529814069846938,-0.8553876860097238,0.6702800625998365,-0.9275465787730462,-0.6236095644623236,-1.3837714491773996,0.19601428307463414,-0.7049865162000988,-0.3179592448322615,-0.22941573387056183,-0.1966090085915255,-0.42665336858709313,-0.3956699544983684
-0.14998295745037957,-0.11020775375559674,0.5856030483790996,-0.47010766958349126,1.0443719009268386,-0.32774946540135635,-0.5496210815947049,-0.8525277549666223,-0.3388616263074406,1.5956501154012874,-0.2408572253028645,-0.11020775375559674,-0.5527051915086619,-0.09529814069846938,1.8572582527103307,0.6702800625998365,-0.9275465787730462,1.6035674514745464,-1.3837714491773996,0.19601428307463414,-0.7049865162000988,-0.3179592448322615,-0.22941573387056183,-0.1966090085915255,-0.42665336858709313,-0.3956699544983684
-0.14998295745037957,-0.11020775375559674,0.5856030483790996,-0.47010766958349126,2.0897892191719225,-0.32774946540135635,-0.5496210815947049,-0.6855849269667657,-0.3388616263074406,-0.6267038057704221,-0.9875727016121243,-0.11020775375559674,-0.5527051915086619,-0.09529814069846938,-0.8553876860097238,0.6702800625998365,-0.13597449372113873,1.6035674514745464,1.677669810064635,0.19601428307463414,1.4184668458483913,-1.1459781115829426,-0.22941573387056183,-0.1966090085915255,-0.42665336858709313,-2.7231402750770073
-0.14998295745037957,-0.11020775375559674,0.5856030483790996,-0.47010766958349126,-1.0464627355633287,-0.32774946540135635,-0.5496210815947049,-0.9053398173275111,-0.3388616263074406,-0.6267038057704221,0.2569530922366421,-0.11020775375559674,1.8092828063916029,-0.09529814069846938,1.8572582527103307,0.6702800625998365,1.6230745841719891,-0.6236095644623236,0.1469491804436178,0.19601428307463414,1.4184668458483913,1.3380784886691008,-0.22941573387056183,-1.2313932643363965,-0.42665336858709313,1.9318003660802703
-0.14998295745037957,-0.11020775375559674,0.5856030483790996,-0.47010766958349126,-1.0464627355633287,-0.32774946540135635,1.8194353045893679,-0.514388778508314,-0.3388616263074406,-0.6267038057704221,-0.2408572253028645,-0.11020775375559674,1.8092828063916029,-0.09529814069846938,1.8572582527103307,0.6702800625998365,-0.4877843092997643,-0.6236095644623236,1.677669810064635,0.19601428307463414,-0.7049865162000988,-0.3179592448322615,-0.22941573387056183,-0.1966090085915255,-0.42665336858709313,-0.3956699544983684
-0.14998295745037957,-0.11020775375559674,-0.8969363146059627,-0.47010766958349126,-1.0464627355633287,-0.32774946540135635,-0.5496210815947049,0.10517823496036834,-0.3388616263074406,-0.6267038057704221,-0.4897623840726178,-0.11020775375559674,-0.5527051915086619,-0.09529814069846938,0.9530429398036458,-1.4919136877222166,1.6230745841719891,1.6035674514745464,1.677669810064635,0.19601428307463414,1.4184668458483913,1.3380784886691008,-0.22941573387056183,-0.1966090085915255,-0.42665336858709313,-0.3956699544983684
-0.14998295745037957,-0.11020775375559674,0.5856030483790996,-0.47010766958349126,1.0443719009268386,3.051111002653864,-0.5496210815947049,0.9508801194776887,-0.3388616263074406,1.5956501154012874,1.7503840448551617,-0.11020775375559674,-0.5527051915086619,-0.09529814069846938,0.9530429398036458,-1.4919136877222166,0.479692683541456,-0.6236095644623236,-1.3837714491773996,0.19601428307463414,-0.7049865162000988,0.5100596219184197,-0.22941573387056183,-0.1966090085915255,-0.42665336858709313,0.7680652057909509
-0.14998295745037957,-0.11020775375559674,-0.8969363146059627,-0.47010766958349126,-0.0010454173182450838,-0.32774946540135635,-0.5496210815947049,-0.16278095393112127,2.951057075706546,1.5956501154012874,0.2569530922366421,-0.11020775375559674,-0.5527051915086619,-0.09529814069846938,0.9530429398036458,-1.4919136877222166,-0.8395941248783899,-0.6236095644623236,0.1469491804436178,0.19601428307463414,-0.7049865162000988,1.3380784886691008,-0.22941573387056183,-1.2313932643363965,-0.42665336858709313,-0.3956699544983684
-0.14998295745037957,-0.11020775375559674,0.5856030483790996,-0.47010766958349126,1.0443719009268386,-0.32774946540135635,-0.5496210815947049,-0.5516053325210208,-0.3388616263074406,-0.6267038057704221,0.7547634097761486,-0.11020775375559674,-0.5527051915086619,-0.09529814069846938,0.9530429398036458,-1.4919136877222166,-0.8395941248783899,1.6035674514745464,0.1469491804436178,0.19601428307463414,1.4184668458483913,-0.3179592448322615,-0.22941573387056183,-1.2313932643363965,-0.42665336858709313,-0.3956699544983684
-0.14998295745037957,-0.11020775375559674,0.5856030483790996,-0.47010766958349126,-1.0464627355633287,-0.32774946540135635,-0.5496210815947049,-0.31093828323884964,-0.3388616263074406,-0.6267038057704221,1.2525737273156552,-0.11020775375559674,-0.5527051915086619,-0.09529814069846938,0.9530429398036458,-1.4919136877222166,-0.9275465787730462,1.6035674514745464,0.1469491804436178,0.19601428307463414,1.4184668458483913,-0.3179592448322615,-0.22941573387056183,-1.2313932643363965,-0.42665336858709313,-0.3956699544983684
-0.14998295745037957,-0.11020775375559674,0.5856030483790996,-0.47010766958349126,-1.0464627355633287,-0.32774946540135635,-0.5496210815947049,-0.06885346047048008,-0.3388616263074406,-0.6267038057704221,0.7547634097761486,-0.11020775375559674,-0.5527051915086619,-0.09529814069846938,-0.8553876860097238,0.6702800625998365,0.3917402296467996,1.6035674514745464,0.1469491804436178,0.19601428307463414,1.4184668458483913,1.3380784886691008,-0.22941573387056183,-1.2313932643363965,-0.42665336858709313,0.7680652057909509
6.667424199385056,-0.11020775375559674,0.5856030483790996,-0.47010766958349126,-1.0464627355633287,-0.32774946540135635,-0.5496210815947049,-0.8064501166651756,-0.3388616263074406,1.5956501154012874,-0.738667542842371,-0.11020775375559674,-0.5527051915086619,-0.09529814069846938,0.9530429398036458,-1.4919136877222166,-1.103451486562359,-0.6236095644623236,0.1469491804436178,0.19601428307463414,-0.7049865162000988,0.5100596219184197,-0.22941573387056183,-1.2313932643363965,-0.42665336858709313,0.7680652057909509
-0.14998295745037957,-0.11020775375559674,0.5856030483790996,-0.47010766958349126,-0.0010454173182450838,3.051111002653864,-0.5496210815947049,1.2634991731844265,-0.3388616263074406,-0.6267038057704221,3.2438149974736814,-0.11020775375559674,-0.5527051915086619,-0.09529814069846938,-0.8553876860097238,0.6702800625998365,2.4146466692238966,-0.6236095644623236,0.1469491804436178,0.19601428307463414,-0.7049865162000988,1.3380784886691008,-0.22941573387056183,-0.1966090085915255,2.3438230508096156,1.9318003660802703
-0.14998295745037957,-0.11020775375559674,-0.8969363146059627,-0.47010766958349126,1.0443719009268386,-0.32774946540135635,1.8194353045893679,-0.4498800848862887,-0.3388616263074406,-0.6267038057704221,-0.738667542842371,-0.11020775375559674,1.8092828063916029,-0.09529814069846938,-0.8553876860097238,0.6702800625998365,-0.4877843092997643,-0.6236095644623236,0.1469491804436178,0.19601428307463414,-0.7049865162000988,0.5100596219184197,-0.22941573387056183,-0.1966090085915255,-0.42665336858709313,-0.3956699544983684
-0.14998295745037957,-0.11020775375559674,-0.8969363146059627,-0.47010766958349126,-0.0010454173182450838,-0.32774946540135635,1.8194353045893679,-0.7231559243510222,-0.3388616263074406,-0.6267038057704221,0.2569530922366421,-0.11020775375559674,-0.5527051915086619,-0.09529814069846938,0.9530429398036458,-1.4919136877222166,1.8869319458559584,1.6035674514745464,1.677669810064635,0.19601428307463414,-0.7049865162000988,1.3380784886691008,-0.22941573387056183,2.9077437586430874,-0.42665336858709313,0.7680652057909509
-0.14998295745037957,-0.11020775375559674,0.5856030483790996,-0.47010766958349126,1.0443719009268386,-0.32774946540135635,-0.5496210815947049,-0.916682005217098,-0.3388616263074406,-0.6267038057704221,-0.738667542842371,-0.11020775375559674,1.8092828063916029,-0.09529814069846938,1.8572582527103307,0.6702800625998365,-0.9275465787730462,-0.6236095644623236,-1.3837714491773996,0.19601428307463414,1.4184668458483913,0.5100596219184197,-0.22941573387056183,-0.1966090085915255,-0.42665336858709313,-0.3956699544983684
-0.14998295745037957,-0.11020775375559674,-0.8969363146059627,2.1271722728667366,1.0443719009268386,-0.32774946540135635,-0.5496210815947049,0.06016392677357048,-0.3388616263074406,-0.6267038057704221,0.7547634097761486,-0.11020775375559674,-0.5527051915086619,-0.09529814069846938,0.9530429398036458,-1.4919136877222166,-1.279356394351672,-0.6236095644623236,0.1469491804436178,0.19601428307463414,1.4184668458483913,-0.3179592448322615,-0.22941573387056183,0.8381752471533456,-0.42665336858709313,-0.3956699544983684
-0.14998295745037957,-0.11020775375559674,0.5856030483790996,-0.47010766958349126,2.0897892191719225,-0.32774946540135635,-0.5496210815947049,-0.33468598913267217,-0.3388616263074406,1.5956501154012874,-0.4897623840726178,-0.11020775375559674,-0.5527051915086619,-0.09529814069846938,0.9530429398036458,-1.4919136877222166,-0.9275465787730462,1.6035674514745464,-1.3837714491773996,0.19601428307463414,-0.7049865162000988,-1.1459781115829426,-0.22941573387056183,-0.1966090085915255,-0.42665336858709313,-0.3956699544983684
-0.14998295745037957,-0.11020775375559674,-0.8969363146059627,-0.47010766958349126,1.0443719009268386,3.051111002653864,-0.5496210815947049,-0.1787309056508528,-0.3388616263074406,-0.6267038057704221,0.008047933466888799,-0.11020775375559674,-0.5527051915086619,-0.09529814069846938,0.048827626896961025,0.6702800625998365,2.238741761434584,-0.6236095644623236,-1.3837714491773996,0.19601428307463414,1.4184668458483913,1.3380784886691008,-0.22941573387056183,0.8381752471533456,-0.42665336858709313,-0.3956699544983684
-0.14998295745037957,-0.11020775375559674,0.5856030483790996,-0.47010766958349126,1.0443719009268386,-0.32774946540135635,-0.5496210815947049,-0.4792988847249046,-0.3388616263074406,-0.6267038057704221,0.7547634097761486,-0.11020775375559674,-0.5527051915086619,-0.09529814069846938,-0.8553876860097238,0.6702800625998365,-0.4877843092997643,1.6035674514745464,1.677669810064635,0.19601428307463414,-0.7049865162000988,-1.1459781115829426,-0.22941573387056183,0.8381752471533456,2.3438230508096156,1.9318003660802703
-0.14998295745037957,-0.11020775375559674,-0.8969363146059627,-0.47010766958349126,-1.0464627355633287,-0.32774946540135635,1.8194353045893679,0.08745606638288886,-0.3388616263074406,-0.6267038057704221,-1.2364778603818776,-0.11020775375559674,1.8092828063916029,-0.09529814069846938,-0.8553876860097238,0.6702800625998365,-0.8395941248783899,-0.6236095644623236,0.1469491804436178,0.19601428307463414,-0.7049865162000988,-0.3179592448322615,-0.22941573387056183,-0.1966090085915255,-0.42665336858709313,-0.3956699544983684
-0.14998295745037957,-0.11020775375559674,0.5856030483790996,-0.47010766958349126,-1.0464627355633287,-0.32774946540135635,-0.5496210815947049,-0.34992705410930447,-0.3388616263074406,-0.6267038057704221,0.2569530922366421,-0.11020775375559674,-0.5527051915086619,-0.09529814069846938,-0.8553876860097238,0.6702800625998365,-0.6636892170890771,1.6035674514745464,0.1469491804436178,0.19601428307463414,1.4184668458483913,0.5100596219184197,-0.22941573387056183,-0.1966090085915255,-0.42665336858709313,-0.3956699544983684
-0.14998295745037957,-0.11020775375559674,0.5856030483790996,2.1271722728667366,-1.0464627355633287,-0.32774946540135635,-0.5496210815947049,-0.6125695924275503,-0.3388616263074406,1.5956501154012874,-1.2364778603818776,-0.11020775375559674,-0.5527051915086619,-0.09529814069846938,0.048827626896961025,0.6702800625998365,-0.22392694761579512,-0.6236095644623236,0.1469491804436178,0.19601428307463414,-0.7049865162000988,-0.3179592448322615,-0.22941573387056183,2.9077437586430874,-0.42665336858709313,-0.3956699544983684
-0.14998295745037957,-0.11020775375559674,-0.8969363146059627,2.1271722728667366,-0.0010454173182450838,-0.32774946540135635,-0.5496210815947049,0.13424259142743467,-0.3388616263074406,-0.6267038057704221,-0.2408572253028645,-0.11020775375559674,-0.5527051915086619,-0.09529814069846938,0.9530429398036458,-1.4919136877222166,-1.1914039404570154,-0.6236095644623236,0.1469491804436178,0.19601428307463414,1.4184668458483913,-1.1459781115829426,-0.22941573387056183,-0.1966090085915255,-0.42665336858709313,-0.3956699544983684
-0.14998295745037957,-0.11020775375559674,0.5856030483790996,-0.47010766958349126,-1.0464627355633287,-0.32774946540135635,1.8194353045893679,-0.4775266678671567,-0.3388616263074406,-0.6267038057704221,-0.9046043153555399,-0.11020775375559674,-0.5527051915086619,-0.09529814069846938,-0.8553876860097238,0.6702800625998365,0.21583532185748686,1.6035674514745464,0.1469491804436178,-5.101669043266824,-0.7049865162000988,-0.3179592448322615,-0.22941573387056183,-0.1966090085915255,-0.42665336858709313,-0.3956699544983684
-0.14998295745037957,-0.11020775375559674,0.5856030483790996,-0.47010766958349126,-1.0464627355633287,-0.32774946540135635,-0.5496210815947049,-0.7167759436631296,-0.3388616263074406,1.5956501154012874,0.2569530922366421,-0.11020775375559674,1.8092828063916029,-0.09529814069846938,1.8572582527103307,0.6702800625998365,-0.6636892170890771,-0.6236095644623236,0.1469491804436178,0.19601428307463414,-0.7049865162000988,-1.1459781115829426,-0.22941573387056183,-0.1966090085915255,-0.42665336858709313,-0.3956699544983684
-0.14998295745037957,-0.11020775375559674,0.5856030483790996,-0.47010766958349126,-1.0464627355633287,-0.32774946540135635,-0.5496210815947049,2.0117291305256098,2.951057075706546,-0.6267038057704221,1.2525737273156552,-0.11020775375559674,-0.5527051915086619,-0.09529814069846938,-0.8553876860097238,0.6702800625998365,-0.3998318554051079,-0.6236095644623236,1.677669810064635,0.19601428307463414,1.4184668458483913,0.5100596219184197,-0.22941573387056183,-1.2313932643363965,-0.42665336858709313,1.9318003660802703
-0.14998295745037957,-0.11020775375559674,0.5856030483790996,-0.47010766958349126,-1.0464627355633287,3.051111002653864,-0.5496210815947049,-0.6068984984827568,-0.3388616263074406,-0.6267038057704221,0.2569530922366421,-0.11020775375559674,-0.5527051915086619,-0.09529814069846938,-0.8553876860097238,0.6702800625998365,1.2712647685933636,-0.6236095644623236,0.1469491804436178,0.19601428307463414,1.4184668458483913,0.5100596219184197,-0.22941573387056183,-0.1966090085915255,-0.42665336858709313,-1.5594051147876877
-0.14998295745037957,-0.11020775375559674,-0.8969363146059627,-0.47010766958349126,2.0897892191719225,-0.32774946540135635,1.8194353045893679,-1.0205339130811277,-0.3388616263074406,-0.6267038057704221,-0.4897623840726178,-0.11020775375559674,-0.5527051915086619,-0.09529814069846938,0.9530429398036458,-1.4919136877222166,-1.103451486562359,-0.6236095644623236,0.1469491804436178,0.19601428307463414,-0.7049865162000988,-1.1459781115829426,4.358898943540674,-0.1966090085915255,-0.42665336858709313,-0.3956699544983684
-0.14998295745037957,-0.11020775375559674,0.5856030483790996,-0.47010766958349126,1.0443719009268386,3.051111002653864,-0.5496210815947049,-0.6664449849030879,-0.3388616263074406,1.5956501154012874,-0.9875727016121243,-0.11020775375559674,-0.5527051915086619,-0.09529814069846938,1.8572582527103307,0.6702800625998365,-0.7516416709837335,-0.6236095644623236,0.1469491804436178,0.19601428307463414,-0.7049865162000988,-0.3179592448322615,-0.22941573387056183,-0.1966090085915255,-0.42665336858709313,-0.3956699544983684
-0.14998295745037957,-0.11020775375559674,0.5856030483790996,-0.47010766958349126,-0.0010454173182450838,-0.32774946540135635,-0.5496210815947049,-0.7451314133870967,-0.3388616263074406,1.5956501154012874,-1.2364778603818776,-0.11020775375559674,-0.5527051915086619,-0.09529814069846938,-0.8553876860097238,0.6702800625998365,2.7664564848025224,1.6035674514745464,0.1469491804436178,0.19601428307463414,-0.7049865162000988,1.3380784886691008,-0.22941573387056183,-1.2313932643363965,-0.42665336858709313,0.7680652057909509
-0.14998295745037957,-0.11020775375559674,0.5856030483790996,-0.47010766958349126,-0.0010454173182450838,-0.32774946540135635,-0.5496210815947049,0.04492286179693813,-0.3388616263074406,1.5956501154012874,-1.0705410878687087,-0.11020775375559674,1.8092828063916029,-0.09529814069846938,-0.8553876860097238,0.6702800625998365,0.3037877757521432,-0.6236095644623236,-1.3837714491773996,-5.101669043266824,-0.7049865162000988,0.5100596219184197,-0.22941573387056183,-0.1966090085915255,-0.42665336858709313,0.7680652057909509
-0.14998295745037957,-0.11020775375559674,0.5856030483790996,-0.47010766958349126,-1.0464627355633287,-0.32774946540135635,1.8194353045893679,-0.8769843476035439,-0.3388616263074406,-0.6267038057704221,-0.738667542842371,-0.11020775375559674,-0.5527051915086619,-0.09529814069846938,0.9530429398036458,-1.4919136877222166,-0.22392694761579512,1.6035674514745464,-1.3837714491773996,0.19601428307463414,-0.7049865162000988,1.3380784886691008,-0.22941573387056183,-1.2313932643363965,-0.42665336858709313,0.7680652057909509
-0.14998295745037957,-0.11020775375559674,0.5856030483790996,-0.47010766958349126,1.0443719009268386,-0.32774946540135635,-0.5496210815947049,0.34655417098563873,-0.3388616263074406,-0.6267038057704221,0.7547634097761486,-0.11020775375559674,1.8092828063916029,-0.09529814069846938,1.8572582527103307,0.6702800625998365,-0.6636892170890771,-0.6236095644623236,1.677669810064635,0.19601428307463414,1.4184668458483913,-1.973996978333624,-0.22941573387056183,-0.1966090085915255,-0.42665336858709313,0.7680652057909509
-0.14998295745037957,-0.11020775375559674,-0.8969363146059627,-0.47010766958349126,1.0443719009268386,-0.32774946540135635,-0.5496210815947049,-0.020649161939735913,-0.3388616263074406,1.5956501154012874,-0.2408572253028645,-0.11020775375559674,-0.5527051915086619,-0.09529814069846938,1.8572582527103307,0.6702800625998365,-0.9275465787730462,1.6035674514745464,0.1469491804436178,0.19601428307463414,-0.7049865162000988,-1.1459781115829426,-0.22941573387056183,1.8729595028982167,-0.42665336858709313,-0.3956699544983684
-0.14998295745037957,-0.11020775375559674,0.5856030483790996,-0.47010766958349126,-1.0464627355633287,-0.32774946540135635,1.8194353045893679,-0.2159474596635597,-0.3388616263074406,-0.6267038057704221,-0.2408572253028645,-0.11020775375559674,1.8092828063916029,-0.09529814069846938,-0.8553876860097238,0.6702800625998365,-0.3118794015104515,-0.6236095644623236,0.1469491804436178,-5.101669043266824,-0.7049865162000988,0.5100596219184197,-0.22941573387056183,-1.2313932643363965,-0.42665336858709313,-0.3956699544983684
-0.14998295745037957,-0.11020775375559674,0.5856030483790996,-0.47010766958349126,-1.0464627355633287,-0.32774946540135635,-0.5496210815947049,-0.6161140261430461,-0.3388616263074406,-0.6267038057704221,0.2569530922366421,-0.11020775375559674,-0.5527051915086619,-0.09529814069846938,0.9530429398036458,-1.4919136877222166,0.21583532185748686,1.6035674514745464,0.1469491804436178,0.19601428307463414,1.4184668458483913,-1.1459781115829426,-0.22941573387056183,-0.1966090085915255,-0.42665336858709313,-0.3956699544983684
-0.14998295745037957,-0.11020775375559674,0.5856030483790996,-0.47010766958349126,1.0443719009268386,-0.32774946540135635,-0.5496210815947049,-0.6983448883425509,-0.3388616263074406,1.5956501154012874,-0.2408572253028645,-0.11020775375559674,-0.5527051915086619,-0.09529814069846938,1.8572582527103307,0.6702800625998365,-0.3118794015104515,1.6035674514745464,-1.3837714491773996,0.19601428307463414,-0.7049865162000988,1.3380784886691008,-0.22941573387056183,-0.1966090085915255,-0.42665336858709313,-0.3956699544983684
-0.14998295745037957,-0.11020775375559674,0.5856030483790996,-0.47010766958349126,1.0443719009268386,-0.32774946540135635,1.8194353045893679,0.5315736109345244,-0.3388616263074406,-0.6267038057704221,-0.8216359290989554,-0.11020775375559674,-0.5527051915086619,-0.09529814069846938,-0.8553876860097238,0.6702800625998365,1.35921722248802,1.6035674514745464,0.1469491804436178,0.19601428307463414,-0.7049865162000988,0.5100596219184197,-0.22941573387056183,-0.1966090085915255,-0.42665336858709313,1.9318003660802703
-0.14998295745037957,-0.11020775375559674,0.5856030483790996,-0.47010766958349126,1.0443719009268386,-0.32774946540135635,-0.5496210815947049,0.4624571534823545,2.951057075706546,-0.6267038057704221,1.999289203624915,-0.11020775375559674,-0.5527051915086619,-0.09529814069846938,-0.8553876860097238,0.6702800625998365,-0.7516416709837335,-0.6236095644623236,0.1469491804436178,0.19601428307463414,1.4184668458483913,-1.973996978333624,-0.22941573387056183,0.8381752471533456,-0.42665336858709313,0.7680652057909509
-0.14998295745037957,-0.11020775375559674,0.5856030483790996,2.1271722728667366,-1.0464627355633287,-0.32774946540135635,1.8194353045893679,-0.34850928062310615,-0.3388616263074406,-0.6267038057704221,0.008047933466888799,-0.11020775375559674,-0.5527051915086619,-0.09529814069846938,0.9530429398036458,-1.4919136877222166,-1.103451486562359,-0.6236095644623236,0.1469491804436178,0.19601428307463414,-0.7049865162000988,-1.1459781115829426,-0.22941573387056183,-0.1966090085915255,-0.42665336858709313,0.7680652057909509
-0.14998295745037957,-0.11020775375559674,0.5856030483790996,2.1271722728667366,1.0443719009268386,-0.32774946540135635,1.8194353045893679,-0.3325593289033746,-0.3388616263074406,-0.6267038057704221,0.2569530922366421,-0.11020775375559674,-0.5527051915086619,-0.09529814069846938,-0.8553876860097238,0.6702800625998365,-0.5757367631944207,-0.6236095644623236,-1.3837714491773996,0.19601428307463414,-0.7049865162000988,-1.1459781115829426,-0.22941573387056183,-1.2313932643363965,-0.42665336858709313,1.9318003660802703
-0.14998295745037957,-0.11020775375559674,-0.8969363146059627,-0.47010766958349126,1.0443719009268386,-0.32774946540135635,1.8194353045893679,-1.0060017348475945,-0.3388616263074406,-0.6267038057704221,-1.2364778603818776,-0.11020775375559674,-0.5527051915086619,-0.09529814069846938,0.9530429398036458,-1.4919136877222166,-1.0154990326677027,-0.6236095644623236,0.1469491804436178,0.19601428307463414,-0.7049865162000988,-1.1459781115829426,4.358898943540674,2.9077437586430874,-0.42665336858709313,-1.5594051147876877
-0.14998295745037957,-0.11020775375559674,0.5856030483790996,-0.47010766958349126,-1.0464627355633287,3.051111002653864,-0.5496210815947049,1.074935299520045,-0.3388616263074406,1.5956501154012874,1.2525737273156552,-0.11020775375559674,-0.5527051915086619,-0.09529814069846938,-0.8553876860097238,0.6702800625998365,0.03993041406817406,-0.6236095644623236,0.1469491804436178,0.19601428307463414,-0.7049865162000988,1.3380784886691008,-0.22941573387056183,-1.2313932643363965,-0.42665336858709313,0.7680652057909509
-0.14998295745037957,-0.11020775375559674,0.5856030483790996,-0.47010766958349126,-1.0464627355633287,-0.32774946540135635,-0.5496210815947049,1.6246769687934581,-0.3388616263074406,1.5956501154012874,1.2525737273156552,-0.11020775375559674,1.8092828063916029,-0.09529814069846938,0.9530429398036458,-1.4919136877222166,-0.9275465787730462,-0.6236095644623236,0.1469491804436178,0.19601428307463414,-0.7049865162000988,-0.3179592448322615,-0.22941573387056183,-0.1966090085915255,-0.42665336858709313,0.7680652057909509
-0.14998295745037957,-0.11020775375559674,-2.379475677591025,-0.47010766958349126,1.0443719009268386,-0.32774946540135635,-0.5496210815947049,-0.1450587853536418,-0.3388616263074406,-0.6267038057704221,1.2525737273156552,-0.11020775375559674,1.8092828063916029,-0.09529814069846938,-0.8553876860097238,0.6702800625998365,-0.4877843092997643,-0.6236095644623236,0.1469491804436178,0.19601428307463414,-0.7049865162000988,1.3380784886691008,-0.22941573387056183,0.8381752471533456,2.3438230508096156,1.9318003660802703
-0.14998295745037957,-0.11020775375559674,0.5856030483790996,-0.47010766958349126,2.0897892191719225,-0.32774946540135635,-0.5496210815947049,-0.9081753642999079,-0.3388616263074406,1.5956501154012874,-1.2364778603818776,-0.11020775375559674,1.8092828063916029,-0.09529814069846938,1.8572582527103307,0.6702800625998365,-0.7516416709837335,-0.6236095644623236,-2.9144920787984168,-5.101669043266824,-0.7049865162000988,-1.1459781115829426,-0.22941573387056183,2.9077437586430874,-0.42665336858709313,-0.3956699544983684
-0.14998295745037957,-0.11020775375559674,0.5856030483790996,-0.47010766958349126,1.0443719009268386,-0.32774946540135635,-0.5496210815947049,-0.3864347213789122,-0.3388616263074406,1.5956501154012874,0.7547634097761486,-0.11020775375559674,1.8092828063916029,-0.09529814069846938,-0.8553876860097238,0.6702800625998365,0.03993041406817406,-0.6236095644623236,0.1469491804436178,0.19601428307463414,-0.7049865162000988,1.3380784886691008,-0.22941573387056183,-1.2313932643363965,-0.42665336858709313,0.7680652057909509
-0.14998295745037957,-0.11020775375559674,0.5856030483790996,-0.47010766958349126,1.0443719009268386,-0.32774946540135635,-0.5496210815947049,-0.788019061344597,-0.3388616263074406,1.5956501154012874,-0.9046043153555399,-0.11020775375559674,-0.5527051915086619,-0.09529814069846938,-0.8553876860097238,0.6702800625998365,-1.103451486562359,1.6035674514745464,-1.3837714491773996,0.19601428307463414,-0.7049865162000988,-0.3179592448322615,-0.22941573387056183,-0.1966090085915255,-0.42665336858709313,-1.5594051147876877
-0.14998295745037957,-0.11020775375559674,0.5856030483790996,-0.47010766958349126,-0.0010454173182450838,-0.32774946540135635,-0.5496210815947049,1.699110076818872,-0.3388616263074406,-0.6267038057704221,1.2525737273156552,-0.11020775375559674,-0.5527051915086619,-0.09529814069846938,0.9530429398036458,-1.4919136877222166,-0.9275465787730462,-0.6236095644623236,1.677669810064635,0.19601428307463414,-0.7049865162000988,-0.3179592448322615,4.358898943540674,-0.1966090085915255,2.3438230508096156,0.7680652057909509
-0.14998295745037957,-0.11020775375559674,0.5856030483790996,-0.47010766958349126,-0.0010454173182450838,3.051111002653864,-0.5496210815947049,1.1685083496091366,-0.3388616263074406,-0.6267038057704221,0.2569530922366421,-0.11020775375559674,-0.5527051915086619,-0.09529814069846938,1.8572582527103307,0.6702800625998365,-1.279356394351672,-0.6236095644623236,-1.3837714491773996,0.19601428307463414,1.4184668458483913,-0.3179592448322615,-0.22941573387056183,-0.1966090085915255,-0.42665336858709313,-0.3956699544983684
-0.14998295745037957,-0.11020775375559674,-0.8969363146059627,-0.47010766958349126,-1.0464627355633287,-0.32774946540135635,-0.5496210815947049,-0.030219132971574827,-0.3388616263074406,-0.6267038057704221,-0.4897623840726178,-0.11020775375559674,1.8092828063916029,-0.09529814069846938,0.9530429398036458,-1.4919136877222166,-1.3673088482463283,-0.6236095644623236,0.1469491804436178,0.19601428307463414,1.4184668458483913,0.5100596219184197,-0.22941573387056183,2.9077437586430874,-0.42665336858709313,-0.3956699544983684
-0.14998295745037957,-0.11020775375559674,-0.8969363146059627,-0.47010766958349126,-1.0464627355633287,-0.32774946540135635,1.8194353045893679,-0.7213837074932742,2.951057075706546,-0.6267038057704221,-1.2364778603818776,-0.11020775375559674,-0.5527051915086619,-0.09529814069846938,-0.8553876860097238,0.6702800625998365,1.2712647685933636,-0.6236095644623236,0.1469491804436178,0.19601428307463414,-0.7049865162000988,-0.3179592448322615,-0.22941573387056183,1.8729595028982167,-0.42665336858709313,-0.3956699544983684
-0.14998295745037957,-0.11020775375559674,-0.8969363146059627,-0.47010766958349126,-0.0010454173182450838,-0.32774946540135635,-0.5496210815947049,-0.5714541613277979,-0.3388616263074406,-0.6267038057704221,0.2569530922366421,-0.11020775375559674,-0.5527051915086619,-0.09529814069846938,0.9530429398036458,-1.4919136877222166,-0.5757367631944207,1.6035674514745464,-1.3837714491773996,0.19601428307463414,1.4184668458483913,-1.1459781115829426,-0.22941573387056183,-0.1966090085915255,-0.42665336858709313,1.9318003660802703
-0.14998295745037957,-0.11020775375559674,-0.8969363146059627,-0.47010766958349126,2.0897892191719225,-0.32774946540135635,-0.5496210815947049,-0.6997626618287492,-0.3388616263074406,1.5956501154012874,-0.738667542842371,-0.11020775375559674,-0.5527051915086619,-0.09529814069846938,1.8572582527103307,0.6702800625998365,-1.103451486562359,1.6035674514745464,0.1469491804436178,0.19601428307463414,-0.7049865162000988,-0.3179592448322615,-0.22941573387056183,-0.1966090085915255,-0.42665336858709313,-0.3956699544983684
-0.14998295745037957,-0.11020775375559674,-2.379475677591025,-0.47010766958349126,1.0443719009268386,-0.32774946540135635,-0.5496210815947049,1.4307964445558328,-0.3388616263074406,-0.6267038057704221,-0.9046043153555399,-0.11020775375559674,1.8092828063916029,-0.09529814069846938,-0.8553876860097238,0.6702800625998365,3.0303138464864916,-0.6236095644623236,1.677669810064635,0.19601428307463414,-0.7049865162000988,-1.973996978333624,-0.22941573387056183,-0.1966090085915255,2.3438230508096156,-0.3956699544983684
-0.14998295745037957,-0.11020775375559674,0.5856030483790996,-0.47010766958349126,-1.0464627355633287,-0.32774946540135635,-0.5496210815947049,0.41921506215330456,-0.3388616263074406,1.5956501154012874,1.2525737273156552,-0.11020775375559674,-0.5527051915086619,-0.09529814069846938,0.9530429398036458,-1.4919136877222166,-0.13597449372113873,1.6035674514745464,0.1469491804436178,0.19601428307463414,-0.7049865162000988,-0.3179592448322615,-0.22941573387056183,-0.1966090085915255,-0.42665336858709313,1.9318003660802703
-0.14998295745037957,-0.11020775375559674,0.5856030483790996,-0.47010766958349126,1.0443719009268386,3.051111002653864,1.8194353045893679,-0.26344287145120465,-0.3388616263074406,-0.6267038057704221,0.5058582510063954,-0.11020775375559674,-0.5527051915086619,-0.09529814069846938,0.9530429398036458,-1.4919136877222166,-0.3118794015104515,-0.6236095644623236,0.1469491804436178,0.19601428307463414,-0.7049865162000988,-1.1459781115829426,-0.22941573387056183,-0.1966090085915255,-0.42665336858709313,-0.3956699544983684
-0.14998295745037957,-0.11020775375559674,0.5856030483790996,-0.47010766958349126,1.0443719009268386,-0.32774946540135635,-0.5496210815947049,-0.05219462200764937,-0.3388616263074406,1.5956501154012874,-0.738667542842371,-0.11020775375559674,1.8092828063916029,-0.09529814069846938,-0.8553876860097238,0.6702800625998365,1.1833123146987072,-0.6236095644623236,-1.3837714491773996,0.19601428307463414,-0.7049865162000988,-1.1459781115829426,-0.22941573387056183,-0.1966090085915255,-0.42665336858709313,0.7680652057909509
-0.14998295745037957,-0.11020775375559674,-2.379475677591025,-0.47010766958349126,1.0443719009268386,-0.32774946540135635,-0.5496210815947049,3.2990674559937188,2.951057075706546,-0.6267038057704221,0.2569530922366421,-0.11020775375559674,-0.5527051915086619,-0.09529814069846938,0.9530429398036458,-1.4919136877222166,0.7435500452254252,-0.6236095644623236,1.677669810064635,0.19601428307463414,-0.7049865162000988,1.3380784886691008,-0.22941573387056183,-0.1966090085915255,2.3438230508096156,-0.3956699544983684
-0.14998295745037957,-0.11020775375559674,0.5856030483790996,-0.47010766958349126,-1.0464627355633287,3.051111002653864,-0.5496210815947049,-0.10394335425388943,-0.3388616263074406,1.5956501154012874,0.2569530922366421,-0.11020775375559674,-0.5527051915086619,-0.09529814069846938,-0.8553876860097238,0.6702800625998365,-0.3118794015104515,-0.6236095644623236,0.1469491804436178,0.19601428307463414,-0.7049865162000988,-0.3179592448322615,-0.22941573387056183,-1.2313932643363965,-0.42665336858709313,1.9318003660802703
-0.14998295745037957,-0.11020775375559674,-0.8969363146059627,-0.47010766958349126,-0.0010454173182450838,-0.32774946540135635,-0.5496210815947049,-0.8227545117564568,-0.3388616263074406,-0.6267038057704221,-0.4897623840726178,-0.11020775375559674,1.8092828063916029,-0.09529814069846938,-0.8553876860097238,0.6702800625998365,-0.22392694761579512,-0.6236095644623236,0.1469491804436178,0.19601428307463414,1.4184668458483913,1.3380784886691008,-0.22941573387056183,-0.1966090085915255,-0.42665336858709313,-2.7231402750770073
-0.14998295745037957,-0.11020775375559674,-2.379475677591025,-0.47010766958349126,-1.0464627355633287,-0.32774946540135635,-0.5496210815947049,-0.4034480032132925,-0.3388616263074406,-0.6267038057704221,-0.738667542842371,-0.11020775375559674,1.8092828063916029,-0.09529814069846938,0.9530429398036458,-1.4919136877222166,1.4471696763826765,-0.6236095644623236,1.677669810064635,0.19601428307463414,-0.7049865162000988,1.3380784886691008,-0.22941573387056183,-1.2313932643363965,2.3438230508096156,-0.3956699544983684
-0.14998295745037957,-0.11020775375559674,0.5856030483790996,-0.47010766958349126,1.0443719009268386,-0.32774946540135635,1.8194353045893679,-0.32547046147238284,-0.3388616263074406,-0.6267038057704221,0.008047933466888799,-0.11020775375559674,1.8092828063916029,-0.09529814069846938,0.048827626896961025,0.6702800625998365,1.0074074069093943,-0.6236095644623236,0.1469491804436178,0.19601428307463414,-0.7049865162000988,-0.3179592448322615,-0.22941573387056183,-0.1966090085915255,-0.42665336858709313,1.9318003660802703
-0.14998295745037957,-0.11020775375559674,-0.8969363146059627,-0.47010766958349126,-0.0010454173182450838,-0.32774946540135635,-0.5496210815947049,0.24624669683710493,-0.3388616263074406,1.5956501154012874,-0.2408572253028645,-0.11020775375559674,1.8092828063916029,-0.09529814069846938,0.9530429398036458,-1.4919136877222166,-0.22392694761579512,-0.6236095644623236,0.1469491804436178,0.19601428307463414,-0.7049865162000988,1.3380784886691008,-0.22941573387056183,-0.1966090085915255,-0.42665336858709313,0.7680652057909509
-0.14998295745037957,-0.11020775375559674,0.5856030483790996,2.1271722728667366,-0.0010454173182450838,-0.32774946540135635,-0.5496210815947049,-0.6724705222194308,-0.3388616263074406,1.5956501154012874,-1.2364778603818776,-0.11020775375559674,-0.5527051915086619,-0.09529814069846938,-0.8553876860097238,0.6702800625998365,0.03993041406817406,-0.6236095644623236,-1.3837714491773996,0.19601428307463414,-0.7049865162000988,-0.3179592448322615,-0.22941573387056183,-0.1966090085915255,-0.42665336858709313,-0.3956699544983684
-0.14998295745037957,-0.11020775375559674,0.5856030483790996,-0.47010766958349126,2.0897892191719225,-0.32774946540135635,-0.5496210815947049,-0.7135859533191833,-0.3388616263074406,-0.6267038057704221,0.2569530922366421,-0.11020775375559674,-0.5527051915086619,-0.09529814069846938,0.9530429398036458,-1.4919136877222166,1.8869319458559584,1.6035674514745464,-1.3837714491773996,0.19601428307463414,1.4184668458483913,-0.3179592448322615,-0.22941573387056183,1.8729595028982167,-0.42665336858709313,-0.3956699544983684
-0.14998295745037957,-0.11020775375559674,0.5856030483790996,-0.47010766958349126,1.0443719009268386,-0.32774946540135635,-0.5496210815947049,-0.45236118848713586,-0.3388616263074406,-0.6267038057704221,-0.738667542842371,-0.11020775375559674,1.8092828063916029,-0.09529814069846938,-0.8553876860097238,0.6702800625998365,-0.7516416709837335,-0.6236095644623236,0.1469491804436178,0.19601428307463414,1.4184668458483913,-1.1459781115829426,-0.22941573387056183,0.8381752471533456,-0.42665336858709313,0.7680652057909509
-0.14998295745037957,-0.11020775375559674,0.5856030483790996,-0.47010766958349126,-1.0464627355633287,-0.32774946540135635,-0.5496210815947049,2.231129577514806,-0.3388616263074406,-0.6267038057704221,1.2525737273156552,-0.11020775375559674,-0.5527051915086619,-0.09529814069846938,0.9530429398036458,-1.4919136877222166,-0.3998318554051079,1.6035674514745464,0.1469491804436178,0.19601428307463414,1.4184668458483913,-0.3179592448322615,-0.22941573387056183,-0.1966090085915255,-0.42665336858709313,0.7680652057909509
-0.14998295745037957,-0.11020775375559674,0.5856030483790996,-0.47010766958349126,1.0443719009268386,-0.32774946540135635,-0.5496210815947049,-0.9879251228985655,-0.3388616263074406,1.5956501154012874,-1.2364778603818776,-0.11020775375559674,-0.5527051915086619,-0.09529814069846938,1.8572582527103307,0.6702800625998365,-0.6636892170890771,1.6035674514745464,-1.3837714491773996,0.19601428307463414,-0.7049865162000988,0.5100596219184197,-0.22941573387056183,-0.1966090085915255,-0.42665336858709313,-0.3956699544983684
-0.14998295745037957,-0.11020775375559674,0.5856030483790996,-0.47010766958349126,-0.0010454173182450838,-0.32774946540135635,-0.5496210815947049,-0.6600650042151952,2.951057075706546,1.5956501154012874,-0.738667542842371,-0.11020775375559674,-0.5527051915086619,-0.09529814069846938,-0.8553876860097238,0.6702800625998365,1.6230745841719891,-0.6236095644623236,0.1469491804436178,0.19601428307463414,-0.7049865162000988,1.3380784886691008,-0.22941573387056183,-0.1966090085915255,-0.42665336858709313,0.7680652057909509
-0.14998295745037957,-0.11020775375559674,0.5856030483790996,-0.47010766958349126,1.0443719009268386,-0.32774946540135635,-0.5496210815947049,-0.39742246589694946,-0.3388616263074406,-0.6267038057704221,0.7547634097761486,-0.11020775375559674,1.8092828063916029,-0.09529814069846938,0.9530429398036458,-1.4919136877222166,-1.0154990326677027,-0.6236095644623236,0.1469491804436178,0.19601428307463414,-0.7049865162000988,-0.3179592448322615,-0.22941573387056183,-0.1966090085915255,2.3438230508096156,-0.3956699544983684
-0.14998295745037957,-0.11020775375559674,0.5856030483790996,-0.47010766958349126,1.0443719009268386,-0.32774946540135635,1.8194353045893679,1.2684613803861209,-0.3388616263074406,-0.6267038057704221,-0.4897623840726178,-0.11020775375559674,1.8092828063916029,-0.09529814069846938,-0.8553876860097238,0.6702800625998365,-0.13597449372113873,-0.6236095644623236,1.677669810064635,0.19601428307463414,-0.7049865162000988,-1.973996978333624,-0.22941573387056183,0.8381752471533456,-0.42665336858709313,-1.5594051147876877
-0.14998295745037957,-0.11020775375559674,-0.8969363146059627,-0.47010766958349126,-0.0010454173182450838,-0.32774946540135635,-0.5496210815947049,0.22462565117257996,-0.3388616263074406,1.5956501154012874,-0.8216359290989554,-0.11020775375559674,1.8092828063916029,-0.09529814069846938,-0.8553876860097238,0.6702800625998365,0.03993041406817406,-0.6236095644623236,0.1469491804436178,0.19601428307463414,-0.7049865162000988,-0.3179592448322615,-0.22941573387056183,-0.1966090085915255,-0.42665336858709313,0.7680652057909509
-0.14998295745037957,-0.11020775375559674,0.5856030483790996,2.1271722728667366,1.0443719009268386,-0.32774946540135635,1.8194353045893679,1.8128863990862902,-0.3388616263074406,-0.6267038057704221,0.7547634097761486,-0.11020775375559674,-0.5527051915086619,-0.09529814069846938,-0.8553876860097238,0.6702800625998365,1.1833123146987072,-0.6236095644623236,0.1469491804436178,0.19601428307463414,-0.7049865162000988,0.5100596219184197,-0.22941573387056183,-0.1966090085915255,-0.42665336858709313,0.7680652057909509
-0.14998295745037957,-0.11020775375559674,0.5856030483790996,-0.47010766958349126,-1.0464627355633287,-0.32774946540135635,-0.5496210815947049,0.9469812423906432,-0.3388616263074406,-0.6267038057704221,0.2569530922366421,-0.11020775375559674,-0.5527051915086619,-0.09529814069846938,0.9530429398036458,-1.4919136877222166,0.7435500452254252,1.6035674514745464,0.1469491804436178,0.19601428307463414,1.4184668458483913,-1.1459781115829426,-0.22941573387056183,-1.2313932643363965,-0.42665336858709313,-0.3956699544983684
-0.14998295745037957,-0.11020775375559674,-2.379475677591025,-0.47010766958349126,2.0897892191719225,-0.32774946540135635,-0.5496210815947049,-0.7089781894890386,-0.3388616263074406,-0.6267038057704221,-0.4897623840726178,-0.11020775375559674,-0.5527051915086619,-0.09529814069846938,-0.8553876860097238,0.6702800625998365,0.3037877757521432,1.6035674514745464,0.1469491804436178,0.19601428307463414,-0.7049865162000988,-0.3179592448322615,-0.22941573387056183,-1.2313932643363965,2.3438230508096156,0.7680652057909509
-0.14998295745037957,-0.11020775375559674,-0.8969363146059627,-0.47010766958349126,1.0443719009268386,3.051111002653864,-0.5496210815947049,4.492123844629637,-0.3388616263074406,-0.6267038057704221,2.746004679934175,-0.11020775375559674,-0.5527051915086619,-0.09529814069846938,-0.8553876860097238,0.6702800625998365,1.9748843997506147,-0.6236095644623236,0.1469491804436178,0.19601428307463414,-0.7049865162000988,-1.1459781115829426,-0.22941573387056183,-0.1966090085915255,2.3438230508096156,-2.7231402750770073
-0.14998295745037957,-0.11020775375559674,0.5856030483790996,-0.47010766958349126,1.0443719009268386,-0.32774946540135635,-0.5496210815947049,-0.12095663608826972,-0.3388616263074406,1.5956501154012874,-0.738667542842371,-0.11020775375559674,-0.5527051915086619,-0.09529814069846938,0.9530429398036458,-1.4919136877222166,-0.7516416709837335,1.6035674514745464,0.1469491804436178,0.19601428307463414,-0.7049865162000988,0.5100596219184197,-0.22941573387056183,-0.1966090085915255,-0.42665336858709313,-0.3956699544983684
-0.14998295745037957,-0.11020775375559674,0.5856030483790996,-0.47010766958349126,-1.0464627355633287,-0.32774946540135635,-0.5496210815947049,-0.8819465548052382,-0.3388616263074406,1.5956501154012874,-1.2364778603818776,-0.11020775375559674,1.8092828063916029,-0.09529814069846938,-0.8553876860097238,0.6702800625998365,-0.8395941248783899,-0.6236095644623236,-1.3837714491773996,0.19601428307463414,-0.7049865162000988,-0.3179592448322615,-0.22941573387056183,-1.2313932643363965,-0.42665336858709313,-1.5594051147876877
-0.14998295745037957,-0.11020775375559674,0.5856030483790996,2.1271722728667366,1.0443719009268386,-0.32774946540135635,-0.5496210815947049,0.5191680929302888,-0.3388616263074406,-0.6267038057704221,0.2569530922366421,-0.11020775375559674,-0.5527051915086619,-0.09529814069846938,0.9530429398036458,-1.4919136877222166,-0.9275465787730462,-0.6236095644623236,-1.3837714491773996,0.19601428307463414,1.4184668458483913,-1.1459781115829426,-0.22941573387056183,-0.1966090085915255,-0.42665336858709313,0.7680652057909509
-0.14998295745037957,-0.11020775375559674,0.5856030483790996,-0.47010766958349126,-0.0010454173182450838,-0.32774946540135635,1.8194353045893679,-0.896833176410321,-0.3388616263074406,-0.6267038057704221,-0.738667542842371,9.073771725877465,-0.5527051915086619,-0.09529814069846938,0.9530429398036458,-1.4919136877222166,-1.1914039404570154,-0.6236095644623236,0.1469491804436178,0.19601428307463414,-0.7049865162000988,-1.973996978333624,-0.22941573387056183,0.8381752471533456,-0.42665336858709313,-0.3956699544983684
-0.14998295745037957,-0.11020775375559674,0.5856030483790996,-0.47010766958349126,-1.0464627355633287,-0.32774946540135635,1.8194353045893679,-0.6586472307289969,2.951057075706546,-0.6267038057704221,-0.738667542842371,-0.11020775375559674,-0.5527051915086619,-0.09529814069846938,-0.8553876860097238,0.6702800625998365,1.7110270380666455,-0.6236095644623236,0.1469491804436178,-5.101669043266824,-0.7049865162000988,0.5100596219184197,-0.22941573387056183,2.9077437586430874,-0.42665336858709313,-0.3956699544983684
-0.14998295745037957,-0.11020775375559674,-0.8969363146059627,2.1271722728667366,-0.0010454173182450838,-0.32774946540135635,1.8194353045893679,-0.6515583632980051,-0.3388616263074406,-0.6267038057704221,-0.4897623840726178,-0.11020775375559674,-0.5527051915086619,-0.09529814069846938,0.9530429398036458,-1.4919136877222166,-0.9275465787730462,-0.6236095644623236,0.1469491804436178,0.19601428307463414,-0.7049865162000988,-0.3179592448322615,-0.22941573387056183,-0.1966090085915255,-0.42665336858709313,0.7680652057909509
-0.14998295745037957,-0.11020775375559674,-0.8969363146059627,2.1271722728667366,-1.0464627355633287,-0.32774946540135635,-0.5496210815947049,-0.7614358084783778,-0.3388616263074406,-0.6267038057704221,-0.738667542842371,-0.11020775375559674,-0.5527051915086619,-0.09529814069846938,0.9530429398036458,-1.4919136877222166,-0.5757367631944207,-0.6236095644623236,-1.3837714491773996,0.19601428307463414,1.4184668458483913,-0.3179592448322615,-0.22941573387056183,1.8729595028982167,-0.42665336858709313,-0.3956699544983684
-0.14998295745037957,-0.11020775375559674,0.5856030483790996,-0.47010766958349126,1.0443719009268386,-0.32774946540135635,-0.5496210815947049,1.1330640124541778,-0.3388616263074406,-0.6267038057704221,-0.738667542842371,-0.11020775375559674,-0.5527051915086619,-0.09529814069846938,-0.8553876860097238,0.6702800625998365,1.4471696763826765,1.6035674514745464,1.677669810064635,0.19601428307463414,-0.7049865162000988,-1.973996978333624,-0.22941573387056183,-1.2313932643363965,2.3438230508096156,-0.3956699544983684
-0.14998295745037957,-0.11020775375559674,0.5856030483790996,-0.47010766958349126,-1.0464627355633287,-0.32774946540135635,-0.5496210815947049,-0.7522202808180884,-0.3388616263074406,1.5956501154012874,-0.2408572253028645,-0.11020775375559674,-0.5527051915086619,-0.09529814069846938,-0.8553876860097238,0.6702800625998365,0.919454953014738,1.6035674514745464,0.1469491804436178,0.19601428307463414,-0.7049865162000988,-0.3179592448322615,-0.22941573387056183,2.9077437586430874,-0.42665336858709313,0.7680652057909509
-0.14998295745037957,-0.11020775375559674,-2.379475677591025,-0.47010766958349126,-0.0010454173182450838,-0.32774946540135635,-0.5496210815947049,0.5666635047179338,-0.3388616263074406,-0.6267038057704221,0.2569530922366421,-0.11020775375559674,1.8092828063916029,-0.09529814069846938,-0.8553876860097238,0.6702800625998365,1.5351221302773328,-0.6236095644623236,0.1469491804436178,0.19601428307463414,-0.7049865162000988,-0.3179592448322615,-0.22941573387056183,-0.1966090085915255,2.3438230508096156,1.9318003660802703
-0.14998295745037957,-0.11020775375559674,0.5856030483790996,2.1271722728667366,-0.0010454173182450838,-0.32774946540135635,-0.5496210815947049,-0.1861742164533942,-0.3388616263074406,-0.6267038057704221,1.2525737273156552,-0.11020775375559674,-0.5527051915086619,-0.09529814069846938,-0.8553876860097238,0.6702800625998365,-0.3998318554051079,-0.6236095644623236,0.1469491804436178,0.19601428307463414,1.4184668458483913,1.3380784886691008,-0.22941573387056183,-0.1966090085915255,-0.42665336858709313,-1.5594051147876877
-0.14998295745037957,-0.11020775375559674,-0.8969363146059627,2.1271722728667366,-1.0464627355633287,-0.32774946540135635,1.8194353045893679,-0.5335287205719919,-0.3388616263074406,-0.6267038057704221,-1.2364778603818776,-0.11020775375559674,-0.5527051915086619,-0.09529814069846938,1.8572582527103307,0.6702800625998365,-1.279356394351672,-0.6236095644623236,0.1469491804436178,0.19601428307463414,-0.7049865162000988,-0.3179592448322615,-0.22941573387056183,-0.1966090085915255,-0.42665336858709313,-0.3956699544983684
-0.14998295745037957,-0.11020775375559674,0.5856030483790996,2.1271722728667366,-1.0464627355633287,-0.32774946540135635,1.8194353045893679,-0.8192100780409609,-0.3388616263074406,-0.6267038057704221,-0.4897623840726178,-0.11020775375559674,-0.5527051915086619,-0.09529814069846938,0.9530429398036458,-1.4919136877222166,-0.4877843092997643,-0.6236095644623236,0.1469491804436178,0.19601428307463414,-0.7049865162000988,0.5100596219184197,-0.22941573387056183,2.9077437586430874,-0.42665336858709313,1.9318003660802703
-0.14998295745037957,-0.11020775375559674,0.5856030483790996,-0.47010766958349126,-1.0464627355633287,-0.32774946540135635,-0.5496210815947049,0.7006430991636786,2.951057075706546,-0.6267038057704221,0.008047933466888799,-0.11020775375559674,-0.5527051915086619,-0.09529814069846938,-0.8553876860097238,0.6702800625998365,-0.8395941248783899,-0.6236095644623236,0.1469491804436178,0.19601428307463414,1.4184668458483913,-0.3179592448322615,-0.22941573387056183,-1.2313932643363965,-0.42665336858709313,-0.3956699544983684
-0.14998295745037957,-0.11020775375559674,0.5856030483790996,-0.47010766958349126,2.0897892191719225,-0.32774946540135635,-0.5496210815947049,0.22746119814497667,-0.3388616263074406,1.5956501154012874,1.2525737273156552,-0.11020775375559674,-0.5527051915086619,-0.09529814069846938,-0.8553876860097238,0.6702800625998365,-1.103451486562359,1.6035674514745464,0.1469491804436178,0.19601428307463414,-0.7049865162000988,-0.3179592448322615,-0.22941573387056183,-0.1966090085915255,-0.42665336858709313,-0.3956699544983684
-0.14998295745037957,-0.11020775375559674,-0.8969363146059627,-0.47010766958349126,-0.0010454173182450838,-0.32774946540135635,-0.5496210815947049,-0.6735338523340796,-0.3388616263074406,1.5956501154012874,0.2569530922366421,-0.11020775375559674,1.8092828063916029,-0.09529814069846938,0.9530429398036458,-1.4919136877222166,-0.9275465787730462,-0.6236095644623236,0.1469491804436178,0.19601428307463414,-0.7049865162000988,-0.3179592448322615,-0.22941573387056183,-1.2313932643363965,-0.42665336858709313,-0.3956699544983684
-0.14998295745037957,-0.11020775375559674,0.5856030483790996,2.1271722728667366,-1.0464627355633287,-0.32774946540135635,-0.5496210815947049,0.1803202297288813,-0.3388616263074406,-0.6267038057704221,-0.2408572253028645,-0.11020775375559674,-0.5527051915086619,-0.09529814069846938,0.048827626896961025,0.6702800625998365,-0.048022039826482336,-0.6236095644623236,1.677669810064635,0.19601428307463414,1.4184668458483913,-1.1459781115829426,-0.22941573387056183,-0.1966090085915255,-0.42665336858709313,0.7680652057909509
-0.14998295745037957,-0.11020775375559674,0.5856030483790996,2.1271722728667366,-1.0464627355633287,-0.32774946540135635,-0.5496210815947049,0.6659076487518188,-0.3388616263074406,-0.6267038057704221,0.2569530922366421,-0.11020775375559674,-0.5527051915086619,-0.09529814069846938,-0.8553876860097238,0.6702800625998365,-0.22392694761579512,-0.6236095644623236,0.1469491804436178,0.19601428307463414,1.4184668458483913,1.3380784886691008,-0.22941573387056183,-0.1966090085915255,-0.42665336858709313,0.7680652057909509
-0.14998295745037957,-0.11020775375559674,0.5856030483790996,-0.47010766958349126,-1.0464627355633287,-0.32774946540135635,-0.5496210815947049,-0.6189495731154429,-0.3388616263074406,-0.6267038057704221,0.2569530922366421,-0.11020775375559674,1.8092828063916029,-0.09529814069846938,0.9530429398036458,-1.4919136877222166,-0.13597449372113873,-0.6236095644623236,0.1469491804436178,0.19601428307463414,1.4184668458483913,0.5100596219184197,-0.22941573387056183,2.9077437586430874,-0.42665336858709313,-0.3956699544983684
-0.14998295745037957,-0.11020775375559674,0.5856030483790996,2.1271722728667366,-1.0464627355633287,-0.32774946540135635,1.8194353045893679,-0.18156645262324952,-0.3388616263074406,-0.6267038057704221,-0.738667542842371,-0.11020775375559674,-0.5527051915086619,-0.09529814069846938,-0.8553876860097238,0.6702800625998365,-0.13597449372113873,-0.6236095644623236,0.1469491804436178,0.19601428307463414,-0.7049865162000988,1.3380784886691008,-0.22941573387056183,-0.1966090085915255,-0.42665336858709313,-2.7231402750770073
-0.14998295745037957,-0.11020775375559674,0.5856030483790996,-0.47010766958349126,-1.0464627355633287,-0.32774946540135635,-0.5496210815947049,0.49116706657787124,2.951057075706546,-0.6267038057704221,-0.4897623840726178,-0.11020775375559674,-0.5527051915086619,-0.09529814069846938,-0.8553876860097238,0.6702800625998365,-0.4877843092997643,-0.6236095644623236,0.1469491804436178,0.19601428307463414,1.4184668458483913,-0.3179592448322615,-0.22941573387056183,-0.1966090085915255,-0.42665336858709313,-0.3956699544983684
-0.14998295745037957,-0.11020775375559674,0.5856030483790996,-0.47010766958349126,-0.0010454173182450838,-0.32774946540135635,-0.5496210815947049,-0.5916574335061244,-0.3388616263074406,-0.6267038057704221,0.008047933466888799,-0.11020775375559674,1.8092828063916029,-0.09529814069846938,1.8572582527103307,0.6702800625998365,-0.4877843092997643,-0.6236095644623236,0.1469491804436178,0.19601428307463414,1.4184668458483913,1.3380784886691008,-0.22941573387056183,-0.1966090085915255,-0.42665336858709313,0.7680652057909509
6.667424199385056,-0.11020775375559674,0.5856030483790996,-0.47010766958349126,-0.0010454173182450838,-0.32774946540135635,-0.5496210815947049,-0.7029526521726955,-0.3388616263074406,1.5956501154012874,-0.9875727016121243,-0.11020775375559674,-0.5527051915086619,-0.09529814069846938,-0.8553876860097238,0.6702800625998365,1.0953598608040507,-0.6236095644623236,0.1469491804436178,-5.101669043266824,-0.7049865162000988,1.3380784886691008,-0.22941573387056183,0.8381752471533456,-0.42665336858709313,0.7680652057909509
-0.14998295745037957,-0.11020775375559674,0.5856030483790996,-0.47010766958349126,1.0443719009268386,-0.32774946540135635,-0.5496210815947049,-0.6877115871960632,-0.3388616263074406,-0.6267038057704221,-0.738667542842371,-0.11020775375559674,-0.5527051915086619,-0.09529814069846938,-0.8553876860097238,0.6702800625998365,-1.1914039404570154,1.6035674514745464,0.1469491804436178,0.19601428307463414,1.4184668458483913,-1.1459781115829426,-0.22941573387056183,-0.1966090085915255,-0.42665336858709313,-0.3956699544983684
-0.14998295745037957,-0.11020775375559674,0.5856030483790996,-0.47010766958349126,1.0443719009268386,3.051111002653864,-0.5496210815947049,0.10446934821726915,-0.3388616263074406,-0.6267038057704221,2.2481943623946683,-0.11020775375559674,-0.5527051915086619,-0.09529814069846938,-0.8553876860097238,0.6702800625998365,-0.4877843092997643,-0.6236095644623236,0.1469491804436178,0.19601428307463414,1.4184668458483913,0.5100596219184197,-0.22941573387056183,0.8381752471533456,-0.42665336858709313,-1.5594051147876877
-0.14998295745037957,-0.11020775375559674,-2.379475677591025,-0.47010766958349126,-0.0010454173182450838,-0.32774946540135635,-0.5496210815947049,0.23384117883286928,-0.3388616263074406,-0.6267038057704221,2.2481943623946683,-0.11020775375559674,1.8092828063916029,-0.09529814069846938,-0.8553876860097238,0.6702800625998365,0.919454953014738,-0.6236095644623236,0.1469491804436178,0.19601428307463414,-0.7049865162000988,0.5100596219184197,-0.22941573387056183,-0.1966090085915255,2.3438230508096156,-0.3956699544983684
-0.14998295745037957,-0.11020775375559674,-0.8969363146059627,-0.47010766958349126,-1.0464627355633287,-0.32774946540135635,-0.5496210815947049,-1.0060017348475945,-0.3388616263074406,1.5956501154012874,-0.2408572253028645,-0.11020775375559674,-0.5527051915086619,-0.09529814069846938,0.9530429398036458,-1.4919136877222166,-1.1914039404570154,1.6035674514745464,0.1469491804436178,0.19601428307463414,-0.7049865162000988,-1.973996978333624,-0.22941573387056183,-0.1966090085915255,-0.42665336858709313,-0.3956699544983684
-0.14998295745037957,-0.11020775375559674,0.5856030483790996,2.1271722728667366,1.0443719009268386,-0.32774946540135635,-0.5496210815947049,0.27850104364811756,-0.3388616263074406,-0.6267038057704221,0.2569530922366421,-0.11020775375559674,-0.5527051915086619,-0.09529814069846938,0.048827626896961025,0.6702800625998365,0.6555975913307688,-0.6236095644623236,0.1469491804436178,0.19601428307463414,1.4184668458483913,0.5100596219184197,-0.22941573387056183,-0.1966090085915255,-0.42665336858709313,-0.3956699544983684
-0.14998295745037957,-0.11020775375559674,0.5856030483790996,-0.47010766958349126,1.0443719009268386,-0.32774946540135635,-0.5496210815947049,-0.8752121307457961,-0.3388616263074406,-0.6267038057704221,-0.4897623840726178,-0.11020775375559674,-0.5527051915086619,-0.09529814069846938,-0.8553876860097238,0.6702800625998365,0.12788286796283044,1.6035674514745464,0.1469491804436178,0.19601428307463414,1.4184668458483913,1.3380784886691008,-0.22941573387056183,-0.1966090085915255,-0.42665336858709313,-0.3956699544983684
-0.14998295745037957,-0.11020775375559674,-2.379475677591025,-0.47010766958349126,-0.0010454173182450838,-0.32774946540135635,-0.5496210815947049,1.592068178610896,-0.3388616263074406,-0.6267038057704221,2.2481943623946683,-0.11020775375559674,1.8092828063916029,-0.09529814069846938,-0.8553876860097238,0.6702800625998365,0.5676451374361124,-0.6236095644623236,1.677669810064635,0.19601428307463414,-0.7049865162000988,1.3380784886691008,-0.22941573387056183,-0.1966090085915255,2.3438230508096156,-0.3956699544983684
6.667424199385056,-0.11020775375559674,0.5856030483790996,-0.47010766958349126,1.0443719009268386,-0.32774946540135635,-0.5496210815947049,1.039490962365086,-0.3388616263074406,1.5956501154012874,-0.2408572253028645,-0.11020775375559674,-0.5527051915086619,-0.09529814069846938,-0.8553876860097238,0.6702800625998365,0.7435500452254252,-0.6236095644623236,-1.3837714491773996,0.19601428307463414,-0.7049865162000988,-0.3179592448322615,-0.22941573387056183,-0.1966090085915255,-0.42665336858709313,1.9318003660802703
-0.14998295745037957,-0.11020775375559674,0.5856030483790996,-0.47010766958349126,-1.0464627355633287,-0.32774946540135635,-0.5496210815947049,-0.6717616354763317,-0.3388616263074406,-0.6267038057704221,0.2569530922366421,-0.11020775375559674,-0.5527051915086619,-0.09529814069846938,0.9530429398036458,-1.4919136877222166,-0.6636892170890771,1.6035674514745464,0.1469491804436178,0.19601428307463414,1.4184668458483913,0.5100596219184197,-0.22941573387056183,1.8729595028982167,-0.42665336858709313,-0.3956699544983684
-0.14998295745037957,-0.11020775375559674,-0.8969363146059627,-0.47010766958349126,-1.0464627355633287,-0.32774946540135635,-0.5496210815947049,-0.6682172017608358,-0.3388616263074406,1.5956501154012874,-0.4897623840726178,-0.11020775375559674,-0.5527051915086619,-0.09529814069846938,1.8572582527103307,0.6702800625998365,0.3917402296467996,1.6035674514745464,0.1469491804436178,0.19601428307463414,-0.7049865162000988,-0.3179592448322615,-0.22941573387056183,-1.2313932643363965,-0.42665336858709313,-0.3956699544983684
-0.14998295745037957,-0.11020775375559674,0.5856030483790996,-0.47010766958349126,1.0443719009268386,-0.32774946540135635,1.8194353045893679,0.5227125266457847,-0.3388616263074406,-0.6267038057704221,1.999289203624915,-0.11020775375559674,-0.5527051915086619,-0.09529814069846938,-0.8553876860097238,0.6702800625998365,-0.9275465787730462,1.6035674514745464,-1.3837714491773996,0.19601428307463414,-0.7049865162000988,-1.1459781115829426,-0.22941573387056183,-0.1966090085915255,-0.42665336858709313,0.7680652057909509
-0.14998295745037957,-0.11020775375559674,0.5856030483790996,-0.47010766958349126,1.0443719009268386,3.051111002653864,-0.5496210815947049,3.9519521463880625,-0.3388616263074406,-0.6267038057704221,2.2481943623946683,-0.11020775375559674,-0.5527051915086619,-0.09529814069846938,-0.8553876860097238,0.6702800625998365,-0.9275465787730462,-0.6236095644623236,0.1469491804436178,0.19601428307463414,1.4184668458483913,-0.3179592448322615,-0.22941573387056183,-0.1966090085915255,-0.42665336858709313,-2.7231402750770073
-0.14998295745037957,-0.11020775375559674,0.5856030483790996,-0.47010766958349126,2.0897892191719225,3.051111002653864,-0.5496210815947049,-0.9436197014548667,-0.3388616263074406,1.5956501154012874,-0.738667542842371,-0.11020775375559674,-0.5527051915086619,-0.09529814069846938,0.9530429398036458,-1.4919136877222166,-0.8395941248783899,-0.6236095644623236,-2.9144920787984168,0.19601428307463414,-0.7049865162000988,-1.1459781115829426,-0.22941573387056183,-0.1966090085915255,-0.42665336858709313,-1.5594051147876877
-0.14998295745037957,-0.11020775375559674,0.5856030483790996,2.1271722728667366,2.0897892191719225,-0.32774946540135635,-0.5496210815947049,0.169332485210844,-0.3388616263074406,-0.6267038057704221,0.2569530922366421,-0.11020775375559674,-0.5527051915086619,-0.09529814069846938,0.9530429398036458,-1.4919136877222166,-0.8395941248783899,-0.6236095644623236,0.1469491804436178,0.19601428307463414,1.4184668458483913,-1.1459781115829426,-0.22941573387056183,-0.1966090085915255,-0.42665336858709313,-0.3956699544983684
-0.14998295745037957,-0.11020775375559674,0.5856030483790996,-0.47010766958349126,-1.0464627355633287,-0.32774946540135635,-0.5496210815947049,-0.3279515650732299,2.951057075706546,-0.6267038057704221,0.2569530922366421,-0.11020775375559674,-0.5527051915086619,-0.09529814069846938,-0.8553876860097238,0.6702800625998365,-0.048022039826482336,-0.6236095644623236,0.1469491804436178,0.19601428307463414,1.4184668458483913,0.5100596219184197,-0.22941573387056183,-0.1966090085915255,-0.42665336858709313,0.7680652057909509
-0.14998295745037957,-0.11020775375559674,0.5856030483790996,2.1271722728667366,-1.0464627355633287,-0.32774946540135635,1.8194353045893679,-0.5952018672216204,-0.3388616263074406,-0.6267038057704221,-0.738667542842371,-0.11020775375559674,-0.5527051915086619,-0.09529814069846938,0.9530429398036458,-1.4919136877222166,-0.048022039826482336,-0.6236095644623236,0.1469491804436178,-5.101669043266824,-0.7049865162000988,0.5100596219184197,-0.22941573387056183,2.9077437586430874,-0.42665336858709313,0.7680652057909509
-0.14998295745037957,-0.11020775375559674,-2.379475677591025,-0.47010766958349126,1.0443719009268386,-0.32774946540135635,-0.5496210815947049,0.8760925680807253,-0.3388616263074406,-0.6267038057704221,0.2569530922366421,-0.11020775375559674,-0.5527051915086619,-0.09529814069846938,0.9530429398036458,-1.4919136877222166,-1.0154990326677027,-0.6236095644623236,0.1469491804436178,0.19601428307463414,-0.7049865162000988,-1.1459781115829426,4.358898943540674,-0.1966090085915255,2.3438230508096156,0.7680652057909509
-0.14998295745037957,-0.11020775375559674,0.5856030483790996,2.1271722728667366,-0.0010454173182450838,-0.32774946540135635,-0.5496210815947049,-0.09756337356599681,-0.3388616263074406,-0.6267038057704221,0.2569530922366421,-0.11020775375559674,-0.5527051915086619,-0.09529814069846938,1.8572582527103307,0.6702800625998365,-1.3673088482463283,-0.6236095644623236,0.1469491804436178,0.19601428307463414,1.4184668458483913,-0.3179592448322615,-0.22941573387056183,-1.2313932643363965,-0.42665336858709313,-0.3956699544983684
-0.14998295745037957,-0.11020775375559674,0.5856030483790996,2.1271722728667366,-1.0464627355633287,-0.32774946540135635,-0.5496210815947049,-0.8301978225589982,-0.3388616263074406,-0.6267038057704221,0.2569530922366421,-0.11020775375559674,-0.5527051915086619,-0.09529814069846938,-0.8553876860097238,0.6702800625998365,-0.3998318554051079,-0.6236095644623236,0.1469491804436178,0.19601428307463414,1.4184668458483913,0.5100596219184197,-0.22941573387056183,-1.2313932643363965,-0.42665336858709313,-0.3956699544983684
-0.14998295745037957,-0.11020775375559674,0.5856030483790996,-0.47010766958349126,-0.0010454173182450838,-0.32774946540135635,-0.5496210815947049,-0.775967986711911,-0.3388616263074406,-0.6267038057704221,-0.738667542842371,-0.11020775375559674,1.8092828063916029,-0.09529814069846938,-0.8553876860097238,0.6702800625998365,1.0953598608040507,-0.6236095644623236,0.1469491804436178,0.19601428307463414,1.4184668458483913,-0.3179592448322615,-0.22941573387056183,-0.1966090085915255,-0.42665336858709313,-2.7231402750770073
-0.14998295745037957,-0.11020775375559674,0.5856030483790996,-0.47010766958349126,2.0897892191719225,3.051111002653864,-0.5496210815947049,-0.4831977618119501,-0.3388616263074406,1.5956501154012874,0.7547634097761486,-0.11020775375559674,-0.5527051915086619,-0.09529814069846938,-0.8553876860097238,0.6702800625998365,2.678504030907866,-0.6236095644623236,1.677669810064635,0.19601428307463414,-0.7049865162000988,1.3380784886691008,-0.22941573387056183,-0.1966090085915255,-0.42665336858709313,1.9318003660802703
-0.14998295745037957,-0.11020775375559674,0.5856030483790996,2.1271722728667366,-1.0464627355633287,-0.32774946540135635,1.8194353045893679,-0.726700358066518,-0.3388616263074406,-0.6267038057704221,-1.2364778603818776,-0.11020775375559674,-0.5527051915086619,-0.09529814069846938,1.8572582527103307,0.6702800625998365,-0.7516416709837335,-0.6236095644623236,0.1469491804436178,0.19601428307463414,-0.7049865162000988,-0.3179592448322615,-0.22941573387056183,-1.2313932643363965,-0.42665336858709313,0.7680652057909509
-0.14998295745037957,-0.11020775375559674,-0.8969363146059627,-0.47010766958349126,-1.0464627355633287,-0.32774946540135635,-0.5496210815947049,0.03428956065045045,2.951057075706546,-0.6267038057704221,-0.4897623840726178,-0.11020775375559674,-0.5527051915086619,-0.09529814069846938,-0.8553876860097238,0.6702800625998365,-1.103451486562359,-0.6236095644623236,0.1469491804436178,0.19601428307463414,-0.7049865162000988,1.3380784886691008,-0.22941573387056183,2.9077437586430874,2.3438230508096156,0.7680652057909509
-0.14998295745037957,-0.11020775375559674,-0.8969363146059627,-0.47010766958349126,-0.0010454173182450838,-0.32774946540135635,-0.5496210815947049,-0.49241328947223945,-0.3388616263074406,-0.6267038057704221,-0.2408572253028645,-0.11020775375559674,-0.5527051915086619,-0.09529814069846938,0.9530429398036458,-1.4919136877222166,-0.9275465787730462,1.6035674514745464,0.1469491804436178,0.19601428307463414,1.4184668458483913,-0.3179592448322615,-0.22941573387056183,-0.1966090085915255,-0.42665336858709313,-0.3956699544983684
-0.14998295745037957,-0.11020775375559674,0.5856030483790996,-0.47010766958349126,-1.0464627355633287,-0.32774946540135635,1.8194353045893679,-0.7121681798329849,-0.3388616263074406,-0.6267038057704221,-0.4897623840726178,9.073771725877465,-0.5527051915086619,-0.09529814069846938,-0.8553876860097238,0.6702800625998365,0.03993041406817406,-0.6236095644623236,0.1469491804436178,0.19601428307463414,-0.7049865162000988,0.5100596219184197,-0.22941573387056183,1.8729595028982167,-0.42665336858709313,-0.3956699544983684
-0.14998295745037957,-0.11020775375559674,-2.379475677591025,-0.47010766958349126,-1.0464627355633287,-0.32774946540135635,-0.5496210815947049,-0.5147432218798635,-0.3388616263074406,-0.6267038057704221,1.2525737273156552,-0.11020775375559674,-0.5527051915086619,-0.09529814069846938,-0.8553876860097238,0.6702800625998365,0.12788286796283044,-0.6236095644623236,0.1469491804436178,0.19601428307463414,-0.7049865162000988,-0.3179592448322615,4.358898943540674,-0.1966090085915255,2.3438230508096156,-0.3956699544983684
-0.14998295745037957,-0.11020775375559674,0.5856030483790996,-0.47010766958349126,-0.0010454173182450838,-0.32774946540135635,-0.5496210815947049,-0.9248342027627385,-0.3388616263074406,1.5956501154012874,-1.2364778603818776,-0.11020775375559674,1.8092828063916029,-0.09529814069846938,-0.8553876860097238,0.6702800625998365,0.479692683541456,-0.6236095644623236,-1.3837714491773996,0.19601428307463414,-0.7049865162000988,-1.1459781115829426,-0.22941573387056183,-0.1966090085915255,-0.42665336858709313,-0.3956699544983684
-0.14998295745037957,-0.11020775375559674,0.5856030483790996,-0.47010766958349126,2.0897892191719225,-0.32774946540135635,-0.5496210815947049,0.04527730516848772,-0.3388616263074406,-0.6267038057704221,-0.738667542842371,-0.11020775375559674,-0.5527051915086619,-0.09529814069846938,-0.8553876860097238,0.6702800625998365,0.12788286796283044,1.6035674514745464,1.677669810064635,0.19601428307463414,1.4184668458483913,1.3380784886691008,-0.22941573387056183,-1.2313932643363965,-0.42665336858709313,-0.3956699544983684
-0.14998295745037957,-0.11020775375559674,-2.379475677591025,-0.47010766958349126,1.0443719009268386,-0.32774946540135635,-0.5496210815947049,-0.7203203773786254,-0.3388616263074406,-0.6267038057704221,-0.2408572253028645,-0.11020775375559674,-0.5527051915086619,-0.09529814069846938,-0.8553876860097238,0.6702800625998365,2.238741761434584,-0.6236095644623236,0.1469491804436178,0.19601428307463414,-0.7049865162000988,-0.3179592448322615,4.358898943540674,-1.2313932643363965,2.3438230508096156,-0.3956699544983684
-0.14998295745037957,-0.11020775375559674,0.5856030483790996,-0.47010766958349126,1.0443719009268386,-0.32774946540135635,-0.5496210815947049,2.725578080826483,-0.3388616263074406,-0.6267038057704221,2.2481943623946683,-0.11020775375559674,-0.5527051915086619,-0.09529814069846938,-0.8553876860097238,0.6702800625998365,-0.7516416709837335,1.6035674514745464,0.1469491804436178,0.19601428307463414,-0.7049865162000988,0.5100596219184197,-0.22941573387056183,2.9077437586430874,2.3438230508096156,-0.3956699544983684
-0.14998295745037957,-0.11020775375559674,-2.379475677591025,-0.47010766958349126,-1.0464627355633287,-0.32774946540135635,-0.5496210815947049,1.0061732854394247,-0.3388616263074406,-0.6267038057704221,2.2481943623946683,-0.11020775375559674,-0.5527051915086619,-0.09529814069846938,-0.8553876860097238,0.6702800625998365,-0.3998318554051079,-0.6236095644623236,0.1469491804436178,0.19601428307463414,-0.7049865162000988,-0.3179592448322615,4.358898943540674,-0.1966090085915255,2.3438230508096156,0.7680652057909509
-0.14998295745037957,-0.11020775375559674,-2.379475677591025,-0.47010766958349126,-1.0464627355633287,-0.32774946540135635,-0.5496210815947049,2.0500090146529657,-0.3388616263074406,-0.6267038057704221,1.2525737273156552,-0.11020775375559674,-0.5527051915086619,-0.09529814069846938,-0.8553876860097238,0.6702800625998365,-0.048022039826482336,-0.6236095644623236,-1.3837714491773996,0.19601428307463414,-0.7049865162000988,-0.3179592448322615,4.358898943540674,-1.2313932643363965,2.3438230508096156,-0.3956699544983684
-0.14998295745037957,-0.11020775375559674,0.5856030483790996,-0.47010766958349126,-1.0464627355633287,-0.32774946540135635,-0.5496210815947049,-0.6373806284360215,-0.3388616263074406,1.5956501154012874,-0.2408572253028645,-0.11020775375559674,-0.5527051915086619,-0.09529814069846938,1.8572582527103307,0.6702800625998365,0.3037877757521432,1.6035674514745464,0.1469491804436178,0.19601428307463414,-0.7049865162000988,-1.1459781115829426,-0.22941573387056183,-0.1966090085915255,-0.42665336858709313,-0.3956699544983684
-0.14998295745037957,-0.11020775375559674,0.5856030483790996,-0.47010766958349126,-1.0464627355633287,-0.32774946540135635,1.8194353045893679,-0.6774327294211251,-0.3388616263074406,-0.6267038057704221,-0.4897623840726178,-0.11020775375559674,-0.5527051915086619,-0.09529814069846938,-0.8553876860097238,0.6702800625998365,-0.3998318554051079,1.6035674514745464,0.1469491804436178,0.19601428307463414,-0.7049865162000988,-0.3179592448322615,-0.22941573387056183,-0.1966090085915255,-0.42665336858709313,0.7680652057909509
-0.14998295745037957,-0.11020775375559674,-0.8969363146059627,2.1271722728667366,-0.0010454173182450838,-0.32774946540135635,-0.5496210815947049,0.2972865423402458,-0.3388616263074406,-0.6267038057704221,0.2569530922366421,-0.11020775375559674,-0.5527051915086619,-0.09529814069846938,-0.8553876860097238,0.6702800625998365,-1.103451486562359,-0.6236095644623236,0.1469491804436178,0.19601428307463414,-0.7049865162000988,1.3380784886691008,-0.22941573387056183,-0.1966090085915255,2.3438230508096156,-2.7231402750770073
-0.14998295745037957,-0.11020775375559674,0.5856030483790996,-0.47010766958349126,-1.0464627355633287,-0.32774946540135635,1.8194353045893679,2.5146842747544773,-0.3388616263074406,-0.6267038057704221,3.2438149974736814,-0.11020775375559674,1.8092828063916029,-0.09529814069846938,-0.8553876860097238,0.6702800625998365,0.5676451374361124,-0.6236095644623236,1.677669810064635,0.19601428307463414,-0.7049865162000988,1.3380784886691008,-0.22941573387056183,-0.1966090085915255,-0.42665336858709313,-0.3956699544983684
-0.14998295745037957,-0.11020775375559674,-0.8969363146059627,2.1271722728667366,-0.0010454173182450838,-0.32774946540135635,1.8194353045893679,0.02613736310480989,-0.3388616263074406,-0.6267038057704221,0.2569530922366421,-0.11020775375559674,-0.5527051915086619,-0.09529814069846938,-0.8553876860097238,0.6702800625998365,0.3037877757521432,-0.6236095644623236,1.677669810064635,0.19601428307463414,-0.7049865162000988,1.3380784886691008,-0.22941573387056183,-0.1966090085915255,-0.42665336858709313,-0.3956699544983684
-0.14998295745037957,-0.11020775375559674,0.5856030483790996,-0.47010766958349126,-1.0464627355633287,-0.32774946540135635,-0.5496210815947049,-0.3807636274341188,2.951057075706546,-0.6267038057704221,0.2569530922366421,-0.11020775375559674,-0.5527051915086619,-0.09529814069846938,-0.8553876860097238,0.6702800625998365,0.6555975913307688,-0.6236095644623236,0.1469491804436178,0.19601428307463414,1.4184668458483913,0.5100596219184197,-0.22941573387056183,-1.2313932643363965,-0.42665336858709313,0.7680652057909509
-0.14998295745037957,-0.11020775375559674,0.5856030483790996,-0.47010766958349126,-1.0464627355633287,-0.32774946540135635,1.8194353045893679,-0.831261152673647,-0.3388616263074406,-0.6267038057704221,-0.738667542842371,-0.11020775375559674,1.8092828063916029,-0.09529814069846938,0.9530429398036458,-1.4919136877222166,0.21583532185748686,-0.6236095644623236,-2.9144920787984168,0.19601428307463414,-0.7049865162000988,-1.973996978333624,-0.22941573387056183,-0.1966090085915255,-0.42665336858709313,0.7680652057909509
-0.14998295745037957,-0.11020775375559674,0.5856030483790996,-0.47010766958349126,1.0443719009268386,-0.32774946540135635,1.8194353045893679,-0.4367656801389539,-0.3388616263074406,-0.6267038057704221,0.2569530922366421,-0.11020775375559674,-0.5527051915086619,-0.09529814069846938,1.8572582527103307,0.6702800625998365,-1.1914039404570154,1.6035674514745464,0.1469491804436178,0.19601428307463414,-0.7049865162000988,-1.1459781115829426,-0.22941573387056183,-0.1966090085915255,-0.42665336858709313,-0.3956699544983684
-0.14998295745037957,-0.11020775375559674,0.5856030483790996,-0.47010766958349126,-1.0464627355633287,-0.32774946540135635,-0.5496210815947049,1.610144790559925,2.951057075706546,-0.6267038057704221,0.2569530922366421,-0.11020775375559674,-0.5527051915086619,-0.09529814069846938,-0.8553876860097238,0.6702800625998365,0.21583532185748686,-0.6236095644623236,1.677669810064635,0.19601428307463414,1.4184668458483913,0.5100596219184197,-0.22941573387056183,-0.1966090085915255,-0.42665336858709313,-0.3956699544983684
-0.14998295745037957,-0.11020775375559674,0.5856030483790996,-0.47010766958349126,-1.0464627355633287,-0.32774946540135635,-0.5496210815947049,-0.7951079287755888,-0.3388616263074406,1.5956501154012874,-0.2408572253028645,-0.11020775375559674,1.8092828063916029,-0.09529814069846938,0.9530429398036458,-1.4919136877222166,0.03993041406817406,-0.6236095644623236,0.1469491804436178,0.19601428307463414,-0.7049865162000988,-0.3179592448322615,-0.22941573387056183,-0.1966090085915255,-0.42665336858709313,0.7680652057909509
-0.14998295745037957,-0.11020775375559674,0.5856030483790996,-0.47010766958349126,-1.0464627355633287,-0.32774946540135635,-0.5496210815947049,-0.908884251043007,-0.3388616263074406,1.5956501154012874,-0.738667542842371,-0.11020775375559674,-0.5527051915086619,-0.09529814069846938,-0.8553876860097238,0.6702800625998365,-0.4877843092997643,1.6035674514745464,0.1469491804436178,0.19601428307463414,-0.7049865162000988,-0.3179592448322615,-0.22941573387056183,-0.1966090085915255,-0.42665336858709313,-0.3956699544983684
-0.14998295745037957,-0.11020775375559674,-0.8969363146059627,-0.47010766958349126,1.0443719009268386,-0.32774946540135635,-0.5496210815947049,1.590295961753148,2.951057075706546,-0.6267038057704221,0.2569530922366421,-0.11020775375559674,-0.5527051915086619,-0.09529814069846938,0.9530429398036458,-1.4919136877222166,-0.5757367631944207,-0.6236095644623236,0.1469491804436178,0.19601428307463414,-0.7049865162000988,1.3380784886691008,-0.22941573387056183,2.9077437586430874,2.3438230508096156,0.7680652057909509
-0.14998295745037957,-0.11020775375559674,-0.8969363146059627,-0.47010766958349126,1.0443719009268386,-0.32774946540135635,1.8194353045893679,-0.7114592930898858,-0.3388616263074406,-0.6267038057704221,-0.4897623840726178,-0.11020775375559674,1.8092828063916029,-0.09529814069846938,1.8572582527103307,0.6702800625998365,-0.9275465787730462,-0.6236095644623236,0.1469491804436178,0.19601428307463414,-0.7049865162000988,-0.3179592448322615,-0.22941573387056183,0.8381752471533456,-0.42665336858709313,-1.5594051147876877
-0.14998295745037957,-0.11020775375559674,0.5856030483790996,2.1271722728667366,1.0443719009268386,-0.32774946540135635,1.8194353045893679,-0.47823555461025585,-0.3388616263074406,-0.6267038057704221,-0.738667542842371,-0.11020775375559674,-0.5527051915086619,-0.09529814069846938,-0.8553876860097238,0.6702800625998365,0.12788286796283044,-0.6236095644623236,-1.3837714491773996,0.19601428307463414,-0.7049865162000988,-0.3179592448322615,-0.22941573387056183,-0.1966090085915255,-0.42665336858709313,-0.3956699544983684
-0.14998295745037957,-0.11020775375559674,0.5856030483790996,-0.47010766958349126,-1.0464627355633287,3.051111002653864,1.8194353045893679,0.3547063685312793,-0.3388616263074406,-0.6267038057704221,0.7547634097761486,-0.11020775375559674,-0.5527051915086619,-0.09529814069846938,-0.8553876860097238,0.6702800625998365,-0.8395941248783899,-0.6236095644623236,-1.3837714491773996,0.19601428307463414,-0.7049865162000988,-0.3179592448322615,-0.22941573387056183,0.8381752471533456,-0.42665336858709313,1.9318003660802703
-0.14998295745037957,-0.11020775375559674,0.5856030483790996,-0.47010766958349126,-1.0464627355633287,-0.32774946540135635,-0.5496210815947049,0.4688371341702471,-0.3388616263074406,-0.6267038057704221,-0.2408572253028645,-0.11020775375559674,-0.5527051915086619,-0.09529814069846938,-0.8553876860097238,0.6702800625998365,-0.3118794015104515,1.6035674514745464,0.1469491804436178,0.19601428307463414,1.4184668458483913,-1.1459781115829426,-0.22941573387056183,-0.1966090085915255,-0.42665336858709313,-0.3956699544983684
-0.14998295745037957,-0.11020775375559674,0.5856030483790996,2.1271722728667366,-0.0010454173182450838,-0.32774946540135635,1.8194353045893679,3.8661768504730616,-0.3388616263074406,-0.6267038057704221,1.5014788860854085,-0.11020775375559674,-0.5527051915086619,-0.09529814069846938,-0.8553876860097238,0.6702800625998365,-0.4877843092997643,-0.6236095644623236,1.677669810064635,0.19601428307463414,-0.7049865162000988,0.5100596219184197,-0.22941573387056183,-1.2313932643363965,-0.42665336858709313,0.7680652057909509
-0.14998295745037957,-0.11020775375559674,-0.8969363146059627,-0.47010766958349126,-1.0464627355633287,3.051111002653864,-0.5496210815947049,0.5574479770576445,-0.3388616263074406,-0.6267038057704221,2.2481943623946683,-0.11020775375559674,-0.5527051915086619,-0.09529814069846938,-0.8553876860097238,0.6702800625998365,-0.22392694761579512,-0.6236095644623236,1.677669810064635,0.19601428307463414,1.4184668458483913,-1.973996978333624,-0.22941573387056183,-0.1966090085915255,-0.42665336858709313,-0.3956699544983684
-0.14998295745037957,-0.11020775375559674,0.5856030483790996,-0.47010766958349126,1.0443719009268386,-0.32774946540135635,1.8194353045893679,-0.7337892254975098,-0.3388616263074406,-0.6267038057704221,0.2569530922366421,-0.11020775375559674,1.8092828063916029,-0.09529814069846938,-0.8553876860097238,0.6702800625998365,-0.8395941248783899,-0.6236095644623236,0.1469491804436178,0.19601428307463414,-0.7049865162000988,-1.1459781115829426,-0.22941573387056183,-0.1966090085915255,-0.42665336858709313,-0.3956699544983684
-0.14998295745037957,-0.11020775375559674,0.5856030483790996,-0.47010766958349126,-0.0010454173182450838,-0.32774946540135635,-0.5496210815947049,-0.3431926300498623,-0.3388616263074406,1.5956501154012874,0.2569530922366421,-0.11020775375559674,1.8092828063916029,-0.09529814069846938,-0.8553876860097238,0.6702800625998365,0.8315024991200816,-0.6236095644623236,0.1469491804436178,0.19601428307463414,-0.7049865162000988,1.3380784886691008,-0.22941573387056183,-0.1966090085915255,-0.42665336858709313,-0.3956699544983684
-0.14998295745037957,-0.11020775375559674,0.5856030483790996,-0.47010766958349126,-1.0464627355633287,-0.32774946540135635,-0.5496210815947049,-0.8291344924443494,-0.3388616263074406,1.5956501154012874,-1.2364778603818776,-0.11020775375559674,-0.5527051915086619,-0.09529814069846938,0.9530429398036458,-1.4919136877222166,-1.0154990326677027,1.6035674514745464,0.1469491804436178,0.19601428307463414,-0.7049865162000988,-0.3179592448322615,-0.22941573387056183,-0.1966090085915255,-0.42665336858709313,1.9318003660802703
-0.14998295745037957,-0.11020775375559674,0.5856030483790996,-0.47010766958349126,-1.0464627355633287,-0.32774946540135635,-0.5496210815947049,-0.637026185064472,-0.3388616263074406,1.5956501154012874,0.2569530922366421,-0.11020775375559674,1.8092828063916029,-0.09529814069846938,1.8572582527103307,0.6702800625998365,-0.22392694761579512,-0.6236095644623236,0.1469491804436178,0.19601428307463414,-0.7049865162000988,-1.1459781115829426,-0.22941573387056183,0.8381752471533456,-0.42665336858709313,-0.3956699544983684
-0.14998295745037957,-0.11020775375559674,0.5856030483790996,-0.47010766958349126,-1.0464627355633287,-0.32774946540135635,-0.5496210815947049,-0.06885346047048008,-0.3388616263074406,-0.6267038057704221,-0.738667542842371,-0.11020775375559674,-0.5527051915086619,-0.09529814069846938,-0.8553876860097238,0.6702800625998365,1.4471696763826765,1.6035674514745464,0.1469491804436178,0.19601428307463414,1.4184668458483913,-0.3179592448322615,-0.22941573387056183,-0.1966090085915255,-0.42665336858709313,-0.3956699544983684
-0.14998295745037957,-0.11020775375559674,0.5856030483790996,-0.47010766958349126,1.0443719009268386,-0.32774946540135635,-0.5496210815947049,-0.3208626976422382,-0.3388616263074406,-0.6267038057704221,-0.738667542842371,-0.11020775375559674,1.8092828063916029,-0.09529814069846938,0.048827626896961025,0.6702800625998365,0.03993041406817406,-0.6236095644623236,1.677669810064635,0.19601428307463414,1.4184668458483913,0.5100596219184197,-0.22941573387056183,1.8729595028982167,-0.42665336858709313,0.7680652057909509
-0.14998295745037957,-0.11020775375559674,0.5856030483790996,-0.47010766958349126,-1.0464627355633287,-0.32774946540135635,-0.5496210815947049,-0.9110109112723046,-0.3388616263074406,-0.6267038057704221,-0.738667542842371,-0.11020775375559674,-0.5527051915086619,-0.09529814069846938,-0.8553876860097238,0.6702800625998365,-0.3118794015104515,-0.6236095644623236,0.1469491804436178,0.19601428307463414,1.4184668458483913,-0.3179592448322615,4.358898943540674,-0.1966090085915255,-0.42665336858709313,0.7680652057909509
-0.14998295745037957,-0.11020775375559674,0.5856030483790996,2.1271722728667366,1.0443719009268386,-0.32774946540135635,1.8194353045893679,-0.4279045958502142,-0.3388616263074406,-0.6267038057704221,0.2569530922366421,-0.11020775375559674,-0.5527051915086619,-0.09529814069846938,0.9530429398036458,-1.4919136877222166,-0.13597449372113873,-0.6236095644623236,1.677669810064635,0.19601428307463414,-0.7049865162000988,-1.973996978333624,-0.22941573387056183,-0.1966090085915255,-0.42665336858709313,1.9318003660802703
-0.14998295745037957,-0.11020775375559674,-2.379475677591025,2.1271722728667366,-1.0464627355633287,-0.32774946540135635,-0.5496210815947049,0.025428476361710712,-0.3388616263074406,-0.6267038057704221,-0.4897623840726178,-0.11020775375559674,-0.5527051915086619,-0.09529814069846938,-0.8553876860097238,0.6702800625998365,-0.6636892170890771,-0.6236095644623236,0.1469491804436178,0.19601428307463414,-0.7049865162000988,-0.3179592448322615,-0.22941573387056183,-0.1966090085915255,2.3438230508096156,0.7680652057909509
-0.14998295745037957,-0.11020775375559674,0.5856030483790996,2.1271722728667366,-0.0010454173182450838,-0.32774946540135635,-0.5496210815947049,-0.572163048070897,-0.3388616263074406,1.5956501154012874,-0.738667542842371,-0.11020775375559674,-0.5527051915086619,-0.09529814069846938,-0.8553876860097238,0.6702800625998365,-0.7516416709837335,-0.6236095644623236,0.1469491804436178,0.19601428307463414,-0.7049865162000988,-0.3179592448322615,-0.22941573387056183,-0.1966090085915255,-0.42665336858709313,-0.3956699544983684
-0.14998295745037957,-0.11020775375559674,0.5856030483790996,-0.47010766958349126,-1.0464627355633287,-0.32774946540135635,-0.5496210815947049,-0.40061245624089575,-0.3388616263074406,-0.6267038057704221,-0.738667542842371,-0.11020775375559674,-0.5527051915086619,-0.09529814069846938,-0.8553876860097238,0.6702800625998365,-0.048022039826482336,1.6035674514745464,0.1469491804436178,0.19601428307463414,-0.7049865162000988,0.5100596219184197,-0.22941573387056183,0.8381752471533456,2.3438230508096156,-0.3956699544983684
-0.14998295745037957,-0.11020775375559674,-2.379475677591025,-0.47010766958349126,1.0443719009268386,3.051111002653864,-0.5496210815947049,1.2085604505942402,-0.3388616263074406,-0.6267038057704221,2.2481943623946683,-0.11020775375559674,-0.5527051915086619,-0.09529814069846938,-0.8553876860097238,0.6702800625998365,0.21583532185748686,-0.6236095644623236,0.1469491804436178,0.19601428307463414,-0.7049865162000988,-0.3179592448322615,-0.22941573387056183,-1.2313932643363965,2.3438230508096156,1.9318003660802703
-0.14998295745037957,-0.11020775375559674,-2.379475677591025,-0.47010766958349126,-0.0010454173182450838,-0.32774946540135635,-0.5496210815947049,0.24872780043795206,-0.3388616263074406,-0.6267038057704221,-0.5727307703292022,-0.11020775375559674,1.8092828063916029,-0.09529814069846938,-0.8553876860097238,0.6702800625998365,-1.1914039404570154,-0.6236095644623236,0.1469491804436178,0.19601428307463414,-0.7049865162000988,-1.973996978333624,-0.22941573387056183,-0.1966090085915255,2.3438230508096156,-0.3956699544983684
-0.14998295745037957,-0.11020775375559674,-2.379475677591025,-0.47010766958349126,1.0443719009268386,3.051111002653864,-0.5496210815947049,1.788784249820918,-0.3388616263074406,-0.6267038057704221,0.5058582510063954,-0.11020775375559674,-0.5527051915086619,-0.09529814069846938,0.9530429398036458,-1.4919136877222166,0.5676451374361124,-0.6236095644623236,1.677669810064635,0.19601428307463414,-0.7049865162000988,1.3380784886691008,-0.22941573387056183,-0.1966090085915255,2.3438230508096156,-2.7231402750770073
-0.14998295745037957,-0.11020775375559674,-2.379475677591025,-0.47010766958349126,2.0897892191719225,-0.32774946540135635,-0.5496210815947049,-0.6714071921047821,-0.3388616263074406,-0.6267038057704221,0.2569530922366421,-0.11020775375559674,-0.5527051915086619,-0.09529814069846938,0.9530429398036458,-1.4919136877222166,1.0074074069093943,1.6035674514745464,0.1469491804436178,0.19601428307463414,-0.7049865162000988,1.3380784886691008,-0.22941573387056183,0.8381752471533456,2.3438230508096156,-0.3956699544983684
-0.14998295745037957,-0.11020775375559674,0.5856030483790996,-0.47010766958349126,-0.0010454173182450838,-0.32774946540135635,-0.5496210815947049,-0.7079148593743898,-0.3388616263074406,1.5956501154012874,-0.738667542842371,-0.11020775375559674,1.8092828063916029,-0.09529814069846938,0.9530429398036458,-1.4919136877222166,0.12788286796283044,-0.6236095644623236,-1.3837714491773996,0.19601428307463414,-0.7049865162000988,-1.1459781115829426,-0.22941573387056183,-0.1966090085915255,-0.42665336858709313,-0.3956699544983684
-0.14998295745037957,-0.11020775375559674,-2.379475677591025,-0.47010766958349126,-1.0464627355633287,-0.32774946540135635,-0.5496210815947049,1.1539761713756034,-0.3388616263074406,-0.6267038057704221,3.2438149974736814,-0.11020775375559674,1.8092828063916029,-0.09529814069846938,-0.8553876860097238,0.6702800625998365,-0.13597449372113873,-0.6236095644623236,0.1469491804436178,0.19601428307463414,-0.7049865162000988,-0.3179592448322615,-0.22941573387056183,-1.2313932643363965,2.3438230508096156,-0.3956699544983684
-0.14998295745037957,-0.11020775375559674,-0.8969363146059627,-0.47010766958349126,-0.0010454173182450838,3.051111002653864,1.8194353045893679,-0.03908021726031456,-0.3388616263074406,-0.6267038057704221,0.2569530922366421,-0.11020775375559674,-0.5527051915086619,-0.09529814069846938,-0.8553876860097238,0.6702800625998365,-0.3998318554051079,-0.6236095644623236,0.1469491804436178,0.19601428307463414,-0.7049865162000988,-0.3179592448322615,-0.22941573387056183,-0.1966090085915255,-0.42665336858709313,-1.5594051147876877
-0.14998295745037957,-0.11020775375559674,-2.379475677591025,-0.47010766958349126,-1.0464627355633287,-0.32774946540135635,-0.5496210815947049,2.1286954431369742,2.951057075706546,-0.6267038057704221,0.2569530922366421,-0.11020775375559674,-0.5527051915086619,-0.09529814069846938,0.048827626896961025,0.6702800625998365,1.0953598608040507,-0.6236095644623236,0.1469491804436178,0.19601428307463414,-0.7049865162000988,-0.3179592448322615,-0.22941573387056183,-1.2313932643363965,2.3438230508096156,-0.3956699544983684
-0.14998295745037957,-0.11020775375559674,0.5856030483790996,-0.47010766958349126,-0.0010454173182450838,-0.32774946540135635,-0.5496210815947049,-0.506591024334223,-0.3388616263074406,-0.6267038057704221,1.2525737273156552,-0.11020775375559674,1.8092828063916029,-0.09529814069846938,0.9530429398036458,-1.4919136877222166,-0.13597449372113873,-0.6236095644623236,0.1469491804436178,0.19601428307463414,1.4184668458483913,-1.1459781115829426,-0.22941573387056183,-0.1966090085915255,-0.42665336858709313,-0.3956699544983684
-0.14998295745037957,-0.11020775375559674,-0.8969363146059627,-0.47010766958349126,-1.0464627355633287,3.051111002653864,-0.5496210815947049,1.6689823902371568,-0.3388616263074406,-0.6267038057704221,1.2525737273156552,-0.11020775375559674,-0.5527051915086619,-0.09529814069846938,-0.8553876860097238,0.6702800625998365,-0.7516416709837335,-0.6236095644623236,0.1469491804436178,0.19601428307463414,1.4184668458483913,-1.1459781115829426,-0.22941573387056183,-1.2313932643363965,-0.42665336858709313,1.9318003660802703
-0.14998295745037957,-0.11020775375559674,0.5856030483790996,-0.47010766958349126,-1.0464627355633287,-0.32774946540135635,-0.5496210815947049,-0.312356056725048,-0.3388616263074406,-0.6267038057704221,-0.738667542842371,-0.11020775375559674,1.8092828063916029,-0.09529814069846938,-0.8553876860097238,0.6702800625998365,1.2712647685933636,-0.6236095644623236,0.1469491804436178,0.19601428307463414,1.4184668458483913,1.3380784886691008,-0.22941573387056183,-1.2313932643363965,-0.42665336858709313,-0.3956699544983684
-0.14998295745037957,-0.11020775375559674,-2.379475677591025,-0.47010766958349126,-0.0010454173182450838,-0.32774946540135635,-0.5496210815947049,-0.23792294869963423,-0.3388616263074406,-0.6267038057704221,-0.2408572253028645,-0.11020775375559674,-0.5527051915086619,-0.09529814069846938,-0.8553876860097238,0.6702800625998365,2.5905515770132093,1.6035674514745464,0.1469491804436178,0.19601428307463414,-0.7049865162000988,-0.3179592448322615,-0.22941573387056183,-0.1966090085915255,2.3438230508096156,-0.3956699544983684
-0.14998295745037957,-0.11020775375559674,-0.8969363146059627,-0.47010766958349126,-0.0010454173182450838,-0.32774946540135635,-0.5496210815947049,0.12786261073954205,2.951057075706546,-0.6267038057704221,0.2569530922366421,-0.11020775375559674,-0.5527051915086619,-0.09529814069846938,0.9530429398036458,-1.4919136877222166,-1.1914039404570154,-0.6236095644623236,0.1469491804436178,-5.101669043266824,1.4184668458483913,-0.3179592448322615,-0.22941573387056183,-0.1966090085915255,-0.42665336858709313,-1.5594051147876877
-0.14998295745037957,-0.11020775375559674,0.5856030483790996,-0.47010766958349126,-1.0464627355633287,-0.32774946540135635,1.8194353045893679,0.47911599194518517,-0.3388616263074406,-0.6267038057704221,-0.4897623840726178,-0.11020775375559674,-0.5527051915086619,-0.09529814069846938,-0.8553876860097238,0.6702800625998365,0.3917402296467996,-0.6236095644623236,1.677669810064635,0.19601428307463414,-0.7049865162000988,-0.3179592448322615,4.358898943540674,0.8381752471533456,-0.42665336858709313,-0.3956699544983684
-0.14998295745037957,-0.11020775375559674,0.5856030483790996,-0.47010766958349126,-1.0464627355633287,-0.32774946540135635,-0.5496210815947049,-0.6302917610050297,-0.3388616263074406,-0.6267038057704221,-0.738667542842371,-0.11020775375559674,-0.5527051915086619,-0.09529814069846938,0.9530429398036458,-1.4919136877222166,-0.13597449372113873,1.6035674514745464,0.1469491804436178,0.19601428307463414,1.4184668458483913,-1.1459781115829426,-0.22941573387056183,-0.1966090085915255,-0.42665336858709313,-0.3956699544983684
-0.14998295745037957,-0.11020775375559674,0.5856030483790996,-0.47010766958349126,-0.0010454173182450838,-0.32774946540135635,-0.5496210815947049,-0.8546544151959198,-0.3388616263074406,-0.6267038057704221,-1.2364778603818776,-0.11020775375559674,1.8092828063916029,-0.09529814069846938,0.9530429398036458,-1.4919136877222166,0.3037877757521432,-0.6236095644623236,0.1469491804436178,0.19601428307463414,-0.7049865162000988,1.3380784886691008,-0.22941573387056183,-0.1966090085915255,2.3438230508096156,0.7680652057909509
-0.14998295745037957,-0.11020775375559674,0.5856030483790996,-0.47010766958349126,-1.0464627355633287,3.051111002653864,-0.5496210815947049,-0.7135859533191833,-0.3388616263074406,1.5956501154012874,0.2569530922366421,-0.11020775375559674,-0.5527051915086619,-0.09529814069846938,-0.8553876860097238,0.6702800625998365,-0.9275465787730462,-0.6236095644623236,0.1469491804436178,0.19601428307463414,-0.7049865162000988,0.5100596219184197,-0.22941573387056183,-0.1966090085915255,-0.42665336858709313,-0.3956699544983684
-0.14998295745037957,-0.11020775375559674,0.5856030483790996,-0.47010766958349126,1.0443719009268386,-0.32774946540135635,1.8194353045893679,1.16567280263674,-0.3388616263074406,-0.6267038057704221,2.2481943623946683,-0.11020775375559674,1.8092828063916029,-0.09529814069846938,-0.8553876860097238,0.6702800625998365,-1.0154990326677027,-0.6236095644623236,0.1469491804436178,0.19601428307463414,-0.7049865162000988,0.5100596219184197,-0.22941573387056183,0.8381752471533456,-0.42665336858709313,-0.3956699544983684
-0.14998295745037957,-0.11020775375559674,0.5856030483790996,-0.47010766958349126,1.0443719009268386,-0.32774946540135635,-0.5496210815947049,3.812301457997524,-0.3388616263074406,-0.6267038057704221,3.2438149974736814,-0.11020775375559674,1.8092828063916029,-0.09529814069846938,-0.8553876860097238,0.6702800625998365,-0.7516416709837335,-0.6236095644623236,1.677669810064635,0.19601428307463414,-0.7049865162000988,0.5100596219184197,-0.22941573387056183,-0.1966090085915255,2.3438230508096156,-0.3956699544983684
-0.14998295745037957,-0.11020775375559674,0.5856030483790996,-0.47010766958349126,-1.0464627355633287,-0.32774946540135635,-0.5496210815947049,0.025074032990161123,-0.3388616263074406,-0.6267038057704221,1.2525737273156552,-0.11020775375559674,-0.5527051915086619,-0.09529814069846938,-0.8553876860097238,0.6702800625998365,1.35921722248802,1.6035674514745464,0.1469491804436178,0.19601428307463414,1.4184668458483913,1.3380784886691008,-0.22941573387056183,-1.2313932643363965,-0.42665336858709313,0.7680652057909509
-0.14998295745037957,-0.11020775375559674,-0.8969363146059627,-0.47010766958349126,1.0443719009268386,-0.32774946540135635,1.8194353045893679,1.3418311582968858,2.951057075706546,-0.6267038057704221,-0.07492045278969563,-0.11020775375559674,-0.5527051915086619,-0.09529814069846938,-0.8553876860097238,0.6702800625998365,0.03993041406817406,-0.6236095644623236,1.677669810064635,0.19601428307463414,-0.7049865162000988,0.5100596219184197,-0.22941573387056183,-1.2313932643363965,-0.42665336858709313,1.9318003660802703
-0.14998295745037957,-0.11020775375559674,0.5856030483790996,-0.47010766958349126,-1.0464627355633287,-0.32774946540135635,1.8194353045893679,0.9111824618641347,2.951057075706546,-0.6267038057704221,1.2525737273156552,-0.11020775375559674,-0.5527051915086619,-0.09529814069846938,-0.8553876860097238,0.6702800625998365,-0.048022039826482336,-0.6236095644623236,0.1469491804436178,0.19601428307463414,-0.7049865162000988,1.3380784886691008,-0.22941573387056183,-0.1966090085915255,-0.42665336858709313,0.7680652057909509
-0.14998295745037957,-0.11020775375559674,0.5856030483790996,-0.47010766958349126,-0.0010454173182450838,-0.32774946540135635,1.8194353045893679,-0.2655695316805022,-0.3388616263074406,-0.6267038057704221,0.7547634097761486,-0.11020775375559674,-0.5527051915086619,-0.09529814069846938,-0.8553876860097238,0.6702800625998365,0.3037877757521432,1.6035674514745464,0.1469491804436178,0.19601428307463414,-0.7049865162000988,1.3380784886691008,-0.22941573387056183,-0.1966090085915255,-0.42665336858709313,-0.3956699544983684
-0.14998295745037957,-0.11020775375559674,0.5856030483790996,2.1271722728667366,-0.0010454173182450838,-0.32774946540135635,1.8194353045893679,-0.3633959022281889,-0.3388616263074406,-0.6267038057704221,-0.738667542842371,-0.11020775375559674,-0.5527051915086619,-0.09529814069846938,-0.8553876860097238,0.6702800625998365,2.1507893075399274,-0.6236095644623236,0.1469491804436178,0.19601428307463414,-0.7049865162000988,1.3380784886691008,-0.22941573387056183,-0.1966090085915255,-0.42665336858709313,0.7680652057909509
-0.14998295745037957,-0.11020775375559674,0.5856030483790996,2.1271722728667366,1.0443719009268386,-0.32774946540135635,-0.5496210815947049,-0.009661417421698642,-0.3388616263074406,-0.6267038057704221,-0.2408572253028645,-0.11020775375559674,-0.5527051915086619,-0.09529814069846938,0.9530429398036458,-1.4919136877222166,-0.22392694761579512,-0.6236095644623236,0.1469491804436178,0.19601428307463414,1.4184668458483913,-0.3179592448322615,-0.22941573387056183,-0.1966090085915255,-0.42665336858709313,-2.7231402750770073
-0.14998295745037957,-0.11020775375559674,0.5856030483790996,-0.47010766958349126,2.0897892191719225,-0.32774946540135635,-0.5496210815947049,0.9133091220934322,-0.3388616263074406,-0.6267038057704221,1.2525737273156552,-0.11020775375559674,-0.5527051915086619,-0.09529814069846938,-0.8553876860097238,0.6702800625998365,-1.0154990326677027,1.6035674514745464,0.1469491804436178,0.19601428307463414,1.4184668458483913,-0.3179592448322615,-0.22941573387056183,-0.1966090085915255,-0.42665336858709313,-0.3956699544983684
-0.14998295745037957,-0.11020775375559674,0.5856030483790996,-0.47010766958349126,2.0897892191719225,-0.32774946540135635,1.8194353045893679,0.2402211595207619,-0.3388616263074406,-0.6267038057704221,-0.9046043153555399,-0.11020775375559674,1.8092828063916029,-0.09529814069846938,-0.8553876860097238,0.6702800625998365,0.12788286796283044,-0.6236095644623236,-1.3837714491773996,0.19601428307463414,-0.7049865162000988,-1.1459781115829426,-0.22941573387056183,-0.1966090085915255,-0.42665336858709313,-0.3956699544983684
-0.14998295745037957,-0.11020775375559674,0.5856030483790996,-0.47010766958349126,-1.0464627355633287,-0.32774946540135635,-0.5496210815947049,-0.7231559243510222,-0.3388616263074406,1.5956501154012874,-0.9046043153555399,-0.11020775375559674,1.8092828063916029,-0.09529814069846938,-0.8553876860097238,0.6702800625998365,-0.3118794015104515,-0.6236095644623236,-1.3837714491773996,-5.101669043266824,-0.7049865162000988,1.3380784886691008,-0.22941573387056183,-0.1966090085915255,-0.42665336858709313,0.7680652057909509
-0.14998295745037957,-0.11020775375559674,-0.8969363146059627,-0.47010766958349126,-0.0010454173182450838,-0.32774946540135635,-0.5496210815947049,-0.6483683729540588,-0.3388616263074406,-0.6267038057704221,0.2569530922366421,-0.11020775375559674,1.8092828063916029,-0.09529814069846938,0.9530429398036458,-1.4919136877222166,-1.103451486562359,-0.6236095644623236,0.1469491804436178,0.19601428307463414,1.4184668458483913,0.5100596219184197,-0.22941573387056183,-0.1966090085915255,-0.42665336858709313,-0.3956699544983684
-0.14998295745037957,-0.11020775375559674,0.5856030483790996,-0.47010766958349126,-1.0464627355633287,-0.32774946540135635,-0.5496210815947049,0.20513126573735255,2.951057075706546,-0.6267038057704221,-0.2408572253028645,-0.11020775375559674,-0.5527051915086619,-0.09529814069846938,-0.8553876860097238,0.6702800625998365,-0.7516416709837335,-0.6236095644623236,0.1469491804436178,0.19601428307463414,1.4184668458483913,0.5100596219184197,-0.22941573387056183,-0.1966090085915255,-0.42665336858709313,0.7680652057909509
-0.14998295745037957,-0.11020775375559674,0.5856030483790996,-0.47010766958349126,1.0443719009268386,-0.32774946540135635,1.8194353045893679,-0.8291344924443494,-0.3388616263074406,-0.6267038057704221,-1.2364778603818776,-0.11020775375559674,-0.5527051915086619,10.493384159131462,0.9530429398036458,-1.4919136877222166,0.3037877757521432,-0.6236095644623236,-1.3837714491773996,0.19601428307463414,-0.7049865162000988,0.5100596219184197,-0.22941573387056183,-1.2313932643363965,-0.42665336858709313,0.7680652057909509
-0.14998295745037957,-0.11020775375559674,0.5856030483790996,-0.47010766958349126,-1.0464627355633287,-0.32774946540135635,-0.5496210815947049,-0.6657360981599887,-0.3388616263074406,-0.6267038057704221,-0.8216359290989554,-0.11020775375559674,1.8092828063916029,-0.09529814069846938,0.9530429398036458,-1.4919136877222166,-0.048022039826482336,-0.6236095644623236,1.677669810064635,0.19601428307463414,1.4184668458483913,-1.1459781115829426,-0.22941573387056183,-0.1966090085915255,-0.42665336858709313,0.7680652057909509
-0.14998295745037957,-0.11020775375559674,0.5856030483790996,-0.47010766958349126,-1.0464627355633287,-0.32774946540135635,-0.5496210815947049,-0.6657360981599887,-0.3388616263074406,1.5956501154012874,0.2569530922366421,-0.11020775375559674,1.8092828063916029,-0.09529814069846938,-0.8553876860097238,0.6702800625998365,-0.3998318554051079,-0.6236095644623236,0.1469491804436178,0.19601428307463414,-0.7049865162000988,-0.3179592448322615,-0.22941573387056183,-0.1966090085915255,-0.42665336858709313,-0.3956699544983684
-0.14998295745037957,-0.11020775375559674,0.5856030483790996,-0.47010766958349126,-0.0010454173182450838,-0.32774946540135635,-0.5496210815947049,-0.5494786722917233,-0.3388616263074406,1.5956501154012874,-0.4897623840726178,-0.11020775375559674,1.8092828063916029,-0.09529814069846938,-0.8553876860097238,0.6702800625998365,0.03993041406817406,-0.6236095644623236,0.1469491804436178,0.19601428307463414,-0.7049865162000988,-1.1459781115829426,-0.22941573387056183,-0.1966090085915255,-0.42665336858709313,-0.3956699544983684
-0.14998295745037957,-0.11020775375559674,0.5856030483790996,-0.47010766958349126,1.0443719009268386,-0.32774946540135635,-0.5496210815947049,-0.33114155541717627,-0.3388616263074406,1.5956501154012874,1.2525737273156552,-0.11020775375559674,-0.5527051915086619,-0.09529814069846938,-0.8553876860097238,0.6702800625998365,0.03993041406817406,1.6035674514745464,0.1469491804436178,0.19601428307463414,-0.7049865162000988,1.3380784886691008,-0.22941573387056183,-0.1966090085915255,-0.42665336858709313,0.7680652057909509
-0.14998295745037957,-0.11020775375559674,-0.8969363146059627,-0.47010766958349126,-1.0464627355633287,-0.32774946540135635,-0.5496210815947049,-0.5427442482322812,-0.3388616263074406,1.5956501154012874,-1.2364778603818776,-0.11020775375559674,-0.5527051915086619,-0.09529814069846938,1.8572582527103307,0.6702800625998365,-0.4877843092997643,1.6035674514745464,0.1469491804436178,0.19601428307463414,-0.7049865162000988,1.3380784886691008,-0.22941573387056183,-0.1966090085915255,-0.42665336858709313,0.7680652057909509
-0.14998295745037957,-0.11020775375559674,0.5856030483790996,-0.47010766958349126,-1.0464627355633287,-0.32774946540135635,-0.5496210815947049,-0.3662314492005856,-0.3388616263074406,-0.6267038057704221,-0.2408572253028645,-0.11020775375559674,-0.5527051915086619,-0.09529814069846938,0.9530429398036458,-1.4919136877222166,-0.9275465787730462,1.6035674514745464,0.1469491804436178,0.19601428307463414,1.4184668458483913,-0.3179592448322615,-0.22941573387056183,-0.1966090085915255,-0.42665336858709313,0.7680652057909509
-0.14998295745037957,-0.11020775375559674,0.5856030483790996,-0.47010766958349126,-1.0464627355633287,-0.32774946540135635,-0.5496210815947049,-0.3332682156464738,-0.3388616263074406,1.5956501154012874,-0.738667542842371,-0.11020775375559674,-0.5527051915086619,-0.09529814069846938,-0.8553876860097238,0.6702800625998365,1.1833123146987072,1.6035674514745464,0.1469491804436178,0.19601428307463414,-0.7049865162000988,1.3380784886691008,-0.22941573387056183,-1.2313932643363965,-0.42665336858709313,0.7680652057909509
-0.14998295745037957,-0.11020775375559674,0.5856030483790996,2.1271722728667366,-0.0010454173182450838,-0.32774946540135635,-0.5496210815947049,-0.2460751462452748,-0.3388616263074406,-0.6267038057704221,-0.738667542842371,-0.11020775375559674,-0.5527051915086619,-0.09529814069846938,0.048827626896961025,0.6702800625998365,0.5676451374361124,-0.6236095644623236,0.1469491804436178,0.19601428307463414,1.4184668458483913,-0.3179592448322615,-0.22941573387056183,-0.1966090085915255,-0.42665336858709313,-0.3956699544983684
-0.14998295745037957,-0.11020775375559674,0.5856030483790996,-0.47010766958349126,-1.0464627355633287,-0.32774946540135635,-0.5496210815947049,1.4113020591206054,2.951057075706546,-0.6267038057704221,1.003668568545902,-0.11020775375559674,-0.5527051915086619,-0.09529814069846938,-0.8553876860097238,0.6702800625998365,-0.048022039826482336,-0.6236095644623236,1.677669810064635,0.19601428307463414,1.4184668458483913,0.5100596219184197,-0.22941573387056183,-0.1966090085915255,-0.42665336858709313,0.7680652057909509
-0.14998295745037957,-0.11020775375559674,-0.8969363146059627,2.1271722728667366,1.0443719009268386,-0.32774946540135635,-0.5496210815947049,-0.4792988847249046,-0.3388616263074406,-0.6267038057704221,-0.9875727016121243,-0.11020775375559674,-0.5527051915086619,-0.09529814069846938,-0.8553876860097238,0.6702800625998365,-0.048022039826482336,-0.6236095644623236,0.1469491804436178,0.19601428307463414,1.4184668458483913,0.5100596219184197,-0.22941573387056183,-0.1966090085915255,-0.42665336858709313,0.7680652057909509
-0.14998295745037957,-0.11020775375559674,0.5856030483790996,-0.47010766958349126,-1.0464627355633287,-0.32774946540135635,1.8194353045893679,1.2301814962587652,-0.3388616263074406,-0.6267038057704221,0.7547634097761486,-0.11020775375559674,-0.5527051915086619,-0.09529814069846938,-0.8553876860097238,0.6702800625998365,0.03993041406817406,1.6035674514745464,0.1469491804436178,0.19601428307463414,-0.7049865162000988,0.5100596219184197,-0.22941573387056183,-1.2313932643363965,-0.42665336858709313,0.7680652057909509
-0.14998295745037957,-0.11020775375559674,0.5856030483790996,-0.47010766958349126,-1.0464627355633287,-0.32774946540135635,-0.5496210815947049,0.09348160369923188,-0.3388616263074406,-0.6267038057704221,1.2525737273156552,-0.11020775375559674,1.8092828063916029,-0.09529814069846938,-0.8553876860097238,0.6702800625998365,0.12788286796283044,-0.6236095644623236,0.1469491804436178,0.19601428307463414,1.4184668458483913,0.5100596219184197,-0.22941573387056183,-0.1966090085915255,-0.42665336858709313,0.7680652057909509
-0.14998295745037957,-0.11020775375559674,-2.379475677591025,-0.47010766958349126,-0.0010454173182450838,-0.32774946540135635,-0.5496210815947049,1.4903429309761638,-0.3388616263074406,-0.6267038057704221,2.2481943623946683,-0.11020775375559674,-0.5527051915086619,-0.09529814069846938,-0.8553876860097238,0.6702800625998365,1.2712647685933636,-0.6236095644623236,1.677669810064635,0.19601428307463414,-0.7049865162000988,0.5100596219184197,4.358898943540674,-0.1966090085915255,2.3438230508096156,-0.3956699544983684
-0.14998295745037957,-0.11020775375559674,-0.8969363146059627,-0.47010766958349126,-1.0464627355633287,-0.32774946540135635,-0.5496210815947049,-0.732725895382861,-0.3388616263074406,-0.6267038057704221,-1.2364778603818776,-0.11020775375559674,1.8092828063916029,-0.09529814069846938,-0.8553876860097238,0.6702800625998365,-0.048022039826482336,-0.6236095644623236,0.1469491804436178,-5.101669043266824,-0.7049865162000988,-0.3179592448322615,-0.22941573387056183,0.8381752471533456,2.3438230508096156,-2.7231402750770073
-0.14998295745037957,-0.11020775375559674,0.5856030483790996,-0.47010766958349126,1.0443719009268386,-0.32774946540135635,-0.5496210815947049,0.9196891027813249,-0.3388616263074406,-0.6267038057704221,-0.2408572253028645,-0.11020775375559674,1.8092828063916029,-0.09529814069846938,-0.8553876860097238,0.6702800625998365,-0.4877843092997643,-0.6236095644623236,0.1469491804436178,0.19601428307463414,1.4184668458483913,-0.3179592448322615,-0.22941573387056183,0.8381752471533456,-0.42665336858709313,-0.3956699544983684
-0.14998295745037957,-0.11020775375559674,0.5856030483790996,-0.47010766958349126,-0.0010454173182450838,-0.32774946540135635,1.8194353045893679,0.13459703479898424,-0.3388616263074406,-0.6267038057704221,-0.738667542842371,-0.11020775375559674,1.8092828063916029,-0.09529814069846938,-0.8553876860097238,0.6702800625998365,-0.3998318554051079,-0.6236095644623236,0.1469491804436178,0.19601428307463414,-0.7049865162000988,-0.3179592448322615,-0.22941573387056183,2.9077437586430874,-0.42665336858709313,-0.3956699544983684
-0.14998295745037957,-0.11020775375559674,-0.8969363146059627,2.1271722728667366,-1.0464627355633287,-0.32774946540135635,1.8194353045893679,1.366642194305357,-0.3388616263074406,-0.6267038057704221,1.2525737273156552,-0.11020775375559674,-0.5527051915086619,-0.09529814069846938,0.9530429398036458,-1.4919136877222166,-1.103451486562359,-0.6236095644623236,0.1469491804436178,0.19601428307463414,-0.7049865162000988,-1.1459781115829426,-0.22941573387056183,-0.1966090085915255,-0.42665336858709313,0.7680652057909509
-0.14998295745037957,-0.11020775375559674,-2.379475677591025,-0.47010766958349126,-1.0464627355633287,-0.32774946540135635,-0.5496210815947049,-0.9017953836120153,-0.3388616263074406,-0.6267038057704221,-0.9046043153555399,-0.11020775375559674,-0.5527051915086619,-0.09529814069846938,-0.8553876860097238,0.6702800625998365,0.919454953014738,-0.6236095644623236,0.1469491804436178,0.19601428307463414,-0.7049865162000988,1.3380784886691008,4.358898943540674,1.8729595028982167,2.3438230508096156,-0.3956699544983684
-0.14998295745037957,-0.11020775375559674,-0.8969363146059627,-0.47010766958349126,-0.0010454173182450838,-0.32774946540135635,-0.5496210815947049,-0.45519673545953254,-0.3388616263074406,1.5956501154012874,0.2569530922366421,-0.11020775375559674,-0.5527051915086619,-0.09529814069846938,-0.8553876860097238,0.6702800625998365,-1.279356394351672,1.6035674514745464,-1.3837714491773996,0.19601428307463414,-0.7049865162000988,-0.3179592448322615,-0.22941573387056183,-0.1966090085915255,-0.42665336858709313,-0.3956699544983684
-0.14998295745037957,-0.11020775375559674,0.5856030483790996,-0.47010766958349126,-1.0464627355633287,-0.32774946540135635,-0.5496210815947049,-0.3325593289033746,-0.3388616263074406,-0.6267038057704221,0.7547634097761486,-0.11020775375559674,-0.5527051915086619,-0.09529814069846938,-0.8553876860097238,0.6702800625998365,-0.4877843092997643,1.6035674514745464,1.677669810064635,0.19601428307463414,1.4184668458483913,1.3380784886691008,-0.22941573387056183,1.8729595028982167,-0.42665336858709313,-0.3956699544983684
-0.14998295745037957,-0.11020775375559674,0.5856030483790996,-0.47010766958349126,-1.0464627355633287,3.051111002653864,-0.5496210815947049,-0.24501181613062603,-0.3388616263074406,1.5956501154012874,0.008047933466888799,-0.11020775375559674,-0.5527051915086619,-0.09529814069846938,-0.8553876860097238,0.6702800625998365,0.479692683541456,-0.6236095644623236,-1.3837714491773996,0.19601428307463414,-0.7049865162000988,-1.1459781115829426,-0.22941573387056183,1.8729595028982167,-0.42665336858709313,1.9318003660802703
-0.14998295745037957,-0.11020775375559674,0.5856030483790996,2.1271722728667366,-1.0464627355633287,-0.32774946540135635,-0.5496210815947049,-0.601581847909513,-0.3388616263074406,1.5956501154012874,-0.738667542842371,-0.11020775375559674,-0.5527051915086619,-0.09529814069846938,-0.8553876860097238,0.6702800625998365,1.2712647685933636,-0.6236095644623236,0.1469491804436178,0.19601428307463414,-0.7049865162000988,-0.3179592448322615,-0.22941573387056183,-0.1966090085915255,-0.42665336858709313,-0.3956699544983684
-0.14998295745037957,-0.11020775375559674,0.5856030483790996,-0.47010766958349126,-0.0010454173182450838,3.051111002653864,-0.5496210815947049,-0.6696349752470342,-0.3388616263074406,1.5956501154012874,0.2569530922366421,-0.11020775375559674,-0.5527051915086619,-0.09529814069846938,-0.8553876860097238,0.6702800625998365,-0.8395941248783899,-0.6236095644623236,0.1469491804436178,0.19601428307463414,-0.7049865162000988,0.5100596219184197,-0.22941573387056183,0.8381752471533456,-0.42665336858709313,0.7680652057909509
-0.14998295745037957,-0.11020775375559674,0.5856030483790996,-0.47010766958349126,-0.0010454173182450838,-0.32774946540135635,-0.5496210815947049,-0.9110109112723046,-0.3388616263074406,1.5956501154012874,-0.738667542842371,-0.11020775375559674,-0.5527051915086619,-0.09529814069846938,1.8572582527103307,0.6702800625998365,0.3917402296467996,1.6035674514745464,-1.3837714491773996,0.19601428307463414,-0.7049865162000988,-0.3179592448322615,-0.22941573387056183,-0.1966090085915255,-0.42665336858709313,-0.3956699544983684
-0.14998295745037957,-0.11020775375559674,0.5856030483790996,2.1271722728667366,-0.0010454173182450838,-0.32774946540135635,1.8194353045893679,-0.19822529108608022,-0.3388616263074406,-0.6267038057704221,1.2525737273156552,-0.11020775375559674,-0.5527051915086619,-0.09529814069846938,-0.8553876860097238,0.6702800625998365,0.479692683541456,-0.6236095644623236,0.1469491804436178,0.19601428307463414,-0.7049865162000988,1.3380784886691008,-0.22941573387056183,-0.1966090085915255,-0.42665336858709313,-0.3956699544983684
-0.14998295745037957,-0.11020775375559674,0.5856030483790996,-0.47010766958349126,1.0443719009268386,-0.32774946540135635,-0.5496210815947049,0.2508544606672496,-0.3388616263074406,-0.6267038057704221,2.2481943623946683,-0.11020775375559674,-0.5527051915086619,-0.09529814069846938,-0.8553876860097238,0.6702800625998365,0.479692683541456,1.6035674514745464,0.1469491804436178,0.19601428307463414,1.4184668458483913,0.5100596219184197,-0.22941573387056183,-1.2313932643363965,-0.42665336858709313,-0.3956699544983684
-0.14998295745037957,-0.11020775375559674,0.5856030483790996,-0.47010766958349126,1.0443719009268386,-0.32774946540135635,-0.5496210815947049,-0.7320170086397619,-0.3388616263074406,1.5956501154012874,-0.9875727016121243,-0.11020775375559674,-0.5527051915086619,-0.09529814069846938,0.9530429398036458,-1.4919136877222166,-0.9275465787730462,1.6035674514745464,0.1469491804436178,0.19601428307463414,-0.7049865162000988,1.3380784886691008,-0.22941573387056183,-0.1966090085915255,-0.42665336858709313,-0.3956699544983684
-0.14998295745037957,-0.11020775375559674,0.5856030483790996,-0.47010766958349126,-1.0464627355633287,-0.32774946540135635,1.8194353045893679,-0.37154809977382947,-0.3388616263074406,-0.6267038057704221,0.2569530922366421,-0.11020775375559674,-0.5527051915086619,-0.09529814069846938,-0.8553876860097238,0.6702800625998365,1.4471696763826765,1.6035674514745464,0.1469491804436178,0.19601428307463414,-0.7049865162000988,1.3380784886691008,-0.22941573387056183,0.8381752471533456,-0.42665336858709313,0.7680652057909509
-0.14998295745037957,-0.11020775375559674,0.5856030483790996,-0.47010766958349126,-1.0464627355633287,-0.32774946540135635,-0.5496210815947049,-0.6164684695145958,-0.3388616263074406,-0.6267038057704221,-0.4897623840726178,-0.11020775375559674,-0.5527051915086619,-0.09529814069846938,0.9530429398036458,-1.4919136877222166,-0.3998318554051079,-0.6236095644623236,0.1469491804436178,0.19601428307463414,1.4184668458483913,-0.3179592448322615,4.358898943540674,0.8381752471533456,-0.42665336858709313,0.7680652057909509
-0.14998295745037957,-0.11020775375559674,0.5856030483790996,-0.47010766958349126,1.0443719009268386,-0.32774946540135635,-0.5496210815947049,-0.6597105608436457,-0.3388616263074406,1.5956501154012874,-0.738667542842371,-0.11020775375559674,-0.5527051915086619,10.493384159131462,-0.8553876860097238,0.6702800625998365,-0.3998318554051079,-0.6236095644623236,-1.3837714491773996,0.19601428307463414,-0.7049865162000988,-0.3179592448322615,-0.22941573387056183,-0.1966090085915255,-0.42665336858709313,-2.7231402750770073
-0.14998295745037957,-0.11020775375559674,-0.8969363146059627,-0.47010766958349126,-0.0010454173182450838,-0.32774946540135635,-0.5496210815947049,-0.9170364485886475,-0.3388616263074406,-0.6267038057704221,-0.738667542842371,-0.11020775375559674,-0.5527051915086619,-0.09529814069846938,-0.8553876860097238,0.6702800625998365,0.3917402296467996,-0.6236095644623236,-1.3837714491773996,0.19601428307463414,1.4184668458483913,-0.3179592448322615,4.358898943540674,-0.1966090085915255,-0.42665336858709313,-0.3956699544983684
-0.14998295745037957,-0.11020775375559674,0.5856030483790996,-0.47010766958349126,-1.0464627355633287,-0.32774946540135635,-0.5496210815947049,-0.7692335626524688,-0.3388616263074406,1.5956501154012874,-0.738667542842371,-0.11020775375559674,1.8092828063916029,-0.09529814069846938,1.8572582527103307,0.6702800625998365,-0.7516416709837335,-0.6236095644623236,0.1469491804436178,0.19601428307463414,-0.7049865162000988,-0.3179592448322615,-0.22941573387056183,-0.1966090085915255,-0.42665336858709313,-0.3956699544983684
-0.14998295745037957,-0.11020775375559674,0.5856030483790996,2.1271722728667366,1.0443719009268386,-0.32774946540135635,-0.5496210815947049,0.646767706688141,-0.3388616263074406,-0.6267038057704221,2.2481943623946683,-0.11020775375559674,-0.5527051915086619,-0.09529814069846938,0.9530429398036458,-1.4919136877222166,-0.4877843092997643,-0.6236095644623236,1.677669810064635,0.19601428307463414,1.4184668458483913,-0.3179592448322615,-0.22941573387056183,-0.1966090085915255,-0.42665336858709313,0.7680652057909509
-0.14998295745037957,-0.11020775375559674,0.5856030483790996,-0.47010766958349126,-1.0464627355633287,-0.32774946540135635,-0.5496210815947049,0.991995550577441,-0.3388616263074406,-0.6267038057704221,-0.2408572253028645,-0.11020775375559674,-0.5527051915086619,-0.09529814069846938,-0.8553876860097238,0.6702800625998365,-0.22392694761579512,1.6035674514745464,0.1469491804436178,0.19601428307463414,1.4184668458483913,1.3380784886691008,-0.22941573387056183,-0.1966090085915255,-0.42665336858709313,0.7680652057909509
-0.14998295745037957,-0.11020775375559674,0.5856030483790996,-0.47010766958349126,-0.0010454173182450838,-0.32774946540135635,-0.5496210815947049,-0.9276697497351353,-0.3388616263074406,-0.6267038057704221,-0.9875727016121243,-0.11020775375559674,1.8092828063916029,-0.09529814069846938,-0.8553876860097238,0.6702800625998365,-0.6636892170890771,-0.6236095644623236,-1.3837714491773996,0.19601428307463414,1.4184668458483913,-0.3179592448322615,-0.22941573387056183,-0.1966090085915255,-0.42665336858709313,-0.3956699544983684
-0.14998295745037957,-0.11020775375559674,0.5856030483790996,-0.47010766958349126,-1.0464627355633287,-0.32774946540135635,1.8194353045893679,-0.9365308340238749,-0.3388616263074406,-0.6267038057704221,-0.2408572253028645,-0.11020775375559674,-0.5527051915086619,-0.09529814069846938,-0.8553876860097238,0.6702800625998365,-0.3118794015104515,1.6035674514745464,1.677669810064635,0.19601428307463414,-0.7049865162000988,1.3380784886691008,-0.22941573387056183,1.8729595028982167,-0.42665336858709313,0.7680652057909509
-0.14998295745037957,-0.11020775375559674,-0.8969363146059627,2.1271722728667366,-0.0010454173182450838,-0.32774946540135635,-0.5496210815947049,-0.3066849627802546,-0.3388616263074406,1.5956501154012874,0.7547634097761486,-0.11020775375559674,-0.5527051915086619,-0.09529814069846938,0.9530429398036458,-1.4919136877222166,-1.103451486562359,-0.6236095644623236,0.1469491804436178,0.19601428307463414,-0.7049865162000988,0.5100596219184197,-0.22941573387056183,-0.1966090085915255,-0.42665336858709313,-0.3956699544983684
-0.14998295745037957,-0.11020775375559674,0.5856030483790996,-0.47010766958349126,-1.0464627355633287,-0.32774946540135635,-0.5496210815947049,-0.7033070955442452,-0.3388616263074406,1.5956501154012874,0.2569530922366421,-0.11020775375559674,1.8092828063916029,-0.09529814069846938,0.9530429398036458,-1.4919136877222166,0.12788286796283044,-0.6236095644623236,0.1469491804436178,0.19601428307463414,-0.7049865162000988,1.3380784886691008,-0.22941573387056183,2.9077437586430874,-0.42665336858709313,0.7680652057909509
-0.14998295745037957,-0.11020775375559674,0.5856030483790996,-0.47010766958349126,2.0897892191719225,-0.32774946540135635,-0.5496210815947049,-0.6905471341684599,-0.3388616263074406,-0.6267038057704221,-1.2364778603818776,-0.11020775375559674,1.8092828063916029,-0.09529814069846938,0.048827626896961025,0.6702800625998365,-0.6636892170890771,-0.6236095644623236,0.1469491804436178,0.19601428307463414,1.4184668458483913,1.3380784886691008,-0.22941573387056183,0.8381752471533456,-0.42665336858709313,0.7680652057909509
-0.14998295745037957,-0.11020775375559674,-2.379475677591025,-0.47010766958349126,-0.0010454173182450838,-0.32774946540135635,-0.5496210815947049,1.0178699167005612,2.951057075706546,-0.6267038057704221,2.2481943623946683,-0.11020775375559674,-0.5527051915086619,-0.09529814069846938,0.9530429398036458,-1.4919136877222166,1.9748843997506147,-0.6236095644623236,-1.3837714491773996,0.19601428307463414,-0.7049865162000988,1.3380784886691008,-0.22941573387056183,-0.1966090085915255,2.3438230508096156,0.7680652057909509
-0.14998295745037957,-0.11020775375559674,-0.8969363146059627,-0.47010766958349126,1.0443719009268386,-0.32774946540135635,1.8194353045893679,1.474747422627982,-0.3388616263074406,-0.6267038057704221,1.2525737273156552,-0.11020775375559674,1.8092828063916029,-0.09529814069846938,0.9530429398036458,-1.4919136877222166,1.6230745841719891,-0.6236095644623236,0.1469491804436178,0.19601428307463414,-0.7049865162000988,-0.3179592448322615,-0.22941573387056183,-0.1966090085915255,-0.42665336858709313,1.9318003660802703
-0.14998295745037957,-0.11020775375559674,-2.379475677591025,-0.47010766958349126,1.0443719009268386,-0.32774946540135635,-0.5496210815947049,-0.2127574693196134,-0.3388616263074406,-0.6267038057704221,1.2525737273156552,-0.11020775375559674,-0.5527051915086619,-0.09529814069846938,0.9530429398036458,-1.4919136877222166,1.2712647685933636,1.6035674514745464,0.1469491804436178,0.19601428307463414,-0.7049865162000988,-0.3179592448322615,-0.22941573387056183,0.8381752471533456,2.3438230508096156,-0.3956699544983684
-0.14998295745037957,-0.11020775375559674,0.5856030483790996,-0.47010766958349126,-1.0464627355633287,-0.32774946540135635,-0.5496210815947049,0.06229058700286801,-0.3388616263074406,1.5956501154012874,-0.738667542842371,-0.11020775375559674,-0.5527051915086619,10.493384159131462,0.9530429398036458,-1.4919136877222166,-0.048022039826482336,-0.6236095644623236,-1.3837714491773996,0.19601428307463414,-0.7049865162000988,-0.3179592448322615,-0.22941573387056183,1.8729595028982167,-0.42665336858709313,-1.5594051147876877
-0.14998295745037957,-0.11020775375559674,-0.8969363146059627,-0.47010766958349126,-1.0464627355633287,-0.32774946540135635,-0.5496210815947049,-0.4123090875020322,-0.3388616263074406,1.5956501154012874,-1.2364778603818776,-0.11020775375559674,-0.5527051915086619,-0.09529814069846938,1.8572582527103307,0.6702800625998365,-0.5757367631944207,1.6035674514745464,0.1469491804436178,0.19601428307463414,-0.7049865162000988,0.5100596219184197,-0.22941573387056183,-0.1966090085915255,-0.42665336858709313,-0.3956699544983684
-0.14998295745037957,-0.11020775375559674,0.5856030483790996,-0.47010766958349126,-1.0464627355633287,-0.32774946540135635,-0.5496210815947049,0.6286910947391119,-0.3388616263074406,-0.6267038057704221,-0.4897623840726178,-0.11020775375559674,1.8092828063916029,-0.09529814069846938,0.9530429398036458,-1.4919136877222166,2.0628368536452713,-0.6236095644623236,0.1469491804436178,0.19601428307463414,1.4184668458483913,1.3380784886691008,-0.22941573387056183,-1.2313932643363965,-0.42665336858709313,0.7680652057909509
-0.14998295745037957,-0.11020775375559674,0.5856030483790996,2.1271722728667366,-0.0010454173182450838,-0.32774946540135635,-0.5496210815947049,-0.40238467309864373,-0.3388616263074406,1.5956501154012874,-0.9875727016121243,-0.11020775375559674,-0.5527051915086619,-0.09529814069846938,-0.8553876860097238,0.6702800625998365,-0.9275465787730462,-0.6236095644623236,0.1469491804436178,0.19601428307463414,-0.7049865162000988,-0.3179592448322615,-0.22941573387056183,-0.1966090085915255,-0.42665336858709313,-0.3956699544983684
-0.14998295745037957,-0.11020775375559674,0.5856030483790996,-0.47010766958349126,-1.0464627355633287,-0.32774946540135635,-0.5496210815947049,-0.2818739267717833,2.951057075706546,1.5956501154012874,0.008047933466888799,-0.11020775375559674,-0.5527051915086619,-0.09529814069846938,-0.8553876860097238,0.6702800625998365,0.919454953014738,-0.6236095644623236,1.677669810064635,0.19601428307463414,-0.7049865162000988,1.3380784886691008,-0.22941573387056183,-1.2313932643363965,-0.42665336858709313,-0.3956699544983684
-0.14998295745037957,-0.11020775375559674,0.5856030483790996,2.1271722728667366,1.0443719009268386,-0.32774946540135635,-0.5496210815947049,-0.6203673466016413,-0.3388616263074406,-0.6267038057704221,-0.9046043153555399,-0.11020775375559674,-0.5527051915086619,-0.09529814069846938,0.048827626896961025,0.6702800625998365,-0.3998318554051079,-0.6236095644623236,-1.3837714491773996,0.19601428307463414,1.4184668458483913,-0.3179592448322615,-0.22941573387056183,-0.1966090085915255,-0.42665336858709313,-0.3956699544983684
-0.14998295745037957,-0.11020775375559674,-2.379475677591025,-0.47010766958349126,2.0897892191719225,-0.32774946540135635,-0.5496210815947049,-0.8826554415483374,-0.3388616263074406,-0.6267038057704221,-0.9046043153555399,-0.11020775375559674,1.8092828063916029,-0.09529814069846938,-0.8553876860097238,0.6702800625998365,2.4146466692238966,-0.6236095644623236,0.1469491804436178,0.19601428307463414,-0.7049865162000988,1.3380784886691008,-0.22941573387056183,-0.1966090085915255,2.3438230508096156,0.7680652057909509
-0.14998295745037957,-0.11020775375559674,0.5856030483790996,-0.47010766958349126,2.0897892191719225,-0.32774946540135635,-0.5496210815947049,-0.41514463447442895,-0.3388616263074406,1.5956501154012874,-0.2408572253028645,-0.11020775375559674,-0.5527051915086619,-0.09529814069846938,-0.8553876860097238,0.6702800625998365,0.12788286796283044,1.6035674514745464,0.1469491804436178,0.19601428307463414,-0.7049865162000988,-0.3179592448322615,-0.22941573387056183,-0.1966090085915255,-0.42665336858709313,-0.3956699544983684
-0.14998295745037957,-0.11020775375559674,-2.379475677591025,-0.47010766958349126,1.0443719009268386,-0.32774946540135635,-0.5496210815947049,2.0861622385510237,-0.3388616263074406,-0.6267038057704221,3.2438149974736814,-0.11020775375559674,-0.5527051915086619,-0.09529814069846938,-0.8553876860097238,0.6702800625998365,-0.7516416709837335,1.6035674514745464,1.677669810064635,0.19601428307463414,-0.7049865162000988,-0.3179592448322615,-0.22941573387056183,-1.2313932643363965,2.3438230508096156,1.9318003660802703
-0.14998295745037957,-0.11020775375559674,-0.8969363146059627,-0.47010766958349126,2.0897892191719225,3.051111002653864,1.8194353045893679,-0.20708637537481994,-0.3388616263074406,-0.6267038057704221,-0.4897623840726178,-0.11020775375559674,-0.5527051915086619,-0.09529814069846938,-0.8553876860097238,0.6702800625998365,-0.8395941248783899,-0.6236095644623236,0.1469491804436178,0.19601428307463414,-0.7049865162000988,0.5100596219184197,-0.22941573387056183,-0.1966090085915255,-0.42665336858709313,-0.3956699544983684
-0.14998295745037957,-0.11020775375559674,0.5856030483790996,-0.47010766958349126,1.0443719009268386,-0.32774946540135635,-0.5496210815947049,-0.027029142627628525,-0.3388616263074406,1.5956501154012874,-0.9875727016121243,-0.11020775375559674,1.8092828063916029,-0.09529814069846938,0.9530429398036458,-1.4919136877222166,-0.22392694761579512,-0.6236095644623236,-1.3837714491773996,0.19601428307463414,-0.7049865162000988,-0.3179592448322615,-0.22941573387056183,-1.2313932643363965,-0.42665336858709313,-0.3956699544983684
-0.14998295745037957,-0.11020775375559674,-2.379475677591025,-0.47010766958349126,-1.0464627355633287,3.051111002653864,-0.5496210815947049,0.2097390295674972,-0.3388616263074406,-0.6267038057704221,0.2569530922366421,-0.11020775375559674,-0.5527051915086619,-0.09529814069846938,-0.8553876860097238,0.6702800625998365,-0.3118794015104515,-0.6236095644623236,0.1469491804436178,0.19601428307463414,-0.7049865162000988,-0.3179592448322615,-0.22941573387056183,-0.1966090085915255,2.3438230508096156,1.9318003660802703
-0.14998295745037957,-0.11020775375559674,0.5856030483790996,-0.47010766958349126,-0.0010454173182450838,-0.32774946540135635,-0.5496210815947049,-0.9003776101258169,-0.3388616263074406,1.5956501154012874,-1.0705410878687087,-0.11020775375559674,1.8092828063916029,-0.09529814069846938,-0.8553876860097238,0.6702800625998365,1.0074074069093943,-0.6236095644623236,-1.3837714491773996,0.19601428307463414,-0.7049865162000988,1.3380784886691008,-0.22941573387056183,-0.1966090085915255,-0.42665336858709313,0.7680652057909509
-0.14998295745037957,-0.11020775375559674,0.5856030483790996,-0.47010766958349126,1.0443719009268386,-0.32774946540135635,-0.5496210815947049,-0.6582927873574473,-0.3388616263074406,1.5956501154012874,-1.0705410878687087,-0.11020775375559674,-0.5527051915086619,-0.09529814069846938,-0.8553876860097238,0.6702800625998365,-0.22392694761579512,1.6035674514745464,0.1469491804436178,-5.101669043266824,-0.7049865162000988,-0.3179592448322615,-0.22941573387056183,-0.1966090085915255,-0.42665336858709313,-0.3956699544983684
-0.14998295745037957,-0.11020775375559674,0.5856030483790996,-0.47010766958349126,-1.0464627355633287,-0.32774946540135635,-0.5496210815947049,-0.6423428356377158,-0.3388616263074406,-0.6267038057704221,-0.4897623840726178,-0.11020775375559674,-0.5527051915086619,-0.09529814069846938,0.9530429398036458,-1.4919136877222166,0.6555975913307688,1.6035674514745464,-1.3837714491773996,0.19601428307463414,1.4184668458483913,-0.3179592448322615,-0.22941573387056183,-0.1966090085915255,-0.42665336858709313,0.7680652057909509
-0.14998295745037957,-0.11020775375559674,0.5856030483790996,-0.47010766958349126,1.0443719009268386,-0.32774946540135635,-0.5496210815947049,-0.627456214032633,-0.3388616263074406,-0.6267038057704221,-0.9875727016121243,-0.11020775375559674,-0.5527051915086619,-0.09529814069846938,0.9530429398036458,-1.4919136877222166,-0.13597449372113873,-0.6236095644623236,1.677669810064635,0.19601428307463414,1.4184668458483913,1.3380784886691008,4.358898943540674,-0.1966090085915255,-0.42665336858709313,0.7680652057909509
-0.14998295745037957,-0.11020775375559674,0.5856030483790996,-0.47010766958349126,-1.0464627355633287,-0.32774946540135635,-0.5496210815947049,0.1998146151641087,-0.3388616263074406,1.5956501154012874,1.2525737273156552,-0.11020775375559674,-0.5527051915086619,-0.09529814069846938,0.9530429398036458,-1.4919136877222166,0.8315024991200816,1.6035674514745464,-1.3837714491773996,0.19601428307463414,-0.7049865162000988,1.3380784886691008,-0.22941573387056183,-1.2313932643363965,-0.42665336858709313,-0.3956699544983684
-0.14998295745037957,-0.11020775375559674,0.5856030483790996,-0.47010766958349126,-1.0464627355633287,-0.32774946540135635,-0.5496210815947049,-0.4030935598417429,-0.3388616263074406,-0.6267038057704221,-0.9875727016121243,-0.11020775375559674,1.8092828063916029,-0.09529814069846938,-0.8553876860097238,0.6702800625998365,1.0953598608040507,-0.6236095644623236,0.1469491804436178,0.19601428307463414,1.4184668458483913,-0.3179592448322615,-0.22941573387056183,-0.1966090085915255,-0.42665336858709313,0.7680652057909509
-0.14998295745037957,-0.11020775375559674,0.5856030483790996,2.1271722728667366,-0.0010454173182450838,-0.32774946540135635,-0.5496210815947049,-0.21701078977820845,-0.3388616263074406,-0.6267038057704221,-0.2408572253028645,-0.11020775375559674,-0.5527051915086619,-0.09529814069846938,-0.8553876860097238,0.6702800625998365,-0.6636892170890771,-0.6236095644623236,0.1469491804436178,0.19601428307463414,1.4184668458483913,-0.3179592448322615,-0.22941573387056183,2.9077437586430874,-0.42665336858709313,-0.3956699544983684
-0.14998295745037957,-0.11020775375559674,0.5856030483790996,-0.47010766958349126,-1.0464627355633287,-0.32774946540135635,-0.5496210815947049,-0.6437606091239141,-0.3388616263074406,1.5956501154012874,-1.4024146328950464,-0.11020775375559674,1.8092828063916029,-0.09529814069846938,-0.8553876860097238,0.6702800625998365,0.5676451374361124,-0.6236095644623236,-1.3837714491773996,0.19601428307463414,-0.7049865162000988,0.5100596219184197,-0.22941573387056183,-0.1966090085915255,-0.42665336858709313,0.7680652057909509
-0.14998295745037957,-0.11020775375559674,0.5856030483790996,2.1271722728667366,-1.0464627355633287,-0.32774946540135635,-0.5496210815947049,0.7938617058812206,-0.3388616263074406,-0.6267038057704221,0.2569530922366421,-0.11020775375559674,-0.5527051915086619,-0.09529814069846938,-0.8553876860097238,0.6702800625998365,-0.9275465787730462,-0.6236095644623236,0.1469491804436178,0.19601428307463414,1.4184668458483913,-0.3179592448322615,-0.22941573387056183,0.8381752471533456,-0.42665336858709313,-0.3956699544983684
-0.14998295745037957,-0.11020775375559674,0.5856030483790996,-0.47010766958349126,1.0443719009268386,-0.32774946540135635,1.8194353045893679,-0.6547483536419514,-0.3388616263074406,-0.6267038057704221,-0.738667542842371,9.073771725877465,-0.5527051915086619,-0.09529814069846938,-0.8553876860097238,0.6702800625998365,-0.8395941248783899,-0.6236095644623236,0.1469491804436178,0.19601428307463414,-0.7049865162000988,0.5100596219184197,-0.22941573387056183,-0.1966090085915255,-0.42665336858709313,0.7680652057909509
-0.14998295745037957,-0.11020775375559674,-0.8969363146059627,-0.47010766958349126,-1.0464627355633287,-0.32774946540135635,-0.5496210815947049,-0.2928616712898206,2.951057075706546,-0.6267038057704221,-0.738667542842371,-0.11020775375559674,-0.5527051915086619,-0.09529814069846938,1.8572582527103307,0.6702800625998365,-0.8395941248783899,-0.6236095644623236,0.1469491804436178,0.19601428307463414,1.4184668458483913,-1.1459781115829426,-0.22941573387056183,-1.2313932643363965,-0.42665336858709313,-0.3956699544983684
-0.14998295745037957,-0.11020775375559674,0.5856030483790996,-0.47010766958349126,-1.0464627355633287,-0.32774946540135635,-0.5496210815947049,-0.4247146055062679,-0.3388616263074406,1.5956501154012874,-0.738667542842371,-0.11020775375559674,-0.5527051915086619,-0.09529814069846938,0.9530429398036458,-1.4919136877222166,-0.6636892170890771,1.6035674514745464,0.1469491804436178,0.19601428307463414,-0.7049865162000988,-0.3179592448322615,-0.22941573387056183,0.8381752471533456,-0.42665336858709313,-0.3956699544983684
-0.14998295745037957,-0.11020775375559674,-0.8969363146059627,-0.47010766958349126,1.0443719009268386,-0.32774946540135635,1.8194353045893679,-0.19609863085678267,-0.3388616263074406,-0.6267038057704221,0.2569530922366421,-0.11020775375559674,1.8092828063916029,-0.09529814069846938,0.9530429398036458,-1.4919136877222166,-1.3673088482463283,-0.6236095644623236,-1.3837714491773996,0.19601428307463414,-0.7049865162000988,-0.3179592448322615,-0.22941573387056183,-0.1966090085915255,-0.42665336858709313,-0.3956699544983684
-0.14998295745037957,-0.11020775375559674,-0.8969363146059627,-0.47010766958349126,1.0443719009268386,-0.32774946540135635,-0.5496210815947049,-0.5292754001133967,-0.3388616263074406,1.5956501154012874,-0.4897623840726178,-0.11020775375559674,1.8092828063916029,-0.09529814069846938,0.9530429398036458,-1.4919136877222166,-0.8395941248783899,-0.6236095644623236,-2.9144920787984168,0.19601428307463414,-0.7049865162000988,-1.1459781115829426,-0.22941573387056183,-0.1966090085915255,-0.42665336858709313,-2.7231402750770073
-0.14998295745037957,-0.11020775375559674,0.5856030483790996,2.1271722728667366,1.0443719009268386,-0.32774946540135635,-0.5496210815947049,2.370780265905344,-0.3388616263074406,-0.6267038057704221,2.2481943623946683,-0.11020775375559674,-0.5527051915086619,-0.09529814069846938,0.9530429398036458,-1.4919136877222166,-0.8395941248783899,-0.6236095644623236,0.1469491804436178,0.19601428307463414,1.4184668458483913,-1.1459781115829426,-0.22941573387056183,-0.1966090085915255,-0.42665336858709313,-0.3956699544983684
-0.14998295745037957,-0.11020775375559674,0.5856030483790996,-0.47010766958349126,-1.0464627355633287,-0.32774946540135635,-0.5496210815947049,-0.5728719348139962,-0.3388616263074406,1.5956501154012874,-0.738667542842371,-0.11020775375559674,-0.5527051915086619,-0.09529814069846938,-0.8553876860097238,0.6702800625998365,2.4146466692238966,1.6035674514745464,-1.3837714491773996,0.19601428307463414,-0.7049865162000988,1.3380784886691008,-0.22941573387056183,-0.1966090085915255,-0.42665336858709313,0.7680652057909509
-0.14998295745037957,-0.11020775375559674,-0.8969363146059627,2.1271722728667366,-1.0464627355633287,-0.32774946540135635,1.8194353045893679,0.8966502836306015,-0.3388616263074406,-0.6267038057704221,-0.738667542842371,-0.11020775375559674,-0.5527051915086619,-0.09529814069846938,-0.8553876860097238,0.6702800625998365,1.1833123146987072,-0.6236095644623236,0.1469491804436178,0.19601428307463414,-0.7049865162000988,1.3380784886691008,-0.22941573387056183,-1.2313932643363965,-0.42665336858709313,0.7680652057909509
-0.14998295745037957,-0.11020775375559674,-0.8969363146059627,-0.47010766958349126,-0.0010454173182450838,-0.32774946540135635,1.8194353045893679,-0.8397677935908371,-0.3388616263074406,-0.6267038057704221,-0.738667542842371,-0.11020775375559674,-0.5527051915086619,10.493384159131462,1.8572582527103307,0.6702800625998365,-1.279356394351672,-0.6236095644623236,0.1469491804436178,0.19601428307463414,-0.7049865162000988,0.5100596219184197,-0.22941573387056183,-0.1966090085915255,-0.42665336858709313,-0.3956699544983684
-0.14998295745037957,-0.11020775375559674,0.5856030483790996,-0.47010766958349126,-0.0010454173182450838,-0.32774946540135635,1.8194353045893679,-0.4725644606654624,-0.3388616263074406,-0.6267038057704221,0.2569530922366421,-0.11020775375559674,-0.5527051915086619,-0.09529814069846938,0.048827626896961025,0.6702800625998365,-0.3118794015104515,1.6035674514745464,0.1469491804436178,0.19601428307463414,-0.7049865162000988,-1.1459781115829426,-0.22941573387056183,-0.1966090085915255,-0.42665336858709313,-0.3956699544983684
-0.14998295745037957,-0.11020775375559674,0.5856030483790996,-0.47010766958349126,-1.0464627355633287,3.051111002653864,-0.5496210815947049,0.6542110174906823,-0.3388616263074406,-0.6267038057704221,0.5058582510063954,-0.11020775375559674,-0.5527051915086619,-0.09529814069846938,-0.8553876860097238,0.6702800625998365,-0.8395941248783899,-0.6236095644623236,0.1469491804436178,0.19601428307463414,1.4184668458483913,0.5100596219184197,-0.22941573387056183,-0.1966090085915255,-0.42665336858709313,1.9318003660802703
-0.14998295745037957,-0.11020775375559674,0.5856030483790996,-0.47010766958349126,-0.0010454173182450838,-0.32774946540135635,-0.5496210815947049,-0.7454858567586463,-0.3388616263074406,1.5956501154012874,-0.738667542842371,-0.11020775375559674,1.8092828063916029,-0.09529814069846938,1.8572582527103307,0.6702800625998365,-0.7516416709837335,-0.6236095644623236,-1.3837714491773996,0.19601428307463414,-0.7049865162000988,-0.3179592448322615,-0.22941573387056183,-0.1966090085915255,-0.42665336858709313,-0.3956699544983684
-0.14998295745037957,-0.11020775375559674,0.5856030483790996,-0.47010766958349126,-0.0010454173182450838,-0.32774946540135635,-0.5496210815947049,-0.02880135948537647,-0.3388616263074406,1.5956501154012874,-0.2408572253028645,-0.11020775375559674,-0.5527051915086619,-0.09529814069846938,0.9530429398036458,-1.4919136877222166,-1.0154990326677027,1.6035674514745464,0.1469491804436178,0.19601428307463414,-0.7049865162000988,-0.3179592448322615,-0.22941573387056183,-0.1966090085915255,-0.42665336858709313,-0.3956699544983684
-0.14998295745037957,-0.11020775375559674,0.5856030483790996,-0.47010766958349126,-1.0464627355633287,-0.32774946540135635,-0.5496210815947049,-0.18723754656804295,-0.3388616263074406,-0.6267038057704221,0.5888266372629798,-0.11020775375559674,-0.5527051915086619,-0.09529814069846938,-0.8553876860097238,0.6702800625998365,-0.5757367631944207,1.6035674514745464,0.1469491804436178,0.19601428307463414,1.4184668458483913,1.3380784886691008,-0.22941573387056183,-0.1966090085915255,-0.42665336858709313,0.7680652057909509
-0.14998295745037957,-0.11020775375559674,0.5856030483790996,-0.47010766958349126,-0.0010454173182450838,-0.32774946540135635,-0.5496210815947049,0.39298625265863496,-0.3388616263074406,-0.6267038057704221,-0.2408572253028645,-0.11020775375559674,1.8092828063916029,-0.09529814069846938,-0.8553876860097238,0.6702800625998365,-0.048022039826482336,-0.6236095644623236,-1.3837714491773996,0.19601428307463414,1.4184668458483913,-0.3179592448322615,-0.22941573387056183,0.8381752471533456,-0.42665336858709313,-0.3956699544983684
-0.14998295745037957,-0.11020775375559674,-2.379475677591025,-0.47010766958349126,2.0897892191719225,-0.32774946540135635,-0.5496210815947049,-0.7199659340070759,-0.3388616263074406,-0.6267038057704221,-0.9046043153555399,-0.11020775375559674,1.8092828063916029,-0.09529814069846938,0.9530429398036458,-1.4919136877222166,1.0953598608040507,-0.6236095644623236,-1.3837714491773996,0.19601428307463414,-0.7049865162000988,1.3380784886691008,-0.22941573387056183,0.8381752471533456,2.3438230508096156,-0.3956699544983684
-0.14998295745037957,-0.11020775375559674,0.5856030483790996,-0.47010766958349126,-0.0010454173182450838,-0.32774946540135635,1.8194353045893679,0.05059395574173156,-0.3388616263074406,-0.6267038057704221,0.008047933466888799,-0.11020775375559674,-0.5527051915086619,-0.09529814069846938,-0.8553876860097238,0.6702800625998365,-0.8395941248783899,-0.6236095644623236,0.1469491804436178,0.19601428307463414,-0.7049865162000988,-1.1459781115829426,4.358898943540674,-0.1966090085915255,-0.42665336858709313,1.9318003660802703
-0.14998295745037957,-0.11020775375559674,-0.8969363146059627,-0.47010766958349126,-0.0010454173182450838,3.051111002653864,-0.5496210815947049,1.4268975674687874,-0.3388616263074406,-0.6267038057704221,3.2438149974736814,-0.11020775375559674,-0.5527051915086619,-0.09529814069846938,-0.8553876860097238,0.6702800625998365,0.03993041406817406,-0.6236095644623236,0.1469491804436178,0.19601428307463414,-0.7049865162000988,1.3380784886691008,-0.22941573387056183,-0.1966090085915255,2.3438230508096156,-0.3956699544983684
-0.14998295745037957,-0.11020775375559674,0.5856030483790996,2.1271722728667366,-0.0010454173182450838,-0.32774946540135635,-0.5496210815947049,-0.28683613397347757,-0.3388616263074406,-0.6267038057704221,-0.2408572253028645,-0.11020775375559674,-0.5527051915086619,-0.09529814069846938,-0.8553876860097238,0.6702800625998365,-1.1914039404570154,-0.6236095644623236,0.1469491804436178,0.19601428307463414,1.4184668458483913,-0.3179592448322615,-0.22941573387056183,-0.1966090085915255,-0.42665336858709313,-0.3956699544983684
-0.14998295745037957,-0.11020775375559674,0.5856030483790996,2.1271722728667366,2.0897892191719225,-0.32774946540135635,1.8194353045893679,-0.07877787487386859,-0.3388616263074406,-0.6267038057704221,-0.2408572253028645,-0.11020775375559674,-0.5527051915086619,-0.09529814069846938,0.9530429398036458,-1.4919136877222166,0.8315024991200816,-0.6236095644623236,-1.3837714491773996,0.19601428307463414,-0.7049865162000988,-1.1459781115829426,-0.22941573387056183,-0.1966090085915255,-0.42665336858709313,-0.3956699544983684
-0.14998295745037957,-0.11020775375559674,0.5856030483790996,-0.47010766958349126,1.0443719009268386,-0.32774946540135635,-0.5496210815947049,-0.8461477742787297,-0.3388616263074406,-0.6267038057704221,-0.2408572253028645,-0.11020775375559674,1.8092828063916029,-0.09529814069846938,-0.8553876860097238,0.6702800625998365,0.03993041406817406,-0.6236095644623236,0.1469491804436178,0.19601428307463414,1.4184668458483913,1.3380784886691008,-0.22941573387056183,-0.1966090085915255,-0.42665336858709313,0.7680652057909509
-0.14998295745037957,-0.11020775375559674,0.5856030483790996,-0.47010766958349126,-0.0010454173182450838,-0.32774946540135635,1.8194353045893679,0.5478780060258055,-0.3388616263074406,-0.6267038057704221,0.2569530922366421,-0.11020775375559674,1.8092828063916029,-0.09529814069846938,-0.8553876860097238,0.6702800625998365,-0.3998318554051079,-0.6236095644623236,0.1469491804436178,0.19601428307463414,-0.7049865162000988,0.5100596219184197,-0.22941573387056183,-0.1966090085915255,-0.42665336858709313,-0.3956699544983684
-0.14998295745037957,-0.11020775375559674,0.5856030483790996,-0.47010766958349126,1.0443719009268386,-0.32774946540135635,-0.5496210815947049,-0.7724235529964151,-0.3388616263074406,1.5956501154012874,-0.738667542842371,-0.11020775375559674,-0.5527051915086619,-0.09529814069846938,0.9530429398036458,-1.4919136877222166,1.1833123146987072,1.6035674514745464,0.1469491804436178,0.19601428307463414,-0.7049865162000988,-0.3179592448322615,-0.22941573387056183,-0.1966090085915255,-0.42665336858709313,-0.3956699544983684
-0.14998295745037957,-0.11020775375559674,0.5856030483790996,-0.47010766958349126,2.0897892191719225,-0.32774946540135635,-0.5496210815947049,-0.8266533888435023,-0.3388616263074406,1.5956501154012874,-0.738667542842371,-0.11020775375559674,1.8092828063916029,-0.09529814069846938,1.8572582527103307,0.6702800625998365,-0.6636892170890771,-0.6236095644623236,0.1469491804436178,0.19601428307463414,-0.7049865162000988,0.5100596219184197,-0.22941573387056183,1.8729595028982167,-0.42665336858709313,0.7680652057909509
-0.14998295745037957,-0.11020775375559674,0.5856030483790996,2.1271722728667366,-0.0010454173182450838,-0.32774946540135635,-0.5496210815947049,0.26538663890078273,-0.3388616263074406,-0.6267038057704221,0.2569530922366421,-0.11020775375559674,-0.5527051915086619,-0.09529814069846938,-0.8553876860097238,0.6702800625998365,-0.7516416709837335,-0.6236095644623236,0.1469491804436178,0.19601428307463414,1.4184668458483913,-0.3179592448322615,-0.22941573387056183,-0.1966090085915255,-0.42665336858709313,-0.3956699544983684
-0.14998295745037957,-0.11020775375559674,0.5856030483790996,-0.47010766958349126,-1.0464627355633287,-0.32774946540135635,-0.5496210815947049,1.1848127447004178,-0.3388616263074406,-0.6267038057704221,1.2525737273156552,-0.11020775375559674,1.8092828063916029,-0.09529814069846938,-0.8553876860097238,0.6702800625998365,-0.13597449372113873,-0.6236095644623236,1.677669810064635,0.19601428307463414,1.4184668458483913,1.3380784886691008,-0.22941573387056183,-0.1966090085915255,-0.42665336858709313,0.7680652057909509
-0.14998295745037957,-0.11020775375559674,0.5856030483790996,-0.47010766958349126,-0.0010454173182450838,3.051111002653864,-0.5496210815947049,1.701591180419719,-0.3388616263074406,-0.6267038057704221,0.7547634097761486,-0.11020775375559674,-0.5527051915086619,-0.09529814069846938,-0.8553876860097238,0.6702800625998365,-0.9275465787730462,-0.6236095644623236,0.1469491804436178,0.19601428307463414,1.4184668458483913,-1.1459781115829426,-0.22941573387056183,-1.2313932643363965,-0.42665336858709313,-2.7231402750770073
-0.14998295745037957,-0.11020775375559674,0.5856030483790996,2.1271722728667366,-1.0464627355633287,-0.32774946540135635,-0.5496210815947049,-0.6940915678839559,-0.3388616263074406,-0.6267038057704221,-0.9875727016121243,-0.11020775375559674,-0.5527051915086619,-0.09529814069846938,-0.8553876860097238,0.6702800625998365,-1.3673088482463283,-0.6236095644623236,0.1469491804436178,0.19601428307463414,1.4184668458483913,1.3380784886691008,-0.22941573387056183,-0.1966090085915255,-0.42665336858709313,-0.3956699544983684
-0.14998295745037957,-0.11020775375559674,0.5856030483790996,-0.47010766958349126,-0.0010454173182450838,-0.32774946540135635,-0.5496210815947049,-1.0393194117732558,-0.3388616263074406,-0.6267038057704221,-0.738667542842371,-0.11020775375559674,-0.5527051915086619,10.493384159131462,1.8572582527103307,0.6702800625998365,0.8315024991200816,-0.6236095644623236,-1.3837714491773996,0.19601428307463414,1.4184668458483913,1.3380784886691008,-0.22941573387056183,-0.1966090085915255,-0.42665336858709313,-1.5594051147876877
-0.14998295745037957,-0.11020775375559674,-0.8969363146059627,-0.47010766958349126,1.0443719009268386,-0.32774946540135635,-0.5496210815947049,-0.6157595827714966,-0.3388616263074406,1.5956501154012874,-0.738667542842371,-0.11020775375559674,-0.5527051915086619,-0.09529814069846938,1.8572582527103307,0.6702800625998365,-1.103451486562359,1.6035674514745464,0.1469491804436178,0.19601428307463414,-0.7049865162000988,-1.1459781115829426,-0.22941573387056183,-0.1966090085915255,-0.42665336858709313,-0.3956699544983684
-0.14998295745037957,-0.11020775375559674,-2.379475677591025,2.1271722728667366,-0.0010454173182450838,-0.32774946540135635,-0.5496210815947049,-0.2457207028737252,-0.3388616263074406,-0.6267038057704221,-0.738667542842371,-0.11020775375559674,-0.5527051915086619,-0.09529814069846938,0.9530429398036458,-1.4919136877222166,1.7110270380666455,-0.6236095644623236,1.677669810064635,0.19601428307463414,-0.7049865162000988,-1.973996978333624,-0.22941573387056183,-0.1966090085915255,2.3438230508096156,-0.3956699544983684
-0.14998295745037957,-0.11020775375559674,0.5856030483790996,-0.47010766958349126,1.0443719009268386,-0.32774946540135635,1.8194353045893679,-0.7901457215738945,-0.3388616263074406,-0.6267038057704221,-0.2408572253028645,-0.11020775375559674,1.8092828063916029,-0.09529814069846938,0.9530429398036458,-1.4919136877222166,-0.22392694761579512,-0.6236095644623236,0.1469491804436178,0.19601428307463414,-0.7049865162000988,-0.3179592448322615,-0.22941573387056183,-1.2313932643363965,-0.42665336858709313,-0.3956699544983684
-0.14998295745037957,-0.11020775375559674,0.5856030483790996,-0.47010766958349126,-1.0464627355633287,-0.32774946540135635,-0.5496210815947049,-0.49879327016013203,-0.3388616263074406,1.5956501154012874,-0.2408572253028645,-0.11020775375559674,-0.5527051915086619,-0.09529814069846938,0.9530429398036458,-1.4919136877222166,-0.4877843092997643,-0.6236095644623236,0.1469491804436178,0.19601428307463414,-0.7049865162000988,-0.3179592448322615,4.358898943540674,0.8381752471533456,-0.42665336858709313,0.7680652057909509
-0.14998295745037957,-0.11020775375559674,-2.379475677591025,-0.47010766958349126,-0.0010454173182450838,-0.32774946540135635,-0.5496210815947049,-0.47185557392236327,-0.3388616263074406,-0.6267038057704221,-0.2408572253028645,-0.11020775375559674,-0.5527051915086619,-0.09529814069846938,-0.8553876860097238,0.6702800625998365,0.03993041406817406,1.6035674514745464,1.677669810064635,0.19601428307463414,-0.7049865162000988,-1.1459781115829426,-0.22941573387056183,-0.1966090085915255,2.3438230508096156,-1.5594051147876877
-0.14998295745037957,-0.11020775375559674,0.5856030483790996,-0.47010766958349126,-0.0010454173182450838,-0.32774946540135635,-0.5496210815947049,-0.2453662595021756,-0.3388616263074406,1.5956501154012874,-0.738667542842371,-0.11020775375559674,1.8092828063916029,-0.09529814069846938,-0.8553876860097238,0.6702800625998365,-0.22392694761579512,-0.6236095644623236,-1.3837714491773996,0.19601428307463414,-0.7049865162000988,-1.1459781115829426,-0.22941573387056183,-0.1966090085915255,-0.42665336858709313,-0.3956699544983684
-0.14998295745037957,-0.11020775375559674,-0.8969363146059627,2.1271722728667366,1.0443719009268386,-0.32774946540135635,-0.5496210815947049,2.0425657038504244,-0.3388616263074406,-0.6267038057704221,1.2525737273156552,-0.11020775375559674,-0.5527051915086619,-0.09529814069846938,-0.8553876860097238,0.6702800625998365,-0.5757367631944207,-0.6236095644623236,1.677669810064635,0.19601428307463414,-0.7049865162000988,-1.1459781115829426,-0.22941573387056183,0.8381752471533456,2.3438230508096156,-0.3956699544983684
-0.14998295745037957,-0.11020775375559674,0.5856030483790996,-0.47010766958349126,-1.0464627355633287,-0.32774946540135635,1.8194353045893679,-0.7295359050389147,-0.3388616263074406,-0.6267038057704221,-0.4897623840726178,-0.11020775375559674,-0.5527051915086619,-0.09529814069846938,-0.8553876860097238,0.6702800625998365,1.0074074069093943,1.6035674514745464,0.1469491804436178,0.19601428307463414,-0.7049865162000988,1.3380784886691008,-0.22941573387056183,1.8729595028982167,-0.42665336858709313,-0.3956699544983684
-0.14998295745037957,-0.11020775375559674,-0.8969363146059627,-0.47010766958349126,-1.0464627355633287,-0.32774946540135635,1.8194353045893679,1.380465485795791,-0.3388616263074406,-0.6267038057704221,1.7503840448551617,-0.11020775375559674,-0.5527051915086619,-0.09529814069846938,1.8572582527103307,0.6702800625998365,-0.5757367631944207,1.6035674514745464,0.1469491804436178,0.19601428307463414,-0.7049865162000988,0.5100596219184197,-0.22941573387056183,-1.2313932643363965,-0.42665336858709313,-0.3956699544983684
-0.14998295745037957,-0.11020775375559674,0.5856030483790996,-0.47010766958349126,-1.0464627355633287,-0.32774946540135635,-0.5496210815947049,-0.21311191269116297,2.951057075706546,-0.6267038057704221,0.2569530922366421,-0.11020775375559674,-0.5527051915086619,-0.09529814069846938,-0.8553876860097238,0.6702800625998365,-0.048022039826482336,-0.6236095644623236,1.677669810064635,0.19601428307463414,1.4184668458483913,1.3380784886691008,-0.22941573387056183,-0.1966090085915255,-0.42665336858709313,-0.3956699544983684
-0.14998295745037957,-0.11020775375559674,0.5856030483790996,-0.47010766958349126,-1.0464627355633287,3.051111002653864,-0.5496210815947049,-0.5416809181176324,-0.3388616263074406,1.5956501154012874,-1.2364778603818776,-0.11020775375559674,-0.5527051915086619,-0.09529814069846938,-0.8553876860097238,0.6702800625998365,-0.13597449372113873,-0.6236095644623236,-1.3837714491773996,0.19601428307463414,-0.7049865162000988,-0.3179592448322615,-0.22941573387056183,0.8381752471533456,-0.42665336858709313,1.9318003660802703
-0.14998295745037957,-0.11020775375559674,0.5856030483790996,-0.47010766958349126,-0.0010454173182450838,-0.32774946540135635,-0.5496210815947049,-0.3389393095912672,-0.3388616263074406,1.5956501154012874,-0.9046043153555399,-0.11020775375559674,-0.5527051915086619,-0.09529814069846938,-0.8553876860097238,0.6702800625998365,1.4471696763826765,1.6035674514745464,-1.3837714491773996,0.19601428307463414,-0.7049865162000988,1.3380784886691008,-0.22941573387056183,-0.1966090085915255,-0.42665336858709313,-0.3956699544983684
-0.14998295745037957,-0.11020775375559674,-0.8969363146059627,-0.47010766958349126,-1.0464627355633287,-0.32774946540135635,-0.5496210815947049,-0.6387984019222199,-0.3388616263074406,1.5956501154012874,0.2569530922366421,-0.11020775375559674,1.8092828063916029,-0.09529814069846938,1.8572582527103307,0.6702800625998365,0.479692683541456,-0.6236095644623236,-1.3837714491773996,0.19601428307463414,-0.7049865162000988,1.3380784886691008,-0.22941573387056183,0.8381752471533456,-0.42665336858709313,-0.3956699544983684
-0.14998295745037957,-0.11020775375559674,0.5856030483790996,-0.47010766958349126,2.0897892191719225,-0.32774946540135635,-0.5496210815947049,-0.09047450613500503,-0.3388616263074406,-0.6267038057704221,-0.738667542842371,-0.11020775375559674,-0.5527051915086619,-0.09529814069846938,1.8572582527103307,0.6702800625998365,-1.0154990326677027,1.6035674514745464,0.1469491804436178,0.19601428307463414,1.4184668458483913,-0.3179592448322615,-0.22941573387056183,-0.1966090085915255,-0.42665336858709313,-0.3956699544983684
-0.14998295745037957,-0.11020775375559674,0.5856030483790996,-0.47010766958349126,-1.0464627355633287,-0.32774946540135635,-0.5496210815947049,1.893345044428047,2.951057075706546,-0.6267038057704221,0.5058582510063954,-0.11020775375559674,-0.5527051915086619,-0.09529814069846938,-0.8553876860097238,0.6702800625998365,-0.7516416709837335,-0.6236095644623236,0.1469491804436178,0.19601428307463414,1.4184668458483913,-0.3179592448322615,-0.22941573387056183,2.9077437586430874,-0.42665336858709313,1.9318003660802703
-0.14998295745037957,-0.11020775375559674,0.5856030483790996,-0.47010766958349126,-1.0464627355633287,-0.32774946540135635,-0.5496210815947049,-0.07523344115837269,-0.3388616263074406,1.5956501154012874,-0.738667542842371,-0.11020775375559674,-0.5527051915086619,-0.09529814069846938,0.048827626896961025,0.6702800625998365,2.238741761434584,1.6035674514745464,-1.3837714491773996,0.19601428307463414,-0.7049865162000988,0.5100596219184197,-0.22941573387056183,2.9077437586430874,-0.42665336858709313,-0.3956699544983684
-0.14998295745037957,-0.11020775375559674,-0.8969363146059627,2.1271722728667366,1.0443719009268386,-0.32774946540135635,-0.5496210815947049,-0.4775266678671567,-0.3388616263074406,1.5956501154012874,-0.2408572253028645,-0.11020775375559674,-0.5527051915086619,-0.09529814069846938,0.9530429398036458,-1.4919136877222166,-0.7516416709837335,-0.6236095644623236,0.1469491804436178,0.19601428307463414,-0.7049865162000988,-1.1459781115829426,-0.22941573387056183,-1.2313932643363965,-0.42665336858709313,-0.3956699544983684
-0.14998295745037957,-0.11020775375559674,0.5856030483790996,-0.47010766958349126,-1.0464627355633287,-0.32774946540135635,-0.5496210815947049,-0.8298433791874485,-0.3388616263074406,1.5956501154012874,-0.738667542842371,-0.11020775375559674,-0.5527051915086619,-0.09529814069846938,-0.8553876860097238,0.6702800625998365,2.5905515770132093,1.6035674514745464,0.1469491804436178,0.19601428307463414,-0.7049865162000988,1.3380784886691008,-0.22941573387056183,-1.2313932643363965,-0.42665336858709313,0.7680652057909509
-0.14998295745037957,-0.11020775375559674,0.5856030483790996,-0.47010766958349126,-1.0464627355633287,-0.32774946540135635,1.8194353045893679,1.265625833413724,2.951057075706546,-0.6267038057704221,0.2569530922366421,-0.11020775375559674,-0.5527051915086619,-0.09529814069846938,-0.8553876860097238,0.6702800625998365,0.919454953014738,-0.6236095644623236,1.677669810064635,0.19601428307463414,-0.7049865162000988,-0.3179592448322615,-0.22941573387056183,-1.2313932643363965,-0.42665336858709313,0.7680652057909509
-0.14998295745037957,-0.11020775375559674,0.5856030483790996,-0.47010766958349126,1.0443719009268386,3.051111002653864,-0.5496210815947049,-0.4736277907801112,-0.3388616263074406,1.5956501154012874,0.2569530922366421,-0.11020775375559674,-0.5527051915086619,-0.09529814069846938,0.048827626896961025,0.6702800625998365,-0.3998318554051079,-0.6236095644623236,0.1469491804436178,0.19601428307463414,-0.7049865162000988,1.3380784886691008,-0.22941573387056183,-0.1966090085915255,-0.42665336858709313,0.7680652057909509
-0.14998295745037957,-0.11020775375559674,0.5856030483790996,-0.47010766958349126,1.0443719009268386,-0.32774946540135635,-0.5496210815947049,-0.8794654512043911,-0.3388616263074406,1.5956501154012874,-0.9875727016121243,-0.11020775375559674,-0.5527051915086619,-0.09529814069846938,0.9530429398036458,-1.4919136877222166,2.678504030907866,1.6035674514745464,-1.3837714491773996,0.19601428307463414,-0.7049865162000988,-0.3179592448322615,-0.22941573387056183,1.8729595028982167,-0.42665336858709313,-0.3956699544983684
-0.14998295745037957,-0.11020775375559674,0.5856030483790996,-0.47010766958349126,-1.0464627355633287,-0.32774946540135635,1.8194353045893679,-0.7451314133870967,-0.3388616263074406,-0.6267038057704221,-0.2408572253028645,-0.11020775375559674,-0.5527051915086619,-0.09529814069846938,-0.8553876860097238,0.6702800625998365,-0.5757367631944207,1.6035674514745464,0.1469491804436178,0.19601428307463414,-0.7049865162000988,-0.3179592448322615,-0.22941573387056183,-1.2313932643363965,-0.42665336858709313,0.7680652057909509
-0.14998295745037957,-0.11020775375559674,0.5856030483790996,-0.47010766958349126,2.0897892191719225,-0.32774946540135635,1.8194353045893679,-0.6820404932512698,-0.3388616263074406,-0.6267038057704221,-0.9046043153555399,-0.11020775375559674,-0.5527051915086619,-0.09529814069846938,-0.8553876860097238,0.6702800625998365,-0.7516416709837335,1.6035674514745464,0.1469491804436178,0.19601428307463414,-0.7049865162000988,0.5100596219184197,-0.22941573387056183,-1.2313932643363965,-0.42665336858709313,0.7680652057909509
-0.14998295745037957,-0.11020775375559674,-2.379475677591025,2.1271722728667366,1.0443719009268386,-0.32774946540135635,-0.5496210815947049,-0.07168900744287679,-0.3388616263074406,-0.6267038057704221,0.2569530922366421,-0.11020775375559674,-0.5527051915086619,-0.09529814069846938,-0.8553876860097238,0.6702800625998365,-0.4877843092997643,-0.6236095644623236,0.1469491804436178,0.19601428307463414,-0.7049865162000988,1.3380784886691008,-0.22941573387056183,0.8381752471533456,2.3438230508096156,-0.3956699544983684
-0.14998295745037957,-0.11020775375559674,0.5856030483790996,2.1271722728667366,-0.0010454173182450838,-0.32774946540135635,-0.5496210815947049,-0.3754469768608749,-0.3388616263074406,-0.6267038057704221,-0.07492045278969563,-0.11020775375559674,-0.5527051915086619,-0.09529814069846938,-0.8553876860097238,0.6702800625998365,0.3037877757521432,-0.6236095644623236,0.1469491804436178,0.19601428307463414,1.4184668458483913,0.5100596219184197,-0.22941573387056183,-1.2313932643363965,-0.42665336858709313,-0.3956699544983684
-0.14998295745037957,-0.11020775375559674,-0.8969363146059627,2.1271722728667366,1.0443719009268386,-0.32774946540135635,-0.5496210815947049,-0.09579115670824888,-0.3388616263074406,1.5956501154012874,-0.2408572253028645,-0.11020775375559674,-0.5527051915086619,-0.09529814069846938,0.9530429398036458,-1.4919136877222166,0.3917402296467996,-0.6236095644623236,0.1469491804436178,0.19601428307463414,-0.7049865162000988,0.5100596219184197,-0.22941573387056183,-0.1966090085915255,-0.42665336858709313,-0.3956699544983684
-0.14998295745037957,-0.11020775375559674,0.5856030483790996,-0.47010766958349126,-1.0464627355633287,-0.32774946540135635,-0.5496210815947049,-0.06991679058512884,-0.3388616263074406,1.5956501154012874,-0.9875727016121243,-0.11020775375559674,-0.5527051915086619,-0.09529814069846938,-0.8553876860097238,0.6702800625998365,-0.22392694761579512,1.6035674514745464,0.1469491804436178,0.19601428307463414,-0.7049865162000988,-0.3179592448322615,-0.22941573387056183,-1.2313932643363965,-0.42665336858709313,0.7680652057909509
-0.14998295745037957,-0.11020775375559674,-0.8969363146059627,2.1271722728667366,-0.0010454173182450838,-0.32774946540135635,1.8194353045893679,0.12431817702404616,-0.3388616263074406,-0.6267038057704221,0.7547634097761486,-0.11020775375559674,-0.5527051915086619,-0.09529814069846938,0.9530429398036458,-1.4919136877222166,1.8869319458559584,-0.6236095644623236,0.1469491804436178,0.19601428307463414,-0.7049865162000988,1.3380784886691008,-0.22941573387056183,2.9077437586430874,-0.42665336858709313,-0.3956699544983684
-0.14998295745037957,-0.11020775375559674,0.5856030483790996,2.1271722728667366,-0.0010454173182450838,-0.32774946540135635,-0.5496210815947049,-0.6090251587120543,-0.3388616263074406,-0.6267038057704221,-0.2408572253028645,-0.11020775375559674,-0.5527051915086619,-0.09529814069846938,-0.8553876860097238,0.6702800625998365,0.7435500452254252,-0.6236095644623236,0.1469491804436178,0.19601428307463414,1.4184668458483913,-0.3179592448322615,-0.22941573387056183,-0.1966090085915255,-0.42665336858709313,-1.5594051147876877
-0.14998295745037957,-0.11020775375559674,0.5856030483790996,-0.47010766958349126,-0.0010454173182450838,-0.32774946540135635,1.8194353045893679,-0.37473809011777576,-0.3388616263074406,-0.6267038057704221,-0.738667542842371,-0.11020775375559674,-0.5527051915086619,-0.09529814069846938,-0.8553876860097238,0.6702800625998365,-1.0154990326677027,1.6035674514745464,-1.3837714491773996,0.19601428307463414,-0.7049865162000988,-0.3179592448322615,-0.22941573387056183,-0.1966090085915255,-0.42665336858709313,-0.3956699544983684
-0.14998295745037957,-0.11020775375559674,0.5856030483790996,-0.47010766958349126,1.0443719009268386,-0.32774946540135635,1.8194353045893679,-0.5416809181176324,-0.3388616263074406,-0.6267038057704221,0.2569530922366421,-0.11020775375559674,-0.5527051915086619,-0.09529814069846938,-0.8553876860097238,0.6702800625998365,1.0953598608040507,1.6035674514745464,-1.3837714491773996,0.19601428307463414,-0.7049865162000988,1.3380784886691008,-0.22941573387056183,-0.1966090085915255,-0.42665336858709313,0.7680652057909509
-0.14998295745037957,-0.11020775375559674,-0.8969363146059627,-0.47010766958349126,2.0897892191719225,-0.32774946540135635,-0.5496210815947049,-0.49276773284378905,-0.3388616263074406,-0.6267038057704221,-0.738667542842371,-0.11020775375559674,-0.5527051915086619,-0.09529814069846938,0.9530429398036458,-1.4919136877222166,0.7435500452254252,1.6035674514745464,-1.3837714491773996,0.19601428307463414,1.4184668458483913,-0.3179592448322615,-0.22941573387056183,-0.1966090085915255,-0.42665336858709313,-0.3956699544983684
-0.14998295745037957,-0.11020775375559674,0.5856030483790996,-0.47010766958349126,-1.0464627355633287,-0.32774946540135635,-0.5496210815947049,-0.9053398173275111,-0.3388616263074406,1.5956501154012874,-0.738667542842371,-0.11020775375559674,-0.5527051915086619,-0.09529814069846938,-0.8553876860097238,0.6702800625998365,1.4471696763826765,1.6035674514745464,0.1469491804436178,0.19601428307463414,-0.7049865162000988,1.3380784886691008,-0.22941573387056183,-0.1966090085915255,-0.42665336858709313,0.7680652057909509
-0.14998295745037957,-0.11020775375559674,-0.8969363146059627,2.1271722728667366,1.0443719009268386,-0.32774946540135635,1.8194353045893679,-0.10713334459783573,-0.3388616263074406,-0.6267038057704221,-0.738667542842371,-0.11020775375559674,-0.5527051915086619,-0.09529814069846938,0.9530429398036458,-1.4919136877222166,-0.9275465787730462,-0.6236095644623236,0.1469491804436178,0.19601428307463414,-0.7049865162000988,-1.1459781115829426,-0.22941573387056183,-0.1966090085915255,-0.42665336858709313,-2.7231402750770073
-0.14998295745037957,-0.11020775375559674,0.5856030483790996,-0.47010766958349126,1.0443719009268386,-0.32774946540135635,-0.5496210815947049,1.8029619846829017,-0.3388616263074406,-0.6267038057704221,2.2481943623946683,-0.11020775375559674,1.8092828063916029,-0.09529814069846938,0.9530429398036458,-1.4919136877222166,-0.4877843092997643,-0.6236095644623236,0.1469491804436178,0.19601428307463414,1.4184668458483913,-1.1459781115829426,-0.22941573387056183,1.8729595028982167,-0.42665336858709313,-2.7231402750770073
-0.14998295745037957,-0.11020775375559674,-2.379475677591025,-0.47010766958349126,-0.0010454173182450838,-0.32774946540135635,-0.5496210815947049,0.7197830412273564,-0.3388616263074406,-0.6267038057704221,-0.2408572253028645,-0.11020775375559674,1.8092828063916029,-0.09529814069846938,-0.8553876860097238,0.6702800625998365,0.03993041406817406,-0.6236095644623236,1.677669810064635,0.19601428307463414,-0.7049865162000988,1.3380784886691008,-0.22941573387056183,-0.1966090085915255,2.3438230508096156,0.7680652057909509
-0.14998295745037957,-0.11020775375559674,0.5856030483790996,-0.47010766958349126,-0.0010454173182450838,-0.32774946540135635,-0.5496210815947049,-0.5090721279350702,-0.3388616263074406,1.5956501154012874,0.008047933466888799,-0.11020775375559674,-0.5527051915086619,-0.09529814069846938,0.9530429398036458,-1.4919136877222166,-0.9275465787730462,1.6035674514745464,0.1469491804436178,0.19601428307463414,-0.7049865162000988,-0.3179592448322615,-0.22941573387056183,-0.1966090085915255,-0.42665336858709313,-0.3956699544983684
-0.14998295745037957,-0.11020775375559674,0.5856030483790996,-0.47010766958349126,-0.0010454173182450838,-0.32774946540135635,1.8194353045893679,-0.48851441238519394,-0.3388616263074406,-0.6267038057704221,-0.738667542842371,-0.11020775375559674,1.8092828063916029,-0.09529814069846938,0.9530429398036458,-1.4919136877222166,-0.5757367631944207,-0.6236095644623236,0.1469491804436178,0.19601428307463414,-0.7049865162000988,-0.3179592448322615,-0.22941573387056183,-0.1966090085915255,-0.42665336858709313,-0.3956699544983684
-0.14998295745037957,-0.11020775375559674,0.5856030483790996,-0.47010766958349126,-1.0464627355633287,-0.32774946540135635,1.8194353045893679,-0.83728668998999,-0.3388616263074406,-0.6267038057704221,1.2525737273156552,-0.11020775375559674,1.8092828063916029,-0.09529814069846938,-0.8553876860097238,0.6702800625998365,0.03993041406817406,-0.6236095644623236,0.1469491804436178,0.19601428307463414,-0.7049865162000988,1.3380784886691008,-0.22941573387056183,1.8729595028982167,-0.42665336858709313,-0.3956699544983684
-0.14998295745037957,-0.11020775375559674,0.5856030483790996,-0.47010766958349126,-1.0464627355633287,3.051111002653864,-0.5496210815947049,1.544572766823251,-0.3388616263074406,-0.6267038057704221,2.2481943623946683,-0.11020775375559674,-0.5527051915086619,-0.09529814069846938,0.048827626896961025,0.6702800625998365,0.919454953014738,-0.6236095644623236,1.677669810064635,0.19601428307463414,1.4184668458483913,1.3380784886691008,-0.22941573387056183,-1.2313932643363965,-0.42665336858709313,0.7680652057909509
-0.14998295745037957,-0.11020775375559674,0.5856030483790996,2.1271722728667366,-1.0464627355633287,-0.32774946540135635,-0.5496210815947049,0.27318439307487374,-0.3388616263074406,1.5956501154012874,1.7503840448551617,-0.11020775375559674,-0.5527051915086619,-0.09529814069846938,-0.8553876860097238,0.6702800625998365,0.03993041406817406,-0.6236095644623236,0.1469491804436178,0.19601428307463414,-0.7049865162000988,-0.3179592448322615,-0.22941573387056183,1.8729595028982167,-0.42665336858709313,0.7680652057909509
-0.14998295745037957,-0.11020775375559674,0.5856030483790996,-0.47010766958349126,-1.0464627355633287,-0.32774946540135635,-0.5496210815947049,-0.33716709273351925,-0.3388616263074406,1.5956501154012874,-0.2408572253028645,-0.11020775375559674,-0.5527051915086619,-0.09529814069846938,1.8572582527103307,0.6702800625998365,-0.13597449372113873,1.6035674514745464,0.1469491804436178,0.19601428307463414,-0.7049865162000988,-1.973996978333624,-0.22941573387056183,-0.1966090085915255,-0.42665336858709313,1.9318003660802703
-0.14998295745037957,-0.11020775375559674,-0.8969363146059627,-0.47010766958349126,1.0443719009268386,-0.32774946540135635,-0.5496210815947049,-0.3361037626188705,-0.3388616263074406,-0.6267038057704221,1.2525737273156552,-0.11020775375559674,-0.5527051915086619,-0.09529814069846938,-0.8553876860097238,0.6702800625998365,-1.0154990326677027,1.6035674514745464,0.1469491804436178,0.19601428307463414,1.4184668458483913,0.5100596219184197,-0.22941573387056183,-0.1966090085915255,-0.42665336858709313,-0.3956699544983684
-0.14998295745037957,-0.11020775375559674,0.5856030483790996,-0.47010766958349126,-1.0464627355633287,-0.32774946540135635,-0.5496210815947049,-0.09862670368064559,2.951057075706546,1.5956501154012874,0.008047933466888799,-0.11020775375559674,-0.5527051915086619,-0.09529814069846938,-0.8553876860097238,0.6702800625998365,-0.6636892170890771,-0.6236095644623236,-1.3837714491773996,0.19601428307463414,-0.7049865162000988,-0.3179592448322615,-0.22941573387056183,-0.1966090085915255,-0.42665336858709313,1.9318003660802703
-0.14998295745037957,-0.11020775375559674,-2.379475677591025,-0.47010766958349126,-0.0010454173182450838,-0.32774946540135635,-0.5496210815947049,1.1156962872482479,2.951057075706546,-0.6267038057704221,0.2569530922366421,-0.11020775375559674,-0.5527051915086619,-0.09529814069846938,0.9530429398036458,-1.4919136877222166,0.7435500452254252,-0.6236095644623236,1.677669810064635,0.19601428307463414,-0.7049865162000988,1.3380784886691008,-0.22941573387056183,-0.1966090085915255,2.3438230508096156,0.7680652057909509
-0.14998295745037957,-0.11020775375559674,0.5856030483790996,-0.47010766958349126,1.0443719009268386,-0.32774946540135635,-0.5496210815947049,-0.13300771072095577,-0.3388616263074406,-0.6267038057704221,0.2569530922366421,-0.11020775375559674,-0.5527051915086619,-0.09529814069846938,-0.8553876860097238,0.6702800625998365,-0.5757367631944207,1.6035674514745464,0.1469491804436178,0.19601428307463414,1.4184668458483913,-1.1459781115829426,-0.22941573387056183,0.8381752471533456,-0.42665336858709313,-0.3956699544983684
6.667424199385056,-0.11020775375559674,0.5856030483790996,-0.47010766958349126,-0.0010454173182450838,-0.32774946540135635,-0.5496210815947049,0.04350508831073977,-0.3388616263074406,-0.6267038057704221,1.7503840448551617,-0.11020775375559674,-0.5527051915086619,-0.09529814069846938,-0.8553876860097238,0.6702800625998365,2.5905515770132093,-0.6236095644623236,-2.9144920787984168,0.19601428307463414,1.4184668458483913,-1.973996978333624,-0.22941573387056183,-0.1966090085915255,-0.42665336858709313,0.7680652057909509
-0.14998295745037957,-0.11020775375559674,0.5856030483790996,-0.47010766958349126,-0.0010454173182450838,-0.32774946540135635,-0.5496210815947049,-0.46583003660602024,-0.3388616263074406,-0.6267038057704221,-1.2364778603818776,-0.11020775375559674,-0.5527051915086619,-0.09529814069846938,0.9530429398036458,-1.4919136877222166,-0.3998318554051079,1.6035674514745464,0.1469491804436178,0.19601428307463414,1.4184668458483913,0.5100596219184197,-0.22941573387056183,-0.1966090085915255,-0.42665336858709313,0.7680652057909509
-0.14998295745037957,-0.11020775375559674,0.5856030483790996,-0.47010766958349126,-0.0010454173182450838,-0.32774946540135635,1.8194353045893679,-0.6724705222194308,-0.3388616263074406,-0.6267038057704221,-1.2364778603818776,-0.11020775375559674,1.8092828063916029,-0.09529814069846938,0.9530429398036458,-1.4919136877222166,3.4700761159597735,-0.6236095644623236,1.677669810064635,0.19601428307463414,-0.7049865162000988,-1.973996978333624,-0.22941573387056183,-1.2313932643363965,-0.42665336858709313,-0.3956699544983684
-0.14998295745037957,-0.11020775375559674,-0.8969363146059627,2.1271722728667366,-0.0010454173182450838,-0.32774946540135635,-0.5496210815947049,-0.4367656801389539,-0.3388616263074406,1.5956501154012874,-0.2408572253028645,-0.11020775375559674,-0.5527051915086619,-0.09529814069846938,0.9530429398036458,-1.4919136877222166,-1.3673088482463283,-0.6236095644623236,0.1469491804436178,0.19601428307463414,-0.7049865162000988,-0.3179592448322615,-0.22941573387056183,-0.1966090085915255,-0.42665336858709313,-0.3956699544983684
-0.14998295745037957,-0.11020775375559674,0.5856030483790996,-0.47010766958349126,2.0897892191719225,-0.32774946540135635,1.8194353045893679,-0.09012006276345544,-0.3388616263074406,-0.6267038057704221,0.7547634097761486,-0.11020775375559674,-0.5527051915086619,-0.09529814069846938,-0.8553876860097238,0.6702800625998365,1.0074074069093943,1.6035674514745464,0.1469491804436178,0.19601428307463414,-0.7049865162000988,1.3380784886691008,-0.22941573387056183,-0.1966090085915255,-0.42665336858709313,0.7680652057909509
-0.14998295745037957,-0.11020775375559674,-0.8969363146059627,2.1271722728667366,1.0443719009268386,-0.32774946540135635,-0.5496210815947049,-0.8110578804953203,-0.3388616263074406,1.5956501154012874,-0.738667542842371,-0.11020775375559674,-0.5527051915086619,-0.09529814069846938,0.9530429398036458,-1.4919136877222166,-1.4552613021409846,-0.6236095644623236,-1.3837714491773996,0.19601428307463414,-0.7049865162000988,-1.1459781115829426,-0.22941573387056183,2.9077437586430874,-0.42665336858709313,-0.3956699544983684
-0.14998295745037957,-0.11020775375559674,0.5856030483790996,-0.47010766958349126,-1.0464627355633287,-0.32774946540135635,-0.5496210815947049,-0.25989843773570875,-0.3388616263074406,-0.6267038057704221,0.2569530922366421,-0.11020775375559674,1.8092828063916029,-0.09529814069846938,-0.8553876860097238,0.6702800625998365,1.0074074069093943,-0.6236095644623236,-1.3837714491773996,0.19601428307463414,1.4184668458483913,1.3380784886691008,-0.22941573387056183,-0.1966090085915255,-0.42665336858709313,1.9318003660802703
-0.14998295745037957,-0.11020775375559674,0.5856030483790996,-0.47010766958349126,1.0443719009268386,3.051111002653864,-0.5496210815947049,0.41956950552485417,-0.3388616263074406,1.5956501154012874,1.2525737273156552,-0.11020775375559674,-0.5527051915086619,-0.09529814069846938,0.048827626896961025,0.6702800625998365,-0.4877843092997643,-0.6236095644623236,1.677669810064635,0.19601428307463414,-0.7049865162000988,-0.3179592448322615,-0.22941573387056183,-0.1966090085915255,-0.42665336858709313,1.9318003660802703
-0.14998295745037957,-0.11020775375559674,-0.8969363146059627,-0.47010766958349126,2.0897892191719225,-0.32774946540135635,-0.5496210815947049,-0.33752153610506885,-0.3388616263074406,-0.6267038057704221,0.008047933466888799,-0.11020775375559674,-0.5527051915086619,-0.09529814069846938,0.048827626896961025,0.6702800625998365,-0.22392694761579512,-0.6236095644623236,0.1469491804436178,0.19601428307463414,1.4184668458483913,-1.1459781115829426,4.358898943540674,-0.1966090085915255,-0.42665336858709313,0.7680652057909509
-0.14998295745037957,-0.11020775375559674,0.5856030483790996,-0.47010766958349126,-1.0464627355633287,-0.32774946540135635,1.8194353045893679,-0.6586472307289969,-0.3388616263074406,-0.6267038057704221,0.2569530922366421,-0.11020775375559674,-0.5527051915086619,-0.09529814069846938,1.8572582527103307,0.6702800625998365,-0.6636892170890771,1.6035674514745464,0.1469491804436178,0.19601428307463414,-0.7049865162000988,-0.3179592448322615,-0.22941573387056183,-0.1966090085915255,-0.42665336858709313,-0.3956699544983684
-0.14998295745037957,-0.11020775375559674,0.5856030483790996,-0.47010766958349126,1.0443719009268386,-0.32774946540135635,-0.5496210815947049,-0.7500936205887909,-0.3388616263074406,1.5956501154012874,-0.738667542842371,-0.11020775375559674,-0.5527051915086619,-0.09529814069846938,1.8572582527103307,0.6702800625998365,0.3917402296467996,1.6035674514745464,-1.3837714491773996,0.19601428307463414,-0.7049865162000988,1.3380784886691008,-0.22941573387056183,-0.1966090085915255,-0.42665336858709313,-0.3956699544983684
-0.14998295745037957,-0.11020775375559674,0.5856030483790996,-0.47010766958349126,-1.0464627355633287,-0.32774946540135635,-0.5496210815947049,0.19875128504945994,-0.3388616263074406,1.5956501154012874,-0.9875727016121243,-0.11020775375559674,-0.5527051915086619,-0.09529814069846938,-0.8553876860097238,0.6702800625998365,2.502599123118553,-0.6236095644623236,-1.3837714491773996,0.19601428307463414,-0.7049865162000988,1.3380784886691008,4.358898943540674,-1.2313932643363965,-0.42665336858709313,-0.3956699544983684
-0.14998295745037957,-0.11020775375559674,0.5856030483790996,-0.47010766958349126,-0.0010454173182450838,-0.32774946540135635,-0.5496210815947049,-0.29498833151911813,-0.3388616263074406,1.5956501154012874,0.2569530922366421,-0.11020775375559674,-0.5527051915086619,-0.09529814069846938,0.9530429398036458,-1.4919136877222166,-0.048022039826482336,1.6035674514745464,0.1469491804436178,0.19601428307463414,-0.7049865162000988,-1.1459781115829426,-0.22941573387056183,-0.1966090085915255,-0.42665336858709313,-0.3956699544983684
-0.14998295745037957,-0.11020775375559674,0.5856030483790996,-0.47010766958349126,-1.0464627355633287,-0.32774946540135635,-0.5496210815947049,-0.15002099255533605,2.951057075706546,1.5956501154012874,-0.9046043153555399,-0.11020775375559674,-0.5527051915086619,-0.09529814069846938,-0.8553876860097238,0.6702800625998365,-0.3118794015104515,-0.6236095644623236,0.1469491804436178,0.19601428307463414,-0.7049865162000988,-0.3179592448322615,-0.22941573387056183,0.8381752471533456,-0.42665336858709313,-0.3956699544983684
-0.14998295745037957,-0.11020775375559674,0.5856030483790996,-0.47010766958349126,-1.0464627355633287,-0.32774946540135635,-0.5496210815947049,-0.6143418092852982,-0.3388616263074406,-0.6267038057704221,-1.2364778603818776,-0.11020775375559674,-0.5527051915086619,-0.09529814069846938,0.9530429398036458,-1.4919136877222166,1.798979491961302,-0.6236095644623236,0.1469491804436178,0.19601428307463414,-0.7049865162000988,-1.1459781115829426,4.358898943540674,-0.1966090085915255,2.3438230508096156,-0.3956699544983684
-0.14998295745037957,-0.11020775375559674,0.5856030483790996,-0.47010766958349126,-1.0464627355633287,3.051111002653864,-0.5496210815947049,-0.39068804183750727,-0.3388616263074406,-0.6267038057704221,-0.2408572253028645,-0.11020775375559674,-0.5527051915086619,-0.09529814069846938,1.8572582527103307,0.6702800625998365,-0.6636892170890771,-0.6236095644623236,0.1469491804436178,0.19601428307463414,1.4184668458483913,-0.3179592448322615,-0.22941573387056183,-0.1966090085915255,-0.42665336858709313,1.9318003660802703
-0.14998295745037957,-0.11020775375559674,0.5856030483790996,2.1271722728667366,-0.0010454173182450838,-0.32774946540135635,1.8194353045893679,0.12360929028094698,-0.3388616263074406,-0.6267038057704221,1.2525737273156552,-0.11020775375559674,-0.5527051915086619,-0.09529814069846938,-0.8553876860097238,0.6702800625998365,0.12788286796283044,-0.6236095644623236,0.1469491804436178,0.19601428307463414,-0.7049865162000988,-0.3179592448322615,-0.22941573387056183,-0.1966090085915255,-0.42665336858709313,-0.3956699544983684
-0.14998295745037957,-0.11020775375559674,-0.8969363146059627,-0.47010766958349126,1.0443719009268386,-0.32774946540135635,-0.5496210815947049,-0.22693520418159696,-0.3388616263074406,-0.6267038057704221,-0.4897623840726178,-0.11020775375559674,1.8092828063916029,-0.09529814069846938,0.9530429398036458,-1.4919136877222166,-0.6636892170890771,-0.6236095644623236,0.1469491804436178,0.19601428307463414,1.4184668458483913,-0.3179592448322615,-0.22941573387056183,0.8381752471533456,-0.42665336858709313,-0.3956699544983684
-0.14998295745037957,-0.11020775375559674,-2.379475677591025,-0.47010766958349126,-1.0464627355633287,-0.32774946540135635,-0.5496210815947049,1.9801836704576965,2.951057075706546,-0.6267038057704221,2.2481943623946683,-0.11020775375559674,-0.5527051915086619,-0.09529814069846938,-0.8553876860097238,0.6702800625998365,-0.048022039826482336,-0.6236095644623236,0.1469491804436178,0.19601428307463414,-0.7049865162000988,0.5100596219184197,-0.22941573387056183,-1.2313932643363965,2.3438230508096156,0.7680652057909509
-0.14998295745037957,-0.11020775375559674,0.5856030483790996,-0.47010766958349126,-1.0464627355633287,-0.32774946540135635,-0.5496210815947049,-0.18440199959564624,2.951057075706546,-0.6267038057704221,2.2481943623946683,-0.11020775375559674,-0.5527051915086619,-0.09529814069846938,-0.8553876860097238,0.6702800625998365,0.21583532185748686,-0.6236095644623236,0.1469491804436178,0.19601428307463414,1.4184668458483913,1.3380784886691008,-0.22941573387056183,-1.2313932643363965,-0.42665336858709313,0.7680652057909509
-0.14998295745037957,-0.11020775375559674,0.5856030483790996,-0.47010766958349126,-1.0464627355633287,3.051111002653864,-0.5496210815947049,-0.6022907346526122,-0.3388616263074406,1.5956501154012874,0.008047933466888799,-0.11020775375559674,-0.5527051915086619,-0.09529814069846938,0.9530429398036458,-1.4919136877222166,0.03993041406817406,-0.6236095644623236,-1.3837714491773996,0.19601428307463414,-0.7049865162000988,1.3380784886691008,-0.22941573387056183,2.9077437586430874,-0.42665336858709313,-0.3956699544983684
-0.14998295745037957,-0.11020775375559674,-2.379475677591025,-0.47010766958349126,-1.0464627355633287,-0.32774946540135635,-0.5496210815947049,-0.27088618225374606,-0.3388616263074406,-0.6267038057704221,-0.9875727016121243,-0.11020775375559674,1.8092828063916029,-0.09529814069846938,-0.8553876860097238,0.6702800625998365,1.35921722248802,-0.6236095644623236,-1.3837714491773996,0.19601428307463414,-0.7049865162000988,1.3380784886691008,-0.22941573387056183,1.8729595028982167,2.3438230508096156,-0.3956699544983684
-0.14998295745037957,-0.11020775375559674,-2.379475677591025,-0.47010766958349126,-0.0010454173182450838,-0.32774946540135635,-0.5496210815947049,0.4727360112572926,2.951057075706546,-0.6267038057704221,2.2481943623946683,-0.11020775375559674,-0.5527051915086619,-0.09529814069846938,-0.8553876860097238,0.6702800625998365,-1.0154990326677027,-0.6236095644623236,0.1469491804436178,0.19601428307463414,-0.7049865162000988,1.3380784886691008,-0.22941573387056183,-0.1966090085915255,2.3438230508096156,-2.7231402750770073
-0.14998295745037957,-0.11020775375559674,0.5856030483790996,-0.47010766958349126,-1.0464627355633287,-0.32774946540135635,-0.5496210815947049,-0.17341425507760896,-0.3388616263074406,-0.6267038057704221,0.008047933466888799,-0.11020775375559674,1.8092828063916029,-0.09529814069846938,0.9530429398036458,-1.4919136877222166,-0.3998318554051079,-0.6236095644623236,1.677669810064635,0.19601428307463414,1.4184668458483913,0.5100596219184197,-0.22941573387056183,1.8729595028982167,-0.42665336858709313,-0.3956699544983684
-0.14998295745037957,-0.11020775375559674,0.5856030483790996,2.1271722728667366,-1.0464627355633287,-0.32774946540135635,1.8194353045893679,0.02117515590311564,-0.3388616263074406,-0.6267038057704221,-0.738667542842371,-0.11020775375559674,-0.5527051915086619,-0.09529814069846938,-0.8553876860097238,0.6702800625998365,0.5676451374361124,-0.6236095644623236,0.1469491804436178,0.19601428307463414,-0.7049865162000988,1.3380784886691008,-0.22941573387056183,-0.1966090085915255,-0.42665336858709313,0.7680652057909509
-0.14998295745037957,-0.11020775375559674,0.5856030483790996,-0.47010766958349126,-0.0010454173182450838,-0.32774946540135635,-0.5496210815947049,0.030390683563404963,-0.3388616263074406,-0.6267038057704221,0.008047933466888799,-0.11020775375559674,-0.5527051915086619,-0.09529814069846938,0.9530429398036458,-1.4919136877222166,-0.5757367631944207,1.6035674514745464,0.1469491804436178,0.19601428307463414,1.4184668458483913,-1.1459781115829426,-0.22941573387056183,2.9077437586430874,-0.42665336858709313,-0.3956699544983684
-0.14998295745037957,-0.11020775375559674,-2.379475677591025,2.1271722728667366,-0.0010454173182450838,-0.32774946540135635,-0.5496210815947049,1.628221402508954,-0.3388616263074406,-0.6267038057704221,-0.738667542842371,-0.11020775375559674,-0.5527051915086619,-0.09529814069846938,-0.8553876860097238,0.6702800625998365,1.5351221302773328,-0.6236095644623236,1.677669810064635,0.19601428307463414,-0.7049865162000988,1.3380784886691008,-0.22941573387056183,-0.1966090085915255,2.3438230508096156,-0.3956699544983684
-0.14998295745037957,-0.11020775375559674,-0.8969363146059627,2.1271722728667366,-0.0010454173182450838,-0.32774946540135635,-0.5496210815947049,-0.08870228927725708,-0.3388616263074406,1.5956501154012874,0.2569530922366421,-0.11020775375559674,-0.5527051915086619,-0.09529814069846938,0.048827626896961025,0.6702800625998365,-1.0154990326677027,-0.6236095644623236,-1.3837714491773996,0.19601428307463414,-0.7049865162000988,-0.3179592448322615,-0.22941573387056183,-0.1966090085915255,-0.42665336858709313,-0.3956699544983684
-0.14998295745037957,-0.11020775375559674,0.5856030483790996,-0.47010766958349126,-0.0010454173182450838,3.051111002653864,1.8194353045893679,-0.8737943572595976,-0.3388616263074406,-0.6267038057704221,-0.4897623840726178,-0.11020775375559674,-0.5527051915086619,-0.09529814069846938,0.9530429398036458,-1.4919136877222166,-1.1914039404570154,-0.6236095644623236,-1.3837714491773996,0.19601428307463414,-0.7049865162000988,-0.3179592448322615,-0.22941573387056183,-0.1966090085915255,-0.42665336858709313,-0.3956699544983684
-0.14998295745037957,-0.11020775375559674,-0.8969363146059627,2.1271722728667366,1.0443719009268386,-0.32774946540135635,-0.5496210815947049,-0.8224000683849072,-0.3388616263074406,-0.6267038057704221,-0.738667542842371,-0.11020775375559674,-0.5527051915086619,-0.09529814069846938,0.9530429398036458,-1.4919136877222166,-0.7516416709837335,-0.6236095644623236,0.1469491804436178,0.19601428307463414,1.4184668458483913,-1.1459781115829426,-0.22941573387056183,0.8381752471533456,-0.42665336858709313,-0.3956699544983684
-0.14998295745037957,-0.11020775375559674,0.5856030483790996,-0.47010766958349126,2.0897892191719225,-0.32774946540135635,-0.5496210815947049,0.33273087949520475,-0.3388616263074406,-0.6267038057704221,1.2525737273156552,-0.11020775375559674,-0.5527051915086619,-0.09529814069846938,-0.8553876860097238,0.6702800625998365,-0.8395941248783899,1.6035674514745464,0.1469491804436178,0.19601428307463414,1.4184668458483913,-0.3179592448322615,-0.22941573387056183,-0.1966090085915255,-0.42665336858709313,-0.3956699544983684
-0.14998295745037957,-0.11020775375559674,0.5856030483790996,-0.47010766958349126,-0.0010454173182450838,-0.32774946540135635,-0.5496210815947049,-0.3127105000965976,-0.3388616263074406,-0.6267038057704221,-0.2408572253028645,-0.11020775375559674,-0.5527051915086619,-0.09529814069846938,0.9530429398036458,-1.4919136877222166,-0.7516416709837335,1.6035674514745464,0.1469491804436178,0.19601428307463414,1.4184668458483913,-1.1459781115829426,-0.22941573387056183,-0.1966090085915255,-0.42665336858709313,-0.3956699544983684
-0.14998295745037957,-0.11020775375559674,0.5856030483790996,-0.47010766958349126,-1.0464627355633287,-0.32774946540135635,-0.5496210815947049,0.038542881109045524,-0.3388616263074406,1.5956501154012874,-1.4024146328950464,-0.11020775375559674,1.8092828063916029,-0.09529814069846938,0.9530429398036458,-1.4919136877222166,0.12788286796283044,-0.6236095644623236,0.1469491804436178,0.19601428307463414,-0.7049865162000988,0.5100596219184197,-0.22941573387056183,-0.1966090085915255,-0.42665336858709313,0.7680652057909509
-0.14998295745037957,-0.11020775375559674,0.5856030483790996,-0.47010766958349126,-1.0464627355633287,-0.32774946540135635,-0.5496210815947049,-0.8053867865505269,-0.3388616263074406,-0.6267038057704221,0.2569530922366421,-0.11020775375559674,-0.5527051915086619,-0.09529814069846938,-0.8553876860097238,0.6702800625998365,-0.9275465787730462,1.6035674514745464,0.1469491804436178,0.19601428307463414,1.4184668458483913,1.3380784886691008,-0.22941573387056183,-1.2313932643363965,-0.42665336858709313,-0.3956699544983684
-0.14998295745037957,-0.11020775375559674,0.5856030483790996,-0.47010766958349126,-0.0010454173182450838,-0.32774946540135635,-0.5496210815947049,1.3212734427470096,-0.3388616263074406,1.5956501154012874,2.2481943623946683,-0.11020775375559674,-0.5527051915086619,-0.09529814069846938,1.8572582527103307,0.6702800625998365,-0.13597449372113873,1.6035674514745464,0.1469491804436178,0.19601428307463414,-0.7049865162000988,0.5100596219184197,-0.22941573387056183,-0.1966090085915255,-0.42665336858709313,-0.3956699544983684
-0.14998295745037957,-0.11020775375559674,0.5856030483790996,-0.47010766958349126,-1.0464627355633287,-0.32774946540135635,-0.5496210815947049,1.8844839601393073,2.951057075706546,-0.6267038057704221,1.5014788860854085,-0.11020775375559674,-0.5527051915086619,-0.09529814069846938,-0.8553876860097238,0.6702800625998365,0.8315024991200816,-0.6236095644623236,1.677669810064635,0.19601428307463414,1.4184668458483913,1.3380784886691008,-0.22941573387056183,0.8381752471533456,-0.42665336858709313,-0.3956699544983684
-0.14998295745037957,-0.11020775375559674,0.5856030483790996,-0.47010766958349126,1.0443719009268386,3.051111002653864,-0.5496210815947049,0.41389841158006074,-0.3388616263074406,1.5956501154012874,-0.2408572253028645,-0.11020775375559674,-0.5527051915086619,-0.09529814069846938,-0.8553876860097238,0.6702800625998365,-0.22392694761579512,-0.6236095644623236,1.677669810064635,0.19601428307463414,-0.7049865162000988,1.3380784886691008,-0.22941573387056183,-0.1966090085915255,-0.42665336858709313,-0.3956699544983684
-0.14998295745037957,-0.11020775375559674,0.5856030483790996,-0.47010766958349126,1.0443719009268386,3.051111002653864,-0.5496210815947049,-0.7919179384316425,-0.3388616263074406,1.5956501154012874,-0.738667542842371,-0.11020775375559674,-0.5527051915086619,-0.09529814069846938,-0.8553876860097238,0.6702800625998365,0.3037877757521432,-0.6236095644623236,-1.3837714491773996,0.19601428307463414,-0.7049865162000988,0.5100596219184197,-0.22941573387056183,0.8381752471533456,-0.42665336858709313,-0.3956699544983684
-0.14998295745037957,-0.11020775375559674,0.5856030483790996,2.1271722728667366,-1.0464627355633287,-0.32774946540135635,-0.5496210815947049,-0.4261323789924662,-0.3388616263074406,-0.6267038057704221,-0.9046043153555399,-0.11020775375559674,-0.5527051915086619,-0.09529814069846938,1.8572582527103307,0.6702800625998365,-0.8395941248783899,-0.6236095644623236,0.1469491804436178,-5.101669043266824,1.4184668458483913,-0.3179592448322615,-0.22941573387056183,-1.2313932643363965,-0.42665336858709313,0.7680652057909509
-0.14998295745037957,-0.11020775375559674,0.5856030483790996,-0.47010766958349126,1.0443719009268386,-0.32774946540135635,-0.5496210815947049,-0.775967986711911,-0.3388616263074406,-0.6267038057704221,-0.9875727016121243,-0.11020775375559674,-0.5527051915086619,-0.09529814069846938,-0.8553876860097238,0.6702800625998365,-0.7516416709837335,1.6035674514745464,-1.3837714491773996,0.19601428307463414,1.4184668458483913,1.3380784886691008,-0.22941573387056183,-0.1966090085915255,-0.42665336858709313,-0.3956699544983684
-0.14998295745037957,-0.11020775375559674,-0.8969363146059627,2.1271722728667366,-1.0464627355633287,-0.32774946540135635,-0.5496210815947049,-0.38466250452116424,-0.3388616263074406,1.5956501154012874,-0.4897623840726178,-0.11020775375559674,-0.5527051915086619,-0.09529814069846938,0.9530429398036458,-1.4919136877222166,-0.22392694761579512,-0.6236095644623236,-1.3837714491773996,0.19601428307463414,-0.7049865162000988,0.5100596219184197,-0.22941573387056183,-1.2313932643363965,-0.42665336858709313,-0.3956699544983684
-0.14998295745037957,-0.11020775375559674,-2.379475677591025,-0.47010766958349126,-0.0010454173182450838,-0.32774946540135635,-0.5496210815947049,-0.6185951297438933,2.951057075706546,-0.6267038057704221,-0.738667542842371,-0.11020775375559674,-0.5527051915086619,-0.09529814069846938,-0.8553876860097238,0.6702800625998365,2.678504030907866,-0.6236095644623236,1.677669810064635,0.19601428307463414,-0.7049865162000988,1.3380784886691008,-0.22941573387056183,-0.1966090085915255,2.3438230508096156,0.7680652057909509
-0.14998295745037957,-0.11020775375559674,0.5856030483790996,-0.47010766958349126,-0.0010454173182450838,-0.32774946540135635,-0.5496210815947049,-0.0780689881307694,-0.3388616263074406,-0.6267038057704221,2.2481943623946683,9.073771725877465,-0.5527051915086619,-0.09529814069846938,-0.8553876860097238,0.6702800625998365,1.6230745841719891,-0.6236095644623236,0.1469491804436178,0.19601428307463414,1.4184668458483913,-0.3179592448322615,-0.22941573387056183,-0.1966090085915255,-0.42665336858709313,-0.3956699544983684
-0.14998295745037957,9.073771725877465,0.5856030483790996,-0.47010766958349126,1.0443719009268386,-0.32774946540135635,-0.5496210815947049,-0.22764409092469615,-0.3388616263074406,-0.6267038057704221,-0.07492045278969563,-0.11020775375559674,-0.5527051915086619,-0.09529814069846938,-0.8553876860097238,0.6702800625998365,-0.5757367631944207,-0.6236095644623236,0.1469491804436178,0.19601428307463414,1.4184668458483913,-0.3179592448322615,-0.22941573387056183,-0.1966090085915255,-0.42665336858709313,1.9318003660802703
-0.14998295745037957,-0.11020775375559674,-2.379475677591025,-0.47010766958349126,-1.0464627355633287,-0.32774946540135635,-0.5496210815947049,2.5540274889964816,2.951057075706546,-0.6267038057704221,1.2525737273156552,-0.11020775375559674,-0.5527051915086619,-0.09529814069846938,-0.8553876860097238,0.6702800625998365,0.5676451374361124,-0.6236095644623236,0.1469491804436178,0.19601428307463414,-0.7049865162000988,1.3380784886691008,-0.22941573387056183,-1.2313932643363965,2.3438230508096156,0.7680652057909509
-0.14998295745037957,-0.11020775375559674,0.5856030483790996,-0.47010766958349126,-1.0464627355633287,-0.32774946540135635,1.8194353045893679,-0.28648169060192796,-0.3388616263074406,-0.6267038057704221,0.2569530922366421,-0.11020775375559674,1.8092828063916029,-0.09529814069846938,1.8572582527103307,0.6702800625998365,-0.7516416709837335,-0.6236095644623236,0.1469491804436178,0.19601428307463414,-0.7049865162000988,0.5100596219184197,-0.22941573387056183,0.8381752471533456,-0.42665336858709313,0.7680652057909509
-0.14998295745037957,-0.11020775375559674,0.5856030483790996,-0.47010766958349126,1.0443719009268386,3.051111002653864,-0.5496210815947049,-0.6597105608436457,-0.3388616263074406,1.5956501154012874,-0.5727307703292022,-0.11020775375559674,-0.5527051915086619,-0.09529814069846938,1.8572582527103307,0.6702800625998365,-0.048022039826482336,-0.6236095644623236,0.1469491804436178,0.19601428307463414,-0.7049865162000988,1.3380784886691008,-0.22941573387056183,1.8729595028982167,-0.42665336858709313,-0.3956699544983684
-0.14998295745037957,-0.11020775375559674,0.5856030483790996,-0.47010766958349126,1.0443719009268386,3.051111002653864,-0.5496210815947049,-0.6458872693532116,-0.3388616263074406,-0.6267038057704221,-1.2364778603818776,-0.11020775375559674,-0.5527051915086619,-0.09529814069846938,0.048827626896961025,0.6702800625998365,-0.3998318554051079,-0.6236095644623236,0.1469491804436178,0.19601428307463414,1.4184668458483913,1.3380784886691008,-0.22941573387056183,0.8381752471533456,-0.42665336858709313,1.9318003660802703
-0.14998295745037957,-0.11020775375559674,-2.379475677591025,-0.47010766958349126,-0.0010454173182450838,-0.32774946540135635,-0.5496210815947049,0.7874817251933279,2.951057075706546,-0.6267038057704221,1.2525737273156552,-0.11020775375559674,-0.5527051915086619,-0.09529814069846938,-0.8553876860097238,0.6702800625998365,0.5676451374361124,-0.6236095644623236,0.1469491804436178,0.19601428307463414,-0.7049865162000988,1.3380784886691008,-0.22941573387056183,-0.1966090085915255,2.3438230508096156,-0.3956699544983684
-0.14998295745037957,-0.11020775375559674,0.5856030483790996,-0.47010766958349126,-1.0464627355633287,-0.32774946540135635,1.8194353045893679,1.4609241311375478,-0.3388616263074406,-0.6267038057704221,0.2569530922366421,-0.11020775375559674,1.8092828063916029,-0.09529814069846938,-0.8553876860097238,0.6702800625998365,0.6555975913307688,-0.6236095644623236,-1.3837714491773996,0.19601428307463414,-0.7049865162000988,-0.3179592448322615,-0.22941573387056183,-0.1966090085915255,-0.42665336858709313,-0.3956699544983684
-0.14998295745037957,-0.11020775375559674,0.5856030483790996,2.1271722728667366,-0.0010454173182450838,-0.32774946540135635,-0.5496210815947049,-0.2793928231709362,-0.3388616263074406,1.5956501154012874,0.2569530922366421,-0.11020775375559674,-0.5527051915086619,-0.09529814069846938,-0.8553876860097238,0.6702800625998365,-1.1914039404570154,-0.6236095644623236,0.1469491804436178,0.19601428307463414,-0.7049865162000988,-0.3179592448322615,-0.22941573387056183,1.8729595028982167,-0.42665336858709313,-1.5594051147876877
-0.14998295745037957,-0.11020775375559674,-2.379475677591025,-0.47010766958349126,-1.0464627355633287,-0.32774946540135635,-0.5496210815947049,-0.6823949366228194,-0.3388616263074406,-0.6267038057704221,-1.2364778603818776,-0.11020775375559674,-0.5527051915086619,-0.09529814069846938,-0.8553876860097238,0.6702800625998365,0.5676451374361124,1.6035674514745464,0.1469491804436178,0.19601428307463414,-0.7049865162000988,1.3380784886691008,-0.22941573387056183,0.8381752471533456,2.3438230508096156,-0.3956699544983684
-0.14998295745037957,-0.11020775375559674,-0.8969363146059627,-0.47010766958349126,1.0443719009268386,3.051111002653864,-0.5496210815947049,1.1146329571335991,-0.3388616263074406,-0.6267038057704221,2.2481943623946683,-0.11020775375559674,-0.5527051915086619,-0.09529814069846938,0.9530429398036458,-1.4919136877222166,2.0628368536452713,-0.6236095644623236,0.1469491804436178,0.19601428307463414,-0.7049865162000988,1.3380784886691008,-0.22941573387056183,-0.1966090085915255,2.3438230508096156,-1.5594051147876877
-0.14998295745037957,-0.11020775375559674,0.5856030483790996,2.1271722728667366,2.0897892191719225,-0.32774946540135635,1.8194353045893679,-0.7075604160028403,-0.3388616263074406,-0.6267038057704221,-0.9046043153555399,-0.11020775375559674,-0.5527051915086619,-0.09529814069846938,0.9530429398036458,-1.4919136877222166,-1.103451486562359,-0.6236095644623236,0.1469491804436178,0.19601428307463414,-0.7049865162000988,-1.1459781115829426,-0.22941573387056183,-0.1966090085915255,-0.42665336858709313,-0.3956699544983684
-0.14998295745037957,-0.11020775375559674,-2.379475677591025,-0.47010766958349126,1.0443719009268386,-0.32774946540135635,-0.5496210815947049,3.4397814744989055,2.951057075706546,-0.6267038057704221,-0.2408572253028645,-0.11020775375559674,-0.5527051915086619,-0.09529814069846938,0.9530429398036458,-1.4919136877222166,0.21583532185748686,-0.6236095644623236,1.677669810064635,0.19601428307463414,-0.7049865162000988,-1.973996978333624,-0.22941573387056183,-0.1966090085915255,2.3438230508096156,-0.3956699544983684
-0.14998295745037957,-0.11020775375559674,0.5856030483790996,-0.47010766958349126,1.0443719009268386,-0.32774946540135635,-0.5496210815947049,-0.6501405898118068,-0.3388616263074406,-0.6267038057704221,-0.9875727016121243,-0.11020775375559674,1.8092828063916029,-0.09529814069846938,-0.8553876860097238,0.6702800625998365,-0.5757367631944207,-0.6236095644623236,0.1469491804436178,0.19601428307463414,-0.7049865162000988,0.5100596219184197,-0.22941573387056183,0.8381752471533456,2.3438230508096156,-1.5594051147876877
6.667424199385056,-0.11020775375559674,0.5856030483790996,-0.47010766958349126,1.0443719009268386,-0.32774946540135635,1.8194353045893679,-0.9985584240450531,-0.3388616263074406,-0.6267038057704221,-1.2364778603818776,-0.11020775375559674,-0.5527051915086619,-0.09529814069846938,1.8572582527103307,0.6702800625998365,-1.1914039404570154,-0.6236095644623236,-1.3837714491773996,0.19601428307463414,-0.7049865162000988,-1.1459781115829426,-0.22941573387056183,-0.1966090085915255,-0.42665336858709313,-0.3956699544983684
-0.14998295745037957,-0.11020775375559674,0.5856030483790996,-0.47010766958349126,-0.0010454173182450838,-0.32774946540135635,-0.5496210815947049,-0.9570885495737512,-0.3388616263074406,1.5956501154012874,0.008047933466888799,-0.11020775375559674,1.8092828063916029,-0.09529814069846938,-0.8553876860097238,0.6702800625998365,2.5905515770132093,-0.6236095644623236,0.1469491804436178,0.19601428307463414,-0.7049865162000988,1.3380784886691008,-0.22941573387056183,-0.1966090085915255,-0.42665336858709313,0.7680652057909509
-0.14998295745037957,-0.11020775375559674,0.5856030483790996,-0.47010766958349126,2.0897892191719225,-0.32774946540135635,-0.5496210815947049,-0.6299373176334802,-0.3388616263074406,1.5956501154012874,-1.4024146328950464,-0.11020775375559674,1.8092828063916029,-0.09529814069846938,-0.8553876860097238,0.6702800625998365,-0.5757367631944207,-0.6236095644623236,-1.3837714491773996,-5.101669043266824,-0.7049865162000988,-1.1459781115829426,-0.22941573387056183,-1.2313932643363965,-0.42665336858709313,-0.3956699544983684
-0.14998295745037957,-0.11020775375559674,0.5856030483790996,-0.47010766958349126,-0.0010454173182450838,-0.32774946540135635,-0.5496210815947049,-0.756119157905134,-0.3388616263074406,1.5956501154012874,-0.9875727016121243,-0.11020775375559674,-0.5527051915086619,-0.09529814069846938,-0.8553876860097238,0.6702800625998365,-0.9275465787730462,1.6035674514745464,-1.3837714491773996,0.19601428307463414,-0.7049865162000988,-0.3179592448322615,-0.22941573387056183,-0.1966090085915255,-0.42665336858709313,0.7680652057909509
-0.14998295745037957,-0.11020775375559674,0.5856030483790996,-0.47010766958349126,1.0443719009268386,-0.32774946540135635,-0.5496210815947049,-0.6923193510262079,-0.3388616263074406,1.5956501154012874,-0.738667542842371,-0.11020775375559674,1.8092828063916029,-0.09529814069846938,-0.8553876860097238,0.6702800625998365,1.6230745841719891,-0.6236095644623236,0.1469491804436178,0.19601428307463414,-0.7049865162000988,1.3380784886691008,-0.22941573387056183,2.9077437586430874,-0.42665336858709313,-0.3956699544983684
-0.14998295745037957,-0.11020775375559674,0.5856030483790996,-0.47010766958349126,1.0443719009268386,-0.32774946540135635,1.8194353045893679,-0.829488935815899,-0.3388616263074406,-0.6267038057704221,-1.2364778603818776,-0.11020775375559674,1.8092828063916029,-0.09529814069846938,0.9530429398036458,-1.4919136877222166,-0.3118794015104515,-0.6236095644623236,-1.3837714491773996,0.19601428307463414,-0.7049865162000988,-1.1459781115829426,-0.22941573387056183,0.8381752471533456,-0.42665336858709313,-1.5594051147876877
-0.14998295745037957,-0.11020775375559674,0.5856030483790996,-0.47010766958349126,-1.0464627355633287,-0.32774946540135635,1.8194353045893679,0.03783399436594634,2.951057075706546,-0.6267038057704221,-0.2408572253028645,-0.11020775375559674,-0.5527051915086619,-0.09529814069846938,-0.8553876860097238,0.6702800625998365,-0.3998318554051079,-0.6236095644623236,0.1469491804436178,0.19601428307463414,-0.7049865162000988,-0.3179592448322615,-0.22941573387056183,-1.2313932643363965,-0.42665336858709313,-0.3956699544983684
-0.14998295745037957,-0.11020775375559674,0.5856030483790996,-0.47010766958349126,-1.0464627355633287,-0.32774946540135635,-0.5496210815947049,-0.4917044027291403,-0.3388616263074406,-0.6267038057704221,-0.738667542842371,-0.11020775375559674,1.8092828063916029,-0.09529814069846938,-0.8553876860097238,0.6702800625998365,0.3037877757521432,-0.6236095644623236,1.677669810064635,0.19601428307463414,1.4184668458483913,1.3380784886691008,-0.22941573387056183,-0.1966090085915255,-0.42665336858709313,-0.3956699544983684
-0.14998295745037957,-0.11020775375559674,0.5856030483790996,-0.47010766958349126,2.0897892191719225,-0.32774946540135635,1.8194353045893679,0.1363692516567322,-0.3388616263074406,-0.6267038057704221,0.7547634097761486,-0.11020775375559674,-0.5527051915086619,-0.09529814069846938,-0.8553876860097238,0.6702800625998365,1.1833123146987072,1.6035674514745464,-1.3837714491773996,0.19601428307463414,-0.7049865162000988,1.3380784886691008,-0.22941573387056183,-1.2313932643363965,-0.42665336858709313,0.7680652057909509
-0.14998295745037957,-0.11020775375559674,0.5856030483790996,-0.47010766958349126,-0.0010454173182450838,-0.32774946540135635,-0.5496210815947049,1.2358525902035586,-0.3388616263074406,-0.6267038057704221,2.2481943623946683,-0.11020775375559674,-0.5527051915086619,-0.09529814069846938,0.9530429398036458,-1.4919136877222166,-0.3998318554051079,1.6035674514745464,0.1469491804436178,0.19601428307463414,1.4184668458483913,-0.3179592448322615,-0.22941573387056183,-0.1966090085915255,-0.42665336858709313,-0.3956699544983684
-0.14998295745037957,-0.11020775375559674,0.5856030483790996,-0.47010766958349126,2.0897892191719225,-0.32774946540135635,-0.5496210815947049,-0.12343773968911685,-0.3388616263074406,-0.6267038057704221,0.008047933466888799,-0.11020775375559674,1.8092828063916029,-0.09529814069846938,0.9530429398036458,-1.4919136877222166,-0.6636892170890771,-0.6236095644623236,1.677669810064635,0.19601428307463414,1.4184668458483913,-0.3179592448322615,-0.22941573387056183,0.8381752471533456,-0.42665336858709313,-0.3956699544983684
-0.14998295745037957,-0.11020775375559674,-0.8969363146059627,-0.47010766958349126,1.0443719009268386,-0.32774946540135635,-0.5496210815947049,0.2983498724548946,2.951057075706546,-0.6267038057704221,0.2569530922366421,-0.11020775375559674,-0.5527051915086619,-0.09529814069846938,0.9530429398036458,-1.4919136877222166,-0.6636892170890771,-0.6236095644623236,0.1469491804436178,0.19601428307463414,1.4184668458483913,-1.1459781115829426,-0.22941573387056183,1.8729595028982167,-0.42665336858709313,-0.3956699544983684
-0.14998295745037957,-0.11020775375559674,0.5856030483790996,-0.47010766958349126,-1.0464627355633287,-0.32774946540135635,1.8194353045893679,-0.6171773562576949,-0.3388616263074406,-0.6267038057704221,-0.2408572253028645,-0.11020775375559674,1.8092828063916029,-0.09529814069846938,-0.8553876860097238,0.6702800625998365,-0.3118794015104515,-0.6236095644623236,0.1469491804436178,0.19601428307463414,-0.7049865162000988,-0.3179592448322615,-0.22941573387056183,-0.1966090085915255,-0.42665336858709313,0.7680652057909509
-0.14998295745037957,-0.11020775375559674,0.5856030483790996,2.1271722728667366,1.0443719009268386,-0.32774946540135635,-0.5496210815947049,1.0951385716983717,-0.3388616263074406,-0.6267038057704221,-0.2408572253028645,-0.11020775375559674,-0.5527051915086619,-0.09529814069846938,-0.8553876860097238,0.6702800625998365,0.479692683541456,-0.6236095644623236,0.1469491804436178,0.19601428307463414,-0.7049865162000988,1.3380784886691008,-0.22941573387056183,-0.1966090085915255,2.3438230508096156,0.7680652057909509
-0.14998295745037957,-0.11020775375559674,-0.8969363146059627,-0.47010766958349126,-1.0464627355633287,-0.32774946540135635,1.8194353045893679,-0.7047248690304435,-0.3388616263074406,-0.6267038057704221,0.09101631972347322,-0.11020775375559674,1.8092828063916029,-0.09529814069846938,0.9530429398036458,-1.4919136877222166,-0.9275465787730462,-0.6236095644623236,0.1469491804436178,0.19601428307463414,-0.7049865162000988,0.5100596219184197,-0.22941573387056183,-1.2313932643363965,-0.42665336858709313,-0.3956699544983684
-0.14998295745037957,-0.11020775375559674,0.5856030483790996,2.1271722728667366,-1.0464627355633287,-0.32774946540135635,1.8194353045893679,0.31181872057377896,-0.3388616263074406,-0.6267038057704221,0.2569530922366421,-0.11020775375559674,-0.5527051915086619,-0.09529814069846938,-0.8553876860097238,0.6702800625998365,-0.048022039826482336,-0.6236095644623236,0.1469491804436178,0.19601428307463414,-0.7049865162000988,-0.3179592448322615,-0.22941573387056183,0.8381752471533456,-0.42665336858709313,1.9318003660802703
-0.14998295745037957,-0.11020775375559674,0.5856030483790996,-0.47010766958349126,1.0443719009268386,-0.32774946540135635,-0.5496210815947049,0.6425143862295459,-0.3388616263074406,-0.6267038057704221,0.2569530922366421,-0.11020775375559674,-0.5527051915086619,-0.09529814069846938,0.9530429398036458,-1.4919136877222166,0.5676451374361124,1.6035674514745464,0.1469491804436178,0.19601428307463414,1.4184668458483913,1.3380784886691008,-0.22941573387056183,-1.2313932643363965,-0.42665336858709313,-0.3956699544983684
-0.14998295745037957,-0.11020775375559674,0.5856030483790996,-0.47010766958349126,-0.0010454173182450838,3.051111002653864,-0.5496210815947049,-0.39919468275469744,-0.3388616263074406,-0.6267038057704221,1.2525737273156552,-0.11020775375559674,-0.5527051915086619,-0.09529814069846938,-0.8553876860097238,0.6702800625998365,-1.0154990326677027,-0.6236095644623236,0.1469491804436178,0.19601428307463414,1.4184668458483913,0.5100596219184197,-0.22941573387056183,-0.1966090085915255,-0.42665336858709313,1.9318003660802703
-0.14998295745037957,-0.11020775375559674,0.5856030483790996,-0.47010766958349126,-0.0010454173182450838,-0.32774946540135635,-0.5496210815947049,-0.9124286847585029,-0.3388616263074406,-0.6267038057704221,-0.738667542842371,-0.11020775375559674,1.8092828063916029,-0.09529814069846938,-0.8553876860097238,0.6702800625998365,0.919454953014738,-0.6236095644623236,0.1469491804436178,0.19601428307463414,1.4184668458483913,-1.1459781115829426,-0.22941573387056183,-0.1966090085915255,-0.42665336858709313,-1.5594051147876877
-0.14998295745037957,-0.11020775375559674,0.5856030483790996,-0.47010766958349126,-0.0010454173182450838,-0.32774946540135635,-0.5496210815947049,-0.8404766803339363,-0.3388616263074406,-0.6267038057704221,-0.738667542842371,-0.11020775375559674,1.8092828063916029,-0.09529814069846938,1.8572582527103307,0.6702800625998365,-1.103451486562359,-0.6236095644623236,0.1469491804436178,0.19601428307463414,1.4184668458483913,-0.3179592448322615,-0.22941573387056183,-1.2313932643363965,-0.42665336858709313,-0.3956699544983684
-0.14998295745037957,-0.11020775375559674,-2.379475677591025,-0.47010766958349126,1.0443719009268386,-0.32774946540135635,-0.5496210815947049,-0.37083921303073025,-0.3388616263074406,-0.6267038057704221,1.2525737273156552,-0.11020775375559674,1.8092828063916029,-0.09529814069846938,-0.8553876860097238,0.6702800625998365,1.8869319458559584,-0.6236095644623236,0.1469491804436178,0.19601428307463414,-0.7049865162000988,1.3380784886691008,-0.22941573387056183,-0.1966090085915255,2.3438230508096156,1.9318003660802703
-0.14998295745037957,-0.11020775375559674,0.5856030483790996,-0.47010766958349126,-1.0464627355633287,-0.32774946540135635,1.8194353045893679,0.11439376262065766,2.951057075706546,-0.6267038057704221,-0.4897623840726178,-0.11020775375559674,-0.5527051915086619,-0.09529814069846938,0.9530429398036458,-1.4919136877222166,0.919454953014738,-0.6236095644623236,-1.3837714491773996,0.19601428307463414,-0.7049865162000988,-1.1459781115829426,-0.22941573387056183,-0.1966090085915255,-0.42665336858709313,1.9318003660802703
-0.14998295745037957,-0.11020775375559674,0.5856030483790996,-0.47010766958349126,1.0443719009268386,-0.32774946540135635,1.8194353045893679,-0.734498112240609,-0.3388616263074406,-0.6267038057704221,-0.9875727016121243,-0.11020775375559674,-0.5527051915086619,-0.09529814069846938,0.9530429398036458,-1.4919136877222166,2.7664564848025224,-0.6236095644623236,1.677669810064635,0.19601428307463414,-0.7049865162000988,0.5100596219184197,4.358898943540674,-0.1966090085915255,-0.42665336858709313,-0.3956699544983684
-0.14998295745037957,9.073771725877465,0.5856030483790996,-0.47010766958349126,1.0443719009268386,-0.32774946540135635,-0.5496210815947049,3.071869254830432,-0.3388616263074406,-0.6267038057704221,0.2569530922366421,-0.11020775375559674,-0.5527051915086619,-0.09529814069846938,-0.8553876860097238,0.6702800625998365,0.3037877757521432,-0.6236095644623236,1.677669810064635,0.19601428307463414,1.4184668458483913,-0.3179592448322615,-0.22941573387056183,-0.1966090085915255,-0.42665336858709313,0.7680652057909509
-0.14998295745037957,-0.11020775375559674,0.5856030483790996,2.1271722728667366,-0.0010454173182450838,-0.32774946540135635,-0.5496210815947049,-0.15710985998632784,-0.3388616263074406,1.5956501154012874,0.2569530922366421,-0.11020775375559674,-0.5527051915086619,-0.09529814069846938,-0.8553876860097238,0.6702800625998365,-1.1914039404570154,-0.6236095644623236,0.1469491804436178,0.19601428307463414,-0.7049865162000988,-0.3179592448322615,-0.22941573387056183,1.8729595028982167,-0.42665336858709313,-1.5594051147876877
-0.14998295745037957,-0.11020775375559674,-0.8969363146059627,-0.47010766958349126,1.0443719009268386,-0.32774946540135635,-0.5496210815947049,-0.4282590392217637,-0.3388616263074406,-0.6267038057704221,-1.2364778603818776,-0.11020775375559674,-0.5527051915086619,-0.09529814069846938,1.8572582527103307,0.6702800625998365,-0.4877843092997643,1.6035674514745464,1.677669810064635,0.19601428307463414,1.4184668458483913,-1.1459781115829426,-0.22941573387056183,-0.1966090085915255,-0.42665336858709313,-0.3956699544983684
-0.14998295745037957,-0.11020775375559674,-0.8969363146059627,-0.47010766958349126,-1.0464627355633287,-0.32774946540135635,1.8194353045893679,0.7662151229003527,2.951057075706546,-0.6267038057704221,0.2569530922366421,-0.11020775375559674,-0.5527051915086619,-0.09529814069846938,0.9530429398036458,-1.4919136877222166,-0.8395941248783899,-0.6236095644623236,1.677669810064635,0.19601428307463414,-0.7049865162000988,-1.973996978333624,-0.22941573387056183,-1.2313932643363965,-0.42665336858709313,-0.3956699544983684
-0.14998295745037957,-0.11020775375559674,-0.8969363146059627,-0.47010766958349126,1.0443719009268386,-0.32774946540135635,-0.5496210815947049,2.937889660384687,2.951057075706546,-0.6267038057704221,0.2569530922366421,-0.11020775375559674,-0.5527051915086619,-0.09529814069846938,0.9530429398036458,-1.4919136877222166,-1.103451486562359,-0.6236095644623236,1.677669810064635,0.19601428307463414,1.4184668458483913,-0.3179592448322615,-0.22941573387056183,-0.1966090085915255,-0.42665336858709313,-0.3956699544983684
6.667424199385056,-0.11020775375559674,-2.379475677591025,-0.47010766958349126,-1.0464627355633287,-0.32774946540135635,-0.5496210815947049,0.7924439323950222,-0.3388616263074406,-0.6267038057704221,0.2569530922366421,-0.11020775375559674,-0.5527051915086619,-0.09529814069846938,-0.8553876860097238,0.6702800625998365,0.7435500452254252,-0.6236095644623236,0.1469491804436178,0.19601428307463414,-0.7049865162000988,1.3380784886691008,-0.22941573387056183,-0.1966090085915255,2.3438230508096156,0.7680652057909509
6.667424199385056,-0.11020775375559674,0.5856030483790996,-0.47010766958349126,1.0443719009268386,-0.32774946540135635,-0.5496210815947049,-0.6958637847417037,-0.3388616263074406,-0.6267038057704221,-0.4897623840726178,-0.11020775375559674,-0.5527051915086619,-0.09529814069846938,-0.8553876860097238,0.6702800625998365,0.21583532185748686,-0.6236095644623236,-1.3837714491773996,0.19601428307463414,1.4184668458483913,1.3380784886691008,-0.22941573387056183,-0.1966090085915255,-0.42665336858709313,-0.3956699544983684
-0.14998295745037957,-0.11020775375559674,0.5856030483790996,-0.47010766958349126,-1.0464627355633287,-0.32774946540135635,-0.5496210815947049,-0.8496922079942256,-0.3388616263074406,1.5956501154012874,-0.4897623840726178,9.073771725877465,-0.5527051915086619,-0.09529814069846938,0.9530429398036458,-1.4919136877222166,-1.0154990326677027,-0.6236095644623236,0.1469491804436178,0.19601428307463414,-0.7049865162000988,-1.1459781115829426,-0.22941573387056183,-1.2313932643363965,-0.42665336858709313,-0.3956699544983684
-0.14998295745037957,-0.11020775375559674,0.5856030483790996,-0.47010766958349126,2.0897892191719225,-0.32774946540135635,-0.5496210815947049,-0.6834582667374681,-0.3388616263074406,1.5956501154012874,-1.2364778603818776,-0.11020775375559674,1.8092828063916029,-0.09529814069846938,-0.8553876860097238,0.6702800625998365,0.919454953014738,-0.6236095644623236,0.1469491804436178,-5.101669043266824,-0.7049865162000988,1.3380784886691008,-0.22941573387056183,-0.1966090085915255,-0.42665336858709313,0.7680652057909509
-0.14998295745037957,-0.11020775375559674,0.5856030483790996,-0.47010766958349126,-1.0464627355633287,-0.32774946540135635,-0.5496210815947049,-0.6267473272895339,-0.3388616263074406,1.5956501154012874,-1.4024146328950464,-0.11020775375559674,-0.5527051915086619,-0.09529814069846938,-0.8553876860097238,0.6702800625998365,0.5676451374361124,1.6035674514745464,-1.3837714491773996,0.19601428307463414,-0.7049865162000988,0.5100596219184197,-0.22941573387056183,-0.1966090085915255,-0.42665336858709313,0.7680652057909509
-0.14998295745037957,-0.11020775375559674,0.5856030483790996,-0.47010766958349126,-0.0010454173182450838,-0.32774946540135635,-0.5496210815947049,-0.7050793124019931,-0.3388616263074406,-0.6267038057704221,0.2569530922366421,-0.11020775375559674,-0.5527051915086619,-0.09529814069846938,0.9530429398036458,-1.4919136877222166,-0.3118794015104515,1.6035674514745464,-1.3837714491773996,0.19601428307463414,1.4184668458483913,-0.3179592448322615,-0.22941573387056183,0.8381752471533456,-0.42665336858709313,-0.3956699544983684
-0.14998295745037957,-0.11020775375559674,-0.8969363146059627,-0.47010766958349126,-1.0464627355633287,-0.32774946540135635,-0.5496210815947049,0.10836822530431464,-0.3388616263074406,1.5956501154012874,-0.9875727016121243,-0.11020775375559674,1.8092828063916029,-0.09529814069846938,-0.8553876860097238,0.6702800625998365,-0.8395941248783899,-0.6236095644623236,0.1469491804436178,-5.101669043266824,-0.7049865162000988,-0.3179592448322615,-0.22941573387056183,0.8381752471533456,-0.42665336858709313,-0.3956699544983684
-0.14998295745037957,-0.11020775375559674,0.5856030483790996,-0.47010766958349126,1.0443719009268386,-0.32774946540135635,-0.5496210815947049,-0.8447300007925314,-0.3388616263074406,-0.6267038057704221,-0.738667542842371,-0.11020775375559674,1.8092828063916029,-0.09529814069846938,-0.8553876860097238,0.6702800625998365,0.479692683541456,-0.6236095644623236,-1.3837714491773996,0.19601428307463414,1.4184668458483913,1.3380784886691008,-0.22941573387056183,-0.1966090085915255,-0.42665336858709313,-0.3956699544983684
-0.14998295745037957,-0.11020775375559674,0.5856030483790996,-0.47010766958349126,1.0443719009268386,-0.32774946540135635,-0.5496210815947049,0.21505568014074106,-0.3388616263074406,-0.6267038057704221,0.2569530922366421,-0.11020775375559674,1.8092828063916029,-0.09529814069846938,0.048827626896961025,0.6702800625998365,0.12788286796283044,-0.6236095644623236,0.1469491804436178,0.19601428307463414,1.4184668458483913,-1.1459781115829426,-0.22941573387056183,0.8381752471533456,-0.42665336858709313,0.7680652057909509
6.667424199385056,-0.11020775375559674,0.5856030483790996,-0.47010766958349126,1.0443719009268386,-0.32774946540135635,1.8194353045893679,-0.6235573369455876,-0.3388616263074406,-0.6267038057704221,-0.4897623840726178,-0.11020775375559674,-0.5527051915086619,-0.09529814069846938,1.8572582527103307,0.6702800625998365,2.238741761434584,-0.6236095644623236,0.1469491804436178,0.19601428307463414,-0.7049865162000988,-0.3179592448322615,-0.22941573387056183,2.9077437586430874,-0.42665336858709313,1.9318003660802703
-0.14998295745037957,-0.11020775375559674,0.5856030483790996,-0.47010766958349126,-0.0010454173182450838,-0.32774946540135635,-0.5496210815947049,-0.3353948758757713,-0.3388616263074406,-0.6267038057704221,0.2569530922366421,-0.11020775375559674,1.8092828063916029,-0.09529814069846938,-0.8553876860097238,0.6702800625998365,-0.3118794015104515,-0.6236095644623236,0.1469491804436178,0.19601428307463414,1.4184668458483913,0.5100596219184197,-0.22941573387056183,0.8381752471533456,-0.42665336858709313,-1.5594051147876877
-0.14998295745037957,9.073771725877465,-2.379475677591025,-0.47010766958349126,1.0443719009268386,-0.32774946540135635,-0.5496210815947049,0.747784067579774,-0.3388616263074406,-0.6267038057704221,2.2481943623946683,-0.11020775375559674,-0.5527051915086619,-0.09529814069846938,-0.8553876860097238,0.6702800625998365,0.3917402296467996,-0.6236095644623236,-2.9144920787984168,0.19601428307463414,-0.7049865162000988,-1.973996978333624,-0.22941573387056183,-1.2313932643363965,2.3438230508096156,-0.3956699544983684
-0.14998295745037957,-0.11020775375559674,0.5856030483790996,-0.47010766958349126,-0.0010454173182450838,3.051111002653864,1.8194353045893679,0.7165930508834101,-0.3388616263074406,-0.6267038057704221,0.5058582510063954,-0.11020775375559674,-0.5527051915086619,-0.09529814069846938,-0.8553876860097238,0.6702800625998365,1.2712647685933636,-0.6236095644623236,0.1469491804436178,0.19601428307463414,-0.7049865162000988,-1.973996978333624,-0.22941573387056183,-0.1966090085915255,-0.42665336858709313,-2.7231402750770073
-0.14998295745037957,-0.11020775375559674,-0.8969363146059627,2.1271722728667366,-0.0010454173182450838,-0.32774946540135635,-0.5496210815947049,0.03996065459524388,-0.3388616263074406,1.5956501154012874,-1.2364778603818776,-0.11020775375559674,-0.5527051915086619,-0.09529814069846938,0.048827626896961025,0.6702800625998365,0.7435500452254252,-0.6236095644623236,1.677669810064635,0.19601428307463414,-0.7049865162000988,-0.3179592448322615,-0.22941573387056183,-0.1966090085915255,-0.42665336858709313,0.7680652057909509
-0.14998295745037957,-0.11020775375559674,0.5856030483790996,-0.47010766958349126,1.0443719009268386,-0.32774946540135635,-0.5496210815947049,-0.9971406505588548,-0.3388616263074406,1.5956501154012874,-0.9875727016121243,-0.11020775375559674,-0.5527051915086619,-0.09529814069846938,-0.8553876860097238,0.6702800625998365,-1.0154990326677027,1.6035674514745464,0.1469491804436178,0.19601428307463414,-0.7049865162000988,-0.3179592448322615,-0.22941573387056183,-0.1966090085915255,-0.42665336858709313,-0.3956699544983684
-0.14998295745037957,-0.11020775375559674,0.5856030483790996,-0.47010766958349126,-1.0464627355633287,-0.32774946540135635,-0.5496210815947049,1.2369159203182074,-0.3388616263074406,-0.6267038057704221,-1.2364778603818776,-0.11020775375559674,1.8092828063916029,-0.09529814069846938,-0.8553876860097238,0.6702800625998365,0.8315024991200816,-0.6236095644623236,1.677669810064635,0.19601428307463414,-0.7049865162000988,0.5100596219184197,-0.22941573387056183,-0.1966090085915255,2.3438230508096156,0.7680652057909509
-0.14998295745037957,-0.11020775375559674,-0.8969363146059627,-0.47010766958349126,-1.0464627355633287,-0.32774946540135635,1.8194353045893679,-0.7185481605208774,-0.3388616263074406,-0.6267038057704221,-0.9875727016121243,-0.11020775375559674,-0.5527051915086619,-0.09529814069846938,0.9530429398036458,-1.4919136877222166,0.479692683541456,-0.6236095644623236,-1.3837714491773996,0.19601428307463414,-0.7049865162000988,1.3380784886691008,4.358898943540674,-1.2313932643363965,-0.42665336858709313,0.7680652057909509
-0.14998295745037957,-0.11020775375559674,0.5856030483790996,2.1271722728667366,1.0443719009268386,-0.32774946540135635,-0.5496210815947049,-0.4761088943809583,-0.3388616263074406,1.5956501154012874,-0.2408572253028645,-0.11020775375559674,-0.5527051915086619,-0.09529814069846938,-0.8553876860097238,0.6702800625998365,-0.3998318554051079,-0.6236095644623236,-1.3837714491773996,0.19601428307463414,-0.7049865162000988,-1.1459781115829426,-0.22941573387056183,-0.1966090085915255,-0.42665336858709313,0.7680652057909509
-0.14998295745037957,-0.11020775375559674,0.5856030483790996,-0.47010766958349126,-1.0464627355633287,3.051111002653864,-0.5496210815947049,0.22781564151652628,-0.3388616263074406,1.5956501154012874,2.2481943623946683,-0.11020775375559674,-0.5527051915086619,-0.09529814069846938,0.048827626896961025,0.6702800625998365,0.21583532185748686,-0.6236095644623236,0.1469491804436178,0.19601428307463414,-0.7049865162000988,-0.3179592448322615,-0.22941573387056183,-1.2313932643363965,-0.42665336858709313,-0.3956699544983684
-0.14998295745037957,-0.11020775375559674,0.5856030483790996,-0.47010766958349126,1.0443719009268386,-0.32774946540135635,1.8194353045893679,-0.5200598724531074,2.951057075706546,-0.6267038057704221,-0.738667542842371,-0.11020775375559674,-0.5527051915086619,-0.09529814069846938,-0.8553876860097238,0.6702800625998365,0.7435500452254252,-0.6236095644623236,0.1469491804436178,0.19601428307463414,-0.7049865162000988,-1.1459781115829426,-0.22941573387056183,0.8381752471533456,-0.42665336858709313,0.7680652057909509
-0.14998295745037957,-0.11020775375559674,0.5856030483790996,-0.47010766958349126,-1.0464627355633287,-0.32774946540135635,-0.5496210815947049,0.8647503801911385,2.951057075706546,-0.6267038057704221,1.2525737273156552,-0.11020775375559674,-0.5527051915086619,-0.09529814069846938,-0.8553876860097238,0.6702800625998365,0.21583532185748686,-0.6236095644623236,1.677669810064635,0.19601428307463414,1.4184668458483913,1.3380784886691008,-0.22941573387056183,2.9077437586430874,-0.42665336858709313,0.7680652057909509
-0.14998295745037957,-0.11020775375559674,0.5856030483790996,-0.47010766958349126,-0.0010454173182450838,-0.32774946540135635,-0.5496210815947049,-0.7281181315527164,-0.3388616263074406,1.5956501154012874,-0.2408572253028645,9.073771725877465,-0.5527051915086619,-0.09529814069846938,1.8572582527103307,0.6702800625998365,1.0074074069093943,-0.6236095644623236,-1.3837714491773996,0.19601428307463414,-0.7049865162000988,-0.3179592448322615,-0.22941573387056183,-0.1966090085915255,-0.42665336858709313,-0.3956699544983684
-0.14998295745037957,-0.11020775375559674,0.5856030483790996,-0.47010766958349126,-1.0464627355633287,-0.32774946540135635,-0.5496210815947049,-0.9212897690472427,-0.3388616263074406,1.5956501154012874,-1.2364778603818776,-0.11020775375559674,1.8092828063916029,-0.09529814069846938,0.9530429398036458,-1.4919136877222166,1.6230745841719891,-0.6236095644623236,-2.9144920787984168,0.19601428307463414,-0.7049865162000988,-1.973996978333624,-0.22941573387056183,-0.1966090085915255,-0.42665336858709313,-0.3956699544983684
6.667424199385056,-0.11020775375559674,0.5856030483790996,-0.47010766958349126,1.0443719009268386,-0.32774946540135635,-0.5496210815947049,-0.9329864003083791,-0.3388616263074406,-0.6267038057704221,-0.738667542842371,-0.11020775375559674,-0.5527051915086619,-0.09529814069846938,-0.8553876860097238,0.6702800625998365,-0.4877843092997643,-0.6236095644623236,0.1469491804436178,0.19601428307463414,1.4184668458483913,-0.3179592448322615,-0.22941573387056183,-0.1966090085915255,-0.42665336858709313,-0.3956699544983684
-0.14998295745037957,-0.11020775375559674,-0.8969363146059627,2.1271722728667366,-1.0464627355633287,-0.32774946540135635,1.8194353045893679,-0.3439015167929615,-0.3388616263074406,-0.6267038057704221,-0.9875727016121243,-0.11020775375559674,-0.5527051915086619,-0.09529814069846938,0.9530429398036458,-1.4919136877222166,-1.1914039404570154,-0.6236095644623236,0.1469491804436178,0.19601428307463414,-0.7049865162000988,-1.1459781115829426,-0.22941573387056183,0.8381752471533456,-0.42665336858709313,-0.3956699544983684
-0.14998295745037957,-0.11020775375559674,-0.8969363146059627,-0.47010766958349126,1.0443719009268386,-0.32774946540135635,-0.5496210815947049,-0.17447758519225773,2.951057075706546,-0.6267038057704221,-0.2408572253028645,-0.11020775375559674,-0.5527051915086619,-0.09529814069846938,1.8572582527103307,0.6702800625998365,-1.279356394351672,-0.6236095644623236,0.1469491804436178,0.19601428307463414,1.4184668458483913,-0.3179592448322615,-0.22941573387056183,-0.1966090085915255,-0.42665336858709313,-0.3956699544983684
-0.14998295745037957,-0.11020775375559674,0.5856030483790996,-0.47010766958349126,-0.0010454173182450838,-0.32774946540135635,1.8194353045893679,0.38944181894313906,-0.3388616263074406,-0.6267038057704221,1.7503840448551617,-0.11020775375559674,-0.5527051915086619,-0.09529814069846938,-0.8553876860097238,0.6702800625998365,-0.8395941248783899,1.6035674514745464,0.1469491804436178,0.19601428307463414,-0.7049865162000988,0.5100596219184197,-0.22941573387056183,-0.1966090085915255,-0.42665336858709313,1.9318003660802703
6.667424199385056,-0.11020775375559674,0.5856030483790996,-0.47010766958349126,-0.0010454173182450838,-0.32774946540135635,-0.5496210815947049,3.093135857123407,-0.3388616263074406,-0.6267038057704221,0.7547634097761486,-0.11020775375559674,-0.5527051915086619,-0.09529814069846938,0.048827626896961025,0.6702800625998365,-0.13597449372113873,-0.6236095644623236,-1.3837714491773996,0.19601428307463414,-0.7049865162000988,-1.1459781115829426,-0.22941573387056183,-0.1966090085915255,2.3438230508096156,-0.3956699544983684
-0.14998295745037957,-0.11020775375559674,-2.379475677591025,-0.47010766958349126,-0.0010454173182450838,-0.32774946540135635,-0.5496210815947049,-0.7348525556121586,-0.3388616263074406,-0.6267038057704221,-1.2364778603818776,-0.11020775375559674,-0.5527051915086619,-0.09529814069846938,0.9530429398036458,-1.4919136877222166,-0.048022039826482336,-0.6236095644623236,0.1469491804436178,0.19601428307463414,-0.7049865162000988,1.3380784886691008,4.358898943540674,-0.1966090085915255,2.3438230508096156,-1.5594051147876877
-0.14998295745037957,-0.11020775375559674,0.5856030483790996,-0.47010766958349126,1.0443719009268386,-0.32774946540135635,-0.5496210815947049,-0.6146962526568478,-0.3388616263074406,1.5956501154012874,-0.4897623840726178,-0.11020775375559674,-0.5527051915086619,-0.09529814069846938,-0.8553876860097238,0.6702800625998365,1.2712647685933636,1.6035674514745464,0.1469491804436178,0.19601428307463414,-0.7049865162000988,1.3380784886691008,-0.22941573387056183,-1.2313932643363965,-0.42665336858709313,0.7680652057909509
-0.14998295745037957,-0.11020775375559674,0.5856030483790996,-0.47010766958349126,-0.0010454173182450838,-0.32774946540135635,-0.5496210815947049,-0.8936431860663747,-0.3388616263074406,1.5956501154012874,-0.2408572253028645,-0.11020775375559674,-0.5527051915086619,-0.09529814069846938,0.9530429398036458,-1.4919136877222166,-0.7516416709837335,-0.6236095644623236,-2.9144920787984168,0.19601428307463414,-0.7049865162000988,-1.973996978333624,4.358898943540674,-0.1966090085915255,-0.42665336858709313,-0.3956699544983684
-0.14998295745037957,-0.11020775375559674,0.5856030483790996,-0.47010766958349126,-0.0010454173182450838,-0.32774946540135635,-0.5496210815947049,-0.6770782860495755,-0.3388616263074406,1.5956501154012874,-1.2364778603818776,-0.11020775375559674,1.8092828063916029,-0.09529814069846938,-0.8553876860097238,0.6702800625998365,0.3917402296467996,-0.6236095644623236,-1.3837714491773996,-5.101669043266824,-0.7049865162000988,-1.1459781115829426,-0.22941573387056183,-0.1966090085915255,-0.42665336858709313,0.7680652057909509
-0.14998295745037957,-0.11020775375559674,0.5856030483790996,-0.47010766958349126,1.0443719009268386,-0.32774946540135635,-0.5496210815947049,-0.7490302904741422,-0.3388616263074406,-0.6267038057704221,-0.738667542842371,-0.11020775375559674,-0.5527051915086619,-0.09529814069846938,0.048827626896961025,0.6702800625998365,-0.8395941248783899,1.6035674514745464,0.1469491804436178,0.19601428307463414,1.4184668458483913,-0.3179592448322615,-0.22941573387056183,1.8729595028982167,-0.42665336858709313,-0.3956699544983684
-0.14998295745037957,-0.11020775375559674,0.5856030483790996,-0.47010766958349126,1.0443719009268386,3.051111002653864,-0.5496210815947049,-0.23012519452554325,-0.3388616263074406,-0.6267038057704221,-0.2408572253028645,-0.11020775375559674,-0.5527051915086619,-0.09529814069846938,-0.8553876860097238,0.6702800625998365,-0.13597449372113873,-0.6236095644623236,0.1469491804436178,0.19601428307463414,1.4184668458483913,-0.3179592448322615,-0.22941573387056183,0.8381752471533456,-0.42665336858709313,-0.3956699544983684
-0.14998295745037957,-0.11020775375559674,0.5856030483790996,-0.47010766958349126,-1.0464627355633287,-0.32774946540135635,-0.5496210815947049,1.49353292132011,2.951057075706546,1.5956501154012874,0.7547634097761486,-0.11020775375559674,-0.5527051915086619,-0.09529814069846938,0.9530429398036458,-1.4919136877222166,1.5351221302773328,-0.6236095644623236,1.677669810064635,0.19601428307463414,-0.7049865162000988,-1.973996978333624,-0.22941573387056183,-1.2313932643363965,-0.42665336858709313,-1.5594051147876877
-0.14998295745037957,-0.11020775375559674,0.5856030483790996,-0.47010766958349126,-1.0464627355633287,-0.32774946540135635,1.8194353045893679,0.10411490484571956,-0.3388616263074406,-0.6267038057704221,-0.738667542842371,-0.11020775375559674,-0.5527051915086619,-0.09529814069846938,-0.8553876860097238,0.6702800625998365,0.12788286796283044,-0.6236095644623236,-1.3837714491773996,0.19601428307463414,-0.7049865162000988,-1.1459781115829426,4.358898943540674,-1.2313932643363965,-0.42665336858709313,0.7680652057909509
-0.14998295745037957,-0.11020775375559674,0.5856030483790996,-0.47010766958349126,-1.0464627355633287,-0.32774946540135635,-0.5496210815947049,-0.3098749531242009,-0.3388616263074406,-0.6267038057704221,0.2569530922366421,-0.11020775375559674,-0.5527051915086619,-0.09529814069846938,-0.8553876860097238,0.6702800625998365,-0.048022039826482336,1.6035674514745464,0.1469491804436178,0.19601428307463414,1.4184668458483913,1.3380784886691008,-0.22941573387056183,1.8729595028982167,-0.42665336858709313,-0.3956699544983684
-0.14998295745037957,-0.11020775375559674,-0.8969363146059627,2.1271722728667366,-1.0464627355633287,-0.32774946540135635,-0.5496210815947049,-0.3722569865169286,-0.3388616263074406,-0.6267038057704221,-0.4897623840726178,-0.11020775375559674,-0.5527051915086619,-0.09529814069846938,0.9530429398036458,-1.4919136877222166,-1.3673088482463283,-0.6236095644623236,0.1469491804436178,0.19601428307463414,1.4184668458483913,-0.3179592448322615,-0.22941573387056183,1.8729595028982167,-0.42665336858709313,-0.3956699544983684
-0.14998295745037957,-0.11020775375559674,0.5856030483790996,-0.47010766958349126,-1.0464627355633287,3.051111002653864,1.8194353045893679,1.4665952250823413,-0.3388616263074406,-0.6267038057704221,1.2525737273156552,-0.11020775375559674,-0.5527051915086619,-0.09529814069846938,-0.8553876860097238,0.6702800625998365,0.12788286796283044,-0.6236095644623236,0.1469491804436178,0.19601428307463414,-0.7049865162000988,1.3380784886691008,-0.22941573387056183,-1.2313932643363965,-0.42665336858709313,-0.3956699544983684
6.667424199385056,-0.11020775375559674,0.5856030483790996,-0.47010766958349126,-1.0464627355633287,-0.32774946540135635,1.8194353045893679,0.6800853836138023,-0.3388616263074406,-0.6267038057704221,0.5058582510063954,-0.11020775375559674,-0.5527051915086619,-0.09529814069846938,-0.8553876860097238,0.6702800625998365,1.0953598608040507,-0.6236095644623236,0.1469491804436178,0.19601428307463414,-0.7049865162000988,1.3380784886691008,-0.22941573387056183,-1.2313932643363965,-0.42665336858709313,-0.3956699544983684
-0.14998295745037957,-0.11020775375559674,0.5856030483790996,2.1271722728667366,-0.0010454173182450838,-0.32774946540135635,1.8194353045893679,-0.5852774528182318,-0.3388616263074406,-0.6267038057704221,-0.738667542842371,-0.11020775375559674,-0.5527051915086619,-0.09529814069846938,0.9530429398036458,-1.4919136877222166,-0.4877843092997643,-0.6236095644623236,0.1469491804436178,0.19601428307463414,-0.7049865162000988,-0.3179592448322615,-0.22941573387056183,-0.1966090085915255,-0.42665336858709313,-0.3956699544983684
-0.14998295745037957,-0.11020775375559674,0.5856030483790996,-0.47010766958349126,-0.0010454173182450838,-0.32774946540135635,1.8194353045893679,-0.1113866650564308,2.951057075706546,-0.6267038057704221,0.2569530922366421,-0.11020775375559674,-0.5527051915086619,-0.09529814069846938,-0.8553876860097238,0.6702800625998365,2.4146466692238966,-0.6236095644623236,0.1469491804436178,0.19601428307463414,-0.7049865162000988,1.3380784886691008,-0.22941573387056183,-0.1966090085915255,-0.42665336858709313,0.7680652057909509
-0.14998295745037957,-0.11020775375559674,0.5856030483790996,-0.47010766958349126,-1.0464627355633287,-0.32774946540135635,-0.5496210815947049,0.07575943512175241,-0.3388616263074406,1.5956501154012874,-0.07492045278969563,-0.11020775375559674,1.8092828063916029,-0.09529814069846938,0.048827626896961025,0.6702800625998365,0.7435500452254252,-0.6236095644623236,0.1469491804436178,0.19601428307463414,-0.7049865162000988,-1.1459781115829426,-0.22941573387056183,-1.2313932643363965,-0.42665336858709313,0.7680652057909509
-0.14998295745037957,-0.11020775375559674,-0.8969363146059627,2.1271722728667366,-0.0010454173182450838,-0.32774946540135635,-0.5496210815947049,-0.4038024465848421,-0.3388616263074406,1.5956501154012874,-0.9046043153555399,-0.11020775375559674,-0.5527051915086619,-0.09529814069846938,0.9530429398036458,-1.4919136877222166,-0.7516416709837335,-0.6236095644623236,0.1469491804436178,-5.101669043266824,-0.7049865162000988,-1.1459781115829426,-0.22941573387056183,-1.2313932643363965,-0.42665336858709313,0.7680652057909509
-0.14998295745037957,-0.11020775375559674,0.5856030483790996,-0.47010766958349126,-0.0010454173182450838,-0.32774946540135635,-0.5496210815947049,-0.6285195441472817,-0.3388616263074406,-0.6267038057704221,-0.738667542842371,-0.11020775375559674,-0.5527051915086619,-0.09529814069846938,0.9530429398036458,-1.4919136877222166,-1.103451486562359,1.6035674514745464,0.1469491804436178,0.19601428307463414,1.4184668458483913,-0.3179592448322615,-0.22941573387056183,-0.1966090085915255,-0.42665336858709313,-0.3956699544983684
-0.14998295745037957,-0.11020775375559674,-0.8969363146059627,-0.47010766958349126,-1.0464627355633287,-0.32774946540135635,-0.5496210815947049,-0.6568750138712489,-0.3388616263074406,1.5956501154012874,-0.9046043153555399,-0.11020775375559674,1.8092828063916029,-0.09529814069846938,-0.8553876860097238,0.6702800625998365,-0.048022039826482336,-0.6236095644623236,-1.3837714491773996,-5.101669043266824,-0.7049865162000988,-0.3179592448322615,-0.22941573387056183,0.8381752471533456,-0.42665336858709313,-0.3956699544983684
-0.14998295745037957,-0.11020775375559674,-2.379475677591025,-0.47010766958349126,2.0897892191719225,-0.32774946540135635,-0.5496210815947049,-0.8238178418711055,-0.3388616263074406,-0.6267038057704221,0.2569530922366421,-0.11020775375559674,1.8092828063916029,-0.09529814069846938,-0.8553876860097238,0.6702800625998365,0.21583532185748686,-0.6236095644623236,0.1469491804436178,0.19601428307463414,-0.7049865162000988,0.5100596219184197,-0.22941573387056183,-0.1966090085915255,2.3438230508096156,-0.3956699544983684
-0.14998295745037957,-0.11020775375559674,0.5856030483790996,2.1271722728667366,-1.0464627355633287,-0.32774946540135635,-0.5496210815947049,-0.5154521086229628,-0.3388616263074406,-0.6267038057704221,-0.2408572253028645,-0.11020775375559674,-0.5527051915086619,-0.09529814069846938,0.9530429398036458,-1.4919136877222166,-0.6636892170890771,-0.6236095644623236,0.1469491804436178,0.19601428307463414,-0.7049865162000988,-0.3179592448322615,-0.22941573387056183,-0.1966090085915255,2.3438230508096156,0.7680652057909509
-0.14998295745037957,-0.11020775375559674,0.5856030483790996,-0.47010766958349126,2.0897892191719225,-0.32774946540135635,-0.5496210815947049,-0.3630414588566393,-0.3388616263074406,-0.6267038057704221,-0.738667542842371,-0.11020775375559674,1.8092828063916029,-0.09529814069846938,0.9530429398036458,-1.4919136877222166,0.03993041406817406,-0.6236095644623236,0.1469491804436178,0.19601428307463414,1.4184668458483913,-0.3179592448322615,-0.22941573387056183,-0.1966090085915255,-0.42665336858709313,1.9318003660802703
-0.14998295745037957,-0.11020775375559674,0.5856030483790996,-0.47010766958349126,-0.0010454173182450838,-0.32774946540135635,1.8194353045893679,1.2815757851334557,-0.3388616263074406,-0.6267038057704221,1.2525737273156552,-0.11020775375559674,-0.5527051915086619,-0.09529814069846938,-0.8553876860097238,0.6702800625998365,-0.5757367631944207,-0.6236095644623236,0.1469491804436178,0.19601428307463414,-0.7049865162000988,-0.3179592448322615,4.358898943540674,-0.1966090085915255,-0.42665336858709313,1.9318003660802703
-0.14998295745037957,-0.11020775375559674,0.5856030483790996,2.1271722728667366,-1.0464627355633287,-0.32774946540135635,-0.5496210815947049,0.027555136591008247,-0.3388616263074406,-0.6267038057704221,1.2525737273156552,-0.11020775375559674,-0.5527051915086619,-0.09529814069846938,0.9530429398036458,-1.4919136877222166,-0.6636892170890771,-0.6236095644623236,1.677669810064635,0.19601428307463414,1.4184668458483913,-0.3179592448322615,-0.22941573387056183,-0.1966090085915255,-0.42665336858709313,-0.3956699544983684
-0.14998295745037957,-0.11020775375559674,0.5856030483790996,-0.47010766958349126,-0.0010454173182450838,-0.32774946540135635,1.8194353045893679,-0.9145553449878004,-0.3388616263074406,-0.6267038057704221,-0.738667542842371,-0.11020775375559674,1.8092828063916029,-0.09529814069846938,-0.8553876860097238,0.6702800625998365,-0.048022039826482336,-0.6236095644623236,0.1469491804436178,0.19601428307463414,-0.7049865162000988,1.3380784886691008,-0.22941573387056183,-0.1966090085915255,-0.42665336858709313,0.7680652057909509
-0.14998295745037957,-0.11020775375559674,0.5856030483790996,2.1271722728667366,-1.0464627355633287,-0.32774946540135635,-0.5496210815947049,-0.2680506352813493,-0.3388616263074406,1.5956501154012874,-0.2408572253028645,-0.11020775375559674,-0.5527051915086619,-0.09529814069846938,-0.8553876860097238,0.6702800625998365,0.6555975913307688,-0.6236095644623236,0.1469491804436178,0.19601428307463414,-0.7049865162000988,-0.3179592448322615,-0.22941573387056183,-0.1966090085915255,-0.42665336858709313,-0.3956699544983684
-0.14998295745037957,-0.11020775375559674,-0.8969363146059627,-0.47010766958349126,-0.0010454173182450838,-0.32774946540135635,-0.5496210815947049,1.8430140856680053,-0.3388616263074406,-0.6267038057704221,-0.2408572253028645,-0.11020775375559674,-0.5527051915086619,-0.09529814069846938,0.9530429398036458,-1.4919136877222166,-1.103451486562359,-0.6236095644623236,0.1469491804436178,0.19601428307463414,1.4184668458483913,-0.3179592448322615,4.358898943540674,-1.2313932643363965,-0.42665336858709313,1.9318003660802703
-0.14998295745037957,-0.11020775375559674,0.5856030483790996,-0.47010766958349126,-1.0464627355633287,-0.32774946540135635,-0.5496210815947049,-0.08586674230486037,2.951057075706546,-0.6267038057704221,-0.4897623840726178,-0.11020775375559674,-0.5527051915086619,-0.09529814069846938,-0.8553876860097238,0.6702800625998365,-0.22392694761579512,-0.6236095644623236,0.1469491804436178,0.19601428307463414,1.4184668458483913,0.5100596219184197,-0.22941573387056183,-0.1966090085915255,-0.42665336858709313,-0.3956699544983684
