PR.AXIS ASPECT RATIO,SKEWNESS ABOUT MAJOR AXIS,SCALED VARIANCE ALONG MAJOR AXIS,KURTOSIS ABOUT MAJOR AXIS,SCATTER RATIO,HOLLOWS RATIO,ELONGATEDNESS,SKEWNESS ABOUT MINOR AXIS,MAX.LENGTH ASPECT RATIO,RADIUS RATIO,SCALED RADIUS OF GYRATION,PR.AXIS RECTANGULARITY,DISTANCE CIRCULARITY,MAX.LENGTH RECTANGULARITY,COMPACTNESS,CIRCULARITY,SCALED VARIANCE ALONG MINOR AXIS,KURTOSIS ABOUT MINOR AXIS
-0.3401465524792311,-0.341215700734735,1.2098098909052737,0.35725479461765464,1.1877218669470808,0.8803792565267624,-1.176854034616412,1.4301297832828943,0.271947707725678,0.7387742654613821,1.1972642315645494,1.3587109635936774,1.7565833226136351,0.5769106569586016,1.9375347485015693,0.6992768360317256,1.1446253188925577,2.057625785392799
-0.5878301429684128,0.3334659787407613,1.405977367053157,-0.29399951920421696,1.5541746853093852,-0.06550916427876001,-1.4356089421346725,-0.2563977699112758,0.271947707725678,0.4984366558154758,1.320621569612013,1.7497449404762526,0.9167060083222253,1.5511232740883665,1.4432358598513089,1.5193479274159993,1.552607505756063,-0.051567218717125565
0.1552206284991326,-0.7460247084200328,0.09819419273393508,0.5200683730731225,-0.12540073218451,0.20474467023710352,-0.1418344045433706,-0.467213714060547,-0.12704372467482117,0.4383522534039992,-1.0848465223135253,-0.20542494393662342,-0.37541293674148235,-0.9539948842453146,-0.03966080609947253,-1.2688937832905312,-0.17700711742583944,-0.6066180092723689
0.5267460142329053,-0.341215700734735,-0.5556973944256759,0.031627637706718836,-0.6140044900009158,0.47499850475296707,0.3756754104931502,-0.6780296582098183,-0.12704372467482117,-0.19253397191650495,-0.8381318462185983,-0.5964589208191986,-0.11698914772874085,-0.18854211364335652,-0.28681025042460273,-0.4488226919062575,-0.6022279882413237,-0.8286383254944661
-0.3401465524792311,-1.5556427237906283,0.6213074624616238,0.8456955299840583,0.9434199880388778,1.691140760074353,-0.9180991270981518,-1.0996615465083608,0.47144342392592764,1.0091540763130267,-0.2830238250050125,0.9676769867111022,1.7565833226136351,0.43773742594006376,0.578212804713353,0.37124839947801613,0.8630601476768992,2.2796461016148966
-0.8355137334575947,-0.4761520366298343,-1.5692293545230729,0.19444121616218674,-1.5606742707702024,-0.20063608153669177,2.057582309361843,0.16523411838726676,-0.72553087327557,-1.3040954165288219,-0.8072925117067324,-1.378526874584349,-1.5383199872988191,-0.9539948842453146,-0.9046838612374283,-0.9408653467368217,-1.3319989422084388,-0.7176281673834175
0.40290421898831447,-0.0713430289445365,1.405977367053157,0.031627637706718836,1.0044954577659286,-0.06550916427876001,-1.176854034616412,-0.2563977699112758,-0.12704372467482117,1.219449484753195,0.4571202032797685,0.9676769867111022,1.1751297973349668,-0.049368882624818686,0.8253622490384832,0.043219962924306694,1.006715847276725,-0.8286383254944661
-0.21630475723464015,-0.341215700734735,-0.2287516008458704,0.19444121616218674,-0.36970261109271296,0.06961775297917176,0.11692050297488979,-0.8888456023590896,-0.12704372467482117,-0.13244956950502837,-0.00546981439821962,-0.5964589208191986,0.012222746777629915,-0.25812872915262547,-0.7811091390748632,0.043219962924306694,-0.40111000880156766,-1.161668799827612
-0.3401465524792311,1.0081476582162576,-0.5883919737836565,-1.4336945683924922,-0.5529290202738651,-1.4167783368580777,0.5050528642522804,0.16523411838726676,-0.12704372467482117,-1.0036734044714388,-0.03630914891008549,-0.5964589208191986,-0.8922605147669653,-0.18854211364335652,-1.646132194212819,-0.12079425535254804,-0.6137204442093098,-0.051567218717125565
0.27906242374372353,-0.7460247084200328,-0.621086553141637,1.0085091084395263,-0.705617694591492,0.6101254220108988,0.5050528642522804,0.376050062536538,-0.5260351570753203,-0.2826605755337198,-0.09798781793381725,-0.5964589208191986,-0.6984426730074093,-0.4668885756804322,0.2074886382256577,-0.28480847362940276,-0.653944040097261,-0.9396484836055148
-0.9593555287021857,-0.0713430289445365,1.046336994115371,-0.29399951920421696,1.2182596018106062,0.20474467023710352,-1.176854034616412,0.5868660066858092,0.271947707725678,-0.012280764682075198,1.4439789076594765,1.3587109635936774,1.4981595336008937,0.9944303500142151,1.3196611376887437,1.027305272585435,1.179102686796516,0.8365140461712637
1.022113195211269,-0.341215700734735,1.2098098909052737,-0.45681309765968486,1.706863359627012,0.3398715874950353,-1.4356089421346725,0.7976819508350805,0.47144342392592764,1.7602091064564842,1.351460904123879,1.7497449404762526,1.6919773753604497,2.664509122236669,0.4546380825507879,2.339419018800273,1.7020094333398819,1.391564836726507
-0.21630475723464015,0.3334659787407613,-0.4903082357097148,-0.6196266761151528,-0.5529290202738651,-0.06550916427876001,0.3756754104931502,-0.8888456023590896,0.07245199152542843,-0.7332935936197942,0.7963528829102932,-0.5964589208191986,-0.05238320047555546,0.5769106569586016,-0.4103849725871679,0.5352626177548708,-0.5907355322733377,-1.3836891160497093
0.27906242374372353,-0.880961044315132,-0.19605702148788987,0.5200683730731225,-0.33916487622918756,0.3398715874950353,0.11692050297488979,-1.0996615465083608,-0.12704372467482117,0.318183448581046,-0.9923285187779276,-0.5964589208191986,-0.2462010422351116,-1.510687808319466,-0.4103849725871679,-1.4329080015673858,-0.3953637808175746,0.8365140461712637
-0.9593555287021857,-0.0713430289445365,-1.3076727196592286,-0.9452538330260886,-1.1026082478173218,-1.1465245023422141,1.4106950405661918,2.2733935598799793,-0.32653944087507075,-1.2740532153230835,-0.9923285187779276,-0.9874928977017738,-1.021472409273336,-1.441101192810197,-1.3989827498876888,-1.2688937832905312,-1.0561799989767733,-0.6066180092723689
-0.3401465524792311,-0.6110883725249335,-0.06527870405596767,0.5200683730731225,-0.2170139367750861,0.20474467023710352,-0.012456950784240401,-0.2563977699112758,-0.32653944087507075,0.017761436523663097,-1.146525191337257,-0.20542494393662342,-0.11698914772874085,-1.1627547307731214,-0.5339596947497329,-1.1048795650136765,-0.26894676516972793,0.2814632556160204
0.5267460142329053,-0.20627936483963577,1.0790315734733515,-0.13118594074874906,1.5236369504458598,0.20474467023710352,-1.3062314883755424,1.6409457274321655,0.47144342392592764,1.2494916859589331,1.2897822351001471,1.3587109635936774,1.0459179028285959,1.4815366585790974,1.690385304176439,1.5193479274159993,1.541115049788077,-1.3836891160497093
0.8982713999666782,-0.6110883725249335,-0.13066786277192877,1.4969498438059299,0.02728794213311684,1.150633091042626,-0.40058931206163095,-0.6780296582098183,-0.72553087327557,0.7387742654613821,-0.5605778356118054,-0.20542494393662342,-0.05238320047555546,-0.7452350377175079,-0.28681025042460273,-0.4488226919062575,-0.010366505890041535,1.1695445205044097
-0.46398834772382197,0.06359330695056276,-0.7191702912155786,-0.29399951920421696,-0.9804573083632203,-1.0113975850842825,1.0225626792888012,-1.310477490657632,-0.5260351570753203,-0.8835045996484857,-1.146525191337257,-0.9874928977017738,-0.5692307785010385,-0.675648422208239,-0.03966080609947253,-0.776851128459967,-0.9240167553449335,-1.3836891160497093
-0.8355137334575947,1.817765673586853,-0.7191702912155786,-1.5965081468479603,-0.5834667551373905,-1.822159088631873,0.6344303180114106,0.16523411838726676,-0.12704372467482117,-1.3040954165288219,-0.06714848342195137,-0.5964589208191986,-1.2152902510328922,-0.18854211364335652,-1.522557472050254,-0.4488226919062575,-0.6654364960652471,-0.6066180092723689
1.5174803761896327,-0.0713430289445365,0.00011045465999342868,1.1713226868949942,-0.09486299732098463,0.6101254220108988,-0.2712118583025008,-1.0996615465083608,-0.72553087327557,0.9190274726958119,-1.177364525849123,-0.20542494393662342,-0.5046248312478531,-1.371514577300928,0.3310633603882228,-1.2688937832905312,-0.09655992564993701,-1.0506586417165635
0.7744296047220872,-0.20627936483963577,0.03280503401797398,1.8225770007168658,-0.12540073218451,1.0155061737846942,-0.2712118583025008,-0.6780296582098183,-0.5260351570753203,0.5284788570212141,-1.393239867432184,-0.20542494393662342,-0.7630486202605946,-0.8148216532267768,0.578212804713353,-1.1048795650136765,-0.1310372935538952,0.5034835718381178
1.3936385809450418,0.06359330695056276,-0.09797328341394822,0.6828819515285904,-0.3086271413656622,0.20474467023710352,-0.012456950784240401,-1.0996615465083608,-0.5260351570753203,0.5284788570212141,-0.8072925117067324,-0.20542494393662342,-0.2462010422351116,-0.9539948842453146,-0.6575344169122981,-0.776851128459967,-0.3264090450096583,-0.16257737682817422
-0.8355137334575947,-0.4761520366298343,-1.0134215054374036,0.35725479461765464,-1.1026082478173218,-0.4708899160525553,1.2813175868070614,-1.310477490657632,-0.12704372467482117,-0.913546800854224,-1.5474365399915133,-0.9874928977017738,-0.37541293674148235,-0.8844082687360457,-0.28681025042460273,-1.2688937832905312,-1.033195087040801,-0.051567218717125565
-1.3308809144359584,1.9527020094819523,3.1714846523841067,-1.1080674114815565,2.684070875259824,-1.9572860058898047,-1.9531187571711932,1.0084978949843517,-0.72553087327557,0.25809904616956947,2.6775522881341116,2.922846871123978,1.562765480854079,1.5511232740883665,1.813960026339004,2.0113905822465634,3.0466267815942514,-1.161668799827612
0.1552206284991326,0.06359330695056276,1.0790315734733515,-0.13118594074874906,1.0044954577659286,0.20474467023710352,-1.047476580857282,0.376050062536538,0.271947707725678,0.8289008690785971,0.7655135483984272,0.9676769867111022,1.4335535863477082,0.2985641949215259,0.7017875268759182,0.5352626177548708,0.9664922513887738,-0.9396484836055148
-0.7116719382130038,-1.0158973802102313,-0.3595299182777926,1.0085091084395263,-0.4002403459562383,0.7452523392688306,0.11692050297488979,0.376050062536538,-0.32653944087507075,-0.3427449779451964,-1.5782758745033794,-0.5964589208191986,-0.310806989488297,-1.510687808319466,-0.28681025042460273,-1.4329080015673858,-0.42984114872153284,0.2814632556160204
-0.7116719382130038,-1.2857700520004298,-0.980726926079423,1.8225770007168658,-1.0720705129537964,1.4208869255584895,1.1519401330479313,-0.2563977699112758,-0.5260351570753203,-0.7332935936197942,-1.5165972054796475,-0.9874928977017738,-0.6338367257542239,-1.7194476548472728,-0.03966080609947253,-1.7609364381210952,-0.9929714911528499,0.8365140461712637
5.3565760287719515,3.5719380402231433,1.405977367053157,0.19444121616218674,-0.8888441037726442,0.47499850475296707,0.893185225529671,-0.467213714060547,9.249254936736909,2.451179734188465,-0.06714848342195137,-0.9874928977017738,-0.7630486202605946,-0.18854211364335652,-1.3989827498876888,-0.28480847362940276,-0.8435695635690311,-0.3845976930502715
-0.7116719382130038,1.5478930017966546,-1.7327022513129757,-1.922135303758896,-1.4690610661796262,-1.5519052541160094,2.057582309361843,-1.0996615465083608,-0.9250265894758195,-1.5744752273804665,-1.2082038603609888,-1.378526874584349,-1.9905616180711168,-1.6498610393380038,-1.8932816385379492,-1.4329080015673858,-1.3032678022884736,-0.051567218717125565
0.8982713999666782,-0.20627936483963577,1.405977367053157,-0.29399951920421696,1.5541746853093852,0.06961775297917176,-1.4356089421346725,0.16523411838726676,0.47144342392592764,1.850335710073699,2.2149622704561236,1.7497449404762526,1.3689476390945228,1.96864296714398,1.3196611376887437,2.175404800523418,1.6100697855959933,-0.9396484836055148
0.1552206284991326,-0.6110883725249335,0.6540020418196044,0.35725479461765464,0.6685803742671496,0.3398715874950353,-0.7887216733390215,1.4301297832828943,0.07245199152542843,0.8289008690785971,1.8757295908255989,0.576643009828527,0.9167060083222253,0.9248437345049462,0.2074886382256577,1.027305272585435,0.6159723443651989,-1.3836891160497093
-0.7116719382130038,-0.341215700734735,-1.4384510370911507,-0.7824402545706207,-1.2552969221349486,-0.20063608153669177,1.669449948084452,-0.6780296582098183,-0.32653944087507075,-1.2440110141173453,-1.5782758745033794,-0.9874928977017738,-0.6338367257542239,-1.580274423828735,-1.0282585833999933,-1.4329080015673858,-1.165358330672641,1.9466156272817503
0.27906242374372353,0.3334659787407613,-0.5556973944256759,-0.9452538330260886,-0.5223912854103397,-1.0113975850842825,0.3756754104931502,-0.2563977699112758,-0.5260351570753203,-0.6732091912083177,0.6421562103509638,-0.5964589208191986,-0.82765456751378,-0.049368882624818686,-1.522557472050254,0.37124839947801613,-0.5505119363853865,-1.3836891160497093
-0.09246296199004923,-1.1508337161053306,-0.7518648705735592,1.334136265350462,-0.5834667551373905,1.5560138428164212,0.5050528642522804,-1.0996615465083608,0.07245199152542843,-0.3427449779451964,-1.0540071878016595,-0.5964589208191986,0.3998584302967422,0.6464972724678705,-0.28681025042460273,-0.28480847362940276,-0.630959128161289,1.5025749948375555
-0.3401465524792311,-1.1508337161053306,-0.4249190769937537,2.1482041576278017,-0.5223912854103397,1.691140760074353,0.3756754104931502,0.5868660066858092,-0.5260351570753203,-0.04232296588781349,0.08704818913737801,-0.5964589208191986,-0.310806989488297,-0.18854211364335652,-0.6575344169122981,-0.12079425535254804,-0.5332732524334074,-0.051567218717125565
0.8982713999666782,0.3334659787407613,0.7847803592515266,0.8456955299840583,0.7296558439942002,-0.06550916427876001,-1.047476580857282,-0.467213714060547,-0.72553087327557,1.1593650823417183,1.4439789076594765,0.576643009828527,0.2706465357903714,0.9248437345049462,0.578212804713353,1.1913194908622897,0.7711204999330108,-0.7176281673834175
-0.3401465524792311,-0.20627936483963577,0.03280503401797398,-0.45681309765968486,-0.15593846704803538,-0.4708899160525553,-0.012456950784240401,0.16523411838726676,-0.32653944087507075,-0.25261837432798157,-0.49889916658807365,-0.20542494393662342,0.20604058853718604,-1.1627547307731214,-0.4103849725871679,-0.9408653467368217,-0.22872316928177672,0.059442939393923096
0.03137883325454169,-1.1508337161053306,0.4578345656717211,1.0085091084395263,0.6075049045400989,1.0155061737846942,-0.7887216733390215,1.2193138391336231,0.271947707725678,0.8589430702843353,-0.46805983207620777,0.576643009828527,0.6582822193094837,0.020217732884450234,1.690385304176439,0.043219962924306694,0.5182864686373173,0.8365140461712637
-0.46398834772382197,0.19852964284566202,-0.4249190769937537,-0.45681309765968486,-0.46131581568328905,0.20474467023710352,0.3756754104931502,1.4301297832828943,0.271947707725678,-0.6431669900025794,0.3646021997441709,-0.5964589208191986,0.20604058853718604,0.228977579412257,-0.5339596947497329,0.37124839947801613,-0.49879588452944923,-0.6066180092723689
0.03137883325454169,-0.341215700734735,1.111726152831332,0.031627637706718836,0.9739577229024032,0.3398715874950353,-1.047476580857282,-0.8888456023590896,0.07245199152542843,0.9190274726958119,2.0607655978967943,0.9676769867111022,1.1751297973349668,1.2727768120512908,0.7017875268759182,1.5193479274159993,0.9435073394528016,-0.6066180092723689
0.6505878094774963,-0.20627936483963577,1.2425044702632544,-0.29399951920421696,1.6457878898999614,0.47499850475296707,-1.4356089421346725,-0.8888456023590896,0.6709391401261772,1.339618289576148,1.1972642315645494,1.7497449404762526,1.239735744588152,2.038229582653249,1.0725116933636134,1.683362145692854,1.6273084695479725,0.9475242042823123
-0.3401465524792311,-0.0713430289445365,0.9482532560414293,-0.13118594074874906,1.279335071537657,0.06961775297917176,-1.176854034616412,1.4301297832828943,0.271947707725678,0.4383522534039992,1.351460904123879,1.3587109635936774,1.4981595336008937,1.7598831206161731,1.1960864155261786,1.8473763639697087,1.2193262826844673,1.058534362393361
0.40290421898831447,-0.880961044315132,-0.39222449763577316,1.8225770007168658,-0.46131581568328905,1.150633091042626,0.11692050297488979,1.4301297832828943,-0.5260351570753203,0.13793024134661627,-0.06714848342195137,-0.5964589208191986,-0.5692307785010385,-0.32771534466189434,0.4546380825507879,-0.28480847362940276,-0.42984114872153284,-1.2726789579386608
-0.5878301429684128,1.278020330006456,-1.4711456164491312,-1.5965081468479603,-1.2247591872714232,-1.6870321713739413,1.540072494325322,-0.04558182576200451,-0.5260351570753203,-1.4843486237632515,-1.0848465223135253,-0.9874928977017738,-1.7967437763115606,-1.580274423828735,-1.2754080277251236,-1.4329080015673858,-1.1366271907526757,-1.0506586417165635
-0.3401465524792311,-0.341215700734735,0.9809478353994099,0.35725479461765464,0.8823445183118271,0.3398715874950353,-1.047476580857282,0.7976819508350805,0.07245199152542843,0.6786898630499055,1.8448902563137328,0.9676769867111022,1.1751297973349668,0.7160838879771394,1.3196611376887437,1.1913194908622897,0.8458214637249202,-0.2735875349392229
-0.9593555287021857,1.9527020094819523,-0.45761365635173423,-1.4336945683924922,-0.5529290202738651,-1.822159088631873,0.6344303180114106,-0.6780296582098183,-0.5260351570753203,-1.3641798189402985,0.08704818913737801,-0.5964589208191986,-0.82765456751378,-0.25812872915262547,-0.9046838612374283,-0.28480847362940276,-0.636705356145282,-0.6066180092723689
-1.0831973239467765,0.738274986426059,-1.3730618783751896,-1.4336945683924922,-1.3163723918619994,-1.5519052541160094,1.669449948084452,-1.0996615465083608,-0.32653944087507075,-1.544433026174728,-1.4240792019440498,-0.9874928977017738,-1.7967437763115606,-1.510687808319466,-1.3989827498876888,-1.4329080015673858,-1.188343242608613,-0.8286383254944661
-0.09246296199004923,-1.1508337161053306,0.9482532560414293,0.6828819515285904,1.1877218669470808,1.5560138428164212,-1.176854034616412,-1.310477490657632,0.47144342392592764,1.219449484753195,-0.19050582146941486,1.3587109635936774,1.4981595336008937,0.6464972724678705,1.3196611376887437,0.6992768360317256,1.1561177748605438,0.725503888060215
-0.8355137334575947,-0.4761520366298343,0.2616670895238378,0.19444121616218674,0.02728794213311684,-0.06550916427876001,-0.2712118583025008,0.5868660066858092,0.07245199152542843,-0.3127027767394581,-0.5914171701236712,-0.20542494393662342,0.14143464128400068,-1.2323413462823902,0.08391391606309258,-1.1048795650136765,-0.03335141782601366,0.2814632556160204
-0.3401465524792311,-1.420706387895529,-0.13066786277192877,1.659763422261398,-0.15593846704803538,1.691140760074353,-0.1418344045433706,-1.310477490657632,0.07245199152542843,0.22805684496383116,0.14872685816110975,-0.20542494393662342,-0.18159509498192622,0.020217732884450234,-0.28681025042460273,0.043219962924306694,-0.18275334540983248,-0.2735875349392229
0.27906242374372353,1.278020330006456,-0.5883919737836565,-1.2708809899370244,-0.6140044900009158,-1.6870321713739413,0.5050528642522804,0.7976819508350805,-0.5260351570753203,-0.8534623984427474,0.33376286523230503,-0.5964589208191986,-0.7630486202605946,-0.18854211364335652,-0.9046838612374283,-0.12079425535254804,-0.653944040097261,-1.2726789579386608
-0.9593555287021857,0.3334659787407613,-0.45761365635173423,-0.7824402545706207,-0.4002403459562383,0.06961775297917176,0.3756754104931502,1.2193138391336231,0.271947707725678,-1.0637578068829154,-0.2830238250050125,-0.5964589208191986,0.20604058853718604,0.36815081043079484,-0.03966080609947253,-0.28480847362940276,-0.48730342856146314,0.059442939393923096
0.40290421898831447,0.738274986426059,1.405977367053157,0.5200683730731225,1.0961086623565046,-0.4708899160525553,-1.176854034616412,-0.2563977699112758,-0.5260351570753203,0.7688164666671204,1.2281035660764155,0.9676769867111022,0.5936762720562984,0.9248437345049462,0.9489369712010484,1.3553337091391444,1.1503715468765507,0.17045309750497176
-0.8355137334575947,0.19852964284566202,1.0136424147573904,-0.6196266761151528,1.4014860109917584,-0.4708899160525553,-1.3062314883755424,-0.8888456023590896,0.47144342392592764,-0.012280764682075198,1.5364969111950741,1.3587109635936774,1.1751297973349668,1.899056351634711,0.9489369712010484,1.8473763639697087,1.4089518061562372,-1.0506586417165635
0.5267460142329053,-1.0158973802102313,-0.7845594499315397,1.1713226868949942,-0.5529290202738651,1.4208869255584895,0.5050528642522804,-0.8888456023590896,0.07245199152542843,0.04780363772940139,-0.9614891842660618,-0.5964589208191986,0.3998584302967422,-0.049368882624818686,-0.03966080609947253,-0.28480847362940276,-0.5849893042893447,0.5034835718381178
-0.5878301429684128,-0.880961044315132,-1.340367299017209,0.6828819515285904,-1.37744786158905,0.3398715874950353,1.669449948084452,0.376050062536538,-0.5260351570753203,-1.0637578068829154,-0.4372204975643419,-1.378526874584349,-1.021472409273336,-0.25812872915262547,-0.6575344169122981,-0.4488226919062575,-1.199835698576599,-0.9396484836055148
-0.3401465524792311,-0.7460247084200328,0.5886128831036433,0.6828819515285904,0.6075049045400989,0.6101254220108988,-0.7887216733390215,1.0084978949843517,0.07245199152542843,0.5885632594326907,0.9505495554696225,0.576643009828527,0.9167060083222253,0.9248437345049462,1.3196611376887437,1.1913194908622897,0.5412713805732895,-0.49560785116132017
0.1552206284991326,-0.7460247084200328,-0.7518648705735592,1.0085091084395263,-0.7361554294550173,1.0155061737846942,0.6344303180114106,-0.467213714060547,-0.12704372467482117,-0.2826605755337198,-1.2390431948728546,-0.5964589208191986,-0.18159509498192622,0.15939096390298807,-0.03966080609947253,-0.6128369101831123,-0.7286450038891704,-0.3845976930502715
1.5174803761896327,0.06359330695056276,1.1444207321893127,-0.45681309765968486,1.5847124201729106,-0.06550916427876001,-1.4356089421346725,-0.04558182576200451,0.47144342392592764,1.8803779112794372,1.351460904123879,1.7497449404762526,0.9167060083222253,1.6902965051069043,1.3196611376887437,1.8473763639697087,1.5928311016440142,0.39247341372706906
-0.5878301429684128,-0.880961044315132,0.9482532560414293,0.031627637706718836,1.4014860109917584,0.3398715874950353,-1.3062314883755424,-0.04558182576200451,0.47144342392592764,0.5284788570212141,0.4571202032797685,1.3587109635936774,1.3689476390945228,0.9944303500142151,1.690385304176439,1.1913194908622897,1.3802206662362722,-0.8286383254944661
1.3936385809450418,-0.20627936483963577,-0.13066786277192877,1.659763422261398,-0.36970261109271296,1.150633091042626,-0.012456950784240401,-0.8888456023590896,-0.5260351570753203,0.6786898630499055,-1.5474365399915133,-0.5964589208191986,-0.5692307785010385,-1.510687808319466,0.2074886382256577,-1.4329080015673858,-0.3551401849296234,0.725503888060215
-0.9593555287021857,-0.880961044315132,0.8501695179674877,0.35725479461765464,1.2182596018106062,0.6101254220108988,-1.176854034616412,-1.0996615465083608,0.6709391401261772,0.318183448581046,0.27208419620857327,1.3587109635936774,1.6273714281072644,0.7856705034864083,1.1960864155261786,0.6992768360317256,1.1963413707484951,-0.051567218717125565
0.03137883325454169,-1.2857700520004298,0.09819419273393508,1.9853905791723336,0.11890114672369294,1.8262676773322848,-0.40058931206163095,-0.467213714060547,0.07245199152542843,0.7688164666671204,-1.639954543527111,0.1856090329459518,0.4644643775499276,-0.8844082687360457,0.08391391606309258,-0.9408653467368217,0.04709577394988878,1.1695445205044097
0.6505878094774963,0.19852964284566202,1.1444207321893127,-0.29399951920421696,1.5236369504458598,0.06961775297917176,-1.3062314883755424,-0.467213714060547,0.47144342392592764,1.219449484753195,0.6729955448628296,1.3587109635936774,0.5936762720562984,1.5511232740883665,1.3196611376887437,1.5193479274159993,1.5008914539001257,0.9475242042823123
1.2697967857004508,-0.0713430289445365,1.4386719464111375,-0.29399951920421696,1.4930992155823344,0.20474467023710352,-1.3062314883755424,-0.8888456023590896,0.271947707725678,1.8803779112794372,1.2897822351001471,1.3587109635936774,1.239735744588152,1.6207098895976353,0.9489369712010484,1.8473763639697087,1.5066376818841187,-0.7176281673834175
-0.5878301429684128,-0.880961044315132,1.0136424147573904,0.35725479461765464,1.3404105412647076,0.7452523392688306,-1.3062314883755424,0.16523411838726676,0.271947707725678,0.7387742654613821,0.30292353072043915,1.3587109635936774,1.6919773753604497,0.9944303500142151,1.0725116933636134,1.027305272585435,1.3055197024443628,0.9475242042823123
1.022113195211269,-0.4761520366298343,-0.1633624421299093,1.8225770007168658,-0.03378752759393389,1.0155061737846942,-0.2712118583025008,2.2733935598799793,-0.5260351570753203,0.7688164666671204,-0.09798781793381725,-0.20542494393662342,-0.7630486202605946,0.020217732884450234,0.3310633603882228,0.2072341812011614,-0.05059010177799275,-0.2735875349392229
0.1552206284991326,-0.20627936483963577,-0.8172540292895203,0.031627637706718836,-0.9193818386361695,-0.06550916427876001,0.893185225529671,-1.0996615465083608,-0.12704372467482117,-0.5530403863853645,-1.5474365399915133,-0.9874928977017738,-0.82765456751378,-0.9539948842453146,-0.9046838612374283,-1.2688937832905312,-0.8723007034889962,-0.7176281673834175
0.03137883325454169,-0.880961044315132,0.4578345656717211,0.6828819515285904,0.5464294348130481,0.3398715874950353,-0.7887216733390215,-1.310477490657632,-0.12704372467482117,0.7387742654613821,-0.7147745081711347,0.576643009828527,0.7228881665626691,-0.049368882624818686,0.8253622490384832,-0.12079425535254804,0.4895553287173522,-1.161668799827612
-0.3401465524792311,0.8732113223211583,-1.4057564577331703,-0.9452538330260886,-1.1636837175443726,-1.1465245023422141,1.4106950405661918,1.4301297832828943,-0.72553087327557,-1.0036734044714388,-1.0848465223135253,-0.9874928977017738,-1.2152902510328922,-1.2323413462823902,-2.0168563607005145,-1.1048795650136765,-1.0849111388967385,0.9475242042823123
0.7744296047220872,-0.6110883725249335,1.2425044702632544,0.031627637706718836,1.4014860109917584,0.8803792565267624,-1.3062314883755424,1.0084978949843517,0.47144342392592764,1.7001247040450076,1.1664248970526836,1.3587109635936774,1.7565833226136351,1.4815366585790974,1.9375347485015693,1.5193479274159993,1.374474438252279,2.1686359435038476
-0.5878301429684128,-0.4761520366298343,-0.5230028150676953,0.031627637706718836,-0.5834667551373905,-0.20063608153669177,0.3756754104931502,1.6409457274321655,-0.32653944087507075,-0.5830825875911028,0.05620885462551213,-0.5964589208191986,-0.37541293674148235,-0.32771534466189434,-0.03966080609947253,-0.28480847362940276,-0.5792430763053517,-1.3836891160497093
0.40290421898831447,-0.0713430289445365,1.1771153115472932,-0.29399951920421696,0.9128822531753525,0.06961775297917176,-1.047476580857282,-0.467213714060547,0.271947707725678,1.12932288113598,2.029926263384928,0.9676769867111022,1.3043416918413375,1.133603581032753,0.8253622490384832,1.5193479274159993,0.8688063756608922,-0.16257737682817422
-0.3401465524792311,-1.2857700520004298,-1.4057564577331703,2.1482041576278017,-1.4079855964525754,1.691140760074353,1.669449948084452,0.16523411838726676,-0.32653944087507075,-0.8835045996484857,-0.9614891842660618,-1.378526874584349,-1.021472409273336,-0.60606180669897,-0.9046838612374283,-0.776851128459967,-1.211328154544585,-0.16257737682817422
0.03137883325454169,-0.0713430289445365,-0.5556973944256759,-0.13118594074874906,-0.6445422248644412,0.3398715874950353,0.5050528642522804,-1.310477490657632,0.07245199152542843,-0.5830825875911028,0.2104055271848415,-0.5964589208191986,-0.05238320047555546,0.2985641949215259,-0.7811091390748632,0.37124839947801613,-0.636705356145282,-0.7176281673834175
-0.09246296199004923,0.19852964284566202,-0.5883919737836565,-0.6196266761151528,-0.6445422248644412,-0.6060168333104871,0.5050528642522804,-1.0996615465083608,-0.12704372467482117,-0.7332935936197942,0.17956619267297563,-0.5964589208191986,-0.8922605147669653,-0.32771534466189434,-1.2754080277251236,-0.12079425535254804,-0.636705356145282,-1.2726789579386608
-0.9593555287021857,2.0876383453770515,-0.5230028150676953,-1.4336945683924922,-0.6140044900009158,-1.822159088631873,0.6344303180114106,-0.04558182576200451,-0.5260351570753203,-1.3942220201460367,-0.00546981439821962,-0.5964589208191986,-1.021472409273336,-0.4668885756804322,-1.0282585833999933,-0.4488226919062575,-0.6826751800172262,0.17045309750497176
1.14595499045586,-0.20627936483963577,1.3078936289792154,-0.29399951920421696,1.4014860109917584,0.06961775297917176,-1.3062314883755424,-1.310477490657632,0.271947707725678,1.7001247040450076,0.7655135483984272,1.3587109635936774,1.0459179028285959,1.133603581032753,1.0725116933636134,1.1913194908622897,1.4146980341402302,0.39247341372706906
0.1552206284991326,0.6033386505309598,1.4386719464111375,0.031627637706718836,1.5236369504458598,-0.8762706678263507,-1.4356089421346725,0.376050062536538,-0.5260351570753203,1.0692384787245033,1.1972642315645494,1.3587109635936774,1.0459179028285959,0.5769106569586016,0.8253622490384832,0.8632910543085803,1.6273084695479725,-0.6066180092723689
-0.3401465524792311,0.06359330695056276,-0.39222449763577316,-0.7824402545706207,-0.5529290202738651,-0.33576299879462357,0.5050528642522804,-1.310477490657632,-0.12704372467482117,-0.5229981851796262,-1.2698825293847205,-0.5964589208191986,-0.310806989488297,-0.9539948842453146,-1.0282585833999933,-0.9408653467368217,-0.6022279882413237,0.39247341372706906
1.5174803761896327,0.8732113223211583,1.5040611051270987,0.5200683730731225,1.035033192629454,-0.6060168333104871,-1.176854034616412,-0.467213714060547,-0.72553087327557,1.7301669052507458,0.3646021997441709,0.9676769867111022,0.5936762720562984,0.020217732884450234,0.7017875268759182,0.37124839947801613,1.1101479509885996,-0.16257737682817422
-0.21630475723464015,0.06359330695056276,1.111726152831332,0.031627637706718836,0.8823445183118271,0.20474467023710352,-0.9180991270981518,1.4301297832828943,0.07245199152542843,0.4683944546097375,0.7346742138865614,0.9676769867111022,1.4335535863477082,-0.049368882624818686,0.8253622490384832,0.2072341812011614,0.8170903238049549,0.059442939393923096
1.14595499045586,0.19852964284566202,1.111726152831332,-0.45681309765968486,1.3098728064011822,0.06961775297917176,-1.176854034616412,-1.0996615465083608,0.07245199152542843,1.5198714968105778,1.5056575766832083,1.3587109635936774,1.4335535863477082,1.6207098895976353,0.4546380825507879,1.683362145692854,1.2767885625243975,1.2805546786154582
-0.7116719382130038,0.4684023146358605,-0.5883919737836565,-0.9452538330260886,-0.2780894065021368,-0.33576299879462357,0.24629795673401997,0.7976819508350805,0.47144342392592764,-1.0637578068829154,-0.03630914891008549,-0.20542494393662342,0.012222746777629915,0.5769106569586016,-1.0282585833999933,0.043219962924306694,-0.4240949207375398,0.9475242042823123
-1.7024063001697312,1.0081476582162576,-0.915337767363462,-0.9452538330260886,-1.041532778090271,-1.5519052541160094,1.4106950405661918,0.16523411838726676,-0.12704372467482117,-1.724686233409158,-1.0848465223135253,-0.9874928977017738,-1.150684303779707,-0.4668885756804322,0.3310633603882228,-0.9408653467368217,-1.021702631072815,0.8365140461712637
-0.3401465524792311,-1.1508337161053306,0.7193912005355655,1.1713226868949942,0.7296558439942002,0.8803792565267624,-0.9180991270981518,1.6409457274321655,0.271947707725678,0.8589430702843353,0.6421562103509638,0.576643009828527,1.1751297973349668,0.9248437345049462,1.9375347485015693,1.027305272585435,0.6734346242051292,-1.0506586417165635
0.7744296047220872,-0.4761520366298343,0.9482532560414293,0.031627637706718836,1.2182596018106062,0.47499850475296707,-1.176854034616412,1.6409457274321655,0.271947707725678,1.3997026919876245,1.351460904123879,1.3587109635936774,1.562765480854079,1.2727768120512908,1.4432358598513089,1.5193479274159993,1.173356458812523,1.1695445205044097
-0.5878301429684128,-0.880961044315132,-0.5883919737836565,0.6828819515285904,-0.5529290202738651,0.3398715874950353,0.3756754104931502,2.0625776157307083,-0.5260351570753203,-0.4328715815624113,0.17956619267297563,-0.5964589208191986,-0.4400188839946677,-0.11895549813408761,-0.28681025042460273,0.043219962924306694,-0.5792430763053517,-1.161668799827612
0.7744296047220872,-0.4761520366298343,-0.45761365635173423,1.1713226868949942,-0.5529290202738651,0.6101254220108988,0.3756754104931502,-0.8888456023590896,-0.32653944087507075,0.13793024134661627,-0.7147745081711347,-0.5964589208191986,-0.5692307785010385,-0.7452350377175079,-0.6575344169122981,-0.776851128459967,-0.5447657084013935,0.8365140461712637
-0.21630475723464015,-1.420706387895529,0.13088877209191563,1.334136265350462,0.21051435131426904,1.9613945945902165,-0.40058931206163095,-0.2563977699112758,0.47144342392592764,0.6786898630499055,0.3954415342560368,0.1856090329459518,0.20604058853718604,0.36815081043079484,0.9489369712010484,0.5352626177548708,0.1275429657257912,1.058534362393361
0.03137883325454169,0.06359330695056276,1.405977367053157,-0.45681309765968486,1.7984765642175882,0.20474467023710352,-1.4356089421346725,-1.310477490657632,0.6709391401261772,1.0692384787245033,0.9197102209577567,1.7497449404762526,1.1751297973349668,2.1078161981625176,0.9489369712010484,1.8473763639697087,1.8456651329397076,-0.16257737682817422
-0.8355137334575947,1.4129566659015553,-0.6537811324996176,-1.4336945683924922,-0.6750799597279666,-1.4167783368580777,0.6344303180114106,0.5868660066858092,-0.32653944087507075,-1.1839266117058687,-0.49889916658807365,-0.5964589208191986,-1.2152902510328922,-1.2323413462823902,-1.646132194212819,-1.1048795650136765,-0.6999138639692053,0.8365140461712637
-0.3401465524792311,0.8732113223211583,-0.5883919737836565,-0.7824402545706207,-0.33916487622918756,-0.6060168333104871,0.3756754104931502,1.2193138391336231,0.07245199152542843,-1.0036734044714388,0.08704818913737801,-0.20542494393662342,-0.5046248312478531,0.7160838879771394,-0.5339596947497329,0.2072341812011614,-0.45857228864149796,-1.0506586417165635
0.03137883325454169,-1.2857700520004298,-0.45761365635173423,1.4969498438059299,-0.33916487622918756,1.2857600083005576,0.11692050297488979,-0.2563977699112758,-0.12704372467482117,0.10788804014087798,-1.4857578709677817,-0.5964589208191986,-0.310806989488297,-1.580274423828735,-0.5339596947497329,-1.4329080015673858,-0.3953637808175746,1.058534362393361
0.1552206284991326,-1.1508337161053306,-0.8826431880054814,1.659763422261398,-0.6750799597279666,1.5560138428164212,0.6344303180114106,-0.2563977699112758,0.07245199152542843,-0.19253397191650495,-0.406381163052476,-0.5964589208191986,-0.11698914772874085,0.020217732884450234,0.3310633603882228,0.043219962924306694,-0.6884214080012192,-0.2735875349392229
-0.5878301429684128,-1.0158973802102313,0.7847803592515266,0.5200683730731225,1.1571841320835554,0.7452523392688306,-1.176854034616412,1.2193138391336231,0.47144342392592764,0.5284788570212141,0.3646021997441709,0.9676769867111022,1.3689476390945228,0.5769106569586016,1.9375347485015693,0.6992768360317256,1.1158941789725927,0.9475242042823123
-0.7116719382130038,1.6828293376917538,-0.621086553141637,-1.4336945683924922,-0.5834667551373905,-1.822159088631873,0.6344303180114106,-0.04558182576200451,-0.12704372467482117,-1.2440110141173453,-0.09798781793381725,-0.5964589208191986,-1.0860783565265215,-0.32771534466189434,-0.7811091390748632,-0.28480847362940276,-0.653944040097261,-1.0506586417165635
-0.09246296199004923,-0.880961044315132,-1.1441998228693258,0.8456955299840583,-1.0720705129537964,0.8803792565267624,1.1519401330479313,-0.8888456023590896,0.07245199152542843,-0.7633357948255325,-1.4549185364559158,-0.9874928977017738,-0.7630486202605946,-1.2323413462823902,-0.9046838612374283,-1.4329080015673858,-0.9757328072008709,-0.2735875349392229
-0.8355137334575947,1.0081476582162576,-0.6864757118575981,-1.4336945683924922,-0.5529290202738651,-1.2816514196001458,0.5050528642522804,1.2193138391336231,-0.32653944087507075,-1.123842209294392,-0.2830238250050125,-0.5964589208191986,-0.6984426730074093,-0.9539948842453146,-1.1518333055625585,-0.776851128459967,-0.6079742162253168,-1.2726789579386608
0.6505878094774963,-0.6110883725249335,-0.621086553141637,0.5200683730731225,-0.5834667551373905,0.6101254220108988,0.3756754104931502,-0.467213714060547,-0.32653944087507075,0.07784583893513969,-0.9306498497541958,-0.5964589208191986,-0.37541293674148235,-0.8844082687360457,-0.28681025042460273,-0.776851128459967,-0.5964817602573308,0.5034835718381178
-0.09246296199004923,-1.2857700520004298,-0.06527870405596767,1.4969498438059299,-0.12540073218451,1.2857600083005576,-0.1418344045433706,-1.0996615465083608,-0.12704372467482117,0.25809904616956947,-1.3624005329203182,-0.20542494393662342,0.20604058853718604,-1.3019279617916593,-0.7811091390748632,-1.1048795650136765,-0.19424580137781855,1.391564836726507
0.1552206284991326,-0.20627936483963577,1.3405882083371958,-0.13118594074874906,1.5541746853093852,0.47499850475296707,-1.4356089421346725,-0.04558182576200451,0.47144342392592764,1.2494916859589331,1.1664248970526836,1.7497449404762526,1.3689476390945228,1.6902965051069043,1.9375347485015693,1.3553337091391444,1.5583537337400561,-1.0506586417165635
0.27906242374372353,-0.880961044315132,-0.7845594499315397,0.6828819515285904,-0.8277686340455934,0.47499850475296707,0.7638077717705407,0.5868660066858092,-0.5260351570753203,-0.3127027767394581,-0.03630914891008549,-0.9874928977017738,-0.7630486202605946,-0.32771534466189434,-0.5339596947497329,-0.12079425535254804,-0.7861072837291008,-0.16257737682817422
-0.46398834772382197,1.4129566659015553,-0.7191702912155786,-1.5965081468479603,-0.5834667551373905,-1.822159088631873,0.6344303180114106,0.376050062536538,-0.32653944087507075,-1.0938000080886539,-0.06714848342195137,-0.5964589208191986,-1.4737140400456339,-0.25812872915262547,-1.0282585833999933,-0.4488226919062575,-0.6654364960652471,-0.9396484836055148
-0.46398834772382197,-0.6110883725249335,0.5559183037456628,0.5200683730731225,0.3937407604954212,0.8803792565267624,-0.5299667658207612,-0.2563977699112758,-0.12704372467482117,0.2881412473753077,-0.4372204975643419,0.1856090329459518,1.1751297973349668,-0.9539948842453146,0.3310633603882228,-0.776851128459967,0.2884373492775961,2.390656259725945
-0.3401465524792311,1.278020330006456,-1.5365347751650924,-1.5965081468479603,-1.37744786158905,-1.6870321713739413,1.7988274018435824,0.16523411838726676,-0.72553087327557,-1.4242642213517749,-1.2698825293847205,-1.378526874584349,-1.861349723564746,-1.580274423828735,-1.1518333055625585,-1.2688937832905312,-1.2343130664805573,-1.2726789579386608
0.40290421898831447,-1.1508337161053306,-0.8172540292895203,1.659763422261398,-0.705617694591492,1.5560138428164212,0.6344303180114106,-0.467213714060547,0.07245199152542843,0.04780363772940139,-1.0540071878016595,-0.5964589208191986,0.012222746777629915,-0.18854211364335652,0.2074886382256577,-0.6128369101831123,-0.6999138639692053,-0.49560785116132017
0.1552206284991326,-0.6110883725249335,0.7193912005355655,0.35725479461765464,0.5464294348130481,0.47499850475296707,-0.7887216733390215,-0.04558182576200451,-0.12704372467482117,0.7988586678728588,-0.2521844904931466,0.576643009828527,0.4644643775499276,-0.25812872915262547,0.7017875268759182,-0.28480847362940276,0.4895553287173522,0.059442939393923096
0.1552206284991326,-0.4761520366298343,0.29436166888181836,0.35725479461765464,0.21051435131426904,0.3398715874950353,-0.40058931206163095,-1.310477490657632,0.07245199152542843,0.6186054606384289,-0.5605778356118054,0.1856090329459518,0.3998584302967422,-1.0931681152638524,-0.28681025042460273,-0.9408653467368217,0.1217967377417982,1.1695445205044097
-0.46398834772382197,0.738274986426059,-0.6537811324996176,-0.45681309765968486,-0.9804573083632203,-1.1465245023422141,1.0225626792888012,0.7976819508350805,-0.5260351570753203,-0.9435890020599623,-0.2521844904931466,-0.9874928977017738,-0.7630486202605946,-0.11895549813408761,-0.5339596947497329,-0.12079425535254804,-0.9355092113129196,-1.0506586417165635
-0.9593555287021857,1.4129566659015553,2.1579526922867096,-0.45681309765968486,1.6457878898999614,-1.5519052541160094,-1.4356089421346725,-0.467213714060547,-0.9250265894758195,0.13793024134661627,0.9813888899814884,1.7497449404762526,0.7228881665626691,0.7856705034864083,1.4432358598513089,0.8632910543085803,1.719248117291861,-0.051567218717125565
-0.21630475723464015,-1.420706387895529,-0.45761365635173423,2.799458471449673,-0.6445422248644412,2.0965215118481484,0.5050528642522804,3.327473280626336,-0.12704372467482117,0.10788804014087798,-0.4372204975643419,-0.5964589208191986,-0.4400188839946677,-0.39730196017116326,-0.16323552826203763,-0.4488226919062575,-0.653944040097261,-0.2735875349392229
0.03137883325454169,0.4684023146358605,-0.39222449763577316,-0.45681309765968486,-0.6445422248644412,-0.8762706678263507,0.5050528642522804,-0.8888456023590896,-0.32653944087507075,-0.6131247887968411,-0.653095839147403,-0.5964589208191986,-0.7630486202605946,-0.32771534466189434,-0.5339596947497329,-0.4488226919062575,-0.648197812113268,-0.7176281673834175
-0.8355137334575947,0.6033386505309598,-0.5883919737836565,-0.7824402545706207,-0.6750799597279666,-0.8762706678263507,0.6344303180114106,0.5868660066858092,-0.32653944087507075,-1.0637578068829154,-0.7764531771948665,-0.5964589208191986,-0.6338367257542239,-1.0931681152638524,-0.28681025042460273,-0.9408653467368217,-0.6999138639692053,0.6144937299491664
-0.7116719382130038,0.4684023146358605,-0.4903082357097148,-1.1080674114815565,-0.4918535505468144,-1.1465245023422141,0.3756754104931502,0.16523411838726676,-0.32653944087507075,-0.9435890020599623,-0.4372204975643419,-0.5964589208191986,-0.4400188839946677,-0.9539948842453146,-1.0282585833999933,-0.776851128459967,-0.5562581643693795,0.39247341372706906
-0.9593555287021857,-0.4761520366298343,-1.0788106641533646,-0.29399951920421696,-1.0109950432267456,-0.7411437505684189,1.0225626792888012,2.0625776157307083,-0.72553087327557,-1.2440110141173453,-0.37554182854061013,-0.9874928977017738,-0.82765456751378,-1.1627547307731214,-1.2754080277251236,-0.9408653467368217,-0.9297629833289266,-0.7176281673834175
-0.9593555287021857,0.4684023146358605,-0.8172540292895203,-0.7824402545706207,-0.36970261109271296,-0.33576299879462357,0.3756754104931502,1.2193138391336231,0.271947707725678,-1.3040954165288219,0.05620885462551213,-0.20542494393662342,-0.37541293674148235,0.228977579412257,-0.5339596947497329,-0.12079425535254804,-0.4815572005774701,-0.051567218717125565
-0.3401465524792311,-1.0158973802102313,1.1444207321893127,0.19444121616218674,1.4014860109917584,1.4208869255584895,-1.176854034616412,-1.310477490657632,0.47144342392592764,0.9791118751072885,0.6113168758390979,1.3587109635936774,1.9504011643731913,0.9944303500142151,0.9489369712010484,1.027305272585435,1.3285046143803347,2.612676575948042
0.8982713999666782,-0.20627936483963577,1.3405882083371958,-0.13118594074874906,1.4320237458552838,0.47499850475296707,-1.3062314883755424,-0.8888456023590896,0.6709391401261772,1.7902513076622224,1.2281035660764155,1.3587109635936774,1.6919773753604497,1.4119500430698286,0.9489369712010484,1.683362145692854,1.4261904901082163,0.39247341372706906
0.7744296047220872,0.19852964284566202,0.4578345656717211,1.0085091084395263,0.5158916999495228,-0.06550916427876001,-0.7887216733390215,-0.2563977699112758,-0.5260351570753203,0.9190274726958119,-0.09798781793381725,0.576643009828527,-0.18159509498192622,0.36815081043079484,0.7017875268759182,0.5352626177548708,0.5067940126693313,-0.49560785116132017
0.03137883325454169,-0.7460247084200328,0.2616670895238378,0.5200683730731225,0.24105208617779442,0.6101254220108988,-0.5299667658207612,-0.6780296582098183,-0.12704372467482117,0.6786898630499055,-0.7147745081711347,0.1856090329459518,0.5936762720562984,-0.7452350377175079,-0.16323552826203763,-0.9408653467368217,0.17351278959773547,1.1695445205044097
1.5174803761896327,0.06359330695056276,0.6540020418196044,1.1713226868949942,0.4853539650859974,0.20474467023710352,-0.7887216733390215,-0.467213714060547,-0.5260351570753203,1.429744893193363,-0.6222565046355372,0.576643009828527,0.14143464128400068,-0.18854211364335652,0.08391391606309258,-0.12079425535254804,0.5125402406533244,1.058534362393361
0.40290421898831447,0.19852964284566202,1.2751990496212349,-0.45681309765968486,1.0961086623565046,-0.20063608153669177,-1.176854034616412,-0.04558182576200451,0.07245199152542843,0.9791118751072885,2.2149622704561236,0.9676769867111022,1.3689476390945228,1.2727768120512908,0.3310633603882228,1.683362145692854,1.0814168110686344,-1.161668799827612
4.9850506430381785,2.35751101716725,0.39244540695576,-0.9452538330260886,-0.4002403459562383,-0.4708899160525553,0.3756754104931502,0.5868660066858092,6.855306342333915,2.3310109293655117,0.08704818913737801,-0.20542494393662342,-0.05238320047555546,0.8552571189956772,-0.5339596947497329,0.043219962924306694,-0.5102883404974353,0.5034835718381178
0.5267460142329053,-1.0158973802102313,-0.6537811324996176,1.1713226868949942,-0.46131581568328905,1.150633091042626,0.3756754104931502,1.0084978949843517,0.07245199152542843,0.16797244255235455,-0.7456138426830007,-0.5964589208191986,0.20604058853718604,-0.25812872915262547,0.2074886382256577,-0.4488226919062575,-0.5102883404974353,-0.8286383254944661
-1.0831973239467765,0.3334659787407613,-0.980726926079423,-1.2708809899370244,-0.9499195734996949,-1.2816514196001458,1.0225626792888012,-1.310477490657632,-0.12704372467482117,-1.3641798189402985,-0.89981051524233,-0.9874928977017738,-0.6984426730074093,-1.441101192810197,-0.7811091390748632,-1.1048795650136765,-0.9125242993769475,-0.3845976930502715
-0.8355137334575947,1.4129566659015553,-0.5230028150676953,-1.4336945683924922,-0.5529290202738651,-1.6870321713739413,0.5050528642522804,-0.467213714060547,-0.32653944087507075,-1.3641798189402985,-0.03630914891008549,-0.5964589208191986,-1.021472409273336,-0.11895549813408761,-1.0282585833999933,-0.28480847362940276,-0.630959128161289,0.2814632556160204
7.957253728908361,6.270664758125129,1.6021448432010403,-1.2708809899370244,-0.6140044900009158,-1.4167783368580777,0.5050528642522804,-1.0996615465083608,8.65076778813616,2.5112641365999413,0.33376286523230503,-0.5964589208191986,-1.021472409273336,-0.25812872915262547,-1.3989827498876888,0.043219962924306694,-0.630959128161289,-1.2726789579386608
0.7744296047220872,-0.7460247084200328,1.1444207321893127,0.19444121616218674,1.5236369504458598,1.150633091042626,-1.3062314883755424,1.4301297832828943,0.6709391401261772,1.7902513076622224,1.5364969111950741,1.7497449404762526,1.6919773753604497,1.5511232740883665,1.690385304176439,1.5193479274159993,1.5181301378521048,1.391564836726507
0.27906242374372353,-0.880961044315132,0.06549961337595453,0.8456955299840583,-0.2170139367750861,0.7452523392688306,-0.012456950784240401,-0.467213714060547,0.07245199152542843,0.5885632594326907,-0.00546981439821962,-0.20542494393662342,-0.310806989488297,0.228977579412257,-0.5339596947497329,0.043219962924306694,-0.26320053718573494,-1.161668799827612
-0.46398834772382197,0.6033386505309598,-0.7845594499315397,-1.1080674114815565,-0.7972308991820681,-1.2816514196001458,0.893185225529671,-0.8888456023590896,-0.5260351570753203,-0.9736312032657006,-0.3138631595168784,-0.5964589208191986,-1.021472409273336,-0.7452350377175079,-1.0282585833999933,-0.776851128459967,-0.809092195665073,1.058534362393361
0.5267460142329053,-0.880961044315132,0.6540020418196044,0.35725479461765464,0.7296558439942002,0.6101254220108988,-0.7887216733390215,-1.0996615465083608,-0.12704372467482117,1.2494916859589331,-0.159666486957549,0.576643009828527,1.239735744588152,0.228977579412257,0.4546380825507879,0.2072341812011614,0.633211028317178,2.1686359435038476
0.1552206284991326,-0.20627936483963577,1.3078936289792154,-0.13118594074874906,1.5847124201729106,0.20474467023710352,-1.4356089421346725,0.7976819508350805,0.47144342392592764,1.039196277518765,1.2281035660764155,1.7497449404762526,1.0459179028285959,1.3423634275605596,1.566810582013874,1.3553337091391444,1.575592417692035,1.2805546786154582
-0.46398834772382197,-1.6905790596857275,-0.5230028150676953,1.9853905791723336,-0.33916487622918756,1.8262676773322848,0.11692050297488979,-0.6780296582098183,0.07245199152542843,0.07784583893513969,-1.8249905505983062,-0.20542494393662342,-0.11698914772874085,-1.0931681152638524,-0.4103849725871679,-1.2688937832905312,-0.36088641291361645,0.6144937299491664
-0.7116719382130038,1.1430839941113569,-1.6019239338810534,-1.2708809899370244,-1.4995988010431516,-1.5519052541160094,2.057582309361843,1.4301297832828943,-0.72553087327557,-1.6045174285862047,-1.4549185364559158,-1.378526874584349,-1.9905616180711168,-1.6498610393380038,-1.0282585833999933,-1.4329080015673858,-1.3147602582564597,-0.8286383254944661
0.6505878094774963,-0.880961044315132,-0.4903082357097148,0.8456955299840583,-0.3086271413656622,0.8803792565267624,0.24629795673401997,1.6409457274321655,0.271947707725678,0.22805684496383116,-0.6222565046355372,-0.20542494393662342,0.3998584302967422,0.08980434839371916,0.578212804713353,-0.12079425535254804,-0.3953637808175746,-0.3845976930502715
-0.46398834772382197,0.19852964284566202,-1.8307859893869174,-1.1080674114815565,-1.6522874753607784,-1.1465245023422141,2.316337216880103,3.1166573364770644,-0.72553087327557,-1.4242642213517749,-1.1156858568253911,-1.378526874584349,-2.055167565324302,-1.7890342703565416,-0.6575344169122981,-1.5969222198442405,-1.4009536780163552,-0.9396484836055148
0.6505878094774963,-0.4761520366298343,0.8828640973254682,0.031627637706718836,1.0044954577659286,0.06961775297917176,-1.047476580857282,-0.467213714060547,0.271947707725678,1.3095760883704097,-0.00546981439821962,0.9676769867111022,1.3689476390945228,0.5769106569586016,0.9489369712010484,0.6992768360317256,0.9492535674367947,-0.16257737682817422
0.03137883325454169,-1.420706387895529,-0.19605702148788987,2.3110177360832695,-0.2170139367750861,2.0965215118481484,-0.012456950784240401,-0.8888456023590896,-0.12704372467482117,0.37826785099252264,-1.7633118815745745,-0.20542494393662342,-0.2462010422351116,-1.1627547307731214,0.4546380825507879,-1.2688937832905312,-0.26894676516972793,1.7245953110596528
0.03137883325454169,-1.420706387895529,-0.8826431880054814,1.9853905791723336,-0.8583063689091188,1.691140760074353,0.7638077717705407,1.851761671581437,-0.12704372467482117,-0.25261837432798157,-1.5474365399915133,-0.9874928977017738,-0.310806989488297,0.15939096390298807,0.3310633603882228,-0.9408653467368217,-0.8148384236490659,-1.0506586417165635
-0.3401465524792311,-0.7460247084200328,0.06549961337595453,0.6828819515285904,0.02728794213311684,0.8803792565267624,-0.2712118583025008,0.16523411838726676,0.07245199152542843,0.22805684496383116,-0.8072925117067324,-0.20542494393662342,0.4644643775499276,-1.0931681152638524,-0.9046838612374283,-1.1048795650136765,-0.044843873793999726,2.2796461016148966
0.03137883325454169,-1.0158973802102313,0.00011045465999342868,1.659763422261398,-0.12540073218451,1.150633091042626,-0.1418344045433706,1.0084978949843517,-0.32653944087507075,0.5284788570212141,0.11788752364924389,-0.20542494393662342,-0.11698914772874085,-0.18854211364335652,0.2074886382256577,0.043219962924306694,-0.17126088944184642,0.6144937299491664
-1.4547227096805493,-0.4761520366298343,1.2751990496212349,0.19444121616218674,1.615250155036436,0.3398715874950353,-1.4356089421346725,1.851761671581437,0.47144342392592764,0.07784583893513969,0.827192217422159,1.7497449404762526,1.3689476390945228,1.6902965051069043,2.1846841928266993,1.5193479274159993,1.6732782934199166,-0.7176281673834175
1.3936385809450418,0.3334659787407613,-0.4903082357097148,-0.9452538330260886,-0.5223912854103397,-0.8762706678263507,0.3756754104931502,0.16523411838726676,-0.5260351570753203,0.017761436523663097,0.3646021997441709,-0.5964589208191986,-0.8922605147669653,-0.11895549813408761,-1.522557472050254,0.043219962924306694,-0.5734968483213586,-1.3836891160497093
0.27906242374372353,-0.341215700734735,1.0136424147573904,0.19444121616218674,0.9128822531753525,0.3398715874950353,-1.047476580857282,-0.467213714060547,0.07245199152542843,1.12932288113598,0.5187988723035003,0.9676769867111022,0.9167060083222253,0.15939096390298807,1.9375347485015693,0.37124839947801613,0.8630601476768992,0.059442939393923096
-0.7116719382130038,0.738274986426059,-0.621086553141637,-1.1080674114815565,-0.33916487622918756,-0.6060168333104871,0.3756754104931502,-1.0996615465083608,0.271947707725678,-1.0938000080886539,0.3954415342560368,-0.20542494393662342,-0.310806989488297,1.133603581032753,-0.4103849725871679,0.5352626177548708,-0.47006474460948405,-1.0506586417165635
-0.09246296199004923,1.1430839941113569,-0.4903082357097148,-1.2708809899370244,-0.6445422248644412,-1.4167783368580777,0.6344303180114106,-0.04558182576200451,-0.32653944087507075,-0.9736312032657006,0.27208419620857327,-0.5964589208191986,-0.6338367257542239,-0.32771534466189434,-1.3989827498876888,-0.12079425535254804,-0.6826751800172262,0.5034835718381178
0.1552206284991326,-0.341215700734735,-0.39222449763577316,0.031627637706718836,-0.24755167163861147,0.6101254220108988,0.11692050297488979,0.16523411838726676,0.47144342392592764,-0.2826605755337198,-0.09798781793381725,-0.20542494393662342,0.6582822193094837,0.6464972724678705,0.2074886382256577,0.2072341812011614,-0.3666326408976095,0.9475242042823123
-0.5878301429684128,-0.20627936483963577,1.2098098909052737,-0.13118594074874906,1.6457878898999614,0.20474467023710352,-1.4356089421346725,0.16523411838726676,0.271947707725678,0.6186054606384289,1.1355855625408178,1.7497449404762526,1.239735744588152,2.038229582653249,0.8253622490384832,1.683362145692854,1.6962632053558888,0.5034835718381178
-0.5878301429684128,-0.341215700734735,1.3405882083371958,0.031627637706718836,1.5847124201729106,0.7452523392688306,-1.3062314883755424,1.2193138391336231,0.47144342392592764,0.6186054606384289,1.2281035660764155,1.7497449404762526,1.7565833226136351,1.8294697361254422,1.813960026339004,1.5193479274159993,1.569846189708042,1.1695445205044097
0.27906242374372353,-0.4761520366298343,-0.8826431880054814,0.5200683730731225,-0.9193818386361695,0.7452523392688306,0.893185225529671,-0.04558182576200451,0.07245199152542843,-0.5530403863853645,-0.00546981439821962,-0.9874928977017738,-0.8922605147669653,-0.32771534466189434,-0.9046838612374283,-0.28480847362940276,-0.8665544755050032,-1.3836891160497093
0.8982713999666782,0.19852964284566202,1.405977367053157,-0.29399951920421696,1.7374010944905374,-0.06550916427876001,-1.4356089421346725,-0.04558182576200451,0.47144342392592764,1.5198714968105778,1.2897822351001471,1.7497449404762526,1.239735744588152,2.1078161981625176,0.578212804713353,1.683362145692854,1.7939490810837704,0.17045309750497176
0.40290421898831447,0.8732113223211583,1.2098098909052737,0.6828819515285904,0.790731313721251,-0.6060168333104871,-1.047476580857282,-1.310477490657632,-0.72553087327557,0.8889852714900736,-0.22134515598128074,0.576643009828527,0.0768286940308153,-0.11895549813408761,1.0725116933636134,0.043219962924306694,0.805597867836969,1.6135851529486043
-0.09246296199004923,1.0081476582162576,-0.7518648705735592,-1.1080674114815565,-0.5529290202738651,-1.4167783368580777,0.5050528642522804,-0.2563977699112758,-0.72553087327557,-0.6131247887968411,-0.03630914891008549,-0.5964589208191986,-1.150684303779707,-0.675648422208239,-0.9046838612374283,-0.6128369101831123,-0.5907355322733377,-0.49560785116132017
-0.9593555287021857,-1.1508337161053306,-0.8172540292895203,0.8456955299840583,-0.7361554294550173,0.7452523392688306,0.6344303180114106,1.4301297832828943,-0.12704372467482117,-0.6431669900025794,-0.00546981439821962,-0.5964589208191986,-0.310806989488297,-0.11895549813408761,-0.5339596947497329,-0.28480847362940276,-0.7343912318731635,-0.8286383254944661
-0.09246296199004923,1.0081476582162576,-0.3595299182777926,-1.1080674114815565,-0.46131581568328905,-1.1465245023422141,0.3756754104931502,-1.0996615465083608,-0.32653944087507075,-0.8234201972370091,0.48795953779163437,-0.5964589208191986,-0.6984426730074093,0.020217732884450234,-1.522557472050254,0.2072341812011614,-0.5102883404974353,0.17045309750497176
0.5267460142329053,0.4684023146358605,1.2751990496212349,0.6828819515285904,1.2182596018106062,-0.6060168333104871,-1.3062314883755424,1.0084978949843517,-0.72553087327557,1.1894072835474565,1.351460904123879,1.3587109635936774,0.7874941138158544,0.9248437345049462,1.3196611376887437,1.1913194908622897,1.3227583863963417,-0.9396484836055148
1.3936385809450418,0.19852964284566202,-0.2287516008458704,0.35725479461765464,-0.33916487622918756,-0.06550916427876001,0.11692050297488979,0.376050062536538,-0.32653944087507075,0.4383522534039992,-0.653095839147403,-0.5964589208191986,-0.37541293674148235,-0.8148216532267768,-0.5339596947497329,-0.6128369101831123,-0.36088641291361645,-0.051567218717125565
-0.5878301429684128,-0.20627936483963577,1.1771153115472932,-0.45681309765968486,1.3098728064011822,0.20474467023710352,-1.3062314883755424,-1.310477490657632,0.47144342392592764,0.4683944546097375,1.351460904123879,1.3587109635936774,1.4981595336008937,1.4119500430698286,1.4432358598513089,1.3553337091391444,1.2940272464763767,0.2814632556160204
-0.3401465524792311,-1.420706387895529,-1.274978140301248,2.4738313145387374,-1.2552969221349486,1.9613945945902165,1.4106950405661918,1.4301297832828943,-0.12704372467482117,-0.7332935936197942,-0.7456138426830007,-1.378526874584349,-1.2798961982860777,-0.60606180669897,-0.16323552826203763,-0.776851128459967,-1.1193885068006966,-1.2726789579386608
0.03137883325454169,-0.880961044315132,-0.9480323467214424,1.1713226868949942,-1.1331459826808472,0.7452523392688306,1.1519401330479313,0.376050062536538,0.07245199152542843,-0.6431669900025794,-1.8249905505983062,-0.9874928977017738,-1.021472409273336,-1.441101192810197,0.08391391606309258,-1.5969222198442405,-1.021702631072815,-0.6066180092723689
-0.8355137334575947,-1.0158973802102313,-1.3076727196592286,1.1713226868949942,-1.37744786158905,0.8803792565267624,1.669449948084452,-0.2563977699112758,-0.5260351570753203,-0.9736312032657006,-1.7324725470627087,-1.378526874584349,-1.021472409273336,-2.0673807323936173,-0.4103849725871679,-1.7609364381210952,-1.2170743825285781,1.5025749948375555
0.1552206284991326,-1.1508337161053306,-0.7518648705735592,1.659763422261398,-0.6750799597279666,1.4208869255584895,0.5050528642522804,0.5868660066858092,0.07245199152542843,-0.16249177071076668,-1.146525191337257,-0.5964589208191986,0.012222746777629915,-0.5364751911897011,-0.16323552826203763,-0.776851128459967,-0.6711827240492402,-1.3836891160497093
-1.2070391191913674,1.278020330006456,-0.45761365635173423,-1.4336945683924922,-0.4918535505468144,-1.4167783368580777,0.3756754104931502,-0.8888456023590896,-0.32653944087507075,-1.51439082496899,0.08704818913737801,-0.5964589208191986,-0.6338367257542239,-0.049368882624818686,-1.3989827498876888,-0.12079425535254804,-0.5505119363853865,-1.161668799827612
-0.7116719382130038,0.3334659787407613,-0.26144618020385096,-0.7824402545706207,-0.33916487622918756,0.20474467023710352,0.24629795673401997,-1.0996615465083608,0.271947707725678,-0.7933779960312708,0.42628086876790267,-0.20542494393662342,0.0768286940308153,0.5073240414493326,-0.03966080609947253,0.043219962924306694,-0.41260246476955376,0.9475242042823123
-0.8355137334575947,0.4684023146358605,-0.5230028150676953,-1.2708809899370244,-0.6445422248644412,-0.33576299879462357,0.7638077717705407,0.376050062536538,-0.32653944087507075,-1.0637578068829154,-0.9306498497541958,-0.5964589208191986,-0.11698914772874085,-0.8844082687360457,-1.769706916375384,-0.776851128459967,-0.7171525479211844,1.9466156272817503
0.1552206284991326,-1.0158973802102313,0.8501695179674877,0.8456955299840583,0.8518067834483017,1.2857600083005576,-0.9180991270981518,0.16523411838726676,0.271947707725678,1.12932288113598,0.827192217422159,0.9676769867111022,1.1751297973349668,0.7856705034864083,1.813960026339004,1.027305272585435,0.805597867836969,0.39247341372706906
-0.7116719382130038,0.3334659787407613,-0.4903082357097148,-1.1080674114815565,-0.2780894065021368,-0.6060168333104871,0.24629795673401997,0.16523411838726676,0.47144342392592764,-0.8835045996484857,0.33376286523230503,-0.20542494393662342,0.012222746777629915,0.9944303500142151,0.2074886382256577,0.6992768360317256,-0.4068562367855607,-0.2735875349392229
-0.9593555287021857,1.278020330006456,-1.7327022513129757,-2.084948882214364,-1.285834656998474,-1.5519052541160094,1.7988274018435824,-1.0996615465083608,-0.5260351570753203,-1.724686233409158,-0.8381318462185983,-0.9874928977017738,-1.861349723564746,-1.371514577300928,-2.5111552493507747,-1.2688937832905312,-1.199835698576599,0.2814632556160204
-0.8355137334575947,0.6033386505309598,1.7983123193489237,-0.29399951920421696,2.0122407082622655,-1.1465245023422141,-1.694363849652933,0.16523411838726676,-0.32653944087507075,0.4683944546097375,1.6906935837544035,2.1407789173588276,1.3043416918413375,1.6207098895976353,1.690385304176439,2.0113905822465634,2.2191699518992545,-0.16257737682817422
0.40290421898831447,0.3334659787407613,-0.4903082357097148,-0.7824402545706207,-0.5834667551373905,-0.6060168333104871,0.5050528642522804,-0.04558182576200451,2.6658963021286732,-0.402829380356673,-0.5914171701236712,-0.5964589208191986,-1.021472409273336,-0.60606180669897,-1.0282585833999933,-0.6128369101831123,-0.6079742162253168,0.39247341372706906
-0.09246296199004923,-0.0713430289445365,0.03280503401797398,-0.29399951920421696,-0.12540073218451,-0.33576299879462357,-0.1418344045433706,0.16523411838726676,-0.12704372467482117,0.017761436523663097,0.48795953779163437,-0.20542494393662342,0.0768286940308153,0.15939096390298807,-0.5339596947497329,0.37124839947801613,-0.19424580137781855,-0.2735875349392229
0.03137883325454169,-1.2857700520004298,-0.2287516008458704,1.334136265350462,-0.2170139367750861,1.4208869255584895,-0.012456950784240401,0.16523411838726676,0.07245199152542843,0.2881412473753077,-1.3007218638965865,-0.20542494393662342,-0.5046248312478531,-0.8844082687360457,-0.16323552826203763,-1.1048795650136765,-0.274692993153721,1.8356054691707018
-0.09246296199004923,-0.20627936483963577,0.2616670895238378,0.031627637706718836,-0.03378752759393389,0.3398715874950353,-0.1418344045433706,-1.310477490657632,-0.12704372467482117,0.10788804014087798,-0.89981051524233,-0.20542494393662342,-0.37541293674148235,-0.9539948842453146,-0.28681025042460273,-1.1048795650136765,-0.11954483758590913,1.7245953110596528
0.6505878094774963,-0.7460247084200328,-0.6864757118575981,0.5200683730731225,-0.43077808081976365,0.7452523392688306,0.3756754104931502,0.5868660066858092,0.271947707725678,0.017761436523663097,-0.00546981439821962,-0.5964589208191986,0.3352524830435568,0.08980434839371916,0.3310633603882228,0.043219962924306694,-0.48730342856146314,-0.49560785116132017
0.27906242374372353,0.19852964284566202,-0.5230028150676953,-0.7824402545706207,-0.5834667551373905,-0.7411437505684189,0.5050528642522804,-0.8888456023590896,-0.32653944087507075,-0.4929559839738879,-0.49889916658807365,-0.5964589208191986,-0.6984426730074093,-0.39730196017116326,-1.2754080277251236,-0.4488226919062575,-0.6022279882413237,-1.161668799827612
0.5267460142329053,-0.341215700734735,0.9482532560414293,0.35725479461765464,1.0655709274929794,0.47499850475296707,-1.047476580857282,0.5868660066858092,0.271947707725678,1.219449484753195,1.104746228028952,0.9676769867111022,1.562765480854079,0.08980434839371916,1.1960864155261786,0.2072341812011614,1.012462075260718,-0.2735875349392229
-0.5878301429684128,-0.0713430289445365,-0.915337767363462,-0.9452538330260886,-0.8888441037726442,-0.6060168333104871,1.0225626792888012,0.5868660066858092,-0.12704372467482117,-0.913546800854224,-1.4549185364559158,-0.9874928977017738,-0.5046248312478531,-1.441101192810197,-1.1518333055625585,-1.1048795650136765,-0.8837931594569823,0.8365140461712637
-0.09246296199004923,-0.6110883725249335,-0.8172540292895203,1.1713226868949942,-0.7666931643185427,1.0155061737846942,0.6344303180114106,0.16523411838726676,-0.12704372467482117,-0.5229981851796262,-0.03630914891008549,-0.9874928977017738,-0.7630486202605946,-0.32771534466189434,-0.6575344169122981,-0.12079425535254804,-0.7171525479211844,-0.49560785116132017
-0.5878301429684128,0.6033386505309598,-0.5556973944256759,-1.1080674114815565,-0.36970261109271296,-0.6060168333104871,0.3756754104931502,-0.2563977699112758,0.271947707725678,-0.913546800854224,0.3954415342560368,-0.20542494393662342,0.14143464128400068,1.5511232740883665,0.08391391606309258,0.8632910543085803,-0.48730342856146314,-0.7176281673834175
0.40290421898831447,-0.7460247084200328,0.3597508275977795,0.6828819515285904,0.30212755590484514,0.6101254220108988,-0.5299667658207612,-1.0996615465083608,0.07245199152542843,0.8589430702843353,-0.7764531771948665,0.1856090329459518,0.9167060083222253,-0.4668885756804322,0.2074886382256577,-0.4488226919062575,0.21948261346967973,1.8356054691707018
0.8982713999666782,-0.20627936483963577,-0.4903082357097148,0.19444121616218674,-0.7666931643185427,0.47499850475296707,0.6344303180114106,-0.8888456023590896,-0.12704372467482117,-0.04232296588781349,0.05620885462551213,-0.9874928977017738,-0.5692307785010385,0.020217732884450234,-1.0282585833999933,0.043219962924306694,-0.7401374598571565,-1.3836891160497093
-0.8355137334575947,1.6828293376917538,-1.4384510370911507,-1.4336945683924922,-1.4079855964525754,-1.5519052541160094,1.7988274018435824,0.376050062536538,-0.72553087327557,-1.6946440322034195,-0.8689711807304641,-1.378526874584349,-2.1197735125774875,-1.371514577300928,-1.2754080277251236,-1.2688937832905312,-1.2458055224485434,0.39247341372706906
-0.5878301429684128,1.6828293376917538,2.5829822239404567,-0.7824402545706207,2.2260048523069433,-1.5519052541160094,-1.694363849652933,0.376050062536538,-0.5260351570753203,0.6786898630499055,2.09160493240866,2.1407789173588276,0.9167060083222253,1.5511232740883665,1.9375347485015693,1.683362145692854,2.420287931339011,-0.3845976930502715
0.40290421898831447,0.738274986426059,1.4386719464111375,0.35725479461765464,1.2487973366741316,-0.8762706678263507,-1.3062314883755424,-0.2563977699112758,-0.72553087327557,1.039196277518765,1.2281035660764155,1.3587109635936774,0.6582822193094837,0.7856705034864083,0.7017875268759182,1.027305272585435,1.351489526316307,-0.16257737682817422
0.6505878094774963,-0.4761520366298343,-0.26144618020385096,0.19444121616218674,-0.43077808081976365,-0.06550916427876001,0.24629795673401997,-0.04558182576200451,-0.12704372467482117,0.34822564978678433,-0.9306498497541958,-0.5964589208191986,-0.11698914772874085,-1.3019279617916593,-0.16323552826203763,-1.2688937832905312,-0.4758109725934771,-0.3845976930502715
0.7744296047220872,-0.20627936483963577,-0.8172540292895203,0.5200683730731225,-1.041532778090271,0.7452523392688306,1.0225626792888012,0.16523411838726676,0.07245199152542843,-0.3127027767394581,-0.12882715244568313,-0.9874928977017738,-1.150684303779707,-0.39730196017116326,-0.03966080609947253,-0.4488226919062575,-0.9642403512328848,0.059442939393923096
0.6505878094774963,-0.0713430289445365,-0.5556973944256759,-0.13118594074874906,-0.6140044900009158,-0.06550916427876001,0.5050528642522804,0.16523411838726676,-0.32653944087507075,-0.10240736829929008,-0.6839351736592689,-0.5964589208191986,-0.37541293674148235,-0.5364751911897011,-0.7811091390748632,-0.6128369101831123,-0.6252129001772959,0.059442939393923096
-0.21630475723464015,0.3334659787407613,-0.2941407595618315,-0.6196266761151528,-0.4002403459562383,0.06961775297917176,0.24629795673401997,-1.0996615465083608,0.271947707725678,-0.5830825875911028,0.3646021997441709,-0.5964589208191986,0.20604058853718604,0.5073240414493326,-0.4103849725871679,0.37124839947801613,-0.464318516625491,-0.8286383254944661
0.03137883325454169,-0.0713430289445365,1.4386719464111375,0.031627637706718836,1.5847124201729106,0.6101254220108988,-1.4356089421346725,1.2193138391336231,0.47144342392592764,0.9791118751072885,0.8580315519340249,1.7497449404762526,1.6919773753604497,1.0640169655234841,1.4432358598513089,1.027305272585435,1.581338645676028,0.39247341372706906
-0.7116719382130038,0.19852964284566202,1.405977367053157,-0.29399951920421696,1.5541746853093852,-0.20063608153669177,-1.4356089421346725,-0.467213714060547,0.07245199152542843,0.37826785099252264,1.2897822351001471,1.7497449404762526,0.9167060083222253,1.899056351634711,1.4432358598513089,1.683362145692854,1.5928311016440142,-0.8286383254944661
-1.2070391191913674,0.19852964284566202,-1.0134215054374036,-0.45681309765968486,-1.1636837175443726,-1.4167783368580777,1.540072494325322,-1.310477490657632,-0.12704372467482117,-1.3040954165288219,-1.3007218638965865,-0.9874928977017738,-0.7630486202605946,-0.60606180669897,0.578212804713353,-1.1048795650136765,-1.1078960508327105,0.059442939393923096
0.03137883325454169,0.6033386505309598,1.111726152831332,0.35725479461765464,1.0655709274929794,-0.7411437505684189,-1.176854034616412,0.376050062536538,-0.72553087327557,0.5885632594326907,1.3823002386357448,0.9676769867111022,0.3998584302967422,0.7160838879771394,0.7017875268759182,1.027305272585435,1.0871630390526275,1.5025749948375555
0.27906242374372353,-0.0713430289445365,1.2098098909052737,-0.13118594074874906,1.4930992155823344,0.47499850475296707,-1.3062314883755424,-0.8888456023590896,0.47144342392592764,1.219449484753195,1.2897822351001471,1.3587109635936774,1.0459179028285959,1.7598831206161731,1.4432358598513089,1.8473763639697087,1.4951452259161326,0.725503888060215
-1.2070391191913674,0.738274986426059,-0.980726926079423,-0.7824402545706207,-1.0720705129537964,-1.6870321713739413,1.4106950405661918,1.0084978949843517,-0.12704372467482117,-1.2740532153230835,-1.0540071878016595,-0.9874928977017738,-1.021472409273336,-0.5364751911897011,0.2074886382256577,-1.1048795650136765,-1.0504337709927802,-0.49560785116132017
-0.7116719382130038,1.5478930017966546,-0.5883919737836565,-1.4336945683924922,-0.6140044900009158,-1.6870321713739413,0.5050528642522804,0.5868660066858092,-0.32653944087507075,-1.3942220201460367,0.3646021997441709,-0.5964589208191986,-0.7630486202605946,-0.25812872915262547,-0.9046838612374283,0.043219962924306694,-0.6424515841292749,-0.8286383254944661
1.6413221714342237,-0.4761520366298343,0.03280503401797398,1.1713226868949942,0.08836341186016758,0.7452523392688306,-0.40058931206163095,-0.6780296582098183,-0.5260351570753203,1.219449484753195,-0.406381163052476,-0.20542494393662342,0.14143464128400068,-0.675648422208239,-0.28681025042460273,-0.4488226919062575,0.058588229917874844,-0.051567218717125565
0.8982713999666782,-0.341215700734735,0.03280503401797398,1.8225770007168658,-0.06432526245745926,0.8803792565267624,-0.40058931206163095,-1.0996615465083608,-0.72553087327557,0.7087320642556438,-1.1156858568253911,-0.20542494393662342,-0.6338367257542239,-1.1627547307731214,0.578212804713353,-1.1048795650136765,-0.05059010177799275,-1.0506586417165635
-0.7116719382130038,0.4684023146358605,-0.39222449763577316,-0.9452538330260886,-0.2780894065021368,-0.4708899160525553,0.24629795673401997,0.7976819508350805,0.271947707725678,-0.9435890020599623,0.3646021997441709,-0.20542494393662342,0.012222746777629915,0.8552571189956772,0.08391391606309258,0.6992768360317256,-0.3953637808175746,-0.6066180092723689
0.27906242374372353,0.06359330695056276,-0.4249190769937537,0.19444121616218674,-0.5223912854103397,-0.20063608153669177,0.3756754104931502,-0.6780296582098183,-0.32653944087507075,-0.3127027767394581,-0.6839351736592689,-0.5964589208191986,-0.5692307785010385,-0.675648422208239,-0.7811091390748632,-0.6128369101831123,-0.5447657084013935,-0.49560785116132017
0.03137883325454169,-0.0713430289445365,-1.7327022513129757,0.19444121616218674,-1.6522874753607784,-0.20063608153669177,2.186959763120973,1.6409457274321655,-0.72553087327557,-1.1538844105001302,-1.146525191337257,-1.378526874584349,-1.4091080927924484,-1.0931681152638524,-0.16323552826203763,-1.1048795650136765,-1.389461222048369,-0.8286383254944661
-1.3308809144359584,1.4129566659015553,2.942622596878243,-1.2708809899370244,2.8367595495774505,-1.822159088631873,-1.9531187571711932,0.5868660066858092,-0.5260351570753203,0.34822564978678433,2.554194950086648,2.922846871123978,1.562765480854079,1.6207098895976353,2.0611094706641344,2.175404800523418,3.230506077082028,0.059442939393923096
-1.3308809144359584,0.738274986426059,-0.7845594499315397,-0.6196266761151528,-1.0109950432267456,-1.4167783368580777,1.2813175868070614,2.0625776157307083,-0.32653944087507075,-1.3641798189402985,-0.5914171701236712,-0.9874928977017738,-1.150684303779707,-0.25812872915262547,-0.03966080609947253,-0.4488226919062575,-0.9987177191368429,-0.051567218717125565
-1.2070391191913674,-0.20627936483963577,-1.046116084795384,0.35725479461765464,-1.2552969221349486,-0.7411437505684189,1.540072494325322,-0.8888456023590896,0.07245199152542843,-1.2740532153230835,-1.7016332125508429,-0.9874928977017738,-0.7630486202605946,-0.7452350377175079,-0.03966080609947253,-1.2688937832905312,-1.1366271907526757,0.059442939393923096
1.6413221714342237,-0.4761520366298343,-0.6864757118575981,0.8456955299840583,-0.6750799597279666,0.7452523392688306,0.5050528642522804,-0.04558182576200451,-0.5260351570753203,0.318183448581046,0.11788752364924389,-0.5964589208191986,-0.7630486202605946,-0.4668885756804322,-0.7811091390748632,-0.12079425535254804,-0.630959128161289,-1.2726789579386608
-0.3401465524792311,-0.341215700734735,1.046336994115371,-0.29399951920421696,1.2182596018106062,0.3398715874950353,-1.176854034616412,-1.0996615465083608,0.271947707725678,0.6186054606384289,0.7038348793746955,1.3587109635936774,1.4335535863477082,1.0640169655234841,0.8253622490384832,1.1913194908622897,1.184848914780509,1.058534362393361
-0.7116719382130038,1.1430839941113569,-0.5883919737836565,-1.5965081468479603,-0.5223912854103397,-1.5519052541160094,0.5050528642522804,-1.0996615465083608,-0.12704372467482117,-1.2139688129116069,0.3646021997441709,-0.5964589208191986,-1.0860783565265215,-0.18854211364335652,-1.0282585833999933,0.043219962924306694,-0.5964817602573308,-0.2735875349392229
-0.9593555287021857,0.6033386505309598,-0.4249190769937537,-1.1080674114815565,-0.24755167163861147,-0.33576299879462357,0.24629795673401997,-1.0996615465083608,0.47144342392592764,-1.123842209294392,-0.00546981439821962,-0.20542494393662342,-0.11698914772874085,1.0640169655234841,-0.5339596947497329,0.37124839947801613,-0.3838713248495886,-0.6066180092723689
1.2697967857004508,1.6828293376917538,2.5829822239404567,-0.7824402545706207,2.134391647716367,-1.5519052541160094,-1.694363849652933,0.16523411838726676,-0.9250265894758195,2.0906733197196052,2.09160493240866,2.1407789173588276,1.239735744588152,1.0640169655234841,1.0725116933636134,1.3553337091391444,2.3455869675471015,1.058534362393361
-0.7116719382130038,-0.7460247084200328,-0.13066786277192877,0.5200683730731225,-0.15593846704803538,0.3398715874950353,-0.012456950784240401,-1.0996615465083608,-0.32653944087507075,-0.37278717915093473,-1.0540071878016595,-0.20542494393662342,-0.310806989488297,-1.3019279617916593,-0.6575344169122981,-1.1048795650136765,-0.23446939726576976,-0.3845976930502715
0.03137883325454169,1.278020330006456,-0.7518648705735592,-1.4336945683924922,-0.5529290202738651,-1.4167783368580777,0.5050528642522804,-0.8888456023590896,-0.32653944087507075,-0.8534623984427474,-0.03630914891008549,-0.5964589208191986,-1.2798961982860777,-1.0235814997545836,-0.9046838612374283,-0.776851128459967,-0.6079742162253168,-1.0506586417165635
0.03137883325454169,-0.6110883725249335,-0.9480323467214424,0.8456955299840583,-0.9804573083632203,0.8803792565267624,0.893185225529671,1.0084978949843517,0.07245199152542843,-0.703251392414056,-1.0540071878016595,-0.9874928977017738,-0.7630486202605946,-0.9539948842453146,-1.1518333055625585,-1.2688937832905312,-0.8952856154249684,-0.3845976930502715
-0.21630475723464015,-0.6110883725249335,0.39244540695576,0.5200683730731225,0.21051435131426904,0.47499850475296707,-0.40058931206163095,1.4301297832828943,-0.12704372467482117,0.2881412473753077,0.7346742138865614,0.1856090329459518,0.5290703248031129,0.2985641949215259,-0.6575344169122981,0.5352626177548708,0.13903542169377728,0.39247341372706906
0.03137883325454169,-0.341215700734735,0.6540020418196044,0.031627637706718836,0.454816230222472,0.20474467023710352,-0.6593442195798913,-0.6780296582098183,0.271947707725678,0.5885632594326907,-0.19050582146941486,0.1856090329459518,0.3998584302967422,-0.4668885756804322,-0.03966080609947253,-0.4488226919062575,0.3918694529894707,-0.051567218717125565
-1.3308809144359584,0.6033386505309598,-0.8499486086475009,-1.2708809899370244,-0.7972308991820681,-1.4167783368580777,0.7638077717705407,-0.8888456023590896,-0.5260351570753203,-1.6045174285862047,-0.8689711807304641,-0.5964589208191986,-1.2152902510328922,-1.2323413462823902,-1.8932816385379492,-1.1048795650136765,-0.7861072837291008,-0.9396484836055148
-0.7116719382130038,1.4129566659015553,-0.6537811324996176,-1.7593217253034281,-0.4918535505468144,-1.6870321713739413,0.5050528642522804,-0.467213714060547,-0.5260351570753203,-1.1839266117058687,0.08704818913737801,-0.5964589208191986,-1.0860783565265215,0.15939096390298807,-0.9046838612374283,-0.12079425535254804,-0.6022279882413237,0.059442939393923096
0.5267460142329053,-1.0158973802102313,-0.6864757118575981,1.9853905791723336,-0.5223912854103397,1.691140760074353,0.24629795673401997,-1.310477490657632,-0.32653944087507075,0.13793024134661627,-1.7016332125508429,-0.5964589208191986,-0.7630486202605946,-1.3019279617916593,0.4546380825507879,-1.2688937832905312,-0.5160345684814283,0.39247341372706906
-0.3401465524792311,0.3334659787407613,-0.6864757118575981,-0.6196266761151528,-0.6140044900009158,-0.6060168333104871,0.5050528642522804,0.376050062536538,-0.5260351570753203,-0.9435890020599623,0.27208419620857327,-0.5964589208191986,-0.5692307785010385,-0.11895549813408761,-1.2754080277251236,0.2072341812011614,-0.6252129001772959,-1.3836891160497093
1.5174803761896327,0.19852964284566202,1.1771153115472932,-0.45681309765968486,1.3404105412647076,-0.33576299879462357,-1.3062314883755424,-1.310477490657632,0.271947707725678,1.7902513076622224,1.5056575766832083,1.3587109635936774,1.4335535863477082,1.899056351634711,0.2074886382256577,2.0113905822465634,1.3457432983323139,-0.9396484836055148
0.6505878094774963,-0.341215700734735,1.3078936289792154,-0.29399951920421696,1.6457878898999614,0.7452523392688306,-1.4356089421346725,-0.6780296582098183,0.6709391401261772,1.6099981004277926,0.7963528829102932,1.7497449404762526,1.239735744588152,1.7598831206161731,1.566810582013874,1.5193479274159993,1.6388009255159586,-0.9396484836055148
1.022113195211269,-0.20627936483963577,-0.6864757118575981,-0.13118594074874906,-0.7361554294550173,-0.33576299879462357,0.6344303180114106,-0.467213714060547,-0.32653944087507075,-0.10240736829929008,-0.06714848342195137,-0.5964589208191986,-0.6984426730074093,-0.4668885756804322,-0.6575344169122981,-0.12079425535254804,-0.7114063199371914,-0.9396484836055148
0.1552206284991326,-0.0713430289445365,1.5040611051270987,-0.45681309765968486,1.7984765642175882,0.3398715874950353,-1.4356089421346725,-0.04558182576200451,0.47144342392592764,1.1593650823417183,0.9505495554696225,1.7497449404762526,1.6273714281072644,2.2469894291810557,0.8253622490384832,2.0113905822465634,1.8399189049557145,0.725503888060215
-0.21630475723464015,-0.7460247084200328,1.046336994115371,0.031627637706718836,1.4320237458552838,0.47499850475296707,-1.3062314883755424,1.0084978949843517,0.6709391401261772,0.9190274726958119,1.1664248970526836,1.3587109635936774,1.4335535863477082,0.9944303500142151,1.9375347485015693,1.1913194908622897,1.4664140859961676,-0.6066180092723689
0.6505878094774963,1.817765673586853,3.1714846523841067,-1.4336945683924922,2.867297284440976,-1.5519052541160094,-1.9531187571711932,0.5868660066858092,-0.5260351570753203,2.0005467161023907,2.6467129536222456,2.922846871123978,1.6273714281072644,1.6207098895976353,1.566810582013874,2.0113905822465634,3.1672975692581047,2.057625785392799
1.5174803761896327,0.4684023146358605,-0.26144618020385096,-0.45681309765968486,-0.4918535505468144,-0.8762706678263507,0.3756754104931502,-1.0996615465083608,2.067409153527924,0.25809904616956947,-0.19050582146941486,-0.5964589208191986,-0.7630486202605946,-0.32771534466189434,-0.6575344169122981,-0.28480847362940276,-0.5390194804174004,-0.3845976930502715
0.40290421898831447,0.4684023146358605,-0.32683533891981204,-0.6196266761151528,-0.5223912854103397,-0.8762706678263507,0.3756754104931502,-0.2563977699112758,-0.32653944087507075,-0.4328715815624113,-0.4372204975643419,-0.5964589208191986,-0.5692307785010385,-0.32771534466189434,-1.3989827498876888,-0.28480847362940276,-0.5447657084013935,-0.16257737682817422
-0.7116719382130038,1.1430839941113569,-0.3595299182777926,-1.2708809899370244,-0.4918535505468144,-1.4167783368580777,0.3756754104931502,-0.04558182576200451,-0.32653944087507075,-1.1538844105001302,-0.03630914891008549,-0.5964589208191986,-1.021472409273336,-0.39730196017116326,-0.9046838612374283,-0.28480847362940276,-0.5505119363853865,0.17045309750497176
-0.21630475723464015,-1.1508337161053306,0.6213074624616238,1.1713226868949942,0.699118109130675,1.2857600083005576,-0.7887216733390215,2.4842095040292507,0.47144342392592764,0.8589430702843353,0.6113168758390979,0.576643009828527,1.4981595336008937,0.9944303500142151,1.4432358598513089,1.027305272585435,0.627464800333185,-0.9396484836055148
0.03137883325454169,0.06359330695056276,0.9482532560414293,-0.29399951920421696,1.3404105412647076,-0.20063608153669177,-1.3062314883755424,0.7976819508350805,0.47144342392592764,0.7688164666671204,1.3823002386357448,1.3587109635936774,1.1751297973349668,1.899056351634711,1.1960864155261786,1.683362145692854,1.3227583863963417,0.17045309750497176
-0.7116719382130038,1.9527020094819523,-0.5883919737836565,-1.5965081468479603,-0.5834667551373905,-1.822159088631873,0.6344303180114106,-0.467213714060547,-0.5260351570753203,-1.33413761773456,-0.09798781793381725,-0.5964589208191986,-1.0860783565265215,-0.25812872915262547,-0.7811091390748632,-0.12079425535254804,-0.6596902680812541,-0.051567218717125565
0.5267460142329053,0.19852964284566202,-0.5230028150676953,-0.9452538330260886,-0.36970261109271296,-0.06550916427876001,0.3756754104931502,0.16523411838726676,0.47144342392592764,-0.16249177071076668,0.11788752364924389,-0.20542494393662342,0.20604058853718604,0.7160838879771394,-0.03966080609947253,0.37124839947801613,-0.464318516625491,0.2814632556160204
-0.09246296199004923,-1.0158973802102313,0.6866966211775849,0.8456955299840583,0.7601935788577256,1.0155061737846942,-0.9180991270981518,1.0084978949843517,0.07245199152542843,0.8589430702843353,-0.4372204975643419,0.576643009828527,1.1751297973349668,0.08980434839371916,2.0611094706641344,0.2072341812011614,0.7194044480770735,-0.6066180092723689
0.27906242374372353,-0.7460247084200328,1.0790315734733515,0.031627637706718836,1.6457878898999614,0.6101254220108988,-1.4356089421346725,-1.310477490657632,0.6709391401261772,1.4898292956048396,0.7655135483984272,1.7497449404762526,1.6273714281072644,1.8294697361254422,1.1960864155261786,1.5193479274159993,1.6790245214039097,0.6144937299491664
0.6505878094774963,-0.7460247084200328,0.9482532560414293,0.5200683730731225,0.9128822531753525,0.7452523392688306,-1.047476580857282,1.2193138391336231,0.07245199152542843,1.6099981004277926,1.598175580218806,0.9676769867111022,1.4335535863477082,1.0640169655234841,0.3310633603882228,1.1913194908622897,0.8802988316288783,0.8365140461712637
-0.21630475723464015,-1.0158973802102313,-1.2422835609432674,1.0085091084395263,-1.1636837175443726,1.0155061737846942,1.2813175868070614,-0.6780296582098183,-0.5260351570753203,-0.703251392414056,-1.639954543527111,-0.9874928977017738,-0.8922605147669653,-1.2323413462823902,-1.0282585833999933,-1.2688937832905312,-1.0504337709927802,0.17045309750497176
1.022113195211269,-0.20627936483963577,-0.5230028150676953,-0.29399951920421696,-0.6750799597279666,-0.6060168333104871,0.5050528642522804,0.7976819508350805,-0.5260351570753203,0.04780363772940139,0.4571202032797685,-0.5964589208191986,-0.6984426730074093,-0.11895549813408761,-0.9046838612374283,0.043219962924306694,-0.6596902680812541,-0.49560785116132017
-0.3401465524792311,0.4684023146358605,-1.3076727196592286,-0.45681309765968486,-1.37744786158905,-1.0113975850842825,1.7988274018435824,1.2193138391336231,-0.5260351570753203,-1.0337156056771772,-0.7456138426830007,-1.378526874584349,-1.2152902510328922,-0.7452350377175079,-0.5339596947497329,-0.6128369101831123,-1.2228206105125712,-1.0506586417165635
-0.9593555287021857,0.3334659787407613,-0.5556973944256759,-0.9452538330260886,-0.6445422248644412,-1.0113975850842825,0.6344303180114106,0.16523411838726676,-0.32653944087507075,-1.0938000080886539,-0.89981051524233,-0.5964589208191986,-0.4400188839946677,-1.1627547307731214,-1.0282585833999933,-1.1048795650136765,-0.6769289520332332,1.391564836726507
0.27906242374372353,-0.7460247084200328,-1.0134215054374036,0.6828819515285904,-1.0720705129537964,0.7452523392688306,1.1519401330479313,0.16523411838726676,0.271947707725678,-0.5530403863853645,-0.46805983207620777,-0.9874928977017738,-1.150684303779707,-0.39730196017116326,-0.7811091390748632,-0.4488226919062575,-0.9872252631688568,-1.2726789579386608
-0.09246296199004923,-0.341215700734735,1.2751990496212349,0.19444121616218674,1.1877218669470808,1.0155061737846942,-1.176854034616412,-0.2563977699112758,0.271947707725678,1.0091540763130267,0.7963528829102932,1.3587109635936774,1.6273714281072644,0.36815081043079484,1.566810582013874,0.5352626177548708,1.1446253188925577,1.7245953110596528
-0.5878301429684128,-0.0713430289445365,1.046336994115371,-0.45681309765968486,1.5847124201729106,0.3398715874950353,-1.3062314883755424,-1.0996615465083608,0.47144342392592764,0.318183448581046,0.7346742138865614,1.7497449404762526,0.5936762720562984,1.5511232740883665,1.1960864155261786,1.5193479274159993,1.5583537337400561,2.1686359435038476
-0.5878301429684128,-0.20627936483963577,1.2098098909052737,-0.45681309765968486,1.7374010944905374,0.3398715874950353,-1.4356089421346725,-0.2563977699112758,0.8704348563264268,0.4383522534039992,0.9197102209577567,1.7497449404762526,1.239735744588152,2.038229582653249,0.9489369712010484,1.683362145692854,1.753725485195819,-0.2735875349392229
-0.9593555287021857,1.6828293376917538,-0.5556973944256759,-1.4336945683924922,-0.5529290202738651,-1.822159088631873,0.5050528642522804,-0.8888456023590896,-0.32653944087507075,-1.3040954165288219,-0.06714848342195137,-0.5964589208191986,-1.0860783565265215,-0.5364751911897011,-0.9046838612374283,-0.4488226919062575,-0.6252129001772959,-0.49560785116132017
0.03137883325454169,0.738274986426059,-0.4249190769937537,-1.1080674114815565,-0.46131581568328905,-1.0113975850842825,0.3756754104931502,-1.310477490657632,-0.12704372467482117,-0.8234201972370091,-0.00546981439821962,-0.5964589208191986,-0.6338367257542239,-0.25812872915262547,-1.769706916375384,-0.28480847362940276,-0.5275270244494144,-0.49560785116132017
0.03137883325454169,-0.6110883725249335,0.9155586766834488,0.19444121616218674,1.035033192629454,0.6101254220108988,-1.047476580857282,1.2193138391336231,0.47144342392592764,1.039196277518765,1.8757295908255989,0.9676769867111022,1.4981595336008937,1.133603581032753,1.813960026339004,1.5193479274159993,0.9894771633247459,-1.0506586417165635
0.5267460142329053,-0.880961044315132,1.111726152831332,0.35725479461765464,1.2487973366741316,0.7452523392688306,-1.176854034616412,-1.310477490657632,0.47144342392592764,1.5799558992220544,1.1664248970526836,1.3587109635936774,1.3689476390945228,1.0640169655234841,1.690385304176439,1.3553337091391444,1.2480574226044323,-1.2726789579386608
1.5174803761896327,-0.341215700734735,-0.2941407595618315,1.0085091084395263,-0.33916487622918756,0.7452523392688306,-0.012456950784240401,0.376050062536538,-0.32653944087507075,0.5585210582269524,0.27208419620857327,-0.5964589208191986,-0.5046248312478531,-0.32771534466189434,-0.16323552826203763,0.043219962924306694,-0.3493939569456304,-0.7176281673834175
-0.8355137334575947,1.1430839941113569,-0.4903082357097148,-1.4336945683924922,-0.4918535505468144,-1.5519052541160094,0.5050528642522804,-1.310477490657632,-0.32653944087507075,-1.2740532153230835,-0.03630914891008549,-0.5964589208191986,-1.2152902510328922,-0.39730196017116326,-0.4103849725871679,-0.4488226919062575,-0.5734968483213586,0.2814632556160204
7.957253728908361,6.135728422230029,2.7464551207303596,-0.6196266761151528,-0.46131581568328905,-0.20063608153669177,0.3756754104931502,-1.310477490657632,8.052280639535413,4.13354300170981,0.7963528829102932,-0.5964589208191986,0.2706465357903714,0.5769106569586016,-0.4103849725871679,0.5352626177548708,-0.5160345684814283,0.2814632556160204
0.40290421898831447,-0.20627936483963577,1.2098098909052737,-0.6196266761151528,1.7679388293540628,0.06961775297917176,-1.4356089421346725,-0.04558182576200451,0.6709391401261772,1.1894072835474565,1.2897822351001471,1.7497449404762526,1.239735744588152,2.3861626601995933,0.578212804713353,2.175404800523418,1.7939490810837704,-1.2726789579386608
0.27906242374372353,-0.341215700734735,0.16358335144989616,0.5200683730731225,-0.0032497927304085275,0.3398715874950353,-0.2712118583025008,1.0084978949843517,-0.12704372467482117,0.4383522534039992,0.2412448616967074,-0.20542494393662342,-0.05238320047555546,0.15939096390298807,0.4546380825507879,0.37124839947801613,-0.056336329761985784,-1.161668799827612
0.5267460142329053,-0.0713430289445365,-0.4903082357097148,-0.45681309765968486,-0.2780894065021368,0.20474467023710352,0.24629795673401997,-1.0996615465083608,0.47144342392592764,-0.16249177071076668,0.05620885462551213,-0.20542494393662342,0.14143464128400068,0.7856705034864083,-0.5339596947497329,0.2072341812011614,-0.3896175528335816,0.8365140461712637
-0.3401465524792311,-0.341215700734735,-0.2941407595618315,-0.29399951920421696,-0.46131581568328905,-0.4708899160525553,0.24629795673401997,-1.0996615465083608,-0.12704372467482117,-0.37278717915093473,-1.146525191337257,-0.5964589208191986,0.012222746777629915,-1.3019279617916593,-0.5339596947497329,-1.1048795650136765,-0.48730342856146314,-1.2726789579386608
-0.21630475723464015,-0.6110883725249335,1.1444207321893127,0.19444121616218674,1.3098728064011822,0.6101254220108988,-1.3062314883755424,0.5868660066858092,0.47144342392592764,0.9190274726958119,0.42628086876790267,1.3587109635936774,1.3689476390945228,0.5769106569586016,2.1846841928266993,0.8632910543085803,1.3055197024443628,-0.3845976930502715
0.5267460142329053,0.19852964284566202,1.1771153115472932,-0.6196266761151528,1.4014860109917584,-0.20063608153669177,-1.3062314883755424,-1.0996615465083608,0.271947707725678,0.9791118751072885,1.4439789076594765,1.3587109635936774,1.1751297973349668,1.7598831206161731,1.3196611376887437,1.683362145692854,1.4032055781722441,-1.2726789579386608
0.03137883325454169,-0.20627936483963577,-0.621086553141637,-0.13118594074874906,-0.6750799597279666,0.20474467023710352,0.5050528642522804,-0.467213714060547,-0.12704372467482117,-0.6431669900025794,-0.406381163052476,-0.5964589208191986,-0.11698914772874085,-0.25812872915262547,-0.6575344169122981,-0.6128369101831123,-0.6769289520332332,0.39247341372706906
-0.3401465524792311,-0.0713430289445365,-0.6864757118575981,0.031627637706718836,-0.9804573083632203,-0.33576299879462357,1.0225626792888012,0.16523411838726676,-0.32653944087507075,-0.913546800854224,-1.4240792019440498,-0.9874928977017738,-0.5046248312478531,-1.0235814997545836,-0.5339596947497329,-1.1048795650136765,-0.9067780713929544,-0.6066180092723689
-0.3401465524792311,1.0081476582162576,-0.6864757118575981,-1.2708809899370244,-0.6445422248644412,-1.1465245023422141,0.6344303180114106,2.0625776157307083,-0.5260351570753203,-0.7332935936197942,-1.177364525849123,-0.5964589208191986,-0.4400188839946677,-1.0931681152638524,-2.0168563607005145,-1.1048795650136765,-0.6941676359852123,0.8365140461712637
0.8982713999666782,0.06359330695056276,1.3078936289792154,-0.45681309765968486,1.5541746853093852,0.06961775297917176,-1.4356089421346725,-0.467213714060547,0.47144342392592764,1.429744893193363,1.3823002386357448,1.7497449404762526,1.3689476390945228,1.96864296714398,1.3196611376887437,2.0113905822465634,1.564099961724049,-1.0506586417165635
1.6413221714342237,0.6033386505309598,-0.26144618020385096,-0.6196266761151528,-0.4002403459562383,-0.7411437505684189,0.24629795673401997,-0.2563977699112758,-0.32653944087507075,0.34822564978678433,-0.03630914891008549,-0.5964589208191986,-0.37541293674148235,-0.32771534466189434,-1.1518333055625585,-0.28480847362940276,-0.4413336046895189,-0.051567218717125565
0.6505878094774963,0.19852964284566202,1.2751990496212349,-0.45681309765968486,1.12664639722003,-0.33576299879462357,-1.176854034616412,-0.2563977699112758,0.07245199152542843,1.3696604907818863,0.8580315519340249,0.9676769867111022,1.4335535863477082,0.228977579412257,0.2074886382256577,0.5352626177548708,1.1044017230046066,-0.3845976930502715
1.022113195211269,-0.0713430289445365,1.5040611051270987,-0.29399951920421696,1.7679388293540628,0.3398715874950353,-1.4356089421346725,-1.310477490657632,0.47144342392592764,1.850335710073699,1.0122282244933543,1.7497449404762526,1.7565833226136351,2.3861626601995933,0.8253622490384832,2.175404800523418,1.8169339930197426,0.059442939393923096
0.8982713999666782,1.0081476582162576,-0.621086553141637,-1.2708809899370244,-0.6140044900009158,-1.5519052541160094,0.5050528642522804,-0.2563977699112758,-0.72553087327557,-0.5530403863853645,0.30292353072043915,-0.5964589208191986,-0.8922605147669653,-0.25812872915262547,-1.3989827498876888,0.043219962924306694,-0.653944040097261,-1.3836891160497093
0.27906242374372353,-0.880961044315132,0.6866966211775849,0.8456955299840583,0.5158916999495228,0.7452523392688306,-0.7887216733390215,1.2193138391336231,0.271947707725678,1.0692384787245033,0.5804775413272321,0.576643009828527,0.3998584302967422,0.7856705034864083,0.7017875268759182,0.8632910543085803,0.46657041678138006,-0.16257737682817422
0.8982713999666782,0.06359330695056276,1.046336994115371,-0.29399951920421696,0.9739577229024032,-0.20063608153669177,-1.047476580857282,-0.04558182576200451,0.271947707725678,1.3997026919876245,0.7963528829102932,0.9676769867111022,1.3689476390945228,-0.049368882624818686,0.3310633603882228,0.37124839947801613,0.9320148834848156,-0.7176281673834175
0.40290421898831447,0.06359330695056276,-0.6537811324996176,-0.7824402545706207,-0.705617694591492,-1.0113975850842825,0.6344303180114106,-0.8888456023590896,-0.5260351570753203,-0.4328715815624113,0.08704818913737801,-0.5964589208191986,-1.021472409273336,-0.25812872915262547,-1.1518333055625585,0.043219962924306694,-0.7114063199371914,-1.0506586417165635
-0.3401465524792311,-1.2857700520004298,-0.32683533891981204,1.4969498438059299,-0.18647620191156072,1.150633091042626,-0.012456950784240401,-0.04558182576200451,-0.32653944087507075,0.017761436523663097,-1.3624005329203182,-0.20542494393662342,-0.5046248312478531,-1.0235814997545836,0.08391391606309258,-1.2688937832905312,-0.24021562524976278,-0.7176281673834175
-0.8355137334575947,1.1430839941113569,-1.5038401958071117,-1.7593217253034281,-1.3163723918619994,-1.5519052541160094,1.669449948084452,0.376050062536538,-0.5260351570753203,-1.5744752273804665,-1.3007218638965865,-0.9874928977017738,-1.6029259345520046,-1.580274423828735,-1.646132194212819,-1.2688937832905312,-1.188343242608613,-0.8286383254944661
0.8982713999666782,-0.6110883725249335,0.03280503401797398,1.1713226868949942,0.2715898210413198,0.3398715874950353,-0.6593442195798913,-0.04558182576200451,-0.5260351570753203,0.8889852714900736,-0.34470249402874426,0.1856090329459518,0.0768286940308153,-0.60606180669897,0.2074886382256577,-0.28480847362940276,0.27694489330961003,-0.9396484836055148
-0.8355137334575947,-0.20627936483963577,-0.7191702912155786,0.031627637706718836,-0.8583063689091188,-0.06550916427876001,0.893185225529671,-0.467213714060547,-0.5260351570753203,-0.9736312032657006,-1.1156858568253911,-0.9874928977017738,-0.4400188839946677,-1.580274423828735,-1.1518333055625585,-1.4329080015673858,-0.8378233355850381,2.612676575948042
-0.3401465524792311,1.9527020094819523,-1.1768944022273062,-1.922135303758896,-1.0720705129537964,-1.6870321713739413,1.2813175868070614,-1.310477490657632,-0.72553087327557,-1.3040954165288219,-0.8689711807304641,-0.9874928977017738,-1.861349723564746,-1.371514577300928,-1.3989827498876888,-1.1048795650136765,-1.015956403088822,-1.3836891160497093
-0.21630475723464015,1.817765673586853,-0.8172540292895203,-1.4336945683924922,-0.6140044900009158,-1.6870321713739413,0.6344303180114106,1.2193138391336231,-0.72553087327557,-0.9435890020599623,-0.5297385010999395,-0.5964589208191986,-1.5383199872988191,-1.1627547307731214,-0.6575344169122981,-1.1048795650136765,-0.6711827240492402,-1.3836891160497093
-0.7116719382130038,-0.0713430289445365,1.0136424147573904,-0.45681309765968486,1.5541746853093852,0.06961775297917176,-1.3062314883755424,-0.2563977699112758,0.271947707725678,0.25809904616956947,1.5056575766832083,1.7497449404762526,1.0459179028285959,1.6207098895976353,1.0725116933636134,1.5193479274159993,1.552607505756063,0.5034835718381178
-0.8355137334575947,-0.7460247084200328,-0.8826431880054814,0.5200683730731225,-0.9193818386361695,0.20474467023710352,0.893185225529671,-1.310477490657632,-0.32653944087507075,-0.703251392414056,-0.49889916658807365,-0.9874928977017738,-0.2462010422351116,-0.675648422208239,-0.4103849725871679,-0.6128369101831123,-0.8723007034889962,-1.2726789579386608
0.5267460142329053,-0.4761520366298343,-0.6864757118575981,0.6828819515285904,-0.6140044900009158,0.7452523392688306,0.3756754104931502,-0.2563977699112758,-0.32653944087507075,-0.07236516709355179,-0.9614891842660618,-0.5964589208191986,-0.7630486202605946,-0.9539948842453146,-0.6575344169122981,-0.9408653467368217,-0.5964817602573308,0.059442939393923096
4.365841666815224,2.4924473530623494,0.39244540695576,-0.45681309765968486,-0.5529290202738651,0.06961775297917176,0.5050528642522804,-0.2563977699112758,7.453793490934664,1.8803779112794372,-0.3138631595168784,-0.5964589208191986,-0.05238320047555546,0.08980434839371916,-0.4103849725871679,-0.28480847362940276,-0.5964817602573308,-0.3845976930502715
0.7744296047220872,-0.20627936483963577,-0.621086553141637,0.35725479461765464,-0.7972308991820681,0.47499850475296707,0.6344303180114106,0.7976819508350805,-0.12704372467482117,-0.22257617312224326,0.14872685816110975,-0.9874928977017738,-0.5692307785010385,-0.25812872915262547,-1.2754080277251236,0.043219962924306694,-0.7516299158251426,-1.0506586417165635
-0.21630475723464015,0.06359330695056276,0.29436166888181836,-0.29399951920421696,-0.03378752759393389,-0.4708899160525553,-0.1418344045433706,1.2193138391336231,-0.32653944087507075,-0.10240736829929008,0.827192217422159,-0.20542494393662342,0.0768286940308153,-0.049368882624818686,-0.03966080609947253,0.37124839947801613,-0.10805238161792306,-0.9396484836055148
-0.09246296199004923,-0.0713430289445365,-0.5883919737836565,-0.29399951920421696,-0.5223912854103397,0.47499850475296707,0.3756754104931502,1.0084978949843517,0.47144342392592764,-0.6431669900025794,-0.34470249402874426,-0.5964589208191986,0.4644643775499276,-0.18854211364335652,-0.5339596947497329,-0.4488226919062575,-0.5620043923533725,1.1695445205044097
-0.8355137334575947,0.19852964284566202,-0.621086553141637,-1.1080674114815565,-0.33916487622918756,-0.4708899160525553,0.3756754104931502,-0.2563977699112758,0.47144342392592764,-1.0637578068829154,0.05620885462551213,-0.20542494393662342,0.14143464128400068,0.8552571189956772,-0.5339596947497329,0.37124839947801613,-0.47006474460948405,-0.3845976930502715
1.5174803761896327,0.19852964284566202,0.6540020418196044,1.0085091084395263,0.6685803742671496,-0.06550916427876001,-0.9180991270981518,-0.467213714060547,-0.32653944087507075,1.5198714968105778,1.0739068935170861,0.576643009828527,0.14143464128400068,0.43773742594006376,0.578212804713353,0.6992768360317256,0.7021657641250943,-0.6066180092723689
-0.8355137334575947,1.278020330006456,-0.621086553141637,-1.5965081468479603,-0.5529290202738651,-1.6870321713739413,0.6344303180114106,-1.0996615465083608,-0.12704372467482117,-1.2139688129116069,0.05620885462551213,-0.5964589208191986,-1.0860783565265215,0.020217732884450234,-1.1518333055625585,-0.12079425535254804,-0.636705356145282,-0.16257737682817422
-0.9593555287021857,1.1430839941113569,-0.7191702912155786,-1.5965081468479603,-0.5223912854103397,-1.822159088631873,0.5050528642522804,-0.6780296582098183,-0.32653944087507075,-1.3641798189402985,0.33376286523230503,-0.5964589208191986,-1.2152902510328922,-0.049368882624818686,-1.3989827498876888,-0.12079425535254804,-0.6137204442093098,-0.9396484836055148
-0.46398834772382197,-0.4761520366298343,-0.8172540292895203,0.35725479461765464,-1.041532778090271,0.20474467023710352,1.1519401330479313,-0.04558182576200451,0.07245199152542843,-0.7933779960312708,-0.3138631595168784,-0.9874928977017738,-1.021472409273336,-0.39730196017116326,-0.28681025042460273,-0.4488226919062575,-0.9642403512328848,-0.8286383254944661
-0.7116719382130038,0.738274986426059,-1.5365347751650924,-1.7593217253034281,-1.37744786158905,-1.4167783368580777,1.7988274018435824,-0.6780296582098183,-0.5260351570753203,-1.5744752273804665,-1.639954543527111,-1.378526874584349,-1.4091080927924484,-1.6498610393380038,-1.8932816385379492,-1.4329080015673858,-1.2343130664805573,0.39247341372706906
-0.7116719382130038,1.1430839941113569,-0.5230028150676953,-1.4336945683924922,-0.46131581568328905,-1.2816514196001458,0.3756754104931502,-0.6780296582098183,-0.32653944087507075,-1.1538844105001302,0.5187988723035003,-0.5964589208191986,-0.6984426730074093,0.08980434839371916,-1.522557472050254,0.2072341812011614,-0.5390194804174004,0.17045309750497176
0.27906242374372353,-1.0158973802102313,1.0136424147573904,1.334136265350462,1.035033192629454,1.4208869255584895,-1.047476580857282,2.2733935598799793,0.47144342392592764,1.4898292956048396,0.5496382068153661,0.9676769867111022,1.239735744588152,1.133603581032753,1.690385304176439,1.1913194908622897,1.000969619292732,-1.161668799827612
-0.3401465524792311,0.4684023146358605,-1.1768944022273062,-1.5965081468479603,-1.041532778090271,-1.0113975850842825,1.2813175868070614,-1.0996615465083608,-0.12704372467482117,-1.1538844105001302,-1.2082038603609888,-0.9874928977017738,-1.150684303779707,-1.510687808319466,-1.646132194212819,-1.1048795650136765,-1.015956403088822,1.1695445205044097
0.5267460142329053,-0.7460247084200328,-0.6864757118575981,0.5200683730731225,-0.4002403459562383,0.8803792565267624,0.24629795673401997,-0.6780296582098183,0.271947707725678,-0.07236516709355179,-0.46805983207620777,-0.5964589208191986,0.20604058853718604,0.15939096390298807,0.3310633603882228,-0.12079425535254804,-0.464318516625491,-0.2735875349392229
0.7744296047220872,0.06359330695056276,1.111726152831332,-0.45681309765968486,1.2487973366741316,-0.06550916427876001,-1.176854034616412,-0.2563977699112758,0.271947707725678,1.3095760883704097,1.5364969111950741,1.3587109635936774,1.4981595336008937,0.9944303500142151,0.9489369712010484,1.027305272585435,1.2480574226044323,1.1695445205044097
-0.09246296199004923,1.6828293376917538,-1.1768944022273062,-1.4336945683924922,-1.0109950432267456,-1.6870321713739413,1.1519401330479313,-0.6780296582098183,-0.9250265894758195,-1.123842209294392,-1.0231678532897934,-0.9874928977017738,-1.7967437763115606,-1.441101192810197,-1.2754080277251236,-1.2688937832905312,-0.9470016672809056,-0.7176281673834175
0.5267460142329053,0.19852964284566202,-0.4249190769937537,-0.7824402545706207,-0.18647620191156072,-0.33576299879462357,0.11692050297488979,0.376050062536538,0.47144342392592764,-0.19253397191650495,-0.06714848342195137,-0.20542494393662342,-0.37541293674148235,0.5073240414493326,0.2074886382256577,0.2072341812011614,-0.3149165890416722,-0.9396484836055148
0.5267460142329053,-0.341215700734735,1.5040611051270987,-0.13118594074874906,1.615250155036436,0.6101254220108988,-1.4356089421346725,0.7976819508350805,0.47144342392592764,1.549913698016316,1.9065689253374647,1.7497449404762526,1.7565833226136351,1.96864296714398,0.7017875268759182,2.0113905822465634,1.6617858374519305,1.391564836726507
1.14595499045586,-0.341215700734735,1.2425044702632544,-0.45681309765968486,1.615250155036436,0.6101254220108988,-1.4356089421346725,-0.6780296582098183,0.6709391401261772,1.7001247040450076,0.8580315519340249,1.7497449404762526,1.4981595336008937,1.3423634275605596,0.4546380825507879,1.3553337091391444,1.5928311016440142,0.8365140461712637
0.7744296047220872,-0.4761520366298343,-0.1633624421299093,0.19444121616218674,-0.2780894065021368,0.20474467023710352,0.11692050297488979,-0.6780296582098183,-0.12704372467482117,0.5585210582269524,-1.2390431948728546,-0.20542494393662342,-0.5046248312478531,-0.9539948842453146,0.3310633603882228,-1.2688937832905312,-0.3321552729936513,0.39247341372706906
-0.5878301429684128,0.4684023146358605,-1.7327022513129757,-0.9452538330260886,-1.5912120056337276,-0.7411437505684189,2.316337216880103,0.7976819508350805,-0.9250265894758195,-1.3942220201460367,-1.4240792019440498,-1.378526874584349,-1.861349723564746,-1.7194476548472728,-1.1518333055625585,-1.5969222198442405,-1.377968766080383,1.6135851529486043
0.27906242374372353,0.06359330695056276,1.111726152831332,-0.13118594074874906,1.370948276128233,0.3398715874950353,-1.3062314883755424,2.2733935598799793,0.47144342392592764,0.9791118751072885,1.4439789076594765,1.3587109635936774,1.3043416918413375,1.6207098895976353,2.0611094706641344,1.5193479274159993,1.3399970703483208,0.39247341372706906
0.1552206284991326,-1.2857700520004298,-0.915337767363462,1.9853905791723336,-0.7972308991820681,1.5560138428164212,0.7638077717705407,2.695025448178522,-0.12704372467482117,-0.25261837432798157,-0.09798781793381725,-0.9874928977017738,-0.2462010422351116,0.020217732884450234,0.578212804713353,-0.12079425535254804,-0.7803610557451077,-1.161668799827612
1.2697967857004508,-0.341215700734735,-0.13066786277192877,1.8225770007168658,-0.3086271413656622,1.150633091042626,-0.012456950784240401,-1.310477490657632,-0.5260351570753203,0.7387742654613821,-1.4549185364559158,-0.5964589208191986,-0.6338367257542239,-1.0235814997545836,0.08391391606309258,-1.2688937832905312,-0.29193167710570006,0.17045309750497176
-0.46398834772382197,1.9527020094819523,-1.1768944022273062,-1.922135303758896,-1.0720705129537964,-1.5519052541160094,1.2813175868070614,-1.310477490657632,-0.72553087327557,-1.3040954165288219,-0.89981051524233,-0.9874928977017738,-1.5383199872988191,-1.441101192810197,-2.1404310828630795,-1.1048795650136765,-1.015956403088822,0.9475242042823123
0.8982713999666782,-0.341215700734735,0.7520857798935461,0.031627637706718836,0.454816230222472,0.06961775297917176,-0.6593442195798913,-0.04558182576200451,-0.12704372467482117,1.219449484753195,1.7215329182662693,0.576643009828527,0.5290703248031129,0.5769106569586016,-0.03966080609947253,1.027305272585435,0.4033619089574567,-1.2726789579386608
1.14595499045586,-0.341215700734735,-0.32683533891981204,1.1713226868949942,-0.2170139367750861,1.0155061737846942,-0.1418344045433706,0.16523411838726676,-0.72553087327557,0.5585210582269524,0.3646021997441709,-0.20542494393662342,-0.6338367257542239,-0.25812872915262547,0.4546380825507879,0.043219962924306694,-0.21148448532979763,-0.6066180092723689
0.03137883325454169,-1.5556427237906283,-0.13066786277192877,1.8225770007168658,0.02728794213311684,1.9613945945902165,-0.2712118583025008,-0.8888456023590896,0.07245199152542843,0.5284788570212141,-1.2698825293847205,-0.20542494393662342,0.20604058853718604,-0.60606180669897,0.08391391606309258,-0.776851128459967,-0.03335141782601366,-0.3845976930502715
0.7744296047220872,-0.4761520366298343,1.1444207321893127,0.35725479461765464,1.0044954577659286,0.8803792565267624,-1.047476580857282,-0.2563977699112758,0.07245199152542843,1.5198714968105778,0.827192217422159,0.9676769867111022,1.4981595336008937,0.020217732884450234,0.2074886382256577,0.2072341812011614,0.9549997954207877,2.8346968921701396
0.27906242374372353,-1.1508337161053306,0.7847803592515266,0.6828819515285904,1.0044954577659286,0.8803792565267624,-1.047476580857282,-0.8888456023590896,0.47144342392592764,1.3095760883704097,-0.37554182854061013,0.9676769867111022,1.4981595336008937,0.5073240414493326,0.4546380825507879,0.5352626177548708,0.9549997954207877,-0.6066180092723689
-0.3401465524792311,0.3334659787407613,-0.2287516008458704,-0.7824402545706207,-0.43077808081976365,-0.8762706678263507,0.3756754104931502,1.851761671581437,-0.32653944087507075,-0.4629137827681496,-0.06714848342195137,-0.5964589208191986,-0.310806989488297,-0.18854211364335652,-0.7811091390748632,0.043219962924306694,-0.4930496565454562,0.17045309750497176
-0.21630475723464015,-0.0713430289445365,0.29436166888181836,-0.13118594074874906,0.11890114672369294,-0.20063608153669177,-0.40058931206163095,-1.310477490657632,-0.12704372467482117,0.04780363772940139,-0.6839351736592689,0.1856090329459518,0.0768286940308153,-0.9539948842453146,-0.28681025042460273,-0.9408653467368217,0.05284200193388181,-0.2735875349392229
-0.9593555287021857,-0.6110883725249335,-0.5883919737836565,-0.13118594074874906,-0.5834667551373905,-0.33576299879462357,0.5050528642522804,0.7976819508350805,-0.5260351570753203,-0.9736312032657006,-0.19050582146941486,-0.5964589208191986,0.012222746777629915,-0.25812872915262547,-0.5339596947497329,-0.12079425535254804,-0.5964817602573308,0.17045309750497176
-0.8355137334575947,-0.4761520366298343,-0.915337767363462,0.35725479461765464,-1.1636837175443726,-0.20063608153669177,1.2813175868070614,-0.6780296582098183,-0.32653944087507075,-1.1538844105001302,-1.5782758745033794,-0.9874928977017738,-1.021472409273336,-0.675648422208239,0.578212804713353,-1.1048795650136765,-1.0619262269607663,-0.051567218717125565
1.14595499045586,-0.20627936483963577,0.5232237243876822,1.0085091084395263,0.5464294348130481,0.3398715874950353,-0.7887216733390215,-0.467213714060547,-0.72553087327557,1.339618289576148,0.2412448616967074,0.576643009828527,0.4644643775499276,-0.18854211364335652,0.08391391606309258,0.043219962924306694,0.5585100645252685,0.059442939393923096
-0.5878301429684128,1.278020330006456,-1.6019239338810534,-1.2708809899370244,-1.4079855964525754,-1.5519052541160094,1.7988274018435824,-0.2563977699112758,-0.9250265894758195,-1.4242642213517749,-1.4240792019440498,-1.378526874584349,-1.9259556708179315,-1.580274423828735,-0.5339596947497329,-1.5969222198442405,-1.2400592944645503,0.059442939393923096
0.27906242374372353,-0.341215700734735,-0.26144618020385096,0.5200683730731225,-0.24755167163861147,0.47499850475296707,-0.012456950784240401,1.0084978949843517,-0.32653944087507075,0.25809904616956947,0.42628086876790267,-0.20542494393662342,-0.05238320047555546,-0.049368882624818686,-0.03966080609947253,0.043219962924306694,-0.30342413307368615,-0.16257737682817422
-0.09246296199004923,-0.20627936483963577,0.3597508275977795,-0.29399951920421696,0.30212755590484514,-0.33576299879462357,-0.5299667658207612,-1.0996615465083608,-0.12704372467482117,0.2881412473753077,-0.5297385010999395,0.1856090329459518,0.0768286940308153,-1.0931681152638524,-0.4103849725871679,-0.776851128459967,0.20799015750169367,0.17045309750497176
1.3936385809450418,-0.0713430289445365,0.03280503401797398,1.8225770007168658,-0.18647620191156072,1.150633091042626,-0.1418344045433706,-0.04558182576200451,-0.5260351570753203,0.9190274726958119,-1.5165972054796475,-0.20542494393662342,-0.5692307785010385,-1.441101192810197,0.8253622490384832,-1.4329080015673858,-0.19999202936181157,0.725503888060215
0.7744296047220872,1.0081476582162576,-0.2287516008458704,-0.9452538330260886,-0.5223912854103397,-1.0113975850842825,0.3756754104931502,-0.8888456023590896,-0.32653944087507075,-0.3127027767394581,-0.03630914891008549,-0.5964589208191986,-0.5692307785010385,-0.18854211364335652,-1.3989827498876888,-0.28480847362940276,-0.5677506203373656,0.5034835718381178
-0.21630475723464015,-0.7460247084200328,-0.2287516008458704,0.6828819515285904,-0.3086271413656622,0.47499850475296707,0.11692050297488979,1.2193138391336231,-0.12704372467482117,0.017761436523663097,0.2104055271848415,-0.20542494393662342,-0.310806989488297,0.020217732884450234,0.08391391606309258,0.2072341812011614,-0.36088641291361645,-1.161668799827612
-0.7116719382130038,-0.0713430289445365,1.2425044702632544,0.031627637706718836,1.5847124201729106,0.47499850475296707,-1.3062314883755424,1.851761671581437,0.47144342392592764,0.37826785099252264,1.2281035660764155,1.7497449404762526,1.4335535863477082,1.3423634275605596,1.813960026339004,1.3553337091391444,1.5870848736600212,0.6144937299491664
0.03137883325454169,-1.1508337161053306,-0.8172540292895203,1.659763422261398,-0.705617694591492,1.4208869255584895,0.6344303180114106,0.7976819508350805,0.271947707725678,-0.3127027767394581,-0.2521844904931466,-0.5964589208191986,0.14143464128400068,0.020217732884450234,0.2074886382256577,-0.12079425535254804,-0.7114063199371914,-0.7176281673834175
-0.21630475723464015,0.3334659787407613,-0.5230028150676953,-0.7824402545706207,-0.2170139367750861,-0.33576299879462357,0.24629795673401997,-0.8888456023590896,0.47144342392592764,-0.7633357948255325,0.3646021997441709,-0.20542494393662342,-0.2462010422351116,0.7856705034864083,-0.4103849725871679,0.5352626177548708,-0.3551401849296234,-1.161668799827612
-1.2070391191913674,0.8732113223211583,-0.7845594499315397,-0.9452538330260886,-0.8888441037726442,-1.4167783368580777,1.0225626792888012,-0.467213714060547,-0.5260351570753203,-1.33413761773456,-0.06714848342195137,-0.9874928977017738,-0.7630486202605946,-0.25812872915262547,-0.16323552826203763,-0.28480847362940276,-0.8837931594569823,0.39247341372706906
0.03137883325454169,-1.420706387895529,-0.621086553141637,2.3110177360832695,-0.5834667551373905,1.9613945945902165,0.3756754104931502,-0.2563977699112758,-0.32653944087507075,0.10788804014087798,-1.5165972054796475,-0.5964589208191986,-0.6338367257542239,-1.6498610393380038,-0.03966080609947253,-1.5969222198442405,-0.5849893042893447,1.9466156272817503
0.27906242374372353,-1.1508337161053306,0.8501695179674877,0.5200683730731225,1.0044954577659286,1.150633091042626,-1.047476580857282,-1.310477490657632,0.271947707725678,1.3696604907818863,0.11788752364924389,0.9676769867111022,1.4981595336008937,0.2985641949215259,1.0725116933636134,0.5352626177548708,0.9435073394528016,1.391564836726507
-0.46398834772382197,-0.0713430289445365,-0.4903082357097148,-0.29399951920421696,-0.4918535505468144,0.20474467023710352,0.3756754104931502,0.376050062536538,0.271947707725678,-0.7332935936197942,-0.406381163052476,-0.5964589208191986,0.20604058853718604,-0.25812872915262547,-0.5339596947497329,-0.4488226919062575,-0.5217807964654213,0.059442939393923096
-0.46398834772382197,1.4129566659015553,-1.340367299017209,-1.922135303758896,-1.041532778090271,-1.5519052541160094,1.2813175868070614,0.7976819508350805,-0.5260351570753203,-1.3641798189402985,-0.8072925117067324,-0.9874928977017738,-1.861349723564746,-1.371514577300928,-1.522557472050254,-1.1048795650136765,-1.015956403088822,-0.7176281673834175
-0.21630475723464015,1.1430839941113569,-0.5883919737836565,-1.4336945683924922,-0.5529290202738651,-1.5519052541160094,0.5050528642522804,-0.04558182576200451,-0.32653944087507075,-1.0637578068829154,0.05620885462551213,-0.5964589208191986,-0.6984426730074093,-0.11895549813408761,-1.646132194212819,-0.28480847362940276,-0.6079742162253168,0.2814632556160204
-0.09246296199004923,-1.2857700520004298,-0.32683533891981204,1.1713226868949942,-0.33916487622918756,1.691140760074353,0.24629795673401997,-0.2563977699112758,0.07245199152542843,0.07784583893513969,-1.5165972054796475,-0.20542494393662342,-0.6984426730074093,-0.9539948842453146,0.2074886382256577,-1.2688937832905312,-0.4068562367855607,3.056717208392237
-0.46398834772382197,-1.5556427237906283,-1.0788106641533646,2.3110177360832695,-1.1026082478173218,1.8262676773322848,1.1519401330479313,2.0625776157307083,-0.5260351570753203,-0.6431669900025794,-0.7147745081711347,-0.9874928977017738,-0.82765456751378,-0.7452350377175079,-0.5339596947497329,-0.776851128459967,-1.010210175104829,-0.7176281673834175
-0.5878301429684128,-0.0713430289445365,-0.5883919737836565,0.031627637706718836,-0.5834667551373905,0.47499850475296707,0.5050528642522804,0.5868660066858092,0.07245199152542843,-0.8234201972370091,-0.49889916658807365,-0.5964589208191986,0.14143464128400068,-0.32771534466189434,-0.28681025042460273,-0.6128369101831123,-0.6079742162253168,0.17045309750497176
-0.46398834772382197,-0.880961044315132,-1.0788106641533646,0.19444121616218674,-1.0109950432267456,-0.06550916427876001,1.1519401330479313,-1.310477490657632,-0.32653944087507075,-0.6732091912083177,-0.8072925117067324,-0.9874928977017738,-0.2462010422351116,-1.6498610393380038,-0.9046838612374283,-1.4329080015673858,-0.9527478952648987,1.391564836726507
0.7744296047220872,-0.20627936483963577,-0.26144618020385096,0.031627637706718836,-0.4918535505468144,-0.06550916427876001,0.24629795673401997,-0.2563977699112758,-0.5260351570753203,0.07784583893513969,0.5496382068153661,-0.5964589208191986,-0.5046248312478531,0.020217732884450234,-0.6575344169122981,0.2072341812011614,-0.49879588452944923,-0.16257737682817422
1.14595499045586,-0.0713430289445365,-0.2941407595618315,1.0085091084395263,-0.4918535505468144,0.6101254220108988,0.24629795673401997,-0.04558182576200451,-0.5260351570753203,0.34822564978678433,-0.9614891842660618,-0.5964589208191986,-0.37541293674148235,-1.1627547307731214,-0.16323552826203763,-0.9408653467368217,-0.4930496565454562,0.17045309750497176
-0.9593555287021857,0.19852964284566202,-0.39222449763577316,-0.45681309765968486,-0.4002403459562383,0.20474467023710352,0.24629795673401997,-1.0996615465083608,0.271947707725678,-0.9736312032657006,-0.406381163052476,-0.5964589208191986,0.012222746777629915,0.08980434839371916,0.08391391606309258,-0.28480847362940276,-0.4413336046895189,-0.7176281673834175
-1.0831973239467765,1.9527020094819523,-1.5038401958071117,-2.084948882214364,-1.1026082478173218,-1.6870321713739413,1.540072494325322,-1.310477490657632,-0.32653944087507075,-1.6345596297919431,-0.49889916658807365,-0.9874928977017738,-1.7321378290583753,-0.60606180669897,-0.6575344169122981,-0.776851128459967,-1.0734186829287524,-0.6066180092723689
0.6505878094774963,-0.7460247084200328,0.8501695179674877,0.6828819515285904,0.5769671696765735,0.7452523392688306,-0.7887216733390215,0.376050062536538,0.07245199152542843,1.3997026919876245,1.2281035660764155,0.576643009828527,0.7874941138158544,0.7160838879771394,0.3310633603882228,0.8632910543085803,0.5125402406533244,-0.7176281673834175
-0.5878301429684128,-0.880961044315132,-1.1115052435113453,0.6828819515285904,-1.0109950432267456,1.0155061737846942,1.1519401330479313,-0.6780296582098183,-0.32653944087507075,-0.7933779960312708,-1.4240792019440498,-0.9874928977017738,-0.82765456751378,-1.510687808319466,-0.5339596947497329,-1.4329080015673858,-0.9757328072008709,2.612676575948042
0.27906242374372353,0.3334659787407613,-0.4249190769937537,-0.6196266761151528,-0.43077808081976365,-0.4708899160525553,0.24629795673401997,-1.310477490657632,-0.5260351570753203,-0.4629137827681496,0.30292353072043915,-0.5964589208191986,-0.4400188839946677,-0.18854211364335652,-1.1518333055625585,0.37124839947801613,-0.47006474460948405,-1.0506586417165635
-0.9593555287021857,-0.880961044315132,-1.0788106641533646,1.0085091084395263,-1.2552969221349486,0.06961775297917176,1.4106950405661918,-1.0996615465083608,-0.32653944087507075,-1.2440110141173453,-1.7941512160864403,-0.9874928977017738,-0.8922605147669653,-1.0931681152638524,0.08391391606309258,-1.4329080015673858,-1.1136422788167035,-1.161668799827612
0.27906242374372353,-0.6110883725249335,-0.4903082357097148,0.5200683730731225,-0.36970261109271296,0.8803792565267624,0.24629795673401997,-1.0996615465083608,0.07245199152542843,-0.13244956950502837,0.2412448616967074,-0.20542494393662342,0.3352524830435568,0.08980434839371916,0.4546380825507879,0.37124839947801613,-0.4413336046895189,0.059442939393923096
-0.09246296199004923,-0.4761520366298343,-0.7191702912155786,-0.29399951920421696,-0.6750799597279666,-0.20063608153669177,0.6344303180114106,-1.310477490657632,-0.32653944087507075,-0.4629137827681496,-0.9923285187779276,-0.5964589208191986,-0.2462010422351116,-1.441101192810197,-0.5339596947497329,-1.1048795650136765,-0.6999138639692053,-0.3845976930502715
-1.2070391191913674,0.738274986426059,-0.5556973944256759,-0.9452538330260886,-0.36970261109271296,-0.6060168333104871,0.3756754104931502,0.16523411838726676,0.271947707725678,-1.3040954165288219,0.08704818913737801,-0.20542494393662342,-0.310806989488297,0.8552571189956772,-0.5339596947497329,0.2072341812011614,-0.48730342856146314,0.5034835718381178
0.40290421898831447,-0.20627936483963577,0.6213074624616238,0.031627637706718836,0.30212755590484514,-0.20063608153669177,-0.5299667658207612,-1.0996615465083608,-0.5260351570753203,0.7988586678728588,1.104746228028952,0.1856090329459518,0.0768286940308153,0.5769106569586016,-0.5339596947497329,0.8632910543085803,0.25970620935763095,-0.7176281673834175
0.03137883325454169,-1.0158973802102313,1.111726152831332,1.0085091084395263,1.12664639722003,1.4208869255584895,-1.176854034616412,0.5868660066858092,0.271947707725678,1.3997026919876245,-0.19050582146941486,0.9676769867111022,1.6273714281072644,0.7160838879771394,1.9375347485015693,0.5352626177548708,1.0814168110686344,2.1686359435038476
-0.21630475723464015,-0.7460247084200328,1.0136424147573904,0.5200683730731225,0.8212690485847765,0.7452523392688306,-0.9180991270981518,-1.310477490657632,0.271947707725678,0.7688164666671204,1.3823002386357448,0.576643009828527,1.0459179028285959,0.9248437345049462,0.9489369712010484,1.027305272585435,0.7826129559009968,-0.2735875349392229
-0.3401465524792311,0.6033386505309598,1.3078936289792154,-0.13118594074874906,1.370948276128233,-0.8762706678263507,-1.3062314883755424,0.376050062536538,-0.5260351570753203,0.5585210582269524,1.104746228028952,1.3587109635936774,1.0459179028285959,0.2985641949215259,0.3310633603882228,0.6992768360317256,1.4032055781722441,1.7245953110596528
0.27906242374372353,0.19852964284566202,0.5559183037456628,1.1713226868949942,0.2715898210413198,0.3398715874950353,-0.6593442195798913,-1.310477490657632,-0.72553087327557,0.25809904616956947,-0.8072925117067324,0.1856090329459518,-0.310806989488297,-0.9539948842453146,0.3310633603882228,-0.6128369101831123,0.2826911212936031,-0.9396484836055148
-0.09246296199004923,-0.0713430289445365,1.5040611051270987,0.031627637706718836,1.615250155036436,0.06961775297917176,-1.4356089421346725,1.851761671581437,0.47144342392592764,1.0091540763130267,1.1664248970526836,1.7497449404762526,1.4981595336008937,2.1774028136717867,1.690385304176439,1.8473763639697087,1.6617858374519305,-1.2726789579386608
1.14595499045586,-0.7460247084200328,-0.5556973944256759,1.334136265350462,-0.43077808081976365,1.4208869255584895,0.11692050297488979,-0.8888456023590896,-0.32653944087507075,0.5284788570212141,-1.3007218638965865,-0.5964589208191986,-0.5692307785010385,-1.441101192810197,0.08391391606309258,-1.2688937832905312,-0.4240949207375398,-0.49560785116132017
-0.7116719382130038,1.278020330006456,-0.6537811324996176,-1.4336945683924922,-0.5529290202738651,-1.5519052541160094,0.6344303180114106,0.5868660066858092,-0.12704372467482117,-1.2139688129116069,-0.03630914891008549,-0.5964589208191986,-1.150684303779707,-0.25812872915262547,-1.0282585833999933,-0.28480847362940276,-0.6424515841292749,0.17045309750497176
5.108892438282769,7.350155445285923,1.7329231606329625,-1.4336945683924922,-0.5834667551373905,-1.6870321713739413,0.5050528642522804,0.5868660066858092,8.65076778813616,1.0992806799302417,0.42628086876790267,-0.5964589208191986,-0.7630486202605946,-0.25812872915262547,-1.0282585833999933,-0.12079425535254804,-0.636705356145282,-0.16257737682817422
-1.0831973239467765,0.6033386505309598,-0.6537811324996176,-1.1080674114815565,-0.33916487622918756,-0.6060168333104871,0.3756754104931502,-1.0996615465083608,0.07245199152542843,-1.4242642213517749,0.05620885462551213,-0.20542494393662342,-0.4400188839946677,1.203190196542022,-1.0282585833999933,0.37124839947801613,-0.4470798326735119,-0.6066180092723689
-0.5878301429684128,0.19852964284566202,-0.09797328341394822,-0.9452538330260886,-0.36970261109271296,-0.7411437505684189,0.24629795673401997,-1.310477490657632,-0.12704372467482117,-0.5830825875911028,-0.5297385010999395,-0.20542494393662342,0.14143464128400068,-1.0235814997545836,-0.9046838612374283,-0.9408653467368217,-0.4470798326735119,1.1695445205044097
-1.826248095414322,1.6828293376917538,2.5502876445824763,-1.2708809899370244,2.4092312614880957,-1.6870321713739413,-1.823741303412063,-0.467213714060547,-0.9250265894758195,-0.22257617312224326,2.09160493240866,2.531812894241403,1.3689476390945228,1.2727768120512908,1.566810582013874,1.5193479274159993,2.621405910778767,-0.16257737682817422
-0.8355137334575947,0.3334659787407613,-0.39222449763577316,-0.9452538330260886,-0.4002403459562383,-0.06550916427876001,0.3756754104931502,0.16523411838726676,0.6709391401261772,-1.0036734044714388,-0.3138631595168784,-0.20542494393662342,0.14143464128400068,0.7160838879771394,-0.6575344169122981,-0.12079425535254804,-0.48730342856146314,-0.16257737682817422
-0.8355137334575947,-1.1508337161053306,-1.6673130925970145,1.0085091084395263,-1.4079855964525754,0.7452523392688306,1.7988274018435824,2.905841392327793,-0.32653944087507075,-1.1538844105001302,-0.9306498497541958,-1.378526874584349,-1.2152902510328922,-1.2323413462823902,-1.0282585833999933,-1.1048795650136765,-1.2458055224485434,-0.49560785116132017
-0.46398834772382197,-1.1508337161053306,-1.5038401958071117,1.334136265350462,-1.4079855964525754,1.0155061737846942,1.7988274018435824,-0.04558182576200451,-0.5260351570753203,-0.9736312032657006,-1.7941512160864403,-1.378526874584349,-1.5383199872988191,-1.0931681152638524,-0.16323552826203763,-1.5969222198442405,-1.2285668384965642,0.5034835718381178
-0.21630475723464015,-0.880961044315132,-0.45761365635173423,1.1713226868949942,-0.5529290202738651,1.0155061737846942,0.5050528642522804,-1.310477490657632,-0.32653944087507075,-0.10240736829929008,-1.3315611984084523,-0.5964589208191986,-0.310806989488297,-1.371514577300928,-0.9046838612374283,-1.4329080015673858,-0.6022279882413237,2.1686359435038476
0.03137883325454169,-0.341215700734735,0.39244540695576,0.031627637706718836,0.21051435131426904,-0.06550916427876001,-0.40058931206163095,1.0084978949843517,-0.12704372467482117,0.37826785099252264,-0.6222565046355372,0.1856090329459518,0.4644643775499276,-1.0931681152638524,-0.4103849725871679,-0.9408653467368217,0.1275429657257912,0.2814632556160204
0.1552206284991326,-1.1508337161053306,0.39244540695576,1.659763422261398,0.3937407604954212,1.0155061737846942,-0.6593442195798913,2.905841392327793,0.07245199152542843,0.8889852714900736,0.4571202032797685,0.1856090329459518,0.7874941138158544,0.5073240414493326,0.4546380825507879,0.5352626177548708,0.3344071731495403,-0.16257737682817422
-0.46398834772382197,-1.2857700520004298,-1.274978140301248,1.4969498438059299,-1.2247591872714232,1.150633091042626,1.4106950405661918,0.5868660066858092,-0.32653944087507075,-0.6732091912083177,-0.49889916658807365,-0.9874928977017738,-1.2152902510328922,-0.9539948842453146,-0.03966080609947253,-0.9408653467368217,-1.0906573668807313,-0.6066180092723689
-0.9593555287021857,1.6828293376917538,-0.5556973944256759,-1.5965081468479603,-0.5529290202738651,-1.6870321713739413,0.5050528642522804,-0.467213714060547,-0.12704372467482117,-1.4543064225575133,0.05620885462551213,-0.5964589208191986,-0.8922605147669653,-0.18854211364335652,-1.646132194212819,-0.28480847362940276,-0.6137204442093098,-0.49560785116132017
-0.7116719382130038,1.0081476582162576,-1.209588981585287,-1.5965081468479603,-0.8888441037726442,-1.2816514196001458,1.0225626792888012,-1.310477490657632,-0.5260351570753203,-1.3942220201460367,-0.9923285187779276,-0.9874928977017738,-1.4091080927924484,-1.1627547307731214,-1.646132194212819,-0.9408653467368217,-0.8895393874409754,-0.8286383254944661
0.1552206284991326,-1.0158973802102313,0.22897251016585726,0.6828819515285904,0.2715898210413198,0.7452523392688306,-0.5299667658207612,0.7976819508350805,0.07245199152542843,0.7087320642556438,0.7038348793746955,0.1856090329459518,0.5290703248031129,0.5073240414493326,0.578212804713353,0.8632910543085803,0.20799015750169367,-1.2726789579386608
0.1552206284991326,-0.20627936483963577,1.2425044702632544,0.031627637706718836,1.6457878898999614,1.0155061737846942,-1.3062314883755424,1.851761671581437,0.6709391401261772,1.12932288113598,0.827192217422159,1.7497449404762526,1.6919773753604497,1.4119500430698286,1.4432358598513089,1.3553337091391444,1.5870848736600212,2.5016664178369936
-1.2070391191913674,1.1430839941113569,-0.915337767363462,-1.1080674114815565,-0.8888441037726442,-1.5519052541160094,1.1519401330479313,0.16523411838726676,-0.32653944087507075,-1.3040954165288219,-0.406381163052476,-0.9874928977017738,-1.021472409273336,-0.32771534466189434,-0.16323552826203763,-0.6128369101831123,-0.9240167553449335,0.725503888060215
-0.8355137334575947,0.6033386505309598,-0.4903082357097148,-1.1080674114815565,-0.24755167163861147,-0.4708899160525553,0.24629795673401997,-1.310477490657632,0.47144342392592764,-1.0637578068829154,-0.09798781793381725,-0.20542494393662342,-0.4400188839946677,0.9248437345049462,-0.4103849725871679,0.2072341812011614,-0.3838713248495886,0.39247341372706906
0.7744296047220872,0.06359330695056276,1.7329231606329625,-0.13118594074874906,1.6457878898999614,0.47499850475296707,-1.4356089421346725,0.16523411838726676,0.271947707725678,1.7001247040450076,1.0122282244933543,1.7497449404762526,1.7565833226136351,1.203190196542022,0.8253622490384832,1.1913194908622897,1.6962632053558888,1.7245953110596528
0.03137883325454169,-1.1508337161053306,0.9155586766834488,0.6828819515285904,1.0655709274929794,1.150633091042626,-1.047476580857282,2.2733935598799793,0.07245199152542843,1.1894072835474565,0.27208419620857327,0.9676769867111022,1.0459179028285959,0.228977579412257,2.4318336371518297,0.5352626177548708,1.0182083032447111,1.8356054691707018
-0.21630475723464015,-1.420706387895529,0.4578345656717211,1.4969498438059299,0.5158916999495228,1.691140760074353,-0.7887216733390215,1.4301297832828943,0.271947707725678,0.7688164666671204,0.11788752364924389,0.576643009828527,1.1751297973349668,0.8552571189956772,1.1960864155261786,0.6992768360317256,0.4723166447653731,-0.49560785116132017
1.022113195211269,-0.6110883725249335,1.2425044702632544,0.031627637706718836,1.4320237458552838,0.7452523392688306,-1.3062314883755424,-0.467213714060547,0.6709391401261772,1.9705045148966522,1.6598542492425377,1.3587109635936774,1.6919773753604497,1.4119500430698286,1.4432358598513089,1.5193479274159993,1.4434291740601954,1.058534362393361
0.40290421898831447,-0.6110883725249335,0.9155586766834488,0.031627637706718836,0.8823445183118271,0.20474467023710352,-1.047476580857282,-0.8888456023590896,0.07245199152542843,1.039196277518765,-0.00546981439821962,0.9676769867111022,1.239735744588152,0.2985641949215259,0.578212804713353,0.5352626177548708,0.8515676917089132,-0.8286383254944661
-0.5878301429684128,-1.0158973802102313,-1.634618513239034,1.1713226868949942,-1.5912120056337276,1.0155061737846942,2.057582309361843,-1.0996615465083608,-0.5260351570753203,-1.1839266117058687,-1.5782758745033794,-1.378526874584349,-1.150684303779707,-1.580274423828735,-1.0282585833999933,-1.5969222198442405,-1.3549838541444108,1.1695445205044097
-1.2070391191913674,1.278020330006456,2.1579526922867096,-0.9452538330260886,2.0733161779893163,-1.5519052541160094,-1.694363849652933,-0.6780296582098183,-0.32653944087507075,0.04780363772940139,2.338319608503587,2.1407789173588276,1.3689476390945228,0.8552571189956772,1.1960864155261786,1.1913194908622897,2.1846925839952966,1.1695445205044097
-0.9593555287021857,1.9527020094819523,-0.621086553141637,-1.5965081468479603,-0.5529290202738651,-1.822159088631873,0.6344303180114106,-1.310477490657632,-0.32653944087507075,-1.4242642213517749,0.025369520113646255,-0.5964589208191986,-1.021472409273336,-0.049368882624818686,-1.0282585833999933,-0.28480847362940276,-0.6424515841292749,-0.8286383254944661
-1.4547227096805493,1.0081476582162576,-0.8499486086475009,-0.9452538330260886,-0.9499195734996949,-1.6870321713739413,1.1519401330479313,0.7976819508350805,-0.12704372467482117,-1.4543064225575133,-1.0848465223135253,-0.9874928977017738,-0.7630486202605946,-0.4668885756804322,0.3310633603882228,-0.776851128459967,-0.9584941232488917,0.059442939393923096
0.8982713999666782,0.06359330695056276,1.2425044702632544,-0.29399951920421696,1.5236369504458598,-0.06550916427876001,-1.4356089421346725,0.7976819508350805,0.47144342392592764,1.5799558992220544,2.338319608503587,1.3587109635936774,1.4981595336008937,1.7598831206161731,1.1960864155261786,2.0113905822465634,1.552607505756063,-1.161668799827612
-0.9593555287021857,-0.20627936483963577,-0.2941407595618315,-0.45681309765968486,-0.43077808081976365,-0.6060168333104871,0.24629795673401997,1.6409457274321655,-0.32653944087507075,-0.7332935936197942,-0.89981051524233,-0.5964589208191986,-0.310806989488297,-1.441101192810197,-0.9046838612374283,-1.2688937832905312,-0.4815572005774701,0.059442939393923096
0.1552206284991326,-0.6110883725249335,-0.45761365635173423,0.031627637706718836,-0.3086271413656622,0.47499850475296707,0.24629795673401997,-1.0996615465083608,0.271947707725678,-0.25261837432798157,-0.37554182854061013,-0.20542494393662342,0.20604058853718604,0.6464972724678705,0.08391391606309258,0.043219962924306694,-0.3953637808175746,-0.7176281673834175
-0.9593555287021857,0.3334659787407613,1.0136424147573904,-0.7824402545706207,1.4625614807188092,-0.33576299879462357,-1.3062314883755424,-1.310477490657632,0.271947707725678,0.04780363772940139,1.351460904123879,1.3587109635936774,0.9167060083222253,1.7598831206161731,0.4546380825507879,1.683362145692854,1.4319367180922093,-0.9396484836055148
0.1552206284991326,-0.0713430289445365,-0.5556973944256759,-0.29399951920421696,-0.7666931643185427,0.06961775297917176,0.6344303180114106,-0.8888456023590896,-0.12704372467482117,-0.5530403863853645,0.14872685816110975,-0.5964589208191986,-0.6984426730074093,-0.049368882624818686,-1.0282585833999933,0.043219962924306694,-0.7401374598571565,-1.0506586417165635
1.14595499045586,-0.20627936483963577,0.2616670895238378,1.334136265350462,0.17997661645074367,0.47499850475296707,-0.5299667658207612,-0.04558182576200451,-0.72553087327557,1.039196277518765,0.9813888899814884,0.1856090329459518,-0.18159509498192622,0.43773742594006376,0.08391391606309258,0.6992768360317256,0.16776656161374243,-1.161668799827612
0.27906242374372353,0.4684023146358605,-0.5883919737836565,-0.7824402545706207,-0.36970261109271296,-0.33576299879462357,0.3756754104931502,-0.04558182576200451,0.47144342392592764,-0.6431669900025794,0.42628086876790267,-0.20542494393662342,-0.05238320047555546,1.0640169655234841,-0.5339596947497329,0.37124839947801613,-0.4815572005774701,0.059442939393923096
-0.21630475723464015,-0.4761520366298343,-0.8826431880054814,0.5200683730731225,-1.0720705129537964,-0.06550916427876001,1.1519401330479313,-0.8888456023590896,0.07245199152542843,-0.6732091912083177,-1.4240792019440498,-0.9874928977017738,-0.6338367257542239,-0.8844082687360457,0.08391391606309258,-1.2688937832905312,-0.9987177191368429,-0.6066180092723689
0.27906242374372353,0.3334659787407613,-0.7518648705735592,-0.29399951920421696,-1.0109950432267456,-0.6060168333104871,1.0225626792888012,-0.6780296582098183,-0.32653944087507075,-0.4929559839738879,-0.37554182854061013,-0.9874928977017738,-0.82765456751378,-0.18854211364335652,-0.4103849725871679,-0.12079425535254804,-0.9412554392969126,-1.161668799827612
-0.5878301429684128,1.817765673586853,-1.8961751481028783,-1.2708809899370244,-1.7133629450878292,-1.6870321713739413,2.5750921243983633,1.2193138391336231,-1.1245223056760691,-1.6045174285862047,-1.4549185364559158,-1.378526874584349,-2.701227037856156,-1.9977941168843485,-1.0282585833999933,-1.92495065639795,-1.4469235018882993,0.9475242042823123
-0.21630475723464015,0.06359330695056276,1.1771153115472932,-0.13118594074874906,1.4320237458552838,0.20474467023710352,-1.3062314883755424,0.376050062536538,0.271947707725678,0.7387742654613821,1.351460904123879,1.3587109635936774,1.0459179028285959,1.4815366585790974,1.566810582013874,1.3553337091391444,1.4089518061562372,0.9475242042823123
0.7744296047220872,0.19852964284566202,-0.39222449763577316,-0.13118594074874906,-0.43077808081976365,-0.20063608153669177,0.24629795673401997,0.16523411838726676,-0.5260351570753203,-0.10240736829929008,0.48795953779163437,-0.5964589208191986,-0.4400188839946677,-0.11895549813408761,-0.9046838612374283,0.37124839947801613,-0.45857228864149796,-1.0506586417165635
0.03137883325454169,-1.1508337161053306,0.39244540695576,1.0085091084395263,0.3632030256318959,1.2857600083005576,-0.6593442195798913,-0.04558182576200451,0.271947707725678,0.8589430702843353,-0.653095839147403,0.1856090329459518,0.6582822193094837,-0.32771534466189434,0.8253622490384832,-0.28480847362940276,0.3056760332295752,-0.3845976930502715
0.27906242374372353,0.3334659787407613,-0.2941407595618315,-0.9452538330260886,-0.33916487622918756,-0.20063608153669177,0.24629795673401997,-0.467213714060547,0.271947707725678,-0.2826605755337198,0.8888708864458907,-0.20542494393662342,0.3352524830435568,0.7160838879771394,0.08391391606309258,0.6992768360317256,-0.41834869275354675,-1.3836891160497093
-0.7116719382130038,1.278020330006456,-0.3595299182777926,-1.2708809899370244,-0.5529290202738651,-1.4167783368580777,0.5050528642522804,0.7976819508350805,-0.32653944087507075,-1.1538844105001302,-0.06714848342195137,-0.5964589208191986,-0.7630486202605946,-0.18854211364335652,-1.0282585833999933,-0.4488226919062575,-0.6194666721933029,0.17045309750497176
-0.3401465524792311,0.19852964284566202,-0.8499486086475009,-0.45681309765968486,-0.9499195734996949,-0.7411437505684189,1.0225626792888012,-0.04558182576200451,-0.9250265894758195,-0.913546800854224,-0.7147745081711347,-0.9874928977017738,-1.021472409273336,-1.0235814997545836,-0.9046838612374283,-0.776851128459967,-0.9010318434089614,0.17045309750497176
-0.8355137334575947,1.1430839941113569,-1.1441998228693258,-1.4336945683924922,-0.7972308991820681,-1.6870321713739413,0.893185225529671,-0.467213714060547,-0.72553087327557,-1.4543064225575133,-0.89981051524233,-0.5964589208191986,-1.7321378290583753,-1.371514577300928,-1.769706916375384,-1.1048795650136765,-0.809092195665073,-1.161668799827612
-0.21630475723464015,-0.0713430289445365,1.2098098909052737,-0.45681309765968486,1.615250155036436,0.06961775297917176,-1.4356089421346725,0.5868660066858092,0.6709391401261772,0.8289008690785971,1.2281035660764155,1.7497449404762526,0.9167060083222253,1.7598831206161731,1.566810582013874,1.683362145692854,1.6158160135799864,0.059442939393923096
-0.9593555287021857,0.4684023146358605,1.2425044702632544,-0.6196266761151528,1.4320237458552838,-0.33576299879462357,-1.3062314883755424,-0.6780296582098183,0.271947707725678,-0.22257617312224326,1.4439789076594765,1.3587109635936774,1.0459179028285959,1.899056351634711,0.3310633603882228,1.683362145692854,1.4204442621242233,-0.7176281673834175
-0.5878301429684128,-0.6110883725249335,1.2425044702632544,0.35725479461765464,1.370948276128233,0.47499850475296707,-1.3062314883755424,2.4842095040292507,0.6709391401261772,0.6786898630499055,0.48795953779163437,1.3587109635936774,1.4335535863477082,0.9944303500142151,2.0611094706641344,1.027305272585435,1.368728210268286,-1.161668799827612
0.03137883325454169,0.19852964284566202,-0.621086553141637,-0.6196266761151528,-0.2780894065021368,-0.33576299879462357,0.24629795673401997,2.2733935598799793,0.47144342392592764,-0.7633357948255325,0.3646021997441709,-0.20542494393662342,-0.11698914772874085,0.5769106569586016,-0.4103849725871679,0.2072341812011614,-0.40111000880156766,-0.6066180092723689
-0.46398834772382197,-0.341215700734735,-1.6673130925970145,-0.6196266761151528,-1.5912120056337276,-0.8762706678263507,2.186959763120973,-0.6780296582098183,-0.5260351570753203,-1.2440110141173453,-1.4549185364559158,-1.378526874584349,-1.861349723564746,-1.8586208858658106,-1.0282585833999933,-1.7609364381210952,-1.37222253809639,0.8365140461712637
-0.5878301429684128,-0.7460247084200328,1.1771153115472932,0.5200683730731225,1.4014860109917584,1.4208869255584895,-1.3062314883755424,-1.310477490657632,0.47144342392592764,0.7688164666671204,-0.06714848342195137,1.3587109635936774,1.6273714281072644,0.9248437345049462,1.566810582013874,0.6992768360317256,1.3457432983323139,2.945707050281188
0.03137883325454169,-0.20627936483963577,1.0790315734733515,-0.29399951920421696,1.5236369504458598,0.3398715874950353,-1.3062314883755424,-0.8888456023590896,0.6709391401261772,0.9791118751072885,1.320621569612013,1.3587109635936774,0.9167060083222253,1.5511232740883665,1.690385304176439,1.5193479274159993,1.4836527699481465,0.9475242042823123
0.40290421898831447,-0.0713430289445365,1.4386719464111375,-0.13118594074874906,1.4014860109917584,0.20474467023710352,-1.3062314883755424,0.16523411838726676,0.271947707725678,1.2795338871646713,1.351460904123879,1.3587109635936774,1.6919773753604497,0.5769106569586016,0.4546380825507879,0.8632910543085803,1.4204442621242233,1.8356054691707018
-0.7116719382130038,-1.0158973802102313,-1.4711456164491312,0.6828819515285904,-1.530136535906677,0.47499850475296707,1.9282048556027125,0.7976819508350805,-0.5260351570753203,-1.123842209294392,-0.653095839147403,-1.378526874584349,-1.4091080927924484,-0.7452350377175079,-0.5339596947497329,-0.776851128459967,-1.3032678022884736,-0.49560785116132017
-0.3401465524792311,-1.5556427237906283,-0.7518648705735592,1.9853905791723336,-0.8583063689091188,1.5560138428164212,0.7638077717705407,-1.0996615465083608,-0.32653944087507075,-0.3127027767394581,-1.7633118815745745,-0.9874928977017738,-1.021472409273336,-1.6498610393380038,-0.4103849725871679,-1.7609364381210952,-0.7918535117130938,-1.0506586417165635
-0.3401465524792311,-0.7460247084200328,0.06549961337595453,0.5200683730731225,0.02728794213311684,0.47499850475296707,-0.2712118583025008,-1.310477490657632,-0.32653944087507075,0.22805684496383116,-0.9923285187779276,-0.20542494393662342,0.0768286940308153,-1.0931681152638524,-0.28681025042460273,-0.9408653467368217,-0.056336329761985784,1.2805546786154582
0.6505878094774963,0.19852964284566202,0.5886128831036433,1.334136265350462,0.5464294348130481,0.3398715874950353,-0.9180991270981518,-0.04558182576200451,-0.5260351570753203,0.8589430702843353,0.7346742138865614,0.576643009828527,-0.05238320047555546,0.7160838879771394,0.8253622490384832,0.8632910543085803,0.5470176085572825,-1.2726789579386608
0.7744296047220872,-0.4761520366298343,-0.4903082357097148,0.8456955299840583,-0.4002403459562383,0.8803792565267624,0.24629795673401997,1.6409457274321655,0.271947707725678,0.16797244255235455,0.2412448616967074,-0.5964589208191986,0.3998584302967422,0.020217732884450234,0.3310633603882228,0.2072341812011614,-0.47006474460948405,0.2814632556160204
0.5267460142329053,-0.7460247084200328,-0.8499486086475009,0.5200683730731225,-0.8583063689091188,0.8803792565267624,0.7638077717705407,-0.467213714060547,3.2643834507294223,-0.25261837432798157,-1.3624005329203182,-0.9874928977017738,-0.7630486202605946,-0.60606180669897,-0.28681025042460273,-1.1048795650136765,-0.8033459676810799,-0.16257737682817422
0.27906242374372353,0.06359330695056276,-0.3595299182777926,-0.6196266761151528,-0.15593846704803538,-0.06550916427876001,0.11692050297488979,0.5868660066858092,0.271947707725678,-0.22257617312224326,0.33376286523230503,-0.20542494393662342,0.20604058853718604,0.8552571189956772,-0.4103849725871679,0.37124839947801613,-0.26894676516972793,-1.3836891160497093
-0.5878301429684128,-0.20627936483963577,-0.4903082357097148,-0.29399951920421696,-0.5223912854103397,0.6101254220108988,0.3756754104931502,-0.8888456023590896,0.271947707725678,-0.7933779960312708,-0.46805983207620777,-0.5964589208191986,-0.37541293674148235,0.08980434839371916,0.2074886382256577,-0.28480847362940276,-0.5562581643693795,1.1695445205044097
-0.21630475723464015,-0.7460247084200328,-0.5230028150676953,0.35725479461765464,-0.5529290202738651,0.3398715874950353,0.5050528642522804,-0.8888456023590896,-0.12704372467482117,-0.19253397191650495,-1.146525191337257,-0.5964589208191986,-0.2462010422351116,-1.580274423828735,-0.03966080609947253,-1.5969222198442405,-0.6022279882413237,2.2796461016148966
-1.0831973239467765,0.19852964284566202,1.5367556844850792,-0.13118594074874906,1.5541746853093852,0.3398715874950353,-1.4356089421346725,0.7976819508350805,0.271947707725678,0.10788804014087798,1.351460904123879,1.7497449404762526,1.8211892698668206,1.2727768120512908,1.3196611376887437,1.1913194908622897,1.581338645676028,1.7245953110596528
0.40290421898831447,0.4684023146358605,-0.2941407595618315,-0.7824402545706207,-0.4002403459562383,0.06961775297917176,0.24629795673401997,-0.8888456023590896,0.6709391401261772,-0.22257617312224326,0.11788752364924389,-0.5964589208191986,0.20604058853718604,0.6464972724678705,-0.03966080609947253,0.37124839947801613,-0.47006474460948405,-0.3845976930502715
-0.46398834772382197,-0.6110883725249335,0.29436166888181836,0.35725479461765464,0.17997661645074367,0.6101254220108988,-0.40058931206163095,-0.6780296582098183,-0.32653944087507075,0.04780363772940139,-0.4372204975643419,0.1856090329459518,-0.2462010422351116,-0.60606180669897,0.3310633603882228,-0.776851128459967,0.11030428177381213,1.8356054691707018
-0.09246296199004923,-0.0713430289445365,0.29436166888181836,1.659763422261398,0.11890114672369294,0.7452523392688306,-0.5299667658207612,-0.467213714060547,-0.5260351570753203,0.07784583893513969,-1.0231678532897934,0.1856090329459518,-0.310806989488297,-0.60606180669897,0.578212804713353,-0.776851128459967,0.1217967377417982,0.5034835718381178
-0.09246296199004923,-1.420706387895529,-1.1115052435113453,1.9853905791723336,-1.0720705129537964,1.691140760074353,1.1519401330479313,0.5868660066858092,-0.12704372467482117,-0.5229981851796262,-1.7016332125508429,-0.9874928977017738,-1.021472409273336,-0.8844082687360457,0.08391391606309258,-1.4329080015673858,-0.9814790351848639,-1.0506586417165635
-1.2070391191913674,0.3334659787407613,-1.3076727196592286,-1.1080674114815565,-1.2247591872714232,-1.1465245023422141,1.540072494325322,0.376050062536538,-0.72553087327557,-1.4843486237632515,-0.9923285187779276,-0.9874928977017738,-0.8922605147669653,-0.8844082687360457,-1.0282585833999933,-0.9408653467368217,-1.1193885068006966,-0.49560785116132017
-0.09246296199004923,-0.20627936483963577,1.3405882083371958,0.19444121616218674,1.3404105412647076,0.47499850475296707,-1.3062314883755424,2.0625776157307083,0.47144342392592764,1.0692384787245033,1.2589429005882813,1.3587109635936774,1.7565833226136351,0.7856705034864083,1.813960026339004,0.6992768360317256,1.3170121584123486,-0.16257737682817422
-0.7116719382130038,-0.7460247084200328,-1.6019239338810534,0.5200683730731225,-1.4995988010431516,0.3398715874950353,1.9282048556027125,-0.04558182576200451,-0.5260351570753203,-1.2740532153230835,-1.7324725470627087,-1.378526874584349,-1.4091080927924484,-1.2323413462823902,-0.28681025042460273,-1.4329080015673858,-1.2917753463204875,0.17045309750497176
-0.8355137334575947,-0.341215700734735,-0.9480323467214424,0.19444121616218674,-1.1636837175443726,-0.20063608153669177,1.2813175868070614,-1.0996615465083608,-0.12704372467482117,-1.0637578068829154,-0.5605778356118054,-0.9874928977017738,-0.7630486202605946,-0.11895549813408761,-0.28681025042460273,-0.28480847362940276,-1.0504337709927802,-0.49560785116132017
-0.8355137334575947,0.19852964284566202,-1.1115052435113453,-1.4336945683924922,-1.0109950432267456,-1.1465245023422141,1.1519401330479313,-0.6780296582098183,-0.32653944087507075,-1.1839266117058687,-0.2830238250050125,-0.9874928977017738,-1.021472409273336,-0.8148216532267768,-0.9046838612374283,-0.6128369101831123,-0.9757328072008709,-0.9396484836055148
-0.7116719382130038,-0.0713430289445365,-0.9480323467214424,-0.45681309765968486,-1.1331459826808472,-1.1465245023422141,1.4106950405661918,-0.467213714060547,-0.12704372467482117,-0.9736312032657006,-1.2390431948728546,-0.9874928977017738,-0.8922605147669653,-0.25812872915262547,0.578212804713353,-0.9408653467368217,-1.0619262269607663,-0.2735875349392229
0.7744296047220872,-0.341215700734735,-0.6537811324996176,0.19444121616218674,-0.7972308991820681,0.7452523392688306,0.6344303180114106,-1.0996615465083608,0.07245199152542843,-0.13244956950502837,-0.09798781793381725,-0.9874928977017738,-0.2462010422351116,-0.049368882624818686,-0.9046838612374283,-0.12079425535254804,-0.7516299158251426,-0.16257737682817422
-1.0831973239467765,1.817765673586853,-1.2422835609432674,-1.2708809899370244,-1.0109950432267456,-1.822159088631873,1.1519401330479313,1.851761671581437,-0.9250265894758195,-1.6345596297919431,-0.9306498497541958,-0.9874928977017738,-1.9905616180711168,-1.510687808319466,-1.3989827498876888,-1.4329080015673858,-0.9642403512328848,-0.9396484836055148
-1.5785645049251402,0.738274986426059,-0.915337767363462,-0.7824402545706207,-1.1331459826808472,-1.5519052541160094,1.4106950405661918,0.376050062536538,-0.32653944087507075,-1.544433026174728,-0.5605778356118054,-0.9874928977017738,-1.2798961982860777,-0.18854211364335652,-0.03966080609947253,-0.776851128459967,-1.0734186829287524,-0.7176281673834175
0.1552206284991326,-0.880961044315132,-0.7845594499315397,0.6828819515285904,-0.8583063689091188,1.150633091042626,0.893185225529671,-1.0996615465083608,-0.5260351570753203,-0.19253397191650495,-1.4857578709677817,-0.9874928977017738,-0.82765456751378,-1.1627547307731214,-0.5339596947497329,-1.4329080015673858,-0.832077107601045,2.8346968921701396
0.40290421898831447,-0.341215700734735,-0.6537811324996176,0.19444121616218674,-0.7361554294550173,0.6101254220108988,0.6344303180114106,-1.310477490657632,0.07245199152542843,-0.2826605755337198,-0.9614891842660618,-0.5964589208191986,-0.310806989488297,-0.4668885756804322,-0.5339596947497329,-0.776851128459967,-0.6999138639692053,-0.8286383254944661
-1.0831973239467765,1.6828293376917538,-0.621086553141637,-1.5965081468479603,-0.5529290202738651,-1.822159088631873,0.6344303180114106,0.376050062536538,-0.12704372467482117,-1.4843486237632515,-0.06714848342195137,-0.5964589208191986,-1.344502145539263,-0.25812872915262547,-0.9046838612374283,-0.28480847362940276,-0.630959128161289,-0.49560785116132017
0.03137883325454169,-0.880961044315132,0.39244540695576,0.031627637706718836,0.24105208617779442,0.47499850475296707,-0.40058931206163095,-1.310477490657632,-0.32653944087507075,0.4383522534039992,-0.7456138426830007,0.1856090329459518,-0.18159509498192622,-0.675648422208239,-0.6575344169122981,-0.776851128459967,0.15052787766176334,1.8356054691707018
-0.8355137334575947,0.06359330695056276,-0.45761365635173423,-0.6196266761151528,-0.43077808081976365,0.06961775297917176,0.3756754104931502,-0.04558182576200451,0.47144342392592764,-0.9736312032657006,-0.3138631595168784,-0.5964589208191986,0.14143464128400068,0.15939096390298807,-0.6575344169122981,-0.28480847362940276,-0.4930496565454562,-1.161668799827612
0.40290421898831447,-0.20627936483963577,1.3078936289792154,0.031627637706718836,1.2182596018106062,0.20474467023710352,-1.176854034616412,0.5868660066858092,0.47144342392592764,1.3095760883704097,2.029926263384928,1.3587109635936774,1.3689476390945228,0.9944303500142151,1.813960026339004,1.5193479274159993,1.2193262826844673,-1.3836891160497093
-1.3308809144359584,0.6033386505309598,-0.7845594499315397,-0.7824402545706207,-0.8583063689091188,-1.4167783368580777,1.0225626792888012,-0.2563977699112758,-0.32653944087507075,-1.33413761773456,-0.7764531771948665,-0.9874928977017738,-0.4400188839946677,-0.4668885756804322,-0.03966080609947253,-0.6128369101831123,-0.8723007034889962,0.2814632556160204
-0.09246296199004923,-1.5556427237906283,0.03280503401797398,1.659763422261398,0.30212755590484514,1.691140760074353,-0.5299667658207612,-0.6780296582098183,0.07245199152542843,0.7087320642556438,-1.1156858568253911,0.1856090329459518,0.5290703248031129,-0.25812872915262547,0.578212804713353,-0.4488226919062575,0.2539599813736379,-0.49560785116132017
-0.46398834772382197,0.19852964284566202,-0.7191702912155786,-0.9452538330260886,-0.36970261109271296,-0.33576299879462357,0.3756754104931502,-0.2563977699112758,0.47144342392592764,-0.8534623984427474,0.05620885462551213,-0.20542494393662342,-0.11698914772874085,0.6464972724678705,-1.1518333055625585,-0.12079425535254804,-0.49879588452944923,0.5034835718381178
0.40290421898831447,-0.7460247084200328,-0.8499486086475009,0.6828819515285904,-0.9499195734996949,0.8803792565267624,0.893185225529671,-0.6780296582098183,0.07245199152542843,-0.3427449779451964,-0.3138631595168784,-0.9874928977017738,-1.021472409273336,-0.11895549813408761,-0.4103849725871679,-0.28480847362940276,-0.8895393874409754,-1.0506586417165635
-0.21630475723464015,1.1430839941113569,-0.6864757118575981,-1.5965081468479603,-0.4918535505468144,-1.6870321713739413,0.5050528642522804,-0.6780296582098183,-0.32653944087507075,-0.9435890020599623,0.14872685816110975,-0.5964589208191986,-0.8922605147669653,0.228977579412257,-1.522557472050254,0.043219962924306694,-0.5907355322733377,0.059442939393923096
0.5267460142329053,-0.4761520366298343,-0.7191702912155786,0.35725479461765464,-0.7361554294550173,0.3398715874950353,0.6344303180114106,1.0084978949843517,-0.32653944087507075,-0.25261837432798157,-0.159666486957549,-0.5964589208191986,-0.6338367257542239,-0.049368882624818686,-0.5339596947497329,-0.12079425535254804,-0.7114063199371914,-1.2726789579386608
-1.7024063001697312,1.5478930017966546,2.6483713826564177,-1.2708809899370244,2.4092312614880957,-1.822159088631873,-1.823741303412063,1.2193138391336231,-0.72553087327557,-0.13244956950502837,2.122444266920526,2.531812894241403,1.4981595336008937,1.203190196542022,1.566810582013874,1.5193479274159993,2.615659682794774,-1.2726789579386608
-0.5878301429684128,1.278020330006456,-0.5883919737836565,-1.4336945683924922,-0.5223912854103397,-1.5519052541160094,0.5050528642522804,0.5868660066858092,-0.5260351570753203,-1.3040954165288219,0.42628086876790267,-0.5964589208191986,-0.5692307785010385,-0.049368882624818686,-0.9046838612374283,0.2072341812011614,-0.5849893042893447,-0.16257737682817422
-0.3401465524792311,-1.2857700520004298,0.13088877209191563,1.1713226868949942,0.21051435131426904,1.2857600083005576,-0.40058931206163095,-1.0996615465083608,0.07245199152542843,0.4683944546097375,-0.8381318462185983,0.1856090329459518,0.3998584302967422,-0.5364751911897011,0.4546380825507879,-0.6128369101831123,0.13328919370978426,-0.8286383254944661
-0.3401465524792311,-0.0713430289445365,1.4386719464111375,0.19444121616218674,1.4930992155823344,0.7452523392688306,-1.3062314883755424,1.851761671581437,0.47144342392592764,0.7387742654613821,0.8888708864458907,1.3587109635936774,1.6919773753604497,1.0640169655234841,1.3196611376887437,1.027305272585435,1.4836527699481465,1.058534362393361
1.14595499045586,-0.4761520366298343,-0.13066786277192877,1.8225770007168658,-0.06432526245745926,1.0155061737846942,-0.2712118583025008,1.4301297832828943,-0.32653944087507075,0.9190274726958119,0.17956619267297563,-0.20542494393662342,-0.310806989488297,0.15939096390298807,0.578212804713353,0.2072341812011614,-0.07932124169795791,-0.3845976930502715
-0.7116719382130038,-0.341215700734735,1.2098098909052737,-0.29399951920421696,1.6763256247634868,0.7452523392688306,-1.4356089421346725,-1.310477490657632,0.47144342392592764,0.6186054606384289,0.7963528829102932,1.7497449404762526,1.6273714281072644,1.8294697361254422,1.1960864155261786,1.5193479274159993,1.6847707493879027,1.8356054691707018
-0.8355137334575947,-0.20627936483963577,-0.5883919737836565,0.35725479461765464,-0.705617694591492,0.3398715874950353,0.6344303180114106,1.851761671581437,-0.5260351570753203,-0.8534623984427474,-0.2521844904931466,-0.5964589208191986,-0.4400188839946677,-0.60606180669897,-0.5339596947497329,-0.4488226919062575,-0.7114063199371914,1.5025749948375555
0.27906242374372353,0.4684023146358605,0.9482532560414293,1.0085091084395263,0.7296558439942002,-0.33576299879462357,-1.047476580857282,-0.04558182576200451,-0.5260351570753203,0.7387742654613821,-0.34470249402874426,0.576643009828527,0.20604058853718604,-0.11895549813408761,1.0725116933636134,0.043219962924306694,0.7711204999330108,-0.6066180092723689
-1.5785645049251402,1.4129566659015553,2.6483713826564177,-1.5965081468479603,2.5619199358057223,-1.2816514196001458,-1.823741303412063,-0.2563977699112758,-0.32653944087507075,-0.04232296588781349,1.9990869288730624,2.922846871123978,1.3689476390945228,1.6902965051069043,1.690385304176439,1.683362145692854,2.6903606465866834,1.9466156272817503
0.8982713999666782,0.19852964284566202,0.3597508275977795,-0.45681309765968486,-0.0032497927304085275,-0.4708899160525553,-0.1418344045433706,-0.6780296582098183,-0.12704372467482117,0.7688164666671204,-0.7147745081711347,-0.20542494393662342,0.3998584302967422,-1.0235814997545836,-0.6575344169122981,-0.9408653467368217,-0.1137986096019161,1.058534362393361
-0.3401465524792311,0.3334659787407613,-0.3595299182777926,-0.9452538330260886,-0.3086271413656622,-0.33576299879462357,0.24629795673401997,1.2193138391336231,0.47144342392592764,-0.5830825875911028,-0.03630914891008549,-0.20542494393662342,0.20604058853718604,0.7160838879771394,-0.5339596947497329,0.043219962924306694,-0.4240949207375398,0.39247341372706906
-0.9593555287021857,0.3334659787407613,-0.32683533891981204,-0.9452538330260886,-0.3086271413656622,-0.20063608153669177,0.24629795673401997,-0.2563977699112758,0.47144342392592764,-0.9435890020599623,0.3646021997441709,-0.20542494393662342,0.3352524830435568,0.9944303500142151,0.08391391606309258,0.6992768360317256,-0.40111000880156766,-0.8286383254944661
0.40290421898831447,-0.0713430289445365,0.9155586766834488,-0.29399951920421696,1.370948276128233,0.3398715874950353,-1.3062314883755424,1.2193138391336231,0.47144342392592764,0.9190274726958119,1.4439789076594765,1.3587109635936774,1.239735744588152,1.4119500430698286,1.3196611376887437,1.3553337091391444,1.3285046143803347,-0.051567218717125565
-0.5878301429684128,-0.20627936483963577,-1.1115052435113453,-0.45681309765968486,-1.2247591872714232,-0.4708899160525553,1.4106950405661918,-1.0996615465083608,-0.5260351570753203,-1.0938000080886539,-1.3007218638965865,-0.9874928977017738,-1.4091080927924484,-1.3019279617916593,-0.7811091390748632,-1.2688937832905312,-1.1078960508327105,0.17045309750497176
-0.09246296199004923,0.8732113223211583,1.8963960574228653,-0.13118594074874906,1.7374010944905374,-1.1465245023422141,-1.5649863958938026,0.5868660066858092,-0.5260351570753203,0.9791118751072885,1.7523722527781354,1.7497449404762526,1.0459179028285959,1.203190196542022,1.0725116933636134,1.5193479274159993,1.897381184795645,0.17045309750497176
0.40290421898831447,-0.0713430289445365,1.3405882083371958,-0.13118594074874906,1.3404105412647076,0.06961775297917176,-1.3062314883755424,-0.2563977699112758,0.47144342392592764,1.2795338871646713,2.307480273991721,1.3587109635936774,1.3689476390945228,1.203190196542022,1.1960864155261786,1.683362145692854,1.362981982284293,0.39247341372706906
1.2697967857004508,0.4684023146358605,-0.3595299182777926,-0.7824402545706207,-0.4918535505468144,-1.1465245023422141,0.3756754104931502,-0.04558182576200451,-0.32653944087507075,0.017761436523663097,-0.09798781793381725,-0.5964589208191986,-0.7630486202605946,-0.18854211364335652,-0.7811091390748632,-0.28480847362940276,-0.5447657084013935,-0.051567218717125565
-1.0831973239467765,1.817765673586853,-0.5883919737836565,-1.5965081468479603,-0.5223912854103397,-1.6870321713739413,0.5050528642522804,-0.467213714060547,-0.5260351570753203,-1.4543064225575133,0.11788752364924389,-0.5964589208191986,-0.8922605147669653,-0.049368882624818686,-1.522557472050254,-0.12079425535254804,-0.5907355322733377,-0.8286383254944661
0.8982713999666782,-0.0713430289445365,0.4578345656717211,1.4969498438059299,0.2715898210413198,0.47499850475296707,-0.6593442195798913,-0.467213714060547,-0.5260351570753203,0.8589430702843353,-0.7147745081711347,0.1856090329459518,-0.310806989488297,-0.60606180669897,0.7017875268759182,-0.6128369101831123,0.2826911212936031,-0.2735875349392229
0.7744296047220872,0.06359330695056276,-0.5883919737836565,-0.29399951920421696,-0.33916487622918756,-0.06550916427876001,0.3756754104931502,2.2733935598799793,0.271947707725678,-0.16249177071076668,0.05620885462551213,-0.20542494393662342,0.20604058853718604,0.5769106569586016,0.08391391606309258,0.043219962924306694,-0.45282606065750497,-0.16257737682817422
-0.5878301429684128,1.817765673586853,-0.5883919737836565,-1.5965081468479603,-0.6140044900009158,-1.822159088631873,0.6344303180114106,-1.310477490657632,-0.12704372467482117,-1.2740532153230835,0.3646021997441709,-0.5964589208191986,-1.021472409273336,-0.18854211364335652,-0.9046838612374283,0.043219962924306694,-0.6596902680812541,-0.6066180092723689
0.1552206284991326,1.278020330006456,-1.209588981585287,-1.5965081468479603,-1.0109950432267456,-1.4167783368580777,1.2813175868070614,1.0084978949843517,-0.32653944087507075,-1.0337156056771772,-0.9614891842660618,-0.9874928977017738,-1.4737140400456339,-1.371514577300928,-1.3989827498876888,-1.2688937832905312,-0.9872252631688568,1.2805546786154582
0.27906242374372353,-1.0158973802102313,0.8501695179674877,0.5200683730731225,1.0044954577659286,1.150633091042626,-1.047476580857282,-0.8888456023590896,0.47144342392592764,1.339618289576148,0.9197102209577567,0.9676769867111022,1.239735744588152,0.7160838879771394,1.566810582013874,1.1913194908622897,0.983730935340753,-0.9396484836055148
0.6505878094774963,0.738274986426059,-0.45761365635173423,-1.1080674114815565,-0.5529290202738651,-1.0113975850842825,0.5050528642522804,-0.467213714060547,-0.32653944087507075,-0.37278717915093473,-0.46805983207620777,-0.5964589208191986,-1.021472409273336,-0.25812872915262547,-1.2754080277251236,-0.4488226919062575,-0.5907355322733377,-1.161668799827612
0.7744296047220872,0.19852964284566202,1.3078936289792154,-0.29399951920421696,1.706863359627012,0.06961775297917176,-1.4356089421346725,1.0084978949843517,0.271947707725678,1.5198714968105778,1.1972642315645494,1.7497449404762526,1.239735744588152,2.1078161981625176,0.7017875268759182,1.683362145692854,1.730740573259847,0.8365140461712637
-0.3401465524792311,-0.7460247084200328,0.22897251016585726,1.0085091084395263,0.08836341186016758,0.7452523392688306,-0.2712118583025008,1.851761671581437,-0.12704372467482117,0.25809904616956947,0.6729955448628296,0.1856090329459518,0.0768286940308153,0.2985641949215259,0.3310633603882228,0.5352626177548708,0.01261840604593059,-1.3836891160497093
-0.21630475723464015,-0.880961044315132,1.0790315734733515,0.35725479461765464,1.5236369504458598,1.0155061737846942,-1.3062314883755424,-1.310477490657632,0.47144342392592764,1.1593650823417183,0.7038348793746955,1.3587109635936774,1.6273714281072644,1.3423634275605596,1.4432358598513089,1.1913194908622897,1.5238763658360979,0.8365140461712637
0.03137883325454169,-0.7460247084200328,0.06549961337595453,0.35725479461765464,-0.03378752759393389,0.3398715874950353,-0.1418344045433706,1.2193138391336231,-0.12704372467482117,0.37826785099252264,0.5804775413272321,-0.20542494393662342,-0.18159509498192622,0.020217732884450234,0.08391391606309258,0.2072341812011614,-0.10230615363393004,0.2814632556160204
0.03137883325454169,-0.7460247084200328,0.6540020418196044,0.6828819515285904,0.6075049045400989,0.8803792565267624,-0.7887216733390215,1.6409457274321655,0.07245199152542843,0.8589430702843353,0.8888708864458907,0.576643009828527,1.239735744588152,0.9944303500142151,0.9489369712010484,1.1913194908622897,0.5240326966213104,0.2814632556160204
-0.9593555287021857,-0.20627936483963577,-0.45761365635173423,-0.9452538330260886,-0.46131581568328905,-0.8762706678263507,0.5050528642522804,1.0084978949843517,-0.32653944087507075,-0.8534623984427474,-1.0848465223135253,-0.5964589208191986,0.2706465357903714,-0.9539948842453146,-1.3989827498876888,-0.9408653467368217,-0.5620043923533725,0.6144937299491664
-0.09246296199004923,-0.6110883725249335,-0.8826431880054814,0.8456955299840583,-1.1942214524078978,0.7452523392688306,1.2813175868070614,-0.04558182576200451,-0.12704372467482117,-0.6131247887968411,-0.653095839147403,-0.9874928977017738,-1.150684303779707,-0.39730196017116326,-0.28681025042460273,-0.6128369101831123,-1.0734186829287524,-0.051567218717125565
-0.21630475723464015,-1.5556427237906283,-0.3595299182777926,1.334136265350462,-0.33916487622918756,1.150633091042626,0.11692050297488979,-0.04558182576200451,-0.12704372467482117,0.07784583893513969,-1.5782758745033794,-0.5964589208191986,-0.5046248312478531,-1.371514577300928,-0.4103849725871679,-1.4329080015673858,-0.3953637808175746,0.9475242042823123
0.1552206284991326,-1.2857700520004298,0.29436166888181836,1.334136265350462,0.33266529076837054,1.150633091042626,-0.5299667658207612,-0.467213714060547,0.271947707725678,0.8589430702843353,-1.177364525849123,0.1856090329459518,0.6582822193094837,-0.5364751911897011,0.4546380825507879,-0.6128369101831123,0.25970620935763095,-1.0506586417165635
-0.7116719382130038,-0.20627936483963577,1.4386719464111375,0.35725479461765464,1.4014860109917584,0.8803792565267624,-1.3062314883755424,2.4842095040292507,0.47144342392592764,0.5284788570212141,0.8888708864458907,1.3587109635936774,1.8211892698668206,0.7856705034864083,2.3082589149892647,0.8632910543085803,1.3802206662362722,1.6135851529486043
0.5267460142329053,-0.880961044315132,0.29436166888181836,1.0085091084395263,0.1494388815872183,0.8803792565267624,-0.40058931206163095,-1.310477490657632,-0.32653944087507075,0.9490696739015502,0.9505495554696225,0.1856090329459518,0.3998584302967422,0.228977579412257,-0.03966080609947253,0.37124839947801613,0.09306559782183303,-1.0506586417165635
0.6505878094774963,-0.880961044315132,-0.7845594499315397,0.8456955299840583,-0.705617694591492,0.8803792565267624,0.6344303180114106,1.0084978949843517,0.07245199152542843,-0.07236516709355179,0.14872685816110975,-0.5964589208191986,-0.05238320047555546,-0.049368882624818686,0.08391391606309258,0.043219962924306694,-0.7056600919531983,0.17045309750497176
-0.9593555287021857,0.738274986426059,1.6348394225590208,0.19444121616218674,1.3404105412647076,-0.8762706678263507,-1.3062314883755424,-1.0996615465083608,-0.9250265894758195,-0.012280764682075198,0.7346742138865614,1.3587109635936774,0.4644643775499276,0.36815081043079484,1.3196611376887437,0.6992768360317256,1.4146980341402302,1.1695445205044097
-0.7116719382130038,-1.5556427237906283,-0.8499486086475009,2.1482041576278017,-0.8277686340455934,1.8262676773322848,0.7638077717705407,1.0084978949843517,-0.32653944087507075,-0.4629137827681496,-0.159666486957549,-0.9874928977017738,-0.82765456751378,-0.4668885756804322,0.3310633603882228,-0.6128369101831123,-0.7975997396970869,-0.49560785116132017
0.27906242374372353,-0.20627936483963577,-0.6537811324996176,-0.13118594074874906,-0.7361554294550173,0.20474467023710352,0.6344303180114106,0.376050062536538,0.07245199152542843,-0.4328715815624113,-0.7764531771948665,-0.5964589208191986,-0.18159509498192622,-0.60606180669897,-0.5339596947497329,-0.776851128459967,-0.7171525479211844,-0.6066180092723689
-0.8355137334575947,-1.1508337161053306,-0.6537811324996176,1.334136265350462,-0.6445422248644412,1.0155061737846942,0.5050528642522804,0.7976819508350805,-0.32653944087507075,-0.5830825875911028,-1.2390431948728546,-0.5964589208191986,-0.2462010422351116,-1.371514577300928,-1.0282585833999933,-1.4329080015673858,-0.6596902680812541,1.2805546786154582
-0.3401465524792311,-1.2857700520004298,-1.3076727196592286,1.659763422261398,-1.2552969221349486,1.4208869255584895,1.4106950405661918,-0.467213714060547,-0.5260351570753203,-0.8534623984427474,-1.886669219622038,-0.9874928977017738,-1.5383199872988191,-1.2323413462823902,-0.6575344169122981,-1.7609364381210952,-1.1078960508327105,-0.2735875349392229
0.6505878094774963,2.0876383453770515,3.008011755594204,-1.1080674114815565,2.5008444660786715,-1.822159088631873,-1.823741303412063,-0.2563977699112758,-0.9250265894758195,1.7602091064564842,2.708391622645977,2.531812894241403,1.1751297973349668,0.9944303500142151,1.566810582013874,1.5193479274159993,2.799538978282551,-0.16257737682817422
0.8982713999666782,-0.4761520366298343,-0.7191702912155786,-0.13118594074874906,-0.7666931643185427,-0.33576299879462357,0.6344303180114106,0.16523411838726676,-0.72553087327557,-0.07236516709355179,-0.12882715244568313,-0.9874928977017738,-0.7630486202605946,-0.32771534466189434,-1.2754080277251236,-0.12079425535254804,-0.7458836878411496,-0.7176281673834175
0.7744296047220872,-0.20627936483963577,1.4386719464111375,-0.13118594074874906,1.5236369504458598,0.47499850475296707,-1.3062314883755424,-0.6780296582098183,0.47144342392592764,1.6099981004277926,1.6906935837544035,1.3587109635936774,1.6273714281072644,1.7598831206161731,1.3196611376887437,1.683362145692854,1.535368821804084,-0.2735875349392229
0.03137883325454169,-1.2857700520004298,-1.046116084795384,1.9853905791723336,-0.9499195734996949,1.8262676773322848,0.893185225529671,-0.6780296582098183,-0.12704372467482117,-0.402829380356673,-1.5474365399915133,-0.9874928977017738,-0.37541293674148235,-0.7452350377175079,-0.6575344169122981,-0.9408653467368217,-0.8895393874409754,-0.7176281673834175
0.27906242374372353,0.19852964284566202,-0.4249190769937537,-0.6196266761151528,-0.2170139367750861,-0.06550916427876001,0.24629795673401997,-0.6780296582098183,0.47144342392592764,-0.3427449779451964,0.3646021997441709,-0.20542494393662342,0.20604058853718604,1.3423634275605596,-0.4103849725871679,0.5352626177548708,-0.3493939569456304,0.39247341372706906
-0.7116719382130038,-0.341215700734735,-1.1768944022273062,-0.29399951920421696,-1.0720705129537964,-0.6060168333104871,1.1519401330479313,0.5868660066858092,-0.72553087327557,-1.0036734044714388,-0.2521844904931466,-0.9874928977017738,-1.2152902510328922,-0.8844082687360457,-0.9046838612374283,-0.776851128459967,-0.9987177191368429,-1.161668799827612
-0.46398834772382197,-0.341215700734735,0.4578345656717211,0.031627637706718836,0.2715898210413198,0.06961775297917176,-0.5299667658207612,0.16523411838726676,-0.12704372467482117,0.16797244255235455,-0.5914171701236712,0.1856090329459518,0.4644643775499276,-1.0235814997545836,-0.5339596947497329,-0.776851128459967,0.20224392951770062,0.6144937299491664
0.27906242374372353,-1.1508337161053306,0.4578345656717211,1.4969498438059299,0.5769671696765735,2.0965215118481484,-0.6593442195798913,0.16523411838726676,0.271947707725678,1.1894072835474565,-0.49889916658807365,0.576643009828527,1.4981595336008937,0.15939096390298807,0.2074886382256577,0.043219962924306694,0.48380910073335914,2.1686359435038476
0.5267460142329053,-0.6110883725249335,0.7193912005355655,0.19444121616218674,0.699118109130675,0.6101254220108988,-0.7887216733390215,-1.310477490657632,0.07245199152542843,1.1894072835474565,-0.159666486957549,0.576643009828527,1.4335535863477082,0.020217732884450234,0.2074886382256577,0.2072341812011614,0.6159723443651989,1.7245953110596528
-0.7116719382130038,-0.6110883725249335,-0.9480323467214424,-0.13118594074874906,-0.7972308991820681,0.20474467023710352,0.893185225529671,0.16523411838726676,-0.12704372467482117,-0.703251392414056,-0.00546981439821962,-0.5964589208191986,-0.6984426730074093,-0.32771534466189434,-0.6575344169122981,-0.12079425535254804,-0.8033459676810799,0.6144937299491664
-0.21630475723464015,-1.2857700520004298,-0.26144618020385096,1.4969498438059299,-0.33916487622918756,1.4208869255584895,0.11692050297488979,2.0625776157307083,0.07245199152542843,0.19801464375809286,-0.159666486957549,-0.20542494393662342,-0.37541293674148235,0.08980434839371916,0.4546380825507879,0.043219962924306694,-0.37812509686559553,-0.051567218717125565
0.5267460142329053,-0.341215700734735,-0.2287516008458704,0.031627637706718836,-0.43077808081976365,-0.06550916427876001,0.24629795673401997,-0.467213714060547,-0.32653944087507075,0.16797244255235455,-1.3624005329203182,-0.5964589208191986,-0.6984426730074093,-1.0235814997545836,-0.16323552826203763,-1.1048795650136765,-0.464318516625491,1.2805546786154582
0.8982713999666782,-0.4761520366298343,-0.2287516008458704,0.6828819515285904,-0.36970261109271296,0.3398715874950353,-0.012456950784240401,-0.2563977699112758,-0.5260351570753203,0.318183448581046,0.5187988723035003,-0.5964589208191986,-0.6338367257542239,-0.25812872915262547,0.08391391606309258,0.043219962924306694,-0.36088641291361645,-0.8286383254944661
-0.5878301429684128,-0.4761520366298343,-0.13066786277192877,0.19444121616218674,-0.2780894065021368,-0.06550916427876001,-0.012456950784240401,0.376050062536538,-0.32653944087507075,-0.19253397191650495,0.08704818913737801,-0.20542494393662342,-0.37541293674148235,-0.049368882624818686,-0.16323552826203763,0.043219962924306694,-0.3149165890416722,-0.2735875349392229
-0.7116719382130038,1.6828293376917538,-0.7191702912155786,-1.5965081468479603,-0.6140044900009158,-1.822159088631873,0.6344303180114106,-0.04558182576200451,-0.5260351570753203,-1.3641798189402985,-0.09798781793381725,-0.5964589208191986,-1.021472409273336,-0.18854211364335652,-1.0282585833999933,-0.28480847362940276,-0.6711827240492402,-0.16257737682817422
-1.0831973239467765,1.6828293376917538,-0.4903082357097148,-1.4336945683924922,-0.5834667551373905,-1.822159088631873,0.5050528642522804,-0.2563977699112758,-0.32653944087507075,-1.4543064225575133,-0.34470249402874426,-0.5964589208191986,-1.021472409273336,-0.18854211364335652,-1.0282585833999933,-0.4488226919062575,-0.636705356145282,-0.9396484836055148
-0.8355137334575947,1.1430839941113569,-1.3730618783751896,-1.4336945683924922,-1.1942214524078978,-1.5519052541160094,1.4106950405661918,-0.467213714060547,-0.9250265894758195,-1.51439082496899,-1.0540071878016595,-0.9874928977017738,-1.7967437763115606,-1.441101192810197,-1.2754080277251236,-1.2688937832905312,-1.0964035948647244,0.059442939393923096
-0.5878301429684128,1.817765673586853,-0.4903082357097148,-1.4336945683924922,-0.5223912854103397,-1.6870321713739413,0.5050528642522804,-0.467213714060547,-0.5260351570753203,-1.1538844105001302,-0.19050582146941486,-0.5964589208191986,-1.021472409273336,-0.32771534466189434,-1.0282585833999933,-0.28480847362940276,-0.5907355322733377,-0.3845976930502715
-0.3401465524792311,-0.7460247084200328,0.6540020418196044,0.8456955299840583,0.5464294348130481,1.4208869255584895,-0.6593442195798913,0.16523411838726676,0.07245199152542843,0.5284788570212141,-0.19050582146941486,0.576643009828527,1.239735744588152,-0.675648422208239,0.4546380825507879,-0.4488226919062575,0.4320930488774219,3.1677273665032857
-0.5878301429684128,-0.6110883725249335,-1.6673130925970145,0.19444121616218674,-1.4385233313161008,-0.06550916427876001,1.9282048556027125,3.327473280626336,-0.5260351570753203,-1.1538844105001302,-1.3007218638965865,-1.378526874584349,-1.6029259345520046,-1.441101192810197,-0.4103849725871679,-1.4329080015673858,-1.2630442064005223,1.1695445205044097
8.824146295620498,3.302065368432945,1.3405882083371958,-0.7824402545706207,-0.3086271413656622,-0.20063608153669177,0.24629795673401997,-1.310477490657632,7.852784923335163,4.614218221001622,0.05620885462551213,-0.20542494393662342,0.0768286940308153,1.0640169655234841,-0.5339596947497329,0.37124839947801613,-0.41260246476955376,0.17045309750497176
0.7744296047220872,-0.341215700734735,1.4386719464111375,0.19444121616218674,1.2182596018106062,0.8803792565267624,-1.176854034616412,-0.2563977699112758,0.271947707725678,1.6099981004277926,0.9197102209577567,1.3587109635936774,1.6273714281072644,0.43773742594006376,0.9489369712010484,0.5352626177548708,1.179102686796516,2.8346968921701396
-0.21630475723464015,-1.5556427237906283,-1.5692293545230729,1.8225770007168658,-1.4995988010431516,1.5560138428164212,1.7988274018435824,0.16523411838726676,-0.32653944087507075,-0.8534623984427474,-1.0231678532897934,-1.378526874584349,-1.4091080927924484,-0.9539948842453146,-0.9046838612374283,-0.9408653467368217,-1.2860291183364945,-0.49560785116132017
0.27906242374372353,-0.20627936483963577,1.3405882083371958,0.031627637706718836,1.5847124201729106,0.47499850475296707,-1.4356089421346725,3.1166573364770644,0.47144342392592764,1.0992806799302417,1.2281035660764155,1.7497449404762526,1.1751297973349668,1.2727768120512908,2.67898308147696,1.3553337091391444,1.575592417692035,-0.16257737682817422
1.022113195211269,1.0081476582162576,-0.45761365635173423,-1.2708809899370244,-0.5223912854103397,-1.2816514196001458,0.3756754104931502,-0.6780296582098183,-0.5260351570753203,-0.37278717915093473,0.7346742138865614,-0.5964589208191986,-0.6984426730074093,-0.049368882624818686,-1.2754080277251236,0.2072341812011614,-0.5620043923533725,-0.16257737682817422
-0.09246296199004923,-0.4761520366298343,0.7520857798935461,0.35725479461765464,0.3937407604954212,0.47499850475296707,-0.6593442195798913,-0.04558182576200451,0.271947707725678,0.5885632594326907,1.4131395731476106,0.1856090329459518,0.5290703248031129,0.7160838879771394,-0.4103849725871679,0.8632910543085803,0.3229147171815543,0.725503888060215
-0.7116719382130038,0.06359330695056276,1.111726152831332,-0.29399951920421696,1.279335071537657,0.06961775297917176,-1.176854034616412,0.376050062536538,0.47144342392592764,0.16797244255235455,1.4748182421713425,1.3587109635936774,1.4981595336008937,1.0640169655234841,1.1960864155261786,1.027305272585435,1.2308187386524532,-0.3845976930502715
-0.3401465524792311,0.738274986426059,-0.3595299182777926,-0.6196266761151528,-0.5834667551373905,-1.0113975850842825,0.5050528642522804,-0.04558182576200451,-0.32653944087507075,-0.8835045996484857,-0.5605778356118054,-0.5964589208191986,-0.7630486202605946,-0.39730196017116326,-0.7811091390748632,-0.4488226919062575,-0.6252129001772959,-0.3845976930502715
0.6505878094774963,-1.0158973802102313,-0.7845594499315397,1.4969498438059299,-0.7972308991820681,1.0155061737846942,0.6344303180114106,0.7976819508350805,-0.5260351570753203,0.04780363772940139,0.08704818913737801,-0.9874928977017738,-0.8922605147669653,-0.39730196017116326,0.08391391606309258,-0.28480847362940276,-0.7228987759051775,-0.49560785116132017
-1.0831973239467765,-1.0158973802102313,-1.4057564577331703,-0.13118594074874906,-1.041532778090271,0.3398715874950353,1.2813175868070614,-1.0996615465083608,0.07245199152542843,-1.1538844105001302,-1.5782758745033794,-0.9874928977017738,-0.6338367257542239,-1.0931681152638524,-1.0282585833999933,-1.1048795650136765,-1.0044639471208359,1.2805546786154582
-0.3401465524792311,0.19852964284566202,-0.5230028150676953,-0.6196266761151528,-0.5529290202738651,-0.6060168333104871,0.3756754104931502,-0.2563977699112758,-0.5260351570753203,-0.8835045996484857,0.27208419620857327,-0.5964589208191986,-0.8922605147669653,-0.11895549813408761,-1.2754080277251236,0.2072341812011614,-0.5734968483213586,-1.0506586417165635
0.5267460142329053,-0.6110883725249335,1.0790315734733515,0.35725479461765464,1.0961086623565046,0.7452523392688306,-1.176854034616412,-1.310477490657632,0.47144342392592764,1.5198714968105778,1.5364969111950741,0.9676769867111022,1.4981595336008937,1.203190196542022,0.7017875268759182,1.3553337091391444,1.0756705830846414,-0.7176281673834175
0.03137883325454169,-0.0713430289445365,-0.980726926079423,-0.9452538330260886,-0.8583063689091188,-0.7411437505684189,0.893185225529671,-0.6780296582098183,-0.5260351570753203,-0.6732091912083177,-0.37554182854061013,-0.9874928977017738,-0.4400188839946677,-0.8844082687360457,-0.9046838612374283,-0.776851128459967,-0.8378233355850381,0.9475242042823123
1.2697967857004508,-0.0713430289445365,0.3597508275977795,1.1713226868949942,0.4853539650859974,0.47499850475296707,-0.7887216733390215,0.5868660066858092,-0.32653944087507075,1.1593650823417183,0.7346742138865614,0.1856090329459518,0.14143464128400068,0.9248437345049462,0.578212804713353,1.027305272585435,0.48380910073335914,-0.16257737682817422
0.1552206284991326,-0.20627936483963577,1.3405882083371958,-0.29399951920421696,1.6457878898999614,0.6101254220108988,-1.4356089421346725,-0.04558182576200451,0.47144342392592764,1.0992806799302417,1.1972642315645494,1.7497449404762526,1.3689476390945228,1.899056351634711,1.9375347485015693,1.5193479274159993,1.6330546975319655,0.17045309750497176
0.1552206284991326,-0.6110883725249335,0.7193912005355655,0.35725479461765464,0.8212690485847765,0.3398715874950353,-0.9180991270981518,-0.2563977699112758,0.07245199152542843,1.039196277518765,1.104746228028952,0.576643009828527,1.3689476390945228,0.9944303500142151,0.9489369712010484,1.3553337091391444,0.7768667279170037,-0.8286383254944661
1.022113195211269,-0.4761520366298343,-0.13066786277192877,1.8225770007168658,-0.03378752759393389,1.4208869255584895,-0.40058931206163095,0.5868660066858092,-0.32653944087507075,0.7988586678728588,0.33376286523230503,-0.20542494393662342,-0.5692307785010385,0.2985641949215259,0.2074886382256577,0.37124839947801613,-0.03335141782601366,0.725503888060215
-1.0831973239467765,0.19852964284566202,1.2425044702632544,-0.45681309765968486,1.3404105412647076,-0.20063608153669177,-1.3062314883755424,1.2193138391336231,0.271947707725678,-0.19253397191650495,0.9197102209577567,1.3587109635936774,1.4981595336008937,1.0640169655234841,0.9489369712010484,1.1913194908622897,1.3399970703483208,-0.16257737682817422
-0.3401465524792311,0.06359330695056276,-0.7191702912155786,0.031627637706718836,-0.8888441037726442,0.06961775297917176,0.7638077717705407,0.16523411838726676,-0.12704372467482117,-0.8234201972370091,-1.4549185364559158,-0.9874928977017738,-0.8922605147669653,-1.2323413462823902,-0.5339596947497329,-1.4329080015673858,-0.832077107601045,-1.2726789579386608
-1.3308809144359584,1.6828293376917538,-0.621086553141637,-1.7593217253034281,-0.5529290202738651,-1.822159088631873,0.6344303180114106,-0.8888456023590896,-0.5260351570753203,-1.5744752273804665,-0.09798781793381725,-0.5964589208191986,-1.4091080927924484,-0.4668885756804322,-0.7811091390748632,-0.4488226919062575,-0.6424515841292749,0.17045309750497176
0.03137883325454169,-1.2857700520004298,-1.2422835609432674,2.3110177360832695,-1.1636837175443726,1.9613945945902165,1.2813175868070614,-0.6780296582098183,-0.12704372467482117,-0.5229981851796262,-0.406381163052476,-0.9874928977017738,-1.150684303779707,-0.39730196017116326,-0.6575344169122981,-0.4488226919062575,-1.0504337709927802,-1.161668799827612
1.6413221714342237,-0.0713430289445365,-0.32683533891981204,0.5200683730731225,-0.43077808081976365,0.47499850475296707,0.11692050297488979,0.376050062536538,-0.32653944087507075,0.4984366558154758,0.5496382068153661,-0.5964589208191986,-0.4400188839946677,-0.049368882624818686,-0.28681025042460273,0.2072341812011614,-0.4240949207375398,-0.49560785116132017
-0.5878301429684128,1.1430839941113569,2.2233418510026706,-0.6196266761151528,2.0733161779893163,-1.4167783368580777,-1.694363849652933,-0.04558182576200451,-0.32653944087507075,0.5885632594326907,2.4308376120391846,2.1407789173588276,1.562765480854079,1.133603581032753,0.9489369712010484,1.5193479274159993,2.282378459723178,0.17045309750497176
0.40290421898831447,0.4684023146358605,-0.13066786277192877,0.031627637706718836,-0.4002403459562383,-0.33576299879462357,0.11692050297488979,-0.04558182576200451,-0.72553087327557,-0.2826605755337198,-0.5297385010999395,-0.5964589208191986,-0.37541293674148235,-0.675648422208239,-0.7811091390748632,-0.4488226919062575,-0.4240949207375398,-0.051567218717125565
1.14595499045586,-0.341215700734735,0.06549961337595453,1.4969498438059299,0.24105208617779442,0.7452523392688306,-0.6593442195798913,0.16523411838726676,-0.32653944087507075,1.0992806799302417,0.827192217422159,0.1856090329459518,0.14143464128400068,0.2985641949215259,-0.03966080609947253,0.37124839947801613,0.2309750694376658,0.725503888060215
0.03137883325454169,-0.4761520366298343,0.9155586766834488,0.19444121616218674,0.7601935788577256,0.47499850475296707,-0.9180991270981518,-0.6780296582098183,0.07245199152542843,0.8289008690785971,2.1532836014323915,0.576643009828527,1.0459179028285959,0.9248437345049462,-0.28681025042460273,1.1913194908622897,0.7251506760610665,-1.2726789579386608
0.1552206284991326,0.06359330695056276,-0.5556973944256759,-0.6196266761151528,-0.36970261109271296,-0.06550916427876001,0.3756754104931502,0.376050062536538,0.47144342392592764,-0.5530403863853645,0.42628086876790267,-0.20542494393662342,0.14143464128400068,1.203190196542022,-0.03966080609947253,0.5352626177548708,-0.47006474460948405,0.2814632556160204
-0.46398834772382197,-1.1508337161053306,-0.7518648705735592,1.4969498438059299,-0.8583063689091188,1.2857600083005576,0.7638077717705407,0.7976819508350805,-0.12704372467482117,-0.5229981851796262,-0.49889916658807365,-0.9874928977017738,-0.310806989488297,-0.39730196017116326,-0.6575344169122981,-0.4488226919062575,-0.8205846516330589,-0.16257737682817422
0.27906242374372353,-0.20627936483963577,1.2425044702632544,0.031627637706718836,1.5847124201729106,1.0155061737846942,-1.3062314883755424,1.6409457274321655,0.47144342392592764,1.0692384787245033,0.8888708864458907,1.7497449404762526,1.6919773753604497,1.6902965051069043,1.3196611376887437,1.3553337091391444,1.5583537337400561,1.9466156272817503
0.03137883325454169,-0.7460247084200328,0.9809478353994099,0.8456955299840583,0.9739577229024032,0.7452523392688306,-1.047476580857282,0.5868660066858092,-0.12704372467482117,1.2795338871646713,0.7963528829102932,0.9676769867111022,1.6273714281072644,0.9248437345049462,1.566810582013874,1.1913194908622897,0.9549997954207877,0.5034835718381178
1.022113195211269,0.06359330695056276,1.6348394225590208,0.031627637706718836,1.5847124201729106,0.3398715874950353,-1.4356089421346725,1.0084978949843517,0.47144342392592764,1.8803779112794372,0.9813888899814884,1.7497449404762526,1.7565833226136351,1.0640169655234841,0.8253622490384832,1.027305272585435,1.6445471534999516,0.725503888060215
-0.5878301429684128,-1.6905790596857275,-0.621086553141637,2.3110177360832695,-0.46131581568328905,2.0965215118481484,0.24629795673401997,-0.467213714060547,-0.12704372467482117,-0.10240736829929008,-1.5474365399915133,-0.5964589208191986,-0.2462010422351116,-1.371514577300928,-0.16323552826203763,-1.4329080015673858,-0.49879588452944923,0.725503888060215
1.2697967857004508,-0.341215700734735,-0.4249190769937537,0.5200683730731225,-0.4002403459562383,0.6101254220108988,0.11692050297488979,-0.467213714060547,-0.12704372467482117,0.4683944546097375,-0.89981051524233,-0.5964589208191986,-0.4400188839946677,-1.0235814997545836,0.08391391606309258,-0.9408653467368217,-0.4068562367855607,-0.8286383254944661
-0.09246296199004923,-1.2857700520004298,-0.8172540292895203,0.6828819515285904,-0.7972308991820681,0.6101254220108988,0.7638077717705407,-1.310477490657632,-0.12704372467482117,-0.19253397191650495,-1.146525191337257,-0.5964589208191986,0.0768286940308153,-1.371514577300928,-0.28681025042460273,-1.4329080015673858,-0.7918535117130938,2.057625785392799
-0.3401465524792311,-0.6110883725249335,-0.19605702148788987,0.6828819515285904,-0.5223912854103397,0.20474467023710352,0.3756754104931502,1.851761671581437,-0.32653944087507075,-0.07236516709355179,-0.00546981439821962,-0.5964589208191986,-0.2462010422351116,-0.4668885756804322,-0.03966080609947253,-0.28480847362940276,-0.5390194804174004,-1.161668799827612
0.03137883325454169,0.19852964284566202,-0.7191702912155786,-0.6196266761151528,-0.7361554294550173,-0.8762706678263507,0.6344303180114106,2.2733935598799793,-0.5260351570753203,-0.5229981851796262,-0.12882715244568313,-0.5964589208191986,-0.11698914772874085,-0.60606180669897,-0.5339596947497329,-0.4488226919062575,-0.7343912318731635,0.059442939393923096
-1.0831973239467765,1.817765673586853,-1.5038401958071117,-2.084948882214364,-1.1026082478173218,-1.6870321713739413,1.540072494325322,0.376050062536538,-0.5260351570753203,-1.6345596297919431,-0.5297385010999395,-0.9874928977017738,-1.861349723564746,-0.5364751911897011,-1.2754080277251236,-0.776851128459967,-1.0849111388967385,-0.6066180092723689
-1.0831973239467765,1.1430839941113569,-0.621086553141637,-1.5965081468479603,-0.5529290202738651,-1.5519052541160094,0.6344303180114106,0.16523411838726676,-0.32653944087507075,-1.3641798189402985,0.05620885462551213,-0.5964589208191986,-0.8922605147669653,-0.049368882624818686,-1.646132194212819,-0.28480847362940276,-0.6252129001772959,0.17045309750497176
-0.5878301429684128,1.278020330006456,2.7464551207303596,-0.9452538330260886,2.531382200942197,-1.6870321713739413,-1.823741303412063,1.0084978949843517,-0.72553087327557,0.9190274726958119,2.8934276297171726,2.531812894241403,1.7565833226136351,1.4815366585790974,2.0611094706641344,1.8473763639697087,2.828270118202516,-0.2735875349392229
0.27906242374372353,1.6828293376917538,3.008011755594204,-0.7824402545706207,2.5008444660786715,-1.6870321713739413,-1.9531187571711932,-0.467213714060547,-0.72553087327557,1.640040301633531,1.9990869288730624,2.531812894241403,1.3689476390945228,1.4815366585790974,2.0611094706641344,1.8473763639697087,2.828270118202516,-0.7176281673834175
-0.5878301429684128,-0.7460247084200328,-0.980726926079423,0.6828819515285904,-1.1026082478173218,0.7452523392688306,1.1519401330479313,-0.6780296582098183,-0.12704372467482117,-0.8835045996484857,-1.639954543527111,-0.9874928977017738,-1.2152902510328922,-0.8148216532267768,-0.03966080609947253,-1.4329080015673858,-1.010210175104829,1.6135851529486043
0.03137883325454169,-0.0713430289445365,1.3405882083371958,-0.13118594074874906,1.4930992155823344,0.20474467023710352,-1.3062314883755424,1.6409457274321655,0.271947707725678,1.039196277518765,1.2281035660764155,1.3587109635936774,1.1751297973349668,1.203190196542022,2.67898308147696,1.1913194908622897,1.5008914539001257,-0.9396484836055148
0.40290421898831447,0.19852964284566202,1.0136424147573904,0.6828819515285904,1.0044954577659286,-0.33576299879462357,-1.176854034616412,-0.04558182576200451,-0.5260351570753203,0.9190274726958119,0.9505495554696225,0.9676769867111022,0.4644643775499276,0.7856705034864083,0.8253622490384832,1.027305272585435,1.0699243551006483,-0.6066180092723689
0.6505878094774963,-0.7460247084200328,1.3732827876951765,0.35725479461765464,1.5236369504458598,0.8803792565267624,-1.4356089421346725,0.376050062536538,0.6709391401261772,1.850335710073699,1.598175580218806,1.3587109635936774,1.7565833226136351,1.8294697361254422,1.3196611376887437,1.683362145692854,1.552607505756063,1.058534362393361
-1.0831973239467765,-0.0713430289445365,1.3078936289792154,-0.29399951920421696,1.4930992155823344,0.3398715874950353,-1.3062314883755424,-1.310477490657632,0.271947707725678,-0.04232296588781349,1.5056575766832083,1.3587109635936774,1.0459179028285959,1.8294697361254422,1.0725116933636134,1.5193479274159993,1.4721603139801607,2.057625785392799
-1.826248095414322,1.278020330006456,2.4522039065085344,-0.6196266761151528,2.1038539128528417,-1.5519052541160094,-1.694363849652933,-0.467213714060547,-0.9250265894758195,-0.4328715815624113,1.4748182421713425,2.1407789173588276,1.0459179028285959,1.133603581032753,1.566810582013874,1.3553337091391444,2.311109599643143,0.5034835718381178
0.6505878094774963,-0.0713430289445365,1.6348394225590208,0.031627637706718836,1.4930992155823344,0.47499850475296707,-1.4356089421346725,-0.04558182576200451,0.07245199152542843,1.6700825028392692,0.9813888899814884,1.3587109635936774,1.7565833226136351,0.9944303500142151,0.8253622490384832,1.027305272585435,1.541115049788077,0.6144937299491664
1.7651639666788146,-0.0713430289445365,-0.45761365635173423,0.6828819515285904,-0.5529290202738651,0.20474467023710352,0.3756754104931502,-0.6780296582098183,-0.32653944087507075,0.5885632594326907,-0.8072925117067324,-0.5964589208191986,-0.37541293674148235,-0.8148216532267768,-0.5339596947497329,-0.776851128459967,-0.5390194804174004,-0.49560785116132017
-0.8355137334575947,0.06359330695056276,-1.5692293545230729,-0.45681309765968486,-1.4690610661796262,-0.7411437505684189,1.9282048556027125,-1.0996615465083608,-0.72553087327557,-1.3641798189402985,-1.3315611984084523,-1.378526874584349,-1.021472409273336,-1.371514577300928,-1.0282585833999933,-1.4329080015673858,-1.2860291183364945,0.6144937299491664
0.03137883325454169,-0.0713430289445365,1.0790315734733515,-0.13118594074874906,1.4625614807188092,0.47499850475296707,-1.3062314883755424,-0.04558182576200451,0.47144342392592764,0.8589430702843353,0.6729955448628296,1.3587109635936774,0.7228881665626691,1.203190196542022,2.4318336371518297,1.3553337091391444,1.4491754020441885,1.391564836726507
-0.3401465524792311,-1.5556427237906283,-0.45761365635173423,2.3110177360832695,-0.43077808081976365,1.8262676773322848,0.11692050297488979,1.851761671581437,-0.12704372467482117,0.10788804014087798,-0.49889916658807365,-0.5964589208191986,-0.6338367257542239,-0.25812872915262547,-0.4103849725871679,-0.28480847362940276,-0.4355873767055259,-0.3845976930502715
-0.3401465524792311,-1.0158973802102313,-1.1115052435113453,1.334136265350462,-1.1331459826808472,1.150633091042626,1.1519401330479313,1.851761671581437,-0.32653944087507075,-0.7332935936197942,-0.37554182854061013,-0.9874928977017738,-1.2152902510328922,-0.39730196017116326,-0.4103849725871679,-0.4488226919062575,-1.015956403088822,-1.0506586417165635
0.6505878094774963,-0.7460247084200328,-0.4903082357097148,0.5200683730731225,-0.33916487622918756,0.6101254220108988,0.24629795673401997,0.376050062536538,0.271947707725678,0.13793024134661627,-0.5297385010999395,-0.20542494393662342,0.3998584302967422,0.6464972724678705,0.4546380825507879,0.043219962924306694,-0.4068562367855607,-0.051567218717125565
-0.09246296199004923,-0.20627936483963577,1.2751990496212349,0.031627637706718836,1.1877218669470808,0.06961775297917176,-1.3062314883755424,-0.2563977699112758,0.47144342392592764,0.7988586678728588,0.5804775413272321,0.9676769867111022,1.239735744588152,0.2985641949215259,0.578212804713353,0.5352626177548708,1.2308187386524532,-0.6066180092723689
-0.3401465524792311,-0.6110883725249335,-0.9480323467214424,0.35725479461765464,-1.1026082478173218,-0.06550916427876001,1.1519401330479313,-0.6780296582098183,-0.72553087327557,-0.8835045996484857,-0.7456138426830007,-0.9874928977017738,-0.6338367257542239,-0.8844082687360457,-1.0282585833999933,-0.776851128459967,-1.010210175104829,-0.3845976930502715
-0.7116719382130038,-1.420706387895529,-1.209588981585287,1.9853905791723336,-1.1636837175443726,1.5560138428164212,1.2813175868070614,-0.2563977699112758,-0.32653944087507075,-0.8534623984427474,-1.8558298851101722,-0.9874928977017738,-1.021472409273336,-1.9282075013750795,-0.03966080609947253,-1.7609364381210952,-1.0619262269607663,1.8356054691707018
0.40290421898831447,-0.0713430289445365,1.3405882083371958,-0.29399951920421696,1.5236369504458598,0.47499850475296707,-1.3062314883755424,-1.0996615465083608,0.47144342392592764,1.039196277518765,1.2897822351001471,1.7497449404762526,1.0459179028285959,1.3423634275605596,1.690385304176439,1.5193479274159993,1.4951452259161326,1.7245953110596528
-1.0831973239467765,1.4129566659015553,-1.700007671954995,-1.5965081468479603,-1.621749740497253,-1.4167783368580777,2.316337216880103,-1.0996615465083608,-0.9250265894758195,-1.934981641849326,-1.4549185364559158,-1.378526874584349,-2.055167565324302,-2.0673807323936173,-1.0282585833999933,-1.92495065639795,-1.3952074500323621,1.9466156272817503
0.5267460142329053,-0.6110883725249335,0.6213074624616238,0.35725479461765464,0.6075049045400989,0.47499850475296707,-0.7887216733390215,0.7976819508350805,0.271947707725678,1.039196277518765,1.7523722527781354,0.576643009828527,0.9167060083222253,0.6464972724678705,0.578212804713353,1.027305272585435,0.5585100645252685,-1.2726789579386608
0.40290421898831447,-1.0158973802102313,0.6213074624616238,1.0085091084395263,0.5769671696765735,1.4208869255584895,-0.7887216733390215,-0.6780296582098183,0.271947707725678,1.2795338871646713,0.6421562103509638,0.576643009828527,0.9167060083222253,0.5769106569586016,1.3196611376887437,0.8632910543085803,0.5240326966213104,-0.6066180092723689
-0.7116719382130038,-0.0713430289445365,-0.8172540292895203,-0.29399951920421696,-0.9193818386361695,-0.4708899160525553,0.893185225529671,-1.0996615465083608,-0.32653944087507075,-0.8234201972370091,-1.3624005329203182,-0.9874928977017738,-0.6338367257542239,-1.510687808319466,-0.5339596947497329,-1.4329080015673858,-0.8608082475210102,-1.2726789579386608
-0.46398834772382197,0.3334659787407613,-0.5883919737836565,-0.9452538330260886,-0.2170139367750861,-0.4708899160525553,0.24629795673401997,-0.6780296582098183,0.271947707725678,-0.9736312032657006,0.33376286523230503,-0.20542494393662342,-0.4400188839946677,1.0640169655234841,-0.9046838612374283,0.5352626177548708,-0.37237886888160254,-1.2726789579386608
-0.09246296199004923,-1.2857700520004298,0.03280503401797398,1.4969498438059299,-0.06432526245745926,1.5560138428164212,-0.1418344045433706,1.4301297832828943,0.07245199152542843,0.5585210582269524,0.025369520113646255,-0.20542494393662342,-0.05238320047555546,0.43773742594006376,0.8253622490384832,0.2072341812011614,-0.11954483758590913,-0.3845976930502715
-0.7116719382130038,0.738274986426059,-1.5692293545230729,-0.7824402545706207,-1.530136535906677,-1.2816514196001458,2.057582309361843,0.5868660066858092,-0.9250265894758195,-1.4843486237632515,-0.6839351736592689,-1.378526874584349,-1.5383199872988191,-1.3019279617916593,-0.9046838612374283,-1.1048795650136765,-1.3090140302724667,-1.161668799827612
0.27906242374372353,-1.1508337161053306,0.00011045465999342868,1.0085091084395263,0.02728794213311684,0.7452523392688306,-0.2712118583025008,2.0625776157307083,-0.12704372467482117,0.6186054606384289,0.48795953779163437,-0.20542494393662342,0.20604058853718604,0.36815081043079484,-0.5339596947497329,0.5352626177548708,-0.05059010177799275,-0.8286383254944661
0.03137883325454169,1.5478930017966546,-0.32683533891981204,-1.2708809899370244,-0.4918535505468144,-1.5519052541160094,0.3756754104931502,-1.0996615465083608,-0.32653944087507075,-0.8234201972370091,0.14872685816110975,-0.5964589208191986,-0.82765456751378,-0.18854211364335652,-1.0282585833999933,-0.28480847362940276,-0.5447657084013935,-0.9396484836055148
-0.7116719382130038,0.19852964284566202,-1.046116084795384,0.031627637706718836,-1.2552969221349486,-0.7411437505684189,1.540072494325322,-0.2563977699112758,-0.32653944087507075,-1.123842209294392,-0.6839351736592689,-0.9874928977017738,-0.7630486202605946,-0.18854211364335652,-0.03966080609947253,-0.4488226919062575,-1.1251347347846896,-0.9396484836055148
-0.46398834772382197,-1.1508337161053306,-1.340367299017209,1.659763422261398,-1.285834656998474,1.5560138428164212,1.540072494325322,-0.467213714060547,-0.32653944087507075,-0.913546800854224,-1.9175085541339039,-1.378526874584349,-0.7630486202605946,-1.371514577300928,-0.5339596947497329,-1.5969222198442405,-1.1423734187366688,0.725503888060215
0.1552206284991326,-1.0158973802102313,0.3597508275977795,1.334136265350462,0.21051435131426904,1.4208869255584895,-0.40058931206163095,0.16523411838726676,0.07245199152542843,0.7688164666671204,-1.1156858568253911,0.1856090329459518,0.0768286940308153,-0.39730196017116326,1.1960864155261786,-0.6128369101831123,0.11030428177381213,1.9466156272817503
0.03137883325454169,0.3334659787407613,-0.2941407595618315,-0.13118594074874906,-0.5529290202738651,-0.4708899160525553,0.3756754104931502,-0.467213714060547,-0.32653944087507075,-0.4929559839738879,-0.3138631595168784,-0.5964589208191986,-0.8922605147669653,-0.39730196017116326,-0.9046838612374283,-0.28480847362940276,-0.5677506203373656,-0.3845976930502715
0.27906242374372353,1.0081476582162576,-0.621086553141637,-1.2708809899370244,-0.6445422248644412,-1.5519052541160094,0.6344303180114106,-1.310477490657632,-0.5260351570753203,-0.8835045996484857,0.30292353072043915,-0.5964589208191986,-0.8922605147669653,-0.32771534466189434,-1.3989827498876888,0.043219962924306694,-0.6654364960652471,-1.2726789579386608
-0.21630475723464015,0.19852964284566202,0.8501695179674877,0.5200683730731225,0.8823445183118271,-0.6060168333104871,-1.047476580857282,0.376050062536538,-0.32653944087507075,0.4383522534039992,0.827192217422159,0.9676769867111022,0.3998584302967422,0.020217732884450234,0.4546380825507879,0.37124839947801613,0.9205224275168296,-1.3836891160497093
-0.3401465524792311,-0.4761520366298343,-0.2941407595618315,0.35725479461765464,-0.46131581568328905,0.20474467023710352,0.3756754104931502,-0.04558182576200451,-0.12704372467482117,-0.3127027767394581,-1.177364525849123,-0.5964589208191986,-0.11698914772874085,-1.510687808319466,-1.0282585833999933,-1.2688937832905312,-0.5045421125134423,0.9475242042823123
-1.3308809144359584,1.5478930017966546,2.5175930652244958,-0.7824402545706207,2.2260048523069433,-1.6870321713739413,-1.823741303412063,0.7976819508350805,-0.5260351570753203,0.017761436523663097,2.245801604967989,2.1407789173588276,1.3043416918413375,1.203190196542022,1.9375347485015693,1.683362145692854,2.4949888951309203,-0.16257737682817422
-0.9593555287021857,0.19852964284566202,-0.3595299182777926,-0.6196266761151528,-0.5834667551373905,-0.6060168333104871,0.5050528642522804,-0.04558182576200451,-0.32653944087507075,-0.8234201972370091,-0.7764531771948665,-0.5964589208191986,0.0768286940308153,-1.0931681152638524,-1.1518333055625585,-1.1048795650136765,-0.6252129001772959,1.8356054691707018
0.5267460142329053,-0.0713430289445365,-0.4249190769937537,-0.13118594074874906,-0.46131581568328905,-0.06550916427876001,0.24629795673401997,-0.8888456023590896,-0.72553087327557,-0.19253397191650495,-0.6222565046355372,-0.5964589208191986,-0.4400188839946677,-0.8148216532267768,-0.5339596947497329,-0.6128369101831123,-0.4815572005774701,-1.3836891160497093
-0.3401465524792311,-1.0158973802102313,-0.19605702148788987,1.0085091084395263,-0.2780894065021368,0.7452523392688306,0.11692050297488979,1.0084978949843517,-0.32653944087507075,-0.13244956950502837,0.42628086876790267,-0.20542494393662342,-0.5692307785010385,-0.11895549813408761,-0.03966080609947253,0.043219962924306694,-0.3264090450096583,0.2814632556160204
0.27906242374372353,-1.0158973802102313,-0.9480323467214424,1.1713226868949942,-0.9499195734996949,1.0155061737846942,0.893185225529671,0.5868660066858092,-0.12704372467482117,-0.3427449779451964,-0.09798781793381725,-0.9874928977017738,-0.6338367257542239,-0.25812872915262547,-0.4103849725871679,-0.12079425535254804,-0.8780469314729893,-0.9396484836055148
-0.46398834772382197,1.5478930017966546,-0.5883919737836565,-1.4336945683924922,-0.6140044900009158,-1.6870321713739413,0.5050528642522804,0.376050062536538,-0.5260351570753203,-1.3040954165288219,0.33376286523230503,-0.5964589208191986,-1.021472409273336,-0.18854211364335652,-1.0282585833999933,-0.12079425535254804,-0.648197812113268,-1.2726789579386608
-0.46398834772382197,1.6828293376917538,-1.634618513239034,-1.4336945683924922,-1.530136535906677,-1.6870321713739413,2.057582309361843,0.5868660066858092,-0.9250265894758195,-1.544433026174728,-1.1156858568253911,-1.378526874584349,-1.861349723564746,-1.580274423828735,-0.7811091390748632,-1.4329080015673858,-1.3262527142244458,0.2814632556160204
1.022113195211269,-0.6110883725249335,-0.2941407595618315,1.8225770007168658,-0.18647620191156072,1.2857600083005576,-0.1418344045433706,0.5868660066858092,-0.32653944087507075,0.4984366558154758,-0.06714848342195137,-0.20542494393662342,-0.7630486202605946,0.36815081043079484,0.8253622490384832,0.37124839947801613,-0.17126088944184642,-0.7176281673834175
-0.3401465524792311,0.4684023146358605,-0.4903082357097148,-0.9452538330260886,-0.24755167163861147,-0.4708899160525553,0.24629795673401997,0.7976819508350805,0.47144342392592764,-0.7933779960312708,0.33376286523230503,-0.20542494393662342,-0.2462010422351116,0.8552571189956772,-0.4103849725871679,0.5352626177548708,-0.37812509686559553,-0.16257737682817422
0.03137883325454169,1.4129566659015553,-0.5230028150676953,-1.4336945683924922,-0.5834667551373905,-1.5519052541160094,0.6344303180114106,-1.0996615465083608,-0.32653944087507075,-0.8835045996484857,-0.09798781793381725,-0.5964589208191986,-0.8922605147669653,-0.18854211364335652,-1.522557472050254,-0.28480847362940276,-0.648197812113268,0.17045309750497176
0.27906242374372353,-1.0158973802102313,0.7847803592515266,0.8456955299840583,0.8823445183118271,1.2857600083005576,-0.9180991270981518,-1.310477490657632,0.47144342392592764,1.219449484753195,-0.46805983207620777,0.9676769867111022,1.4981595336008937,0.2985641949215259,0.7017875268759182,0.2072341812011614,0.7998516398529759,2.2796461016148966
-1.0831973239467765,0.4684023146358605,1.0136424147573904,-0.29399951920421696,1.370948276128233,-0.06550916427876001,-1.3062314883755424,1.2193138391336231,0.271947707725678,-0.16249177071076668,0.827192217422159,1.3587109635936774,1.1751297973349668,1.7598831206161731,1.0725116933636134,1.5193479274159993,1.3399970703483208,1.6135851529486043
1.022113195211269,-0.4761520366298343,-0.32683533891981204,1.9853905791723336,-0.5834667551373905,1.2857600083005576,0.24629795673401997,-1.310477490657632,-0.5260351570753203,0.4383522534039992,-1.4549185364559158,-0.5964589208191986,-0.5046248312478531,-1.441101192810197,0.3310633603882228,-1.4329080015673858,-0.5447657084013935,0.5034835718381178
0.8982713999666782,-0.0713430289445365,0.4905291450297017,0.8456955299840583,0.4853539650859974,0.20474467023710352,-0.7887216733390215,-1.310477490657632,-0.32653944087507075,0.9791118751072885,0.27208419620857327,0.576643009828527,0.2706465357903714,-0.18854211364335652,-0.03966080609947253,0.043219962924306694,0.5010477846853383,-0.9396484836055148
0.7744296047220872,-0.6110883725249335,-0.7845594499315397,0.35725479461765464,-0.7666931643185427,0.7452523392688306,0.6344303180114106,1.4301297832828943,0.271947707725678,-0.13244956950502837,-0.49889916658807365,-0.5964589208191986,0.012222746777629915,-0.7452350377175079,-0.28681025042460273,-0.9408653467368217,-0.7343912318731635,-0.3845976930502715
-0.21630475723464015,-0.20627936483963577,0.6866966211775849,0.19444121616218674,0.2715898210413198,0.3398715874950353,-0.5299667658207612,-0.467213714060547,-0.32653944087507075,0.34822564978678433,-0.89981051524233,0.1856090329459518,0.5290703248031129,-1.1627547307731214,-1.1518333055625585,-0.9408653467368217,0.19075147354971456,2.8346968921701396
-0.09246296199004923,0.6033386505309598,-0.4249190769937537,-0.9452538330260886,-0.46131581568328905,-0.8762706678263507,0.24629795673401997,-0.04558182576200451,-0.32653944087507075,-0.8234201972370091,0.7655135483984272,-0.5964589208191986,-0.5046248312478531,0.08980434839371916,-1.769706916375384,0.37124839947801613,-0.49879588452944923,-0.2735875349392229
0.5267460142329053,-0.7460247084200328,-0.621086553141637,1.0085091084395263,-0.5223912854103397,1.150633091042626,0.3756754104931502,-1.310477490657632,0.07245199152542843,0.017761436523663097,0.14872685816110975,-0.5964589208191986,0.20604058853718604,-0.049368882624818686,-0.03966080609947253,0.2072341812011614,-0.5562581643693795,-0.9396484836055148
0.03137883325454169,-1.1508337161053306,0.39244540695576,1.4969498438059299,0.30212755590484514,1.4208869255584895,-0.5299667658207612,-0.8888456023590896,0.271947707725678,0.7387742654613821,-0.09798781793381725,0.1856090329459518,0.6582822193094837,0.43773742594006376,0.2074886382256577,0.6992768360317256,0.24246752540565183,-1.3836891160497093
-0.7116719382130038,0.738274986426059,-0.980726926079423,-0.7824402545706207,-1.1636837175443726,-1.2816514196001458,1.4106950405661918,-0.2563977699112758,-0.32653944087507075,-1.0637578068829154,-0.5297385010999395,-0.9874928977017738,-1.2798961982860777,-0.32771534466189434,0.4546380825507879,-0.6128369101831123,-1.0849111388967385,-0.6066180092723689
1.3936385809450418,0.06359330695056276,1.4386719464111375,-0.29399951920421696,1.615250155036436,0.20474467023710352,-1.4356089421346725,0.376050062536538,0.271947707725678,1.9705045148966522,1.2281035660764155,1.7497449404762526,1.3689476390945228,1.8294697361254422,1.813960026339004,1.8473763639697087,1.6215622415639794,-1.0506586417165635
-0.7116719382130038,1.817765673586853,-0.7191702912155786,-1.5965081468479603,-0.6140044900009158,-1.822159088631873,0.6344303180114106,-0.04558182576200451,-0.5260351570753203,-1.2740532153230835,-0.09798781793381725,-0.5964589208191986,-0.7630486202605946,-0.18854211364335652,-0.9046838612374283,-0.28480847362940276,-0.6826751800172262,-0.3845976930502715
0.27906242374372353,0.3334659787407613,-0.2941407595618315,-0.29399951920421696,-0.5223912854103397,-0.33576299879462357,0.3756754104931502,-1.310477490657632,-0.32653944087507075,-0.37278717915093473,-0.5297385010999395,-0.5964589208191986,-0.37541293674148235,-0.32771534466189434,-1.1518333055625585,-0.4488226919062575,-0.5562581643693795,0.8365140461712637
