se symmetry,worst texture,se compactness,se smoothness,mean perimeter,worst concave points,se fractal dimension,mean compactness,worst smoothness,se texture,mean smoothness,worst perimeter,mean area,se perimeter,worst area,se radius,worst symmetry,mean fractal dimension,mean radius,se area,worst fractal dimension,mean texture,worst radius,worst concavity,mean symmetry,worst compactness,mean concavity,mean concave points,se concavity,se concave points
-0.7690575691170068,0.40430910817387294,-0.2606536421068488,-0.9625955166258384,0.09606344832699844,-0.28246086747682075,-0.5332877221323797,-0.46139977085517975,-0.9788515540232966,0.24558017063907098,-0.8327379637313308,0.020755822828554055,0.012384319890945615,-0.43410382852579943,-0.09293740684948343,-0.5508726043804661,-0.6867991049068957,-0.7244748902261384,0.11370188611934326,-0.39662471810157074,-0.5069456114739678,-0.022756767506852894,0.0007029997216135348,0.49372384198060215,-1.2574337584761481,0.07942460533948904,-0.004036235612247973,-0.4910441798274183,0.04605282075197267,-0.43797296437536193
-0.07136025819760361,0.1865244502714028,-0.7928829087103011,0.0886472911290649,-0.6243372954189748,-0.960215069355006,-0.37453992897348587,-0.8369204678904972,-0.13731161854287602,-0.11751500735671341,-0.8341284806583916,-0.6196038111307463,-0.594570408429191,-0.6502543353726332,-0.5661238882121477,-0.5886096660244671,-0.04883620827219803,-0.3004336742556452,-0.5823214286689595,-0.5120074034806484,-0.16645398648671786,-0.1246791492408648,-0.5481552195115543,-1.086629066293774,-0.9547362586669847,-0.7450579812348637,-0.9990316955297992,-1.0197013522290734,-0.7998717211403972,-0.9749832173206838
0.7521124182957053,0.7285298770813093,-1.145093452786115,0.09176670598887185,-1.8013877431312693,-1.7271117923422528,-0.3637584629275657,-1.1049890811280718,-1.7757898729232553,0.378595235845447,-3.0054206622646555,-1.43282490472099,-1.3427893202529413,-0.15882249336914223,-1.0854102843324287,-0.07574502825314099,-0.06287451162112713,-0.5307077120674355,-1.7940219361951555,-0.4860348069710154,-0.7397979485620231,1.1817804711678297,-1.4114720575835749,-1.3005778165847348,-0.8366104050829208,-1.1948682189064224,-1.0916726068114855,-1.2358289930799187,-0.9763304066084671,-1.8550522122310757
-0.3846121120797846,0.08500077515897364,-0.8826127377962824,-0.6121812473742038,-0.859419743918229,-0.608162342407395,-0.5812466573021627,-0.4606509758461363,0.1993043556492927,0.30489769971759,0.8233676963987115,-0.8159292833232776,-0.7986815833913264,-0.7580811399376053,-0.7272086478249696,-0.7550121378451565,0.13522154674710404,0.10956644184827503,-0.8697480606868017,-0.614978405571937,-0.2773883546277248,-0.6041776269440559,-0.8019505614877936,-0.7939570519143948,-0.36779842367116905,-0.6624190172759847,-0.715927978630372,-0.6043533223564312,-0.6568167374481758,-0.6565888293531026
-0.28138138750497504,-0.6846141813384767,-0.5329179833210098,0.2026792343375593,-0.3847497825756576,-0.5157070924733347,-0.0492370741396869,0.1694600242639726,0.6453205214539158,-0.3853426386506334,1.1570917588934302,-0.4090217237109209,-0.45726954871124964,-0.18515807236427367,-0.45749765228902767,-0.08401124175611249,0.24908778502175627,0.50692956807228,-0.3878857658333608,-0.26837065746108196,0.09385735261643749,-0.6342910579109227,-0.3810217016247629,-0.6249251941612167,1.130923343676637,-0.34648390121780964,-0.6130484579793383,-0.47322026976667475,-0.3781499862203081,-0.38175745623822854
-1.0834959830517719,-1.0890714031573492,-0.8930113348118539,-1.1241118860336146,-0.5309595981056819,-0.11592095472914846,-0.8905632004127008,-0.7408875079806677,-0.12468851951066875,-1.2972148356667779,-0.4051540086599722,-0.5994069395587462,-0.5288924714094747,-1.0416109771946245,-0.562061443616649,-1.0428920081008204,0.3099204328671189,-0.6374200710533878,-0.5034200002719051,-0.7203627905247401,-0.43610138627500766,-1.660464128551085,-0.5543453498036579,-0.45019563333770685,-0.4600842467837188,-0.28609388909401356,-0.7267833716966682,-0.5618305654972287,-0.712126490026302,-0.935744472324679
-0.33952283008159206,-1.5148158471772148,-0.029760063212704222,1.5825004073254492,1.769080525190159,0.719790180668303,0.5032201170409135,0.5644493915344213,0.22034285403630324,-0.783848584005412,0.3088764333860199,1.3305823468362143,1.8165459260403063,1.2772119084408562,1.2220582459108882,1.2594281527703184,-0.8536989336108384,-0.5321118220540931,1.736816984573038,1.2444756277283393,-0.38887190280903433,-1.180965650847894,1.2882501004791198,0.598656540192547,-0.01711229584348007,-0.30135031320949895,1.350790833105142,1.4199336059708771,0.7446864022776476,1.163928780318676
-0.6242972427017565,0.15541235628533603,1.1873230390937195,0.5686905778882277,-0.8262460882937696,0.6143851726001559,0.4515434349587445,0.1619720741735376,0.2918737485521393,0.28512519002475006,-0.46633675345067105,-0.5126791969260394,-0.8034941908453573,-0.030622882411709827,-0.718377246530407,-0.536855981484123,-0.5791721125651004,0.5307994378454538,-0.8894734177860649,-0.5090194056521066,0.6293078919109037,-0.5184701695768186,-0.8122674453079661,0.9685324311749225,-1.1983708316841155,0.9903602619015915,0.0749120775971784,-0.3158606066589669,0.969193166024746,0.9765437531948987
0.8672087433963553,-0.4701044806976978,1.6524645830160642,0.7877428213768857,0.7329157260558148,0.9456580551000464,0.9642207341768118,1.6221223418083712,0.23296595306850934,-0.41643940389482653,0.4687858799980724,0.43657376695797007,0.4542949219934328,0.10055811484705811,0.0999403974237639,-0.33091944508400406,0.634361221375718,0.44374461867270426,0.5983820891298217,-0.16493996339617173,0.41183259595130506,0.0166223345267429,0.22561106700137024,1.4993684338941726,1.2453577643361995,1.2319203103967755,1.6665840859428471,1.1052142797554616,1.468130704325239,1.6924506516934337
0.36410728110073126,0.10301304009827557,-0.8963098145103418,-0.29816015148698255,-0.7197627492522957,-0.8626401476004928,-0.7808896664973056,-0.9381949928636312,-0.41501979725141414,0.38219023760778154,-0.5365578582672679,-0.7865250144169833,-0.6698735603569691,-0.873858307972806,-0.706543168795693,-0.8865527527185311,0.8979693620389554,-0.18810487532306397,-0.6837661223223158,-0.666923598591203,-0.7842815318264859,-0.07603437614054089,-0.7606830262071045,-0.9247668182374301,0.4516996855682717,-0.9135143308433472,-0.8963988883575451,-0.9435168680837235,-0.6610527141226494,-0.631764317212773
0.8909399444480356,0.1930743647947858,0.9379803364622702,0.6750972847727498,-0.5973069093546006,-0.013527518320091352,0.3768167220197801,0.23872356260049693,0.35078154403576933,0.6212578548030255,-0.15486096178893272,-0.6297022469167464,-0.6316557952808411,-0.387892340855097,-0.6215850883420008,-0.3970491531077769,0.7575863285496575,0.07305958219518674,-0.6302258673385999,-0.4329403840176948,-0.011585215121549131,-0.2520821264083787,-0.6286269133088986,0.03173508469452841,0.566134106227834,0.33179128758314175,-0.2730772842212461,-0.4357900586391133,0.822749400992946,1.0037706374778408
-0.28968730787306324,1.2377857312743021,1.254969826130503,-0.9258557416103357,2.0803395162344676,2.6441844708267586,0.5701395614638666,3.3799186255379983,0.7126437162923502,-0.8169226002188893,1.268333113058336,2.0523234927179868,1.8561791638970317,0.7683886463462408,2.129926298991924,0.801551804823108,1.8510141782829659,1.5951148077316586,1.9622496371360514,0.9461355368477757,2.4459954652299722,1.6520132778042926,2.1424880807893887,1.9186244181527579,2.146067397914683,3.216526814086157,1.9762095018110661,2.57339521418757,0.19521971364593435,0.6546258860848189
-0.1437404214052287,-1.085796445895658,0.2861112977441765,-0.873172290644709,-0.5375124189697725,-0.35082354413816186,0.3199351942602703,-0.4570941995531797,-1.2439366336996294,-0.6946925402995165,-1.0274103335199165,-0.5866353884176282,-0.54729361755724,-0.38292336368620433,-0.6238812526785872,-0.5037911274722365,-0.36547793936472506,-0.1515980156699757,-0.5400528063133945,-0.4674172820393315,0.24048842337707613,-1.238876095014946,-0.6533874344773121,0.15993340377699478,-0.6188158625373041,-0.05915458037616936,-0.24803586612513115,-0.5906034488810004,0.33803264152818585,-0.11413319955119235
-0.7358338876446543,-1.3952799071254838,-1.142242224572168,-0.9622489149747487,-0.37655875649554466,-1.1952682373469738,-0.5533635554592657,-1.2223626987956413,-1.2860136304736502,-0.6990065424143179,-0.8577672684184346,-0.3992203007421561,-0.35309075205928586,-0.149381436748246,-0.372186315783553,-0.033335758977025606,-1.2545704847969443,-1.0446119671839937,-0.3033485211222307,-0.16746826925109173,-0.9918715870606483,-1.2967865391819982,-0.3232471522317976,-1.2139727299156908,-1.3312624169661869,-1.232818573893692,-1.0354342693237082,-1.0110185617566254,-0.8906729068553625,-1.082929805595407
-0.5483573993363791,-1.6621889239533225,0.549989673623199,1.5062480440857267,-0.7742330726850497,-0.43047961452108996,-0.11875894140131012,0.20502778719353928,0.19088895629448824,0.22580766094623103,1.4282425596703894,-0.9169136411832788,-0.7658426148814683,-0.5051602020409655,-0.7932675295082978,-0.2457415059446878,-1.2623695422130163,-0.26673503457587033,-0.8021182649178977,-0.3210053884407808,-0.879838858839037,-1.4010253386826916,-0.9030560229254825,-0.8889662506121784,-0.15738674697455546,-0.4462863423066094,-0.5199141197400932,-0.014636526632400173,-0.31461033610320466,1.2920552945913448
1.5589732540528383,-0.07383465203305366,1.3209394201002584,-0.39312900388554617,0.24309236646503402,-0.46149880260971615,2.084377878878796,0.2630594003944107,-1.3659599243442904,1.2431931596868935,-1.006552579613997,-0.00894545889497566,0.09674649761454654,0.200434555941802,-0.1296760362348638,0.0547173848589763,-0.09251092980220131,0.32439526980683653,0.23205402871492514,-0.019907145718486337,0.45686535925607047,-0.15479258020773165,-0.00961388409855894,-0.11355634359893371,-0.25705543593610936,-0.0019429899430995388,0.02470588466555879,-0.3288465982746517,0.6281970437296247,0.5905626289484847
1.3014897226421063,0.09155068968235605,-0.9149825639899165,0.3142849659884258,-0.6812649266757629,-1.0787204141401943,-0.6593193424622744,-0.8803505784150204,0.14460425984306552,1.2737506746667364,0.3366867719272463,-0.8266217447437487,-0.6409979156327836,-0.9225542842279547,-0.695238975138653,-0.7938274012504146,0.4503034663564168,-0.6767351506797915,-0.6527691325949012,-0.5936027287985222,-0.9940683072218562,-0.47445823200985876,-0.7689365332632422,-0.8826038155169745,-0.3530326919731607,-0.9688188682619816,-0.801414199027454,-0.8403928170179927,-0.5055318562169774,-0.8556654009042614
2.033597275086446,1.4310082097140875,0.4773113073853328,-0.7515151111122426,1.5561138471072111,1.6684352532816262,-0.17601224385205877,0.5850412542831175,-0.4360582956384247,1.917255990124611,0.14688121138337526,1.490969268143275,1.5249585332372557,1.145534013465199,1.16023843684895,0.775674962552936,1.7683441696726019,-0.7680022998125132,1.5649245869937405,0.6289480750487175,-0.25706869313655045,0.5192849898967543,1.3315810125238436,0.947166044661178,0.9906488925455618,0.5936932348989732,1.2064634480191592,1.572709977920108,0.3383352112906483,1.037403847474416
0.18849639331829623,-0.33583123296835543,0.47060253511722194,-0.40595326497586304,2.4653177419997974,1.6819873257475306,-0.3213761481263622,0.465234052836157,-0.5160045895090647,-0.8487383658155497,-0.1694613895230768,3.0918683530415265,2.9064599671002527,3.3626916262251347,3.3539585184183007,3.177908486633905,-0.005161486742193886,-1.0923517067303405,2.5258312685435844,3.2156348106187185,-0.6090930989701427,0.09074770306056877,2.9905359308075536,0.500845970818517,-1.1393079048920842,0.6998525193692251,0.9757863453603668,1.3180826913380566,0.22668696894202361,1.5979573474173407
-0.7785500495376788,0.10792547599081209,-0.4820431269545034,-0.8596548262522128,1.2980965255836387,0.966739056713676,-0.7671340029214765,0.004725122274401841,-0.5412507875734774,-0.7547290697305026,-0.4009824578787879,1.7374899064485718,1.3437780173207972,1.3010629988515414,1.7360458012544318,1.3729987382894064,-0.562014186249742,-1.1246462364234577,1.3563993833729537,1.281480831604896,-0.9869289666979297,0.43357753252951703,1.7669535097351157,-0.02476713741959582,-0.8550675697054309,-0.11954459249996546,0.24058017859758396,0.7887125625339717,-0.2897996155812882,0.33911434468837265
-0.4225820337624733,0.07681338200474534,-0.132627904657069,-0.9937896652239067,1.588877951427664,1.6563889666452667,-0.1648590031148999,1.1971811741761824,0.4896356333900387,-0.30445509899810697,1.122328835716897,2.004801441960339,1.581577444461149,0.956215983330386,2.3825043760164144,1.1846728306564882,1.141299953420405,-0.2526939347092983,1.5395634135804017,1.304925122259609,0.45961125945758097,-0.29841048174202095,2.152804964609561,1.9328686758285876,0.7876200816979524,0.8403387580993191,2.0021144170829093,2.038677912365262,0.24272316635253074,0.23180838898501271
-0.6159913223336683,-0.9302359759653225,-0.33277294398903945,-0.5033483289320542,0.28159018904156685,0.15813206624803391,-0.3273245431861802,-0.12668840181273316,0.7126437162923502,-1.5373609533907224,-0.4934518335283661,0.30588812737443954,0.17346512232292208,-0.4440417828635849,0.18790115431760734,-0.487618101053379,0.7856629352475174,-0.38748849342839575,0.2799584673845654,-0.3184770825858607,0.743537340293723,-0.6389238934442868,0.3040193840346797,0.27911035966476927,-0.8107703746114078,0.5129613239545301,-0.1603292244190342,-0.19720429111173107,-0.3593906609476395,-0.5321459523657733
-0.18764314335083765,0.052251202542060414,0.38506568869881014,-0.3009329646956998,1.5397317949469842,1.254344150156763,0.3812780183146436,1.1522534736335726,0.7294745150019579,-0.10133749942620797,1.3309063747760965,1.891936571410926,1.5900702811447331,2.1711309011246582,2.0663402096710732,2.530987429879605,0.0884272022506714,0.407237759019614,1.522655964638176,2.130761752871215,0.8473323679108042,-0.1246791492408648,1.9877348234868035,1.6057255578737004,-0.07986665556001409,1.0119735293985292,1.618474957580853,1.468312790421467,0.7295579141545276,0.9204884032006062
1.100961073755407,-1.4853412318219934,-0.9309158981266795,0.2695733529978613,-0.5575804328660502,-1.0053886442413547,-0.8660260707909513,-1.0658645419055488,-1.1513672407967825,-0.556464722537755,-0.6283319754533156,-0.6917779257189236,-0.5271939040727579,-0.1319900166571216,-0.618229155850067,-0.08437064234319838,-0.9566464915029901,-0.7778310697191141,-0.5034200002719051,-0.23320422147901249,-1.3246746914836698,-1.039664167080287,-0.6430705506571399,-1.0669245098422095,-0.8956733318749533,-1.1757976887620658,-0.8315132434385478,-0.7128245464403851,-0.5808717270701141,-0.20542334097046855
-0.6005660416500761,-0.2588697373186106,-0.63914021089943,-1.0842526961583048,-0.46911735120082565,-0.14151931383141264,-0.825502629445941,-0.49322355873952856,-0.1920117143491032,-0.7843878342697621,-0.4572983934247721,-0.43307976190698,-0.4960535028996165,-0.8023050367407507,-0.48717116063875815,-0.9113513932274458,0.19293457162603728,-0.3032418942289596,-0.46678719423041526,-0.6524433014221155,-0.39820796349416876,-0.49298957414331585,-0.46149339542210677,-0.3376659976986529,-1.0617878134775418,-0.011478255015277872,-0.6464781343539548,-0.632616951167039,-0.5690715063340807,-0.718570030632506
-0.42732827397280915,0.4141339799589466,0.8831920296060324,-0.1030234219235105,0.7124381608555312,1.3371623707817353,0.30580775599320253,0.9912625466892186,0.3928585408097892,0.11975510895736352,0.17051999914341737,0.4781555613709118,0.5027040910898617,-0.19161774268383416,0.17324102816863352,-0.3704535096634334,0.22257098980711146,0.08569657207510109,0.657558160427613,-0.20010639937824118,0.6221685513869772,0.15560740052766733,0.30814613756274856,1.4827501332723718,-0.07248378971100991,1.3622355997165463,1.120113730446349,1.0216965297565488,0.6487717875770677,1.0486149174732746
-0.4973353170752663,0.4468835525758592,-0.1762349243997888,-0.44026682843373827,1.4455349950256802,1.6639178957929914,-0.6678701603607629,0.77785596911182,0.8262516075822063,-0.39954289561185446,0.5452643109864457,1.3365226031809208,1.3862422007387172,0.01757619612654963,1.3156710996332517,0.23046427194389463,1.0586299448100402,-0.5194748321741778,1.4860231585966857,0.29567139417289545,-0.3290112784161149,-0.2914612284419745,1.5461721959834278,0.7486960543779521,0.2929680698146864,0.7786773772992328,0.9141079756655024,1.1739636471326156,-0.05076950323599444,0.5457183489530506
0.31545831894478643,-0.7402884547872284,0.7182680446816436,0.38291209290417627,0.9868375345393301,2.1126420729973887,1.3690833729356768,2.339093562967527,0.9398594988720634,-0.4338751624421489,1.581199421647135,1.3365226031809208,0.7286135468731962,2.19050991208334,1.0207022963948609,2.2973770482738853,1.8011002108201046,1.6161764575315172,0.8491759151061741,1.6342944213596458,1.2103403745504364,-0.7037835909113853,1.2284121743221204,0.5288596775809817,4.527041634218464,0.9058142449282769,1.657949114185566,2.331499291934621,0.1528599469011988,1.983938471663755
-0.4688578758132502,-0.9744478989981546,-0.6145413792496905,-1.1078216084324009,-0.14475271842833518,-1.0439367614777055,-0.6660112869045698,-1.017192866317721,-1.991224096406243,-1.070549974551588,-1.779679991060095,-0.22992299491803667,-0.1662483450204379,-0.5757196778392422,-0.24342448490883029,-0.5487162008579518,-0.576052489598672,-1.1063928065969135,-0.06946214408810454,-0.3947859502070834,-0.9682568453276617,-0.7593776173117549,-0.16230376463710944,-0.7825616457737311,-0.7627817465928811,-0.8207044174741448,-0.8394080747594904,-1.0192175603845675,-0.37482171883322174,-0.7313826820597729
-0.5673423601777234,2.5690558581518066,-0.7090232553589167,-0.37545231967997417,-0.22789163314148617,-0.5581702528665023,-0.288659975297363,-0.5314121042007472,-0.6296124807989218,1.270155672904402,-0.2369014604855511,-0.31813580163691985,-0.2777876001315077,-0.2885127974772425,-0.31354581118765723,-0.2371158918546304,-1.1157472627908611,-0.3453651938286777,-0.21035755193998776,-0.2612454318699437,-0.3905194429299405,2.6133266509773563,-0.25721909578269464,-0.9680693615719522,-1.6191941850773417,-0.7011957619028433,-0.7439299584718404,-0.40472552967610287,-0.7362110431183089,-0.3931286843799278
0.14578023142527163,-0.35548097653850325,0.46445282720478714,0.20302583598864898,-0.3822924747516241,0.8944613368955181,0.4909515522300387,1.2608287499448807,1.9749536195129818,-0.5881007380462987,2.220837208095346,-0.11884020127203526,-0.5045463395832005,-0.32329563765949154,-0.24995972186680648,-0.25975812884103083,1.6747554806797367,1.8969984548629697,-0.472423010544491,-0.3012386335750423,2.2263234491091666,-0.865932834579131,-0.1705572716932471,1.242022178550851,1.0091060571680717,1.7322038845170653,0.8548967407584326,0.823851128082295,0.1347057611534551,-0.03405412813077446
-0.44038043455123366,-0.8516370016847318,-0.40992382507231295,-0.13075155401068245,-0.9683603907837369,-1.2131870887185587,-0.521019157321505,-0.9595356506213711,-1.0335516498295239,0.03886756930483749,-1.2464167495320757,-0.8794900262116312,-0.849355508936711,-0.5275205993009827,-0.7805503116441277,-0.5544666102513234,-0.9535268685365611,-0.8059132694522592,-0.9514673972408938,-0.518443091111354,-0.8880765594435671,-1.0350313315469226,-0.8968658926333792,-0.8374020378256752,-1.5305997948892947,-0.8270612608555971,-0.8139965864452062,-1.0353100048965531,-0.3657446259593498,-0.9562447146083061
-0.5483573993363791,-1.3658052917702623,-0.7364174087870357,-0.07494868818524887,0.11285505179123076,-0.5292591649392393,-0.7370202529311476,-0.9825610971494588,-0.7684665701531912,-1.068033473317954,-0.7743362527947545,-0.16933238020203586,0.0718341766760336,-0.5916204047796989,-0.21710690905103355,-0.6777410116217262,-0.9004932781072711,-1.2833106649157282,0.19260331451639817,-0.4499489870417023,-1.2324124447129312,-1.0975746112473392,-0.14166999699676486,-0.7778135598817879,-0.5708272345187785,-0.9618263405423841,-0.6702859850561724,-0.5888210578749261,-0.5279220186391946,-0.16378222383185131
-0.09627801930186822,0.9970763725399936,1.9129885727610314,-0.17165054883926095,0.06944261356662967,1.597663319293013,1.610365147549546,2.370917350851876,1.3858756646766865,-0.08695749237686996,1.1988072667052703,0.04154672003502494,-0.21805464879030048,-0.4008116814942182,-0.3274994252330661,-0.6996644474339553,1.0679888137093265,1.9938820439423202,-0.11173076644366961,-0.4846557310501499,3.253290124473937,0.7347118421981879,-0.2613458493107639,1.996018218191432,0.9426602645270361,3.3061583057646335,1.5333588074019402,0.8075549817410437,0.6881058566971794,0.7523223532177284
-0.039323136777835166,-0.9220485828110941,-1.055475436571269,-0.36089505033420877,-0.8778495525984842,-1.1181720028742723,-0.5146989875704483,-1.2038300223218144,-1.227105834990021,-0.44987292028453746,-0.997514219588098,-0.9816624353405737,-0.7763171134578886,-0.9439208860541934,-0.8160525448482694,-0.9534012619164756,-0.8240625154297643,-0.16002267558991892,-0.8443868872734622,-0.7031473261126027,-0.7156340267887338,-0.652822400044379,-0.9525770652623098,-1.083115482733736,-1.1171593073450716,-1.20917111651469,-0.9227972305869468,-0.8869896104625081,-0.6919753438463063,-0.8638334661891439
-0.8319452519039597,1.7028296624344639,-0.8495161279402693,-0.5314230626703158,-0.795120189189339,-0.4173792778040489,-0.781633215879783,-0.9269630677279787,0.5527511285510703,0.6068778477536875,-0.5059664858719181,-0.6632646952643353,-0.7233784314635483,-0.7496338787504877,-0.6390712629052349,-0.7733415677865285,0.0962262596667435,-0.4899885224543751,-0.7795749996615964,-0.6122202537302059,-0.352076840108799,-0.43276271220958135,-0.6698944485895878,-0.44069946155382045,-0.7849303441398936,-0.5734232099356537,-0.7483708010898706,-0.7011116912576106,-0.6244417728646993,-0.9146035974696889
0.6512548138260636,-1.148020633867792,1.8587593302604697,0.3520645459571974,1.1588490822217115,1.4380500213612475,1.2240912433526123,2.095735185028388,0.6579436204861219,-1.198711787378813,0.7399366807750315,1.268209655216802,0.9927407677326585,1.7110036152851915,1.2838780549728264,2.062329064319823,1.309759593607562,0.5771350674051431,1.1056055573966015,2.1721340304971792,1.4794385942984245,-0.7616940350784374,1.257299449018603,0.4970475021049623,1.249049197260701,1.9769423547029756,0.9856548845115449,1.514145702006236,0.43303954694137864,1.460221344574222
0.29884647820861004,-0.14260875452857016,-0.5653437159502118,-0.6537734455049616,0.7288202130157583,-0.07677052316097949,-0.4388569505577684,-0.5542503519765745,-0.88628216112045,-0.6506537687109188,-0.5657587137355551,0.671213892573855,0.7048336041591607,0.6153441495443448,0.5773659514078181,0.6434155465053899,0.5672893275974984,-1.458824413247886,0.8125431090646846,0.6473357539935904,-1.0528305715341721,0.19035366702789905,0.7228848671336765,-0.38324762226130765,0.7839286487734508,-0.6598762799234038,-0.23434326805287128,0.13661208159733837,-0.3875296488566423,-0.056476268128491366
0.01763174574619789,-0.7894128137125971,-0.8737236145410356,-0.03994192142519455,-0.4363532468803722,-0.8835705706311677,-0.7351613794749545,-0.4868588011626589,0.2624198508103243,-0.47971143491191365,0.4826910492686861,-0.5554490426079222,-0.46831023639990893,-0.6467760513544082,-0.54528178115698,-0.7072118597627555,-0.3483200130493666,-0.3902967134017102,-0.41042903108966217,-0.5214310889398959,-0.8227241346476273,-0.49530599190999747,-0.533711582163313,-0.816273055606528,-0.39363845414268317,-0.8340537885751946,-0.697794537940082,-0.6993293002515364,-0.5742151922959414,-0.8181883954795058
-0.38579867213236857,0.7318048343430006,0.17821187709872885,-0.5671230327325495,1.4823946123861902,1.3748070165203592,-0.20463889507743316,0.7890878942474728,0.8094208088725985,0.34264521822210203,0.9067987120223908,1.3810745257662154,1.4485230030849998,0.3793177340219402,1.513494488631454,0.571894829675331,0.5532510242485684,-0.20635830514960812,1.497294791224837,0.6307868429432048,0.3420867308329494,-0.14321049137432107,1.581249600972014,1.5178859688727513,0.03456776509954716,0.7634209531837474,1.6912554338207928,1.8044208087097748,0.3114065024314949,0.0284075475771514
-0.4095298731840492,0.8922777401658732,1.5987944048711786,0.2515500671411996,3.8905562799395286,2.2255760102132607,0.2961416140209982,1.7999611564562037,0.14881195952046716,0.159300128343043,0.8720357888458575,4.271009237465655,5.225004381718684,7.84222454398193,5.953923059537531,7.691979860430581,-0.42163115276044405,-0.8971804185849809,3.7459855005408933,11.536059533173727,-0.5267160929248403,1.5825207448038299,4.073808731925648,1.9437892733800568,0.9131288011310204,1.10096933673886,3.3923448700051506,3.0648258772909287,1.4608690300261413,2.3058563387738342
-0.8283855717462076,-1.6294393513364096,-0.5508080427026385,-0.30647859111313397,-0.7603083283488568,-0.3782288462358799,-0.5782724597722537,-0.6701263796260565,0.9524825979042695,-1.3601273665076317,-0.14790837715362684,-0.7027673999566297,-0.713470121999367,-0.8768396942741417,-0.65814708970149,-0.9559170660260754,0.1632981534449631,-0.2091665251229235,-0.7654854588764078,-0.6848515855624541,0.07518523124616933,-1.9963447047199867,-0.7173521141623805,-0.30253016209827327,-0.5412957711227627,-0.08521763824012357,-0.6584437380747585,-0.5679416203751979,-0.5182397862403979,-0.8204306094792775
-1.1689283068378211,-0.11313413917334872,-0.11809223140949573,-0.6360967612993896,1.580686925347551,0.7017207507137634,-0.1377194506544802,0.5307536161274637,0.40127394016459367,-0.6177595025855582,0.5452643109864457,1.5771029851415113,1.581577444461149,0.39074638151039354,1.3474641442936772,0.3634424891656121,-0.5651338092161704,-0.10385827612362879,1.6241006582915318,0.44599066954723193,0.41183259595130506,0.19035366702789905,1.5337919353992213,0.6864961291934961,-0.042952326314994196,0.49897626851533533,0.6488909859775859,1.165560946675408,-0.05288749157323124,0.031610710433968264
0.4056368829411719,-1.4493167019433895,2.373657601837969,3.960187733800437,-1.3582532321971346,-1.1479865622992622,0.6839026169828866,0.4053304521126765,-0.6001585830571068,-0.42866240988676385,-0.0860303738993976,-1.3086735471166357,-1.1610426152242437,0.2049066353938054,-1.0829374919699513,-0.33631045389028985,-1.964284709659505,1.2651489608672015,-1.4586908655076736,-0.5368307700562269,-0.3647079810357458,-0.8520343279790383,-1.4201382399925195,-0.567473354868704,-1.877594489792481,-0.4100523350323317,0.050980870155571074,-0.648149215648544,1.8263733030807172,1.841397724535411
1.7013604603629204,0.5795193216743563,-0.6307542455642915,3.1595379197833484,-1.0314312916006103,-0.7128144575607694,-0.07488952783515221,-0.8037862887403222,0.8136285085500001,2.5068362791474685,0.7746996039515647,-1.0015622940953384,-0.8991801508137371,-0.17422632259270976,-0.8483754735863684,-0.12534230927097062,-0.04415677382255442,0.2499774405140013,-1.0275509174809105,-0.39248749033897434,-0.3504292999878936,0.09769695636061528,-0.993844600542999,-0.7398288727462424,-0.2828954664076235,-0.9522910754702059,-0.4957361988197064,-0.45412322327302085,-0.41203779961609655,-0.0404604538444079
1.2030052382776326,1.113337355330034,1.9767219093080837,0.21515689377678648,1.5233497427867573,1.045039919850014,2.4643316133246733,1.431179614502278,0.29608144822954097,3.0424915417353087,1.7828243760710276,1.006838376049741,1.3494399084431865,1.4575857796716625,0.73279861419212,0.4033359543321273,-0.9363689422212026,1.3507996700532943,1.4014859138855564,0.6160766997873064,0.44862765865154036,1.5871535803371941,0.8322438356275026,-0.1458433276641475,-0.6631130576313282,0.18621957414788617,1.2977474351675586,2.504645846810416,-0.3306465335137117,1.096662360325525
-0.12238234045871639,0.16523722807040966,0.5164458122826454,-0.3342067232003059,-0.03867893069086715,0.7634579697251066,0.29688516340347526,0.9182550333074772,0.5822050262928842,-0.04201997034768893,0.4687858799980724,-0.08913891954850554,-0.21635608145358362,-0.46441458925604506,-0.23494633966605005,-0.540809387942066,1.1210224041386172,0.9183337941628579,-0.07509796040218025,-0.4046693276399526,1.2103403745504364,-0.5810134492772348,-0.11278272230028222,0.9006348029201348,1.0792432827336098,1.1734373512874152,0.12968246988621793,0.19059306635273318,0.20641479485704312,0.44321713753491576
1.7191588611516804,-0.4127927286181008,2.278616661373067,1.0123406912829775,-1.3037829087643806,-0.002987017513276556,1.5300618142420026,1.7700093560944632,-0.4234351966062186,1.246788161449228,0.26577040864711904,-1.1518507796163988,-1.16302427711708,0.44788961895266,-1.035071296953422,0.2103378390670942,0.3489157199474794,3.4836427397856737,-1.4327661104629268,-0.36996258363150497,1.188373172938356,-0.1246791492408648,-1.286844101035893,0.8878149710118879,1.906124257822055,0.7780416929610876,1.3446229961356555,0.013881729464789478,2.1310610538803507,2.192144057356841
0.7675376989792977,1.3245720987091212,0.46613002027181494,2.3831502213425364,-0.05219412372305418,0.7920679004864609,0.2024543918288639,0.450258152655287,1.7477378369332675,1.6080858385638448,1.6785356065414279,0.12471030886090805,-0.18804662584163695,1.0128623230557632,-0.13462162095981897,0.7630959420049355,0.26312608837068624,0.8635735046832245,-0.10045913381551919,0.21614468273632012,0.5200210638908023,0.6605864736643612,0.019273390597923695,0.5079680996564317,0.07517352726906966,0.38010329728217856,0.6168182337362565,0.42586867915454857,0.4351575352786152,1.4442055302901387
-0.9672130978985379,-1.378905120817027,-0.7593390473697473,-0.17061074388599187,-0.14475271842833518,-1.228395525596963,-0.4451771203088251,-0.6639488208014477,-1.0503824485391322,-1.3195038465932518,-0.5344720828766758,-0.2821972507514487,-0.19653946252522095,-0.31435147875548475,-0.3117795309287447,-0.18140880085634337,-1.6414037326341202,-0.5812556715870978,-0.09764122565848159,-0.2518217464106963,-0.8655601777911848,-0.8450850746789922,-0.21182480697393666,-1.1335876357650922,-1.508451197342282,-0.9236852802536708,-0.9615312467553218,-0.9828058584033341,-0.7421111534863256,-0.9490375981804685
-0.24222490576970235,-0.45700465165093296,0.6657159952481093,-0.07252247662762161,-0.461335876424718,-0.2508393650563766,1.1608895458420456,0.5064177783335498,0.44335093693861477,-0.6190177532023754,0.580027234162979,-0.36149967295327307,-0.5447457665521649,-0.3729854093484189,-0.4991818663993632,-0.5246363615232085,-0.14398470874827757,0.45778571853927535,-0.4893304594867166,-0.4848855770369609,1.534356598328626,-0.45361047210972005,-0.43673287425369334,0.22165852037225647,-0.12785528357853976,0.6795106205485781,-0.36485469832720424,-0.5025024077236107,0.46299395342515587,-0.17179013097389306
0.44597992472902853,0.5451322704265977,0.262071530450113,0.8473583053643053,0.09606344832699844,0.11747584885031993,-0.19051145681036522,-0.05948404975107871,-0.06578072402703994,1.8022159337299077,-0.09854502624294953,0.029666207345613305,-0.02017155406279305,0.2153414874484803,-0.13108906044199392,0.04896697546560477,0.16953739937782095,-0.8789269887584368,0.09961234533415524,-0.032778520979897446,-0.8457896963403122,0.46832379902974874,-0.017867391154696627,0.2895561486270442,0.9648088620740476,-0.3483909542322453,0.39354253544084744,0.021520548062251062,0.6487717875770677,0.96533268319604
-0.09509145924928425,-1.6621889239533225,-0.7610162404367751,0.13959773383924334,-0.5764197928503113,-0.6138843285596659,-0.5678627684175722,-0.2350764793717805,0.8388747066144134,-1.2822955783530898,0.9832771430107641,-0.6083173240758051,-0.5948535029853105,-0.5732351892547959,-0.5885556475003367,-0.5587794172963519,-0.20325754511042504,0.4858679182724214,-0.579503520511922,-0.5000554121664811,-0.18347856773608062,-1.3894432498492815,-0.5873593780282095,-0.530438284911547,-0.5782101003677826,-0.5670663665542014,-0.6252607751789214,-0.5233818452233389,-0.43230997370107715,-0.5760292835041623
-0.014405375673570963,0.674493082263403,-0.060508602774878364,-0.5158259883712817,-0.19430842621302152,-0.7951809424368788,-0.2797373827076359,-0.3754755435674377,-1.332298326925073,1.2557756658550638,-1.133089619976577,-0.2893255583650961,-0.2670300069989681,-0.13745589154290344,-0.3914387706056994,-0.24717910829303053,-0.7257943919872558,-0.5658104617338671,-0.15118148064219708,-0.31112201100791154,-0.7480356491665531,0.5563476741636676,-0.3088035148835563,-0.6106809364853871,-0.6594216247068255,-0.5047693014159699,-0.5893639640165105,-0.6904173452211645,-0.038666712737498526,-0.26644359339282686
-0.6587074842266931,0.08336329652812775,-1.0757694726823042,-0.944225629118087,-0.8438567943660137,-1.3006732454151209,-0.5451845122520158,-1.095441944762767,-0.8989052601526567,-0.24154256815725342,-0.7472211727170586,-0.9213688334418084,-0.7565004945295258,-0.9373618361912551,-0.7899115970163642,-0.9789187035995619,-0.5526553173504556,0.11377877180824714,-0.8077540812319729,-0.7116975968219685,-0.42456860542866526,0.09074770306056877,-0.9009926461614481,-1.1803088009418135,-0.6520387588578214,-1.1135641920576487,-1.02916774696271,-1.0916080979598446,-0.8599620759654293,-1.2040093615830787
0.8209329013455785,-1.3428805909384232,-0.05435889486244357,-0.3896629873746498,-0.6009928710906512,-1.0094542659811263,-0.24070104012757998,0.33606691377615244,-0.12048081983326711,-0.30086009723577245,1.3865270518585493,-0.7220732330769238,-0.6472259958674118,-0.2050339810398446,-0.6834048974039391,-0.16451697326331446,0.33175779363212093,0.44795694863267443,-0.6133184183963742,-0.3136503168628316,-0.43719974635561204,-1.0373477493136047,-0.719415490926415,-1.1523425750382679,2.3823191050828108,-0.40623822900346046,-0.9472218649861133,-0.7808100319577927,-0.7398418802678576,-0.17018854954548476
0.25138407610524954,-0.5208663182539129,-0.750953082034609,-0.7376510450686565,0.1628203108799224,-0.4761049251563022,-0.6656395122133312,-0.2573531308908247,-0.40239669821920804,-1.0700107242872379,-0.2827885190785755,-0.04458699696321098,0.05513159786498482,-0.6885154595731072,-0.09470368710839595,-0.6698341987058403,1.0742280596421845,-0.527899492094121,0.1897854063593606,-0.47224404776236073,-0.6046996586477268,-0.41191495230944264,0.027526897654061383,-0.32247212284443477,0.2929680698146864,-0.4087809663560414,-0.5897340342346796,-0.6603713254044825,-0.4444127641995731,-0.7504415010578322
-1.159435826417149,-1.5999647359811884,-1.0498288865789427,0.5579459267044488,-0.43471504166434927,-1.1263032463538147,-0.15259043830402536,-1.215061947457467,-0.671689477572943,-0.4088899001939241,-0.5887022430320678,-0.6148516060549816,-0.4148053652933296,-0.5414337353738824,-0.5518170181149562,-0.4236447965521204,-1.7599494053584166,-0.18108432538977748,-0.3709783168911347,-0.4253554664529347,-0.5860275372774579,-1.4774671249832003,-0.5502185962755888,-1.1696256076849412,-1.283273788947661,-1.2583730842871301,-0.9782707562905079,-0.8971747019257903,-0.7893422934067058,-0.6686006900661653
0.044922626955630034,1.1870238937180881,0.09155690196896513,0.11498901661187835,-0.021477775922628953,-0.14904824297913744,0.573485533685014,0.18630791196745167,-0.33928120305817644,0.493635292240151,0.23865532856942304,-0.21388430278733042,-0.1554907518878983,0.010122730373210476,-0.3116029029028534,-0.15193795271531416,-1.0315174426972822,-0.12772814589680176,-0.02155770541846426,-0.24032944707015072,-0.03574913689483762,1.786365508271853,-0.20563467668183302,-0.6709816273130659,-1.0211820513080203,-0.1653138648464215,-0.5412548356545163,-0.13991315163076948,-0.34970842854884276,0.7491191903609119
-0.6598940442792771,0.363372142402732,0.2877884908112043,0.6518749741497436,-0.06980482979529767,0.6158909584297007,0.613637200338786,1.1578694362013986,1.3984987637088926,0.2869226909059175,1.6020571755530555,0.09500902713737834,-0.2191870270147783,0.4911197203220266,0.02452023036819919,0.6351493330024184,0.4440642204235589,1.6695326370244938,-0.11736658275774481,0.24510527707449498,1.7155860116282913,0.32238947972877696,0.1575196337882325,-0.029040414722344764,1.4114722459387878,0.736086526643503,0.063686614312713,0.28811531711365884,-0.22353683760202317,0.4640376961042244
-1.171301426942989,-0.8991238819792552,-0.38867937955662885,-0.9709139562519898,0.27954243252153865,-0.1942218178654862,-0.19497275310522885,0.6318409423483365,-0.7852973688627995,-0.6742010302542099,0.20667343924701234,0.06827787358620185,0.09646340305842702,-0.28006553629012493,-0.04630760801419293,-0.12498290868388494,-1.1453836809719349,0.8523406247899667,0.2574152021282641,-0.12540645366469474,0.08946391229402154,-0.6250253868441946,0.09561833086719912,-0.4193330750400761,-0.5376043381982601,-0.22125408660320103,-0.13923522198339056,0.32809180110704095,-0.3724011607335226,-0.24706445810908578
-0.15797914203623717,0.011314236770919462,-0.48539751308855883,-0.45621050438386207,-0.4109610660320205,-0.47550261082448425,-0.6054120122326736,-0.4329455605115267,-0.09944232144625657,0.12155260983853057,0.06275493729616471,-0.5815861705246286,-0.44934290113990455,-0.6621798805779757,-0.5359204957847435,-0.6665995934220689,-0.26097056998935914,-0.11087882605691432,-0.38506785767632323,-0.5294756984782777,-0.6305111205419215,-0.138577655840957,-0.5254580751071753,-0.7046930371458626,-0.20168394206857954,-0.4354797085581406,-0.7600896913318949,-0.7823377956772851,-0.513701239803462,-0.25395125825124165
0.07340006821764657,-0.6715143522917113,-0.531799854609658,-0.5546453732933223,-0.33437497218296064,-0.203256532842756,-0.6968685862773759,-0.1414771032413426,-0.04053452596262658,-0.8020033429052013,-0.6318082677709687,-0.30387918640962547,-0.40518015038526767,-0.5856576321770276,-0.4227019311884511,-0.6917576345180695,0.9946776739982491,-0.03786510675073678,-0.34561714347779576,-0.5437261496605542,-0.14723268507614712,-0.8149716437121249,-0.37483157133265926,-0.3082278651686051,-0.13154671650304134,0.015220487186821672,-0.4879647242381535,-0.44953993211454396,-0.5194500652902475,-0.6404128569261782
-0.267142666873967,0.7825666718992151,0.19051129292359842,-1.1317371223575867,0.1493051178477354,1.034499419043199,0.1288430029636156,0.6337129298709456,0.19509665597189105,-0.1211100091190479,1.2405227745171095,0.24648556392738014,0.004457672319600356,-0.06590262031084829,0.18083603328195727,0.0568737883814906,1.2270895849971981,0.6964844162710108,0.16442423294602163,-0.004737310588966075,1.4025533886561423,0.4984372299966156,0.3246531516750247,0.40256059285529266,0.7876200816979524,1.1225826042357976,0.503330033497706,0.8325084558260846,-0.19812097755518182,0.18215936470435373
-0.1722178626672452,0.4452460739450139,0.3660575006058297,-0.04167492968064272,1.5479228210270972,1.0134184174295695,0.10542119741558217,0.5232656660370284,0.13198116081085942,-0.05639997739702693,-0.14095579251832,1.8681755460321028,1.6268725734402638,1.7984576134577037,1.988623878278922,1.971400715787135,0.24752797353854203,-0.9561530380245864,1.5987394848781928,1.933094204213831,-0.07199501955477113,0.4914879766965691,1.9464672882061145,0.41680485053112226,1.0349460876395857,0.4519356274925888,0.4774251182258631,0.9771367546046899,0.06632499483695319,0.8868551932040305
2.3492222490737946,-0.11640909643503992,0.6942282773875802,1.2601608718120763,0.6387189261345109,-0.15055402880868243,0.9017625860487221,0.480209953017027,0.4391432372612131,0.43072276139929744,1.435195144305696,0.1870830004803207,0.4854353231665741,0.04639626370612737,0.1626433466151584,0.5887866572683601,-0.273449061855074,0.37915555928646993,0.6011999972868598,0.4004811641586713,-0.23784739172597974,0.5656133452303957,0.29576587697854206,0.2871821056810726,0.20437367962663927,-0.2593951468919142,1.127515134809733,0.7963513811314336,0.7903744364094695,0.04442336186123515
0.01763174574619789,0.571331928520128,1.0039499304320258,-0.18204859837195028,2.0926260553546383,2.100595786361029,0.9114287280209264,2.2642140620631763,0.3591969433905726,-0.3440001183837864,0.9763245583754573,2.1295468251991636,1.9580932041000396,2.926912328513242,1.6530306290855432,1.9961993562960498,0.02759455440530879,0.8663817246565398,1.9143451984664115,1.8043804515997206,0.8165782856538911,1.3091834483353444,1.649341034185151,1.832684063508586,1.2379748984871952,1.0564714330686946,2.823670301418502,2.5173772111395185,1.3973293799090383,2.3474974559124515
0.5076810474633975,0.45670842436093345,1.1437160193509999,-0.6523870389006032,-0.5387410728817896,-0.08279366647915928,1.337110749489155,0.08709257326918735,-1.8586815565680768,0.3893802411324505,-1.842948511241386,-0.5952487601174521,-0.5874930445262043,-0.5414337353738824,-0.6971818834234568,-1.0328287916624201,-1.1235463202069331,0.5574775275919412,-0.5851393368259972,-0.7067099389081718,0.5288079445356348,0.7601924376316906,-0.7689365332632422,0.08206479514912636,-2.2541206480916838,0.43858625639153925,-0.11185002583887078,-0.4775489336385696,0.3262324207921523,0.8147840289256546
-1.1262121449447964,-0.3325562757066642,-0.5709343595069707,-0.331087308340499,-0.3122592017666542,-0.15356560046777243,-0.7768001448936808,-0.799480717438322,-0.16676551628468986,-0.9569479188618178,-1.4737662671066025,-0.36536083957733223,-0.3341234167992818,-0.8107522979278683,-0.3453388558480826,-0.7348857049683561,-1.0549146149454984,-1.0010845575976188,-0.26953362323777896,-0.5379799999902815,-0.8024044731564522,-0.2821955573752463,-0.2881697472432117,-0.4098369032561897,-1.3275709840416852,-0.35538348195184266,-0.49228221011679396,-0.5050486805894312,-0.5031112981172781,-0.49963384936908367
-0.7927887701686871,-1.3821800780787183,-0.7459215028335259,-0.29816015148698255,-0.41464702776807166,-0.7719918406618864,-0.8808970584404965,-0.35039091076448015,-0.09944232144625657,-0.9423881617243632,0.05649761112438924,-0.5602012476836867,-0.46208215616528053,-0.7590749353713839,-0.5818437825164691,-0.8125162317788722,-0.8458998761947663,-0.22741995494946765,-0.3963394903044737,-0.6186559413609114,-0.8040520132773584,-1.3106850457820907,-0.577042494208037,-1.052110481859347,-0.6483473259333198,-0.668775860657437,-0.932789126477515,-0.7459260936960518,-0.7777236145281496,-0.5773105486468888
-0.4688578758132502,-1.668738838476705,-0.5754068743523779,-0.6627850884332925,0.23531089168892638,-0.4956801409403866,-0.7414815492260112,-0.6235138903130985,-0.8231666659594183,-1.4467669089798931,-1.1282228107318624,-0.08616879137615274,0.15987658362918747,-0.7600687308051625,-0.11307300180108613,-0.8211418458689296,-0.6618421211754647,-1.0081051075309044,0.29968382448382913,-0.5189027830849758,-0.8897240995644733,-1.442720858482969,-0.019930767918731412,-0.6538885181020704,-0.34195839319965493,-0.5003195110489533,-0.6731231900621362,-0.5592842926314081,-0.5070447050292892,-0.3888044145232254
0.36885352131106713,-1.2429943944568393,0.934066885972539,0.7215419060187628,0.3143542933620203,0.4156214431002217,0.45451763248865323,1.4611314148640178,0.27083525016512877,-0.268505081374762,1.3309063747760965,-0.04458699696321098,0.05428231419662655,-0.035591859580602674,-0.21286783642964355,0.08670403710960568,-0.5011815384043794,0.2878884101537483,0.2743226510704902,-0.01048346025923887,-0.33340471873853084,-0.706100008678067,-0.038501158795041575,-0.3699529817638667,0.6916428256609011,0.22817474046547076,0.31212708744362655,0.9371602706113078,-0.006896887678946867,1.761318653114993
0.12086247032100744,-0.07383465203305366,0.8541206831108858,2.0746747518727497,-0.39949362951986167,-0.06321845069507491,0.7917172774420886,0.3416828763439786,-0.1457270178976793,1.052658066283165,0.24143636242354558,-0.5465386580908633,-0.4952042192312583,-0.07782816551619084,-0.6282969533258684,-0.23136548246125888,-1.0689529182944284,1.1345667321080761,-0.4217006637178126,-0.4554652907251641,0.05486556975499498,0.30617455536200316,-0.6121198991966229,-0.24840198293012075,-0.2902783322566277,-0.1742134455804545,0.22207666768912465,0.2972818994306127,0.5670779517122204,1.8205771659661025
-0.9387356566365215,0.25693603139776516,-0.82027706213842,-1.2017506558776956,-0.528092738977642,-0.45592739504039986,-0.894280947325087,-0.6457905418321427,-0.5791200846700962,-0.5805512343453963,-0.7708599604771016,-0.6487110672198054,-0.5339881734196251,-1.0033498529941505,-0.5988000730020293,-1.0310317887269915,0.11182437449888771,-0.2751596944958145,-0.4977841839578299,-0.7141109796834831,-0.6596176626779285,-0.20807018884141962,-0.6203734062527609,-0.38087357931533605,-0.781238911215391,-0.3566548506281331,-0.7656407446044328,-0.7466899755557979,-0.6232314938148498,-0.9648932543217112
0.0033930251151894192,0.46162086025346993,0.6774563467173033,-0.5924249532620939,2.1499632379154323,1.9199014868156337,0.09910102766452564,1.985287921194471,0.758928412743773,-0.5329174609944641,1.449100313576309,1.918667724962103,2.1279499377717195,0.6411828308225873,2.115796056920624,0.7814253719463073,1.429865077815072,0.483059698299106,2.1087808613020096,0.9353327754676629,0.9247667535933882,0.6582700558976795,2.0496361264078375,2.048247163002807,1.285963526505721,2.029704154769029,2.37465177003989,2.741449223331724,0.4511937326891224,0.20778466755888753
-0.6670134045947811,-1.4706039241443827,-1.196191934894892,-1.2429962523573639,-0.25451246790185494,-1.3943331240128174,-0.8162082621649754,-1.2450137478192072,-1.7644290837942693,-0.9544314176281838,-1.5363395288243622,-0.35407435252239067,-0.2523090900807557,-0.6750992212170969,-0.32573314497415357,-0.6554581752224115,-1.005000647482637,-1.3015640947422722,-0.176542654055536,-0.4575339046064623,-1.2049534426978303,-1.558541746817073,-0.27372610989497037,-1.2351017121348378,-1.6561085143223617,-1.233517826665652,-1.0576508180877984,-1.1233091951393102,-0.9149087448286005,-1.3358195131410866
-0.1567925819836532,-1.627801872705564,-0.6922513246886399,-1.0766274598343326,0.0972921022390155,0.11145270553214014,-0.3544640956465999,0.13576424885701496,-0.036326826285224934,-0.6477777673010514,0.990229727646071,-0.13666097030615335,-0.041403645771753046,-0.4668990778404915,-0.24307122885704768,-0.4092687730686915,-0.034797904923268064,0.19662126102102462,0.10524816164823045,-0.37019242961831583,-0.20874084958997272,-1.980129780353212,-0.12309960612045469,-0.08506782824727446,0.1563850516081126,-0.467899609803547,-0.0009523171275047537,0.23540746879117416,-0.10432435119183875,0.06684550185895205
-0.7441398080127425,1.0052637656942225,0.6618025447583781,-0.4853250430753925,1.4578215341458503,0.8447704045205345,-0.13548880250704848,0.7516481437952975,0.0015424708113945106,-0.2595175769689259,-0.7388780711546908,1.7523405473103366,1.394735037422301,0.4796910728335735,1.421647915168003,0.10395526528972025,0.43938478597391534,-1.029166757330764,1.4240291791418573,0.32003506877485216,0.45851289937697665,0.7069148289980026,1.457446995129946,0.5345573806513136,-0.1721524786725638,1.9559647715441835,0.2825214699900917,0.48850699165373335,-0.15757662938522057,0.10047871185552756
0.19917543379155278,-0.44226734397332224,-0.7073460622918892,0.9686688832456821,-1.1870607871227647,-0.8856786707925307,-0.47938039190277887,-0.5677286621393575,0.3928585408097892,0.22401016006506397,0.9067987120223908,-1.1975907534706347,-1.0189291480522715,-0.6711240394819826,-0.97413462802094,-0.6939140380405837,0.12118324339817407,0.03234039258212636,-1.1977525701659857,-0.6427897699760573,-0.5525275548190349,-0.5022552452100439,-1.2125625375306524,-1.0055792401183035,0.44431681971926756,-0.8118048367401118,-0.8750581724431221,-0.7387965296717544,-0.7350310210447055,-0.6495418710681058
-0.41190299328921715,1.6078559018454173,-0.20195188476087989,0.5156605252715114,-0.3851593338796635,-0.749405053218712,-0.3570665184852703,-0.831304505322671,-0.39818899854180584,0.2563651759260745,-1.0169814565669568,-0.5512908631666279,-0.3992351647067591,-0.6785775052353217,-0.5076600116421432,-0.7014614503693839,-0.8412204417451231,-0.7778310697191141,-0.351252959791871,-0.539359075911147,-0.6283144003807135,2.1963714529745824,-0.4965708004106927,-0.14251966753978723,-0.9141304964974633,-0.5746945786119442,-0.32747760629211653,-0.6392372606181722,0.20308652746995678,-0.6346471637839081
0.7544855384008736,-1.1349208048210273,-0.5731706169296743,2.514858848756603,-0.6431766554032353,-0.38003578923133396,-0.2823398055463063,-0.5718470346890967,0.15722735887527162,1.9334334980551169,1.852350222424094,-0.829888885733337,-0.6220305803727791,0.5731078436087567,-0.7254423675660571,0.8425234717508802,-1.078311787193715,-0.5433447019473517,-0.6302258673385999,0.19637792787058173,-1.2922730691058508,-0.48140748530990524,-0.8040139382518281,-0.9609472327340375,0.7433228866039293,-1.0725625522472817,-0.36029049896978427,0.6494314367735896,-0.59297451756861,1.203968316028885
-0.0333903365149149,0.34208492020173886,-0.793441973065977,-0.3771853279354223,-0.13205662800415932,-0.8402039387402729,-0.5336594968236185,-0.7365819366786678,-0.8568282633786356,0.827970456137259,-0.6269414585262539,-0.19309340558085955,-0.17757212726521657,-0.2666492979341145,-0.23671261992496256,-0.2331624853966875,-0.6212870226118895,-0.8269749192521177,-0.07791586855921785,-0.2451562127931799,-0.8100929937206806,0.0374700944268816,-0.13754324346869565,-1.0749012941406741,-0.9547362586669847,-0.8791873765835054,-0.9261278625504696,-0.6519686249472748,-0.8004768606653219,-0.7276990447744336
-0.8212662114307037,-0.4782918738519261,-0.6396992752551058,-0.6392161761591963,0.17674505521611533,-0.44945251597335656,-0.7641598053915675,-0.44548787691300523,-0.44447369499322914,-0.0006774500808419953,0.18720620226815357,-0.08319866320379994,0.08655509359424568,-0.484290497931616,-0.1579365203774641,-0.4868992998792076,-0.7913064742822615,-0.8592694489452349,0.23768984502900084,-0.36812381573701763,-1.0753469531865545,-0.5763806137438706,-0.038501158795041575,-0.9849250664883507,-0.12416385065403816,-0.5638879448634754,-0.7706983709194115,-0.2730832225131823,-0.756180647440827,-0.401937382236174
0.11255654995291924,2.7622783365915917,1.3024902963629537,-0.7969199274049865,0.47080289149218646,1.8205196220656668,0.8850327249429839,1.985287921194471,0.40127394016459367,-0.022247460654848988,0.621742741974819,0.632602226333266,0.17431440599128034,-0.251245468710547,0.056313275028624564,-0.5267927650457228,1.836975874934036,1.2497037510139717,0.30813754895494244,-0.40558871158719634,3.1324705156074932,2.590162473310536,0.2524349649338181,4.254682676988813,1.1604548070726528,3.4282096986885167,2.053924247626595,1.1650516921022438,1.2502804753523131,0.7202907246495616
-0.4641116356029139,-1.4345793942657787,-0.6620618494821416,-0.26731260454000394,-0.7193531979482898,-0.45487334495971843,-0.4500101912949273,-0.5128794277269207,0.4601817356482237,-1.2192032974241194,-0.4190591779305859,-0.725934399700983,-0.6871423282802566,-0.691993743591332,-0.654614529183665,-0.6299407335393251,-0.217295848459355,0.44936105861933306,-0.7119452038926923,-0.5641824424867254,0.20314418063653902,-1.5284283158502063,-0.6678310718255533,-0.38799570815325085,-0.7147931185743555,-0.42785149650039805,-0.5740677283321841,-0.38282758303004644,-0.46407979875962885,-0.752523556914763
1.0143421899167735,0.022776587186838976,0.10385631779383471,0.3718208400693079,1.085129847500691,0.5150033078501888,0.08720423754488958,0.49144187815267937,-0.05315762499483384,0.12694511248203252,0.29497126411540625,1.0692110676691533,0.9955717132938531,1.234975602505268,0.9588824873329226,1.250802538680261,0.5298538520003521,-0.2597144846425848,1.0943339247684511,1.1364480139272106,-0.4179784449450413,0.25984620002836084,1.079849047311639,-0.09266476567438355,1.1161576119786298,-0.12526575154327255,0.35160124404833987,0.7405880053699639,0.15437279571351084,0.784353981785896
0.6999037759820085,-1.2904812747513628,1.3270891280126933,5.145565380527034,-1.1379146306420842,-0.10839202558142366,2.8695660267747773,2.204310461339696,2.879609050154434,0.31029020236109156,2.0609277614832933,-1.1266046901513986,-1.0837578014036293,-0.5369616559218789,-0.9803166089271338,-0.47575788167955024,-0.09875017573505916,4.651862248684517,-1.254110733306739,-0.5200520130190304,2.885339497471586,-1.4589357828497436,-1.175421755778032,0.08253960373832063,0.898363069433012,0.7240085242187437,0.37380545713849095,0.5562378498845588,0.5937040908089114,0.4672408589610412
-0.8568630130082242,-0.28670687404298617,-0.17679398875546468,-0.22606700806033575,-0.5092533789933814,-0.5092322134062914,0.019169469048220603,0.23497958755527928,0.33815844500356207,-0.7576050711403701,0.9554668044695377,-0.6614826183609235,-0.5724890330518725,-0.9351257964652533,-0.64966894445871,-0.8110786294305292,-0.3155639719018639,0.8874433744563983,-0.5372348981563568,-0.6370436203057845,0.24872612398160623,0.1393924761608927,-0.6471973041852087,0.3778705462171878,1.1456890753746456,-0.13289396360101507,-0.0832312623004537,-0.6843062903431953,0.22366127131739977,-0.2704475469638478
-0.8509302127453041,-0.4471797798658588,-0.7475986959005536,-0.8482169717662543,-0.1922606696929933,-0.43424407909495233,-0.4500101912949273,-0.7873127985413652,-0.9788515540232966,-0.5284237087915461,-1.3215046635933874,-0.336253583488273,-0.23645579493806582,-0.7049130842304532,-0.39991691584847944,-0.7891551936183002,-0.8817755403086979,-0.433824122988085,-0.13709193985700854,-0.5917639609040348,-0.19830642882423466,-0.7176820975114775,-0.3356274128160045,-0.8020287979306984,-1.7004057094163858,-0.5988505834614626,-0.8625991417647594,-0.7971061782990442,-0.6498576329115406,-0.5808340277893874
-0.6978639659619655,0.31916021936989986,-0.4742162259750408,-0.6977918551933472,-0.5575804328660502,-0.8703196553311721,-0.707650052323296,-0.45428621826926635,-0.4781352924124458,-0.049209973872357926,-0.3467522977233959,-0.5515878759838634,-0.5662609528172443,-0.5911235070628097,-0.5929713481476181,-0.6734282045766975,-0.7881868513158327,0.03093628259546769,-0.554142347098583,-0.5524602971593688,-0.36086372075363166,-0.32620749494220536,-0.6100565224325885,-0.5313879020899357,-1.2906566547966654,-0.15577859977424316,-0.7319643547510367,-0.8470131264691262,-0.5536404484484984,-1.028476037029523
1.5601598141054225,0.18324949300971158,0.3621440501160984,1.7350051338048942,-1.5253501642314482,-1.3088044888946637,-0.2652381697493294,-0.24368762197578084,1.335383268547861,1.5271982989113189,1.9774967458596133,-1.3466911877227536,-1.227286741356199,-0.18615186779805232,-1.0760489989601925,-0.17458018970171457,0.09466644818352925,0.695080306284354,-1.557881232635399,-0.5035031019686447,-0.37019978143876614,0.35713574622900873,-1.3889812508555992,-0.8732026054509269,0.053024929722057114,-0.5251112002366168,-0.7216023886422995,-1.000069588433597,-0.06862111922127588,-0.3721479676677785
-0.6195510024914205,0.6466559455390275,-0.8113320324476057,-0.31930285220345117,-0.24836919834176965,0.019599769929897825,-0.7039323054109098,-0.7444442842736243,0.3339507453261604,-0.12650251176254945,-0.3738673778010919,0.27321671747855664,-0.2545738465297116,0.1363347504630858,0.19514290337914872,0.22615146489886603,-0.04259696233934017,-0.8297831392254321,-0.19626801115479975,0.07134171104544561,-0.5574701751817535,0.044419347726927294,0.3473502960794037,-0.04518390675495146,-0.7960046429133993,-0.6217352196346907,-0.36904882746645506,-0.360420381810826,-0.32550284755185094,-0.3426788693850647
-0.6492150038060209,0.7498170992823026,0.8172224356362767,0.6151351991342408,0.5649996914134904,1.3356565849521904,0.8262923237272807,1.3581721011205359,2.244246398866716,-0.26131507785009295,1.3656692979526297,0.6801242770909142,0.3603075293617701,0.36292010936459423,0.6868753274603945,0.5219381480704158,0.5657295161142841,1.5010394386256214,0.4659404057490513,0.42139714895846436,2.2702578523333283,0.8042043751986505,0.8033565609310207,2.1921141655286864,1.04232895348859,1.5262421589580133,1.5395266443714266,1.1777830564313463,0.8239596800427955,0.3711459732565396
-0.6112450821233322,1.2934600047230544,1.734087978944745,-0.3827309543528568,0.9131182998183096,1.1323754979636214,0.9434013514674484,1.5041871278840193,1.1081674859681478,-0.3170376051662779,0.7816521885868716,1.3127615778020967,0.7758903377451469,0.4160881650717465,1.4092839533556154,0.6610261752725903,0.6265621639596459,0.31597060988689235,0.8660833640483997,0.6705501986614926,2.7480444873960814,1.1771476356344657,1.4491934880738082,1.817015380065173,0.41847678924775444,3.0957467898385653,0.9955234236627232,0.7869301715278973,0.3101962233816454,-0.050069942414857925
0.17069799252953627,0.7547295351748396,0.4124598421269289,1.2774909543665585,1.5233497427867573,0.6279372450660607,0.06973082705667404,0.9950065217344363,0.5948281253250914,1.050860565401998,0.47573846463337927,1.113762990254448,1.4145516563506637,0.581058207078985,0.9429859650027099,0.4223841854476705,0.013556251056378824,-0.3678309536151939,1.4860231585966857,0.4623097346108065,-0.42401942538836346,0.9408730234328934,1.104609568480052,0.3413102848492252,0.6067398683973555,0.28220790920781463,1.4359069832840545,1.0267890754881897,0.2082302134318174,0.6418132346575519
0.9182308256574682,0.20126175794901352,0.321332352151758,-0.6884336106139266,1.752698473029932,0.7017207507137634,-0.3875520431668378,0.5363695786952899,-0.9451899566040795,0.9322255072449595,-0.29877946373978037,1.3246420904915086,1.8222078171626956,1.1430495248807528,1.3456978640347645,1.5340102013038104,0.48149969602070525,-1.1836188558630623,1.7875393313997159,1.381463835867643,-1.0984125148792392,0.28532679546186446,1.430623097197498,0.16753034120410384,1.3007292582037282,0.006320906452788491,0.7870505340940818,1.3486379657279028,0.26208763115012423,0.8660346346347222
2.3195582477591943,-1.3232308473682755,0.014406020885691442,2.958508962151353,-1.308287973108443,-0.6336101229267047,0.05188564187721981,0.37163467670571887,2.2232079004797054,-0.1570600267423929,2.8674275791788637,-1.175017779360752,-1.1253727011531909,-0.23832612807142597,-0.9829660293155026,-0.19039381553348642,1.2005727897825524,2.013539583755522,-1.361473034089874,-0.4750021996040917,0.32725886974479457,-1.2828880325819054,-1.1816118860701352,-0.8259591508260921,1.4151636788632904,-0.2714731493166735,-0.6806479511649096,-0.6193763322647723,-0.3115846384785807,0.6754464446541277
0.6287101728269674,-0.49794161742207393,-0.16337644421924316,2.0746747518727497,-1.1129320010977384,-1.3910203951878184,-0.5515046820030725,-0.5168106015243992,-0.23829641080052594,1.568540819178165,0.3088764333860199,-1.173829728091811,-0.9727847354047985,-0.6060304385694879,-0.9464040279560135,-0.584656259566524,-1.012799704898709,0.09692945196836068,-1.117723978506116,-0.5400486138715797,-0.9029044205317218,0.03515367666019916,-1.1651048719578596,-1.2528595533707054,-0.08355808848451567,-0.8416820006329373,-1.0296858452681468,-0.9516649412543492,-0.8500377877566626,-0.7208122446322777
0.20629479410705662,-1.0121099075076043,-1.0147755514780639,-0.11827389457145494,-0.7455644814046527,-1.0853458717901918,-0.4065125524200079,-1.242018567783033,-1.3710091639571726,-0.9795964299645253,-1.40771671307119,-0.7066285665806885,-0.6633623855662214,-0.31932045592437736,-0.6016261214162894,-0.19183141788182936,-0.2812481192711461,-0.745536540025997,-0.6950377549504663,-0.3279007680451081,-0.8573224771866539,-0.5485836005436855,-0.6224367830167953,-1.1559511203161448,-0.5265300394247544,-1.1928340290243578,-0.9892124990743769,-0.939952086071575,-0.7963316549195871,-0.8466965449051744
0.1908695134234646,-0.05418490846290583,-0.7777881711070519,0.17876372041237368,-1.263646880971825,-1.1479865622992622,0.14594463876059247,-0.9799403146178066,-0.5160045895090647,0.26175767856957605,-0.7611263419876722,-1.1375941643891048,-1.0463893199958598,-0.4042899655124432,-0.9165538915803917,-0.39920555663029117,-0.5604543747665277,-0.03786510675073678,-1.2521381975968127,-0.5069507917708084,-0.2559703330559461,-0.022756767506852894,-1.1073303225648947,-0.8566317856880451,-0.862450435554435,-0.9976789372137748,-0.8033879068576896,-0.9910048570312763,-0.2692248717338452,-0.31513166881644095
0.862462503186019,-0.8876615315633356,-0.27798463713280164,0.5752760092589311,-0.2700754174540702,-0.26318680885864526,-0.10500327782548101,-0.33073504177708823,0.6579436204861219,-0.7633570739601054,-0.14026053405478864,-0.2890285455478606,-0.3295939039013703,-0.5210609289814222,-0.3635315425148817,-0.48797750164046466,1.4626211189625755,-0.07718018637714046,-0.2751694395518542,-0.40237086777184355,0.1355950356793913,-0.9493238741796858,-0.3149936451756599,0.1281212283009754,0.030876332175045585,-0.17039933955158323,0.05468157233726287,-0.3489621539146337,-0.054400340385543165,-0.32778416210086714
0.4258084038351002,0.17669957848632917,0.7792060594503158,-0.5688560409879977,1.924710020712314,1.4425673788498823,0.4612095769309488,1.0848619228196568,-0.4655121933802397,-0.7128472991993058,0.3366867719272463,1.7196691374144542,2.006219278640349,1.7413143760154373,1.9903901585378347,2.1464288016978816,0.33487741659854947,-0.5110501722542347,1.9199810147804868,2.243386286408562,-0.29496211591738936,0.9547715300329855,1.9155166367455971,2.0188090304727595,1.4446951422593062,0.4118875141894397,2.2537621654379554,2.0997884611449544,1.9035285925086283,1.1302955703221007
-0.8829673341650726,1.876402397304102,-0.2528267411273864,-0.6600122752245753,1.7404119339097626,0.6264314592365154,-0.32509389503874847,0.0889645607917959,-0.41501979725141414,-0.051007474753524976,-0.2966936883491882,1.6424458049332762,1.8788267283865892,0.44689582351888135,1.7466434828079067,0.4213059836864134,-0.7398326953361858,-0.9407078281713567,1.7988109640278673,0.682961881949282,-0.031904876612723475,1.9392490808728704,1.6864818159377715,0.6679785942149178,-1.3497195815886966,0.1506212512117538,0.825291123304898,0.8877625770143899,0.06965326222403953,-0.10772687383755891
-0.43207451418314546,-0.8892990101941816,-0.34451329545823317,-0.9799255991803207,-0.256969775725889,-0.6304479726846602,-0.49685380239099425,0.45587411522311316,-0.04053452596262658,-0.8442446136126315,0.809462527128098,-0.3359565706710375,-0.3830987750079494,-0.7377083335451452,-0.44619345863198756,-0.7963432053600147,0.42534648262498626,0.770902245563846,-0.2948947966511179,-0.5890058090623038,-0.11153598245651619,-0.8636164168124485,-0.3707048178045904,-0.40318958300746915,0.566134106227834,0.16015651628393213,-0.528179021279205,-0.44393813180973885,-0.4625669499473169,-0.8156258651940523
1.9339262306693885,-1.1201834971434166,1.5730774445100872,-0.04687395444698754,0.43394327413167594,1.8762336977588303,0.2351705646578633,2.0751433222796916,0.2876660488747377,-0.9127293971851037,0.7955573578574852,0.5256776121285592,0.138927586476347,0.25658399795028985,0.17271114409095964,0.11509668348937782,2.7385469122319708,1.0812105526150995,0.34195244683939424,0.10604845505389325,0.8566684285959387,-1.1994969929813506,0.36592068695571384,1.6930903382854552,2.6111879464019334,2.1803613429094466,1.4704468703131786,1.2483148148145744,0.9740342822241447,1.7517091645445426
4.869475800762251,-0.5699906771792816,-0.6212501515178013,4.7920316964155925,-1.548694588559771,-1.7271117923422528,1.1370959656027733,-0.8269989340206708,0.10673496274644606,2.8034239245400645,0.8025099424927911,-1.5073751218470495,-1.2289853086929157,-0.3208111490750452,-1.1357492717114355,-0.2514919153380593,0.35983440032998004,1.540354518252025,-1.558163023451103,-0.5168341692036776,-0.1483310451567515,-0.1941716822413266,-1.5154662464909119,-1.3005778165847348,1.2896549594302225,-1.1107671809698094,-1.0916726068114855,-1.2358289930799187,-0.9763304066084671,-1.8550522122310757
-0.3205378692402477,0.715430048034544,-0.07839866215650705,-0.7480490946013459,0.43803878717173245,0.4999454495547392,-0.23438087037652328,0.33232293873093477,0.9693133966138784,-0.5329174609944641,0.4618332953627656,0.5494386375073833,0.3000083889083235,-0.30987939930348113,0.36187975982049064,-0.21375485369405842,1.6872339725454515,0.05761437234195701,0.4574866812779385,-0.18631564016958652,1.2377993765655373,0.18803724926121662,0.6733638247968489,0.5872611340518833,0.44800825264377014,1.2433626284833899,0.32322919398870215,0.40957253281329725,-0.25500409289811243,-0.4717663325147782
-0.720408606961062,1.6340555599389468,-0.036468835480814886,0.16212684116007048,1.4045798646251133,1.0917192805659075,-0.11727184263635572,0.7984478318605167,1.9370843224163623,-0.38893764041296786,0.42707037218623234,1.5563120879350407,1.3664255818103543,0.7221771586755384,1.4852340044888537,0.8241940418095084,0.5407725323828527,-0.05892675655059631,1.418393362827782,0.6746874264240892,0.7325537394876824,1.658962531104339,1.5317285586351865,1.431470805639385,0.3261909661352047,0.8371603364085931,1.278010356865202,1.224889104449026,0.23031780609157246,0.21579257470092925
0.37478632157398745,-1.1349208048210273,-0.9025713352939115,0.5205129483867665,-0.8237887804697355,-1.5598189866798082,-0.793530005999419,-1.196716469735901,-0.26354260886493813,0.11256510543269452,-0.14373682637244256,-0.8919645645355138,-0.7324374572593711,-0.6472729490712975,-0.7508768032943973,-0.6083766983141818,-0.23913320922435707,-0.6191666412268437,-0.7880287241327092,-0.5333830802540632,-1.0984125148792392,-1.2226611706481714,-0.8452814735325176,-1.2770510509901563,0.5181454782093073,-1.1374023547380945,-1.0733294596642329,-1.1509617184621208,-0.9313382829303087,-1.3212451221425707
-0.8141468511151996,0.8120412872544366,-0.3473086172366127,-0.14912144151843382,1.5602093601472677,1.8687047686111056,-0.6559733702411268,0.000981147229184211,0.8010054095177941,-0.3601776263142919,0.17051999914341737,2.358246694470343,1.7118009402761036,1.489387233552576,2.6757068989958928,1.2630221586411756,-0.22353509439221286,-1.2173174955428372,1.60155739303523,1.6572790200407368,-0.42347024534806166,0.6281566249308119,2.2745441936875945,1.2500939245671545,-0.8550675697054309,0.39790245875024494,0.7327735687626014,1.1826209748764052,0.0496836579015215,0.5809531403780344
-0.25290394624295853,0.5369448772723695,-0.2623308351738766,-0.4943366860037233,-0.2729422765821102,-0.8817636276357137,-0.6712161325819106,-0.72853239033145,-0.764258870475789,0.5781178336550116,-0.6978578218063821,-0.4295156081001563,-0.30921109586076856,-0.41720930615156415,-0.4626198650398739,-0.5199641538910941,-0.4278703986933019,-0.7946803895590016,-0.2329008171962891,-0.44397299138461854,-0.9490355439170909,0.49380439446325153,-0.43260612072562454,-0.7251098064812184,0.005036301703531456,-0.5448174147191188,-0.6791676702922329,-0.6186124504050261,-0.4332176829884643,-0.8302002561925684
-0.13306138093197253,-0.265419651841993,-0.782819750308135,0.22416853670511733,1.1875176735021085,0.22137507108892185,-0.7753130461287263,-0.8200725801870183,-0.33086580370337254,-0.6999052928549017,-0.460774685742425,0.6415126108503252,1.2645115416073465,-0.25074857099365777,0.6232892381395437,-0.2820409652403458,-0.5370572025183113,-1.7775573802190845,1.3197665773314635,-0.08173571617062156,-1.454830361035248,0.1254939695608005,0.755898895358228,-0.2512508344652866,-0.9731934232894947,-0.8671093741587462,-0.10235155690586177,0.2519582424190076,-0.18268991966959955,0.4880614175303499
1.04281963117879,-1.2544567448727584,-0.5994466416464413,0.38464510115962447,-0.7234487109883468,-0.47881533964948314,-0.6529991727112179,-1.1091074536778112,-1.2018596369256083,0.09099509485868752,-1.2325115802614621,-0.674254169502041,-0.645527428530695,0.4220509376744178,-0.6171693876947195,0.5575188061919021,0.29588212951818893,-0.2091665251229235,-0.6724944896941649,-0.05668250360823225,-0.9325601427080307,-1.2550910193817206,-0.6162466527246917,-0.98079423176236,1.0607861181111,-1.0641715189837646,-0.8147367268815447,-0.5322938002537108,-0.5182397862403979,1.1014671046107505
-0.8544898929030561,0.09646312557489316,0.4829019509420915,0.893109723308139,-0.8647439108703024,-0.2422563858279703,-0.08455566980735651,-0.0959878064419497,0.4475586366160176,0.6572078724263705,0.07040278039500195,-0.9198837693556315,-0.8201967696564059,-0.8460320358270067,-0.8400739563694797,-0.9203364079045889,-0.97068479485192,0.20504592094096882,-0.8922913259431026,-0.6942752710217015,-0.05936387862782431,-0.42118062337617074,-0.9649573258465166,-0.2925591817251926,-0.718484551498858,-0.008935517662696912,-0.44244608740334357,-0.5259281180891594,0.3552791179885425,0.300676390406572
-0.40241051286854496,0.21927402288831602,0.19777912954738514,-0.9494246538844315,0.6182413609342273,1.079672993929548,0.02065656781317515,0.9968785092570454,0.5232972308092553,-0.9556896682450009,0.5661220648923653,0.7514073532273848,0.4299487901671589,-0.34019016003372693,0.6674462446123567,-0.26155513177645945,2.119301753395846,0.35528568951329603,0.5645671912453695,-0.12103937991528749,2.1659136446759453,-0.36095376144243707,0.8074833144590896,1.203562682826111,0.6805685268873953,2.0850086921876634,0.5785776445254404,0.7380417325041437,-0.17028455940864126,-0.4028983310932189
-0.23747866555936648,-1.439491830158316,-0.11194252349706076,-0.3719863031690775,-0.13574258974021047,-0.35835247328588665,-0.31356887961035096,0.3098590884596298,0.2287582533911077,-1.2929008335519767,0.6426004958807385,-0.18715314923615395,-0.2661807233306098,-0.42565656733868174,-0.3471051361069951,-0.5386529844195516,0.2397289161224699,0.05761437234195701,-0.1596352051133099,-0.44282376145056396,-0.11483106269832855,-1.2828880325819054,-0.271662733130936,-0.07699608223097111,0.5476769416053241,0.11057313790860465,-0.12208863520821824,-0.10248294050320794,-0.2065929309041289,-0.5161301380816898
-0.24578458592745428,0.33717248430920177,-0.3909156369793325,-0.11688748796709647,-0.6558727458274112,-0.20626810450184577,-0.5366336943535274,-0.10328855778012389,0.11515036210125051,1.239598157924559,0.7955573578574852,-0.5607952733181577,-0.6579835889999516,0.13981303448131077,-0.5843165748789467,0.11365908114103489,-0.6758804245243947,0.5827515073517718,-0.6696765815371273,-0.22148207615165597,-0.3454866796251751,-0.4350791299762638,-0.577042494208037,-0.6519892837452931,-0.7960046429133993,-0.4259444434859623,-0.44010230935493877,-0.10528384065561047,-0.45076672921128336,0.25262894755432136
0.17900391289762446,-0.47337943795938897,-0.6363448891210505,-0.8277674743519651,1.6052600035878912,0.41863301475931125,-0.8076574442664868,-0.31837992412787053,-1.1261210427323705,-0.9546111677163005,-1.0885930783106155,1.2711797833891547,1.751434178132829,0.4970824929246979,1.366893227141715,0.6674953858401335,0.2241308012903257,-1.6371463815533582,1.7001841785315486,0.7942073395657631,-1.3471910731360526,0.0513686010269738,1.3955456922089118,-0.06322663314433576,0.422168222172256,-0.6274563786779975,0.3330977331398805,0.7314214230530102,-0.17603338489542678,0.1421198289941448
0.7058365762449288,-0.5044915319454564,-0.622927344584829,0.337853878262522,-1.0969595002415173,-0.887636192370939,-0.00016281489618801201,-0.3299862467680448,0.354989243713171,-0.0006774500808419953,0.7121263422338051,-1.0532425242942802,-0.9688214116191258,-0.6095087225877127,-0.896418296628789,-0.5753118443022953,0.2241308012903257,0.9071009142696002,-1.1120881621920407,-0.5802716615634892,0.2256605622889221,-0.44202838327630944,-1.0578092802280674,-0.9885336117662273,0.3557224295312204,-0.6891177594780842,-0.8735778915704452,-0.7482177392752902,-0.7181173713230574,-0.6340065312125448
-0.19238938356117355,-0.8336247367454298,-0.3417179736798538,-0.5643502195238322,-0.8696585265183707,-0.7101040430675886,-0.67679275295049,-0.5963700712352713,-0.9536053559588838,-0.3350126139779504,-1.1115366076071271,-0.8218695396679836,-0.8000970561719238,-0.788391900667851,-0.7701292581165438,-0.8718173286480164,0.4534230893228453,-0.022419896897507046,-0.8697480606868017,-0.6577297591187665,-0.6036012985671225,-1.044297002613651,-0.8679786179368967,-0.5632000775659551,0.6990256915099052,-0.34457684820337403,-0.6542496089355078,-0.707732000708744,-0.455002705885757,-0.7403515380588597
-0.5839542009138998,-0.22284520744000674,-0.1739986669770851,1.3502773010953848,0.4994714827725829,0.5616826685660824,-0.6741903301118196,-0.34458774944439313,0.7505130133889685,-0.36197512719545893,-0.2904363621774127,0.6355723545056197,0.4596737185597029,1.0739807422331438,0.6003275947736809,1.2242068952359173,-0.4075928494115141,-1.222933935489466,0.5476597423031438,0.8953395737625643,-1.0978633348389375,0.04905218326029136,0.7166947368415728,0.04265568224599763,-0.05771805801300257,-0.3045287349002251,0.11339938028677371,0.45438693525173823,0.0826637620099228,1.0422085917596409
-0.48309659644425823,1.2361482526434568,0.07478497129868818,0.2969548834339435,-0.37737785910355587,0.8568166911568941,-0.0596467654943684,0.4408982150422432,2.2274156001571073,-0.07077998444636492,1.1362340049875097,0.13065056520561408,-0.4425486317930374,0.029501741331892192,0.00915359211566018,0.0672964054069766,0.7357489677846554,0.46059393851259073,-0.4076111229326246,-0.08817140380132711,1.056569963265872,1.019631227500084,0.16370976408033613,0.6100519463332105,0.3372652649087105,0.9770108908005419,0.2997914135046537,0.5142243475985204,-0.07679050280776058,0.2109878304157041
-0.2790082673998071,-0.08529700244897316,0.3867428817658376,2.656965525703359,-0.6358047319311335,0.4050809422934069,0.5411411355472536,0.854607457538779,1.928668923061558,0.9394155107696285,1.5047209906587617,-0.5720817603730989,-0.6978999214127963,0.07919151302081953,-0.6270605571446296,0.011948714995775437,-0.39199473457936984,1.39432707963967,-0.7063093875786172,-0.28606879844552213,0.48542272135177567,-0.2914612284419745,-0.6059297689045196,0.21216234858837005,0.5292197769828141,0.22499631877474466,0.1665661349637467,0.18091722946261526,0.5247181849674849,1.0934591974687085
-0.19476250366634149,2.197348208949847,0.7439850050427346,0.7534292579190105,-0.44044875992042865,0.46982973296384,0.710298620060829,0.6112490795996404,1.9497074214485683,1.0634430715701684,0.5244065570805262,-0.16933238020203586,-0.5036970559148423,-0.11211410798155065,-0.20174027079849474,-0.0053025131843393416,0.47370063860463313,0.9478201038826606,-0.5034200002719051,-0.13460029313713137,2.01214323339138,1.7191893930380728,-0.1334164899406268,0.8004501906001331,0.47753971603978584,1.38702728890421,0.2467480155670704,-0.07421931169260024,0.16223960953753305,0.26063685469636305
2.0371569552441975,-0.14260875452857016,-0.38029341422149054,1.3918694992261427,-1.3471953469889817,-1.3410283056469259,0.320306968951509,-0.8723010320678027,-0.9199437585396673,1.189268133251876,-0.24037775280320503,-1.32293016234393,-1.107820838673784,-0.3709978184808618,-1.0373674612900083,-0.37907912375349073,-0.7429523183026147,0.4409363986993889,-1.3507649830931308,-0.515684939269623,-0.5453882142951092,0.5795118518304888,-1.3312067014626339,-0.9210633112417145,-0.449009948010213,-1.0770123426142983,-0.5987390762101298,-0.9093968116817288,0.23273836419127175,0.1981751789884372
0.5088676075159815,-0.013247942691764878,-0.03926415725919444,1.0251649523732946,0.339746474210372,0.4954280920661044,-0.602066040011526,0.017829034932663024,-0.2719580082197426,-0.6759985311353771,-0.2681880913444314,0.0029350537944363955,0.20630409083278026,-0.39385511345776825,-0.09223089474591846,-0.3373886556515469,-0.5542151288336699,-0.23163228490943877,0.35040617131050705,-0.24952328654258718,-0.8556749370657485,0.7694581086984196,0.027526897654061383,0.05072742826230124,-0.3567241248976633,-0.3350415831311957,0.29239000914126995,0.6695469924135716,0.39461318710865423,0.9685358460528567
-0.8983926148486648,-0.3915055064171071,-0.9479673609747943,-1.275230205908701,-0.169735347972681,-0.360309994864295,-0.8318227991969975,-0.4320095667502222,-0.5160045895090647,-0.48744068870093277,0.2532557563035671,-0.34516396800533183,-0.2384374568309019,-0.6477698467881867,-0.3472817641328864,-0.5882502654373812,-0.6134879651958174,-0.24426927478935506,-0.12018449091478292,-0.45178775493618956,-0.7831831717458823,-0.4165477878428067,-0.2757894866590048,-0.4734612542082286,-0.30135263103013343,-0.7488720872637349,-0.5306461560669996,-0.4312067674806362,-0.4625669499473169,-0.37631207938164024
-1.2912626482592335,-1.6376267444906378,-0.7146138989156758,-0.912684878868929,0.256607559497221,-0.16862345876322202,-0.7827485399534988,-0.7553018119047552,-0.4192274969288164,-1.5361027027739051,-0.9759612072186471,0.1870830004803207,0.19866053781755455,-0.6671488577468685,0.08757643561137626,-0.6949922398018409,-0.9223306388722727,-1.033379087290736,0.3222270897401305,-0.4664978980920879,-0.5009046310306456,-1.5122133914834317,0.22354769023733545,0.10580522460884241,-1.678257111869374,-0.2148972432217488,-0.36485469832720424,-0.43197064934038243,-0.4192994739151941,-0.6742062250655945
-0.47597723612875403,0.825141116301202,-0.32718230043228036,1.7246070842722052,1.4660125602259637,0.4803702337706548,-0.7266105615764661,-0.07371115492290524,0.8683286043562273,0.28332768914358303,0.5105013878099125,0.9622864534644465,1.5164656965536718,0.02403586644611013,0.95005108603836,0.21788525139589432,-0.9644455489190621,-1.222933935489466,1.5395634135804017,0.3650848821897909,-1.2604206267683342,1.2883356884352057,1.061278656435329,0.5877359426410775,-0.55606150282077,-0.43166560252926933,0.9498814300885239,1.071858105213213,0.5083794177945155,0.5457183489530506
-0.6848118053835415,1.5308944061956724,-0.5737296812853502,-0.3647076684961951,-0.15785836015651689,0.055738629838976796,-0.5228780307776982,-0.3283014579976968,-0.23829641080052594,0.130540114244367,-0.06795365384759963,0.03560646369031891,-0.2055984883210437,-0.0032935079827997385,0.04129989282786813,0.1787105874035507,-0.4060330379282998,-0.5489611418939806,-0.14554566432812185,0.06536571538836194,-0.5431914941339012,1.2837028529018415,0.1430759964399912,0.2040906025720667,-0.755398880743878,-0.3693685373910376,-0.027720729575075938,-0.09280710361309003,-0.175428245370502,-0.2661232771071454
2.8974129933676114,0.658118295954947,3.23293951651182,-1.3119699809242038,1.6585016731086286,0.9336117684636868,3.375179606859311,2.679795292082321,-1.197651937248206,4.225247121543357,0.10725147896212733,1.3157317059744493,1.3239613983924345,4.075739849961241,0.7928521429951456,1.9721195169613064,0.4128679907592705,2.159567022367877,1.4212112709848201,1.7446204950288835,1.012635560041711,1.2420073331015642,0.9622365717616745,0.42725063949339726,2.153450263763687,0.8765727653735967,1.455644061586411,1.6109040709074156,1.7135147816822434,4.695415829959102
-0.12119578040613242,-0.8123375145444361,-0.7492758889675812,0.14306375035013968,-0.4474111320885251,-1.1832219507106143,-0.9597132929830855,-1.0750372807663315,-1.0672132472487406,-0.5999642438620024,-1.174805127788417,-0.550399824714922,-0.43603745700228963,-0.3769605910835331,-0.5233799059464648,-0.40028375839154845,-1.164101418770508,-1.0081051075309044,-0.3963394903044737,-0.3920277983653525,-1.2966665094282672,-0.4095985345427602,-0.511014437758934,-1.135866716993225,-1.3091138194191754,-0.9939283996187178,-0.9187264581870859,-0.7685879222018543,-0.8134571034749588,-0.9544829750370568
-0.6705730847525332,-0.23430755785592627,-0.30761504798362405,-0.5064677437918611,-0.6816744779797681,-0.9206129020379736,-0.25668735185084096,-0.7549274144002335,-0.32665810402597034,-0.1390850179307204,-0.3467522977233959,-0.6356425032614524,-0.6325050789491996,-0.31932045592437736,-0.5671836563674952,-0.22633387424205872,-0.2063771680768544,-0.3411528638687056,-0.6555870407519387,-0.3501958287657666,-0.14558514495524097,-0.5045716629767256,-0.5873593780282095,-0.6125801708421644,0.12316215528759532,-0.5073120387685507,-0.7397358293325896,-0.8187494976585185,-0.3472878704491436,-0.9905185571762449
-0.4380073144460657,0.48290808245446365,2.5218096560920817,-0.0548457924220493,1.109702925741031,1.2784367234294822,2.8026465823518243,1.8299129568179437,-0.48234299208984804,0.44510276844863544,-0.20631008809020218,1.0751513240138588,0.9205516559221945,1.4575857796716625,0.9783115701809604,1.8765189607965038,-0.9519670570533468,1.5543956181185983,0.9787996903299069,1.484894529932553,2.116487441048763,0.9014939213992975,1.0881025543677767,1.15180854660393,-0.43424421631220467,1.437246351617682,1.5432273465531188,1.315536418472236,1.017906897781192,1.8462024688206358
-0.17577754282499755,-0.7059014035394698,0.07702122872139167,-0.09435838064626935,-0.7500695457487151,-0.8975743788459358,-0.13028395682970764,-0.48124283859483274,-0.7474280717661806,-0.2846825893052674,-0.509442778189572,-0.7339537457663359,-0.7140363111116058,-0.19509602670205914,-0.6947090910609792,-0.2838379681757744,-1.097029524992288,-0.026632226857479145,-0.7513959180912193,-0.39915302395649077,-0.4108391044211148,-0.2960940639753385,-0.7462393888588632,-0.718462486232498,-1.4863025997952706,-0.4672639254654017,-0.6791676702922329,-0.8533788086336774,-0.3043229641794832,-0.6046975910726718
3.6437592664429594,1.8436528246871888,6.164113933320538,0.362462595489887,0.10097806397506666,0.9411406976114116,2.9587919526720476,2.595555853564927,0.8893671027432378,1.6044908368015098,0.809462527128098,-0.02973635610144612,-0.12859676905654896,-0.37546989793286517,-0.21322109248142612,-0.4340674135776064,3.5168928423559653,1.7973066458103037,0.026346733251176015,-0.19711840154969934,3.33566713051924,0.8528491482989744,-0.11484609906431664,2.7295974884966565,2.105461635745162,4.324524615473279,1.3520244004990392,0.4492943895200974,2.551633023703083,0.8131824474972463
0.2110410343173929,-0.8188874290678185,-0.7464805671892017,-0.5168657933245505,-0.5780579980663336,-0.8414085674039089,-0.1313992809034235,-0.6004884437850109,-0.764258870475789,0.5277878089823286,0.6008849880688986,-0.7502894507142771,-0.5781509241742618,-0.22739437829986184,-0.6851711776628516,-0.14618754332194264,-1.0673931068112137,0.5237788879121683,-0.5485065307845078,-0.3644462799480431,-0.5547242749802429,-0.3702194325091652,-0.7152887373983461,-1.0641231391659631,0.31880810028620055,-1.0096298027709047,-0.7845143257310611,-0.4869701432421056,-0.634124005263496,0.5777499775212178
0.5136138477263177,2.110561841515028,-0.053799830506767704,1.017886317700412,-0.6976469788359893,-0.6979071778482746,-0.6072708856888666,-0.3165079366052617,0.354989243713171,2.172501115250361,-0.15903251257011702,-0.634454451992511,-0.6800649643772698,-0.35658778469107294,-0.6275904412223036,-0.3352322521290326,-0.04259696233934017,-0.13474869583008825,-0.7034914794215791,-0.39455610422027254,-0.6403963612673578,2.2820789103418186,-0.6554508112413469,0.08728768963026384,-0.05402662508849996,-0.31342831563425805,-0.20843835278102837,-0.7222457560439209,0.31715532791828055,-0.3791949259527754
-0.6895580455938776,-1.4001923430180203,-0.24667703321495163,-0.919616911890722,-0.2504169548617979,-0.34585445090066336,-0.4269601604381324,-0.31632073785300063,-0.6548586788633346,-1.2341225547378074,-0.8501194253195974,-0.32110592980927266,-0.32138416177390583,-0.6338567107152872,-0.45820416439259265,-0.8031718165146434,-0.273449061855074,-0.9378996081980423,-0.2385366335103648,-0.5754448958404601,-0.5854783572371561,-1.324583552382183,-0.42435261366948646,0.06022360004618766,-0.7258674173478612,0.10230924151271698,-0.4653904409298331,-0.5065764443089235,-0.12066311836480816,-0.4988330586548795
-0.206628104192182,0.17342462122463798,-0.26121270646252487,0.12261425293585043,-0.7250869162043693,-0.7236561155334932,-0.15705173459888883,-0.47600127353152816,-0.3056196056389598,0.400165246419454,-0.7228871264934861,-0.6228709521203345,-0.6953520704077212,-0.3287615125452736,-0.6404842871123648,-0.4326298112292635,0.19293457162603728,0.007066412822295706,-0.7203989283638051,-0.45960251848776057,-0.056068798386012725,-0.09224930050731553,-0.6657676950615189,-0.08506782824727446,0.8023858133959607,-0.37318264341990887,-0.4150608912588238,-0.8722212278407492,0.36919732706181285,-0.44582071337456297
0.8138135410300742,-0.11640909643503992,1.2695054993780759,0.6854953343054394,-0.9175760290870341,-0.43213597893358957,1.4307979716812889,0.49144187815267937,0.05624256661762169,0.48824278959664946,0.8581306195752448,-0.9175076668177493,-0.8787973427731356,-0.316835967339931,-0.8349517436186334,-0.3125900151426322,-0.47778436615616304,0.8425118548833659,-0.9627390298690441,-0.4494892950680805,0.1729392784199284,0.2204670979947659,-0.9505136884982753,-0.09741285156632676,-0.5376043381982601,0.016491855863111974,-0.049554872447057835,-0.5058125624491773,1.244229080103065,0.9397073803415064
0.4044503228885879,0.8202286804086649,0.8798376434719771,0.3985091672032104,1.3021920386236958,0.8447704045205345,0.28015530229773705,0.6786406304135556,0.2876660488747377,1.282738179072573,0.4131652029156196,1.1256435029438598,1.2871591060969039,0.8076435659804937,1.2715140931604387,1.4818971161763808,0.149259850096034,-0.18248843537643517,1.3225844854885016,1.461909931251462,-0.03959339717695177,0.5864611051305345,1.3130106216475335,0.5568733843434467,0.47753971603978584,0.5968716565896993,0.8746338190607891,0.9906320007935386,0.6336432994539478,1.0822481274698499
-0.9434818968468576,-0.38331811326287935,-0.8930113348118539,-0.8059315703333173,-0.14188585930029576,-0.9585587049425066,-0.76341625600909,-0.7728984946172777,-0.6927279759599535,-0.6493955180941019,-0.5567203537096571,-0.21091417461497763,-0.1886128149538757,-0.6820557892535466,-0.27769032193173315,-0.6766628098604691,-0.8536989336108384,-0.5222830521474923,-0.07791586855921785,-0.5145357093355685,-0.6612652027988347,-0.5161537518101361,-0.1664305181651783,-0.9152706464535437,-0.7369417161213679,-0.746329349911154,-0.9165060368780708,-0.9452992590897978,-0.7001749844090374,-1.084050912595293
0.14578023142527163,-1.3461555482001144,0.678574475428655,0.14964918172084296,-0.7525268535727492,-0.7790690340607477,0.3801626942409279,-0.3949442138025688,-0.8442051643464289,-0.19660504612807198,-0.36621953470225466,-0.8399873215193367,-0.71715035122892,-0.4798184184796126,-0.7346270249124022,-0.2601175294281167,-1.7162746838284124,-0.06313908651056743,-0.7654854588764078,-0.4028305597454654,-0.5267160929248403,-1.0466134203803332,-0.8102040685439317,-0.5180932615924947,-2.3870122333737553,-0.5810514219933963,-0.3292046006435727,-0.6346539694596953,0.8133697383566117,0.8868551932040305
-0.3881717922375369,-1.7260505905563022,0.40966452034854933,1.0799280132454592,-0.06529976545123534,-0.19873917535412097,0.6567630645224667,-0.09542621018516702,0.3044968475843454,2.548178799414315,2.0122596690361467,-0.3825875829769794,-0.17304261436730503,0.6078906837910059,-0.4059222687287822,0.5007335134323582,-1.17190047618658,0.27384731028717524,-0.05255469514587891,0.10214107327810787,-0.6222734199373914,-1.4519865295496976,-0.345944296636177,-0.5603512260307891,0.5993570025483513,-0.737429769177121,0.154230461024774,0.4485305076603512,0.4648093719999302,2.714259603017965
-0.20425498408701365,-0.04763499393952342,-0.14716357790464227,-0.06420403700146984,-0.13000887148413107,0.20631721279347226,-0.005367660573528842,0.0814766107013609,0.4349355375838103,0.05684257811650999,0.22961696854352406,-0.2367542897144482,-0.23872055138702142,-0.2900034906279104,-0.32008104814563365,-0.3151058192522322,-0.09719036425184492,0.8158337651368786,-0.11736658275774481,-0.31824723659904985,0.3541686917195936,-0.17564034010787036,-0.24483883519848812,-0.3818231964937247,-0.36779842367116905,0.02666280527343546,-0.4273965651977967,-0.2725739679400182,-0.3451698821119068,0.3102858789770223
0.7722839391896336,-0.21302033565493256,-0.702873547446482,1.4057335652697285,-1.2632373296678192,-1.3506653349560134,-0.2908906234447947,-0.9054352112179779,0.2792506495199332,0.1700851336300465,-0.8862728654231915,-1.0778945881248099,-1.044690752659143,-0.2944755700799138,-0.8882934074377915,-0.23424068715794455,0.22725042425675507,0.21066236088759763,-1.2563650598323692,-0.44397299138461854,-0.2806834348695372,-0.3099925705754307,-1.0619360337561363,-0.9962729917700949,-0.49330714310423607,-0.8067193620349501,-0.9092279892540769,-1.0889345114507332,-0.6643809815097358,-1.2249900782952283
0.1434071113201037,-1.3084935396906647,-0.5636665228831841,-0.759833550738394,0.12145562917535015,0.1566262804184887,-0.3637584629275657,-0.4651437459003974,-0.42764289628362084,-1.4726509216687014,-0.49414709199189744,0.20193364134208555,0.03786282994169761,-0.1642883682549243,-0.004093509826183726,-0.22992788011291596,0.30836062138390463,-0.49139263244103276,0.17851377373120966,-0.2582574340414019,-0.10933926229530823,-1.0883089401806105,0.20085054583295645,-0.27926454122775146,-1.0802449781000518,-0.327413371073453,-0.5232447517036158,-0.3375039260184414,-0.4150634972407205,-0.14616482811935927
-0.975519018266626,-0.8287123008528927,-0.2511495480603586,-0.7650325755047388,-0.06038514980316711,0.35539000991842334,-0.23475264506776194,0.4745939904492008,0.37602774210018153,-1.0728867256971053,0.3366867719272463,0.08609864262031951,-0.20163516453537123,-0.4524890440507025,-0.1249070795358001,-0.4603036564348641,-0.5027413498875936,0.42689529883281585,-0.09200540934440588,-0.3894994925104324,1.0510781628628518,-0.8450850746789922,0.056414172350544016,0.01891525278628159,-0.5597529357452727,0.6470907193031719,-0.130846963704889,0.05487672260449976,-0.4441101944371106,-0.38063634923834266
0.15764583195111176,1.1067874408066516,1.4573511228851768,0.8328010360185399,2.7438126287236533,2.3882008798041157,0.5329620923400037,1.9796719586266447,0.901990201775444,0.615865352159524,1.268333113058336,2.0671741335797513,2.914952803783837,0.8941037687192269,1.9479994323239342,0.5287667592250442,0.44718384338998746,-0.04628976667068098,2.5821894316843372,0.9852093546056307,0.20643926087835138,1.6751774554711139,1.820601305600012,2.4466115693368424,1.4262379776367964,1.0443934306439355,3.2541853218886545,2.8891330495493137,1.7340895255296862,2.0928460087955227
-0.7761769294325109,-0.13605884000518775,0.5404855795767088,-0.8184092297725445,0.6919605956552478,0.8809092644296133,0.11880508630017292,1.451771477250974,0.18247355693968495,-0.5393884641666663,0.7468892654103383,0.579139919230913,0.42400380448865005,-0.2005619015878412,0.26120178506247693,-0.42939520594549196,-0.22041547142578352,0.5925802772583728,0.5955641809727836,-0.2805524947620603,1.2323075761625177,-0.15479258020773165,0.4649627716293683,1.0858101527059199,0.2302137100981524,1.38702728890421,1.3113166765004287,1.0690572050608105,0.19521971364593435,0.08125973471462723
1.93748591082714,-1.0546843519095908,1.205772162831024,3.617052099221685,-1.052727959408905,-1.1136546453856373,1.1140459347459786,-0.20699666653264906,0.16143505855267443,2.3216936883872417,0.20597818078348196,-1.0844288701039864,-0.9447583743489711,-0.2353447417700902,-0.9290944814186707,-0.24717910829303053,-0.7445121297858289,1.0432995829753544,-1.0895448969357393,-0.481897579208419,0.055963929835598586,-1.0952581934806567,-1.1176472063850669,-0.9605199050037624,-0.6668044905558298,-0.5645236292016207,-0.6499321230568672,-0.71715321031228,-0.18632075681914828,0.22059731898615412
-0.39054491234270483,-1.4738788814060737,-0.6995191613124265,-0.27493784086397605,-0.45150664512858213,-0.48875352612448,0.24260605848263586,-0.8369204678904972,-0.032119126607823296,-1.0275897034916908,-0.5567203537096571,-0.5726757860075693,-0.4538724140378161,-0.66615506231309,-0.5585288830988239,-0.65222356993864,-0.2126164140097114,0.01829929271555334,-0.40197530661854936,-0.5269473926233577,0.5919636491703667,-1.6836283062179058,-0.5460918427475199,-0.8549699556258651,-0.8513761367809293,-0.582958475007832,-0.8005507018517259,-0.6242142507098312,-0.7017483471738418,-0.5367905385081575
0.9004324248687078,-0.7402884547872284,-0.5295635971869544,0.9627766551771582,-0.4363532468803722,-0.46059533111198914,-0.4764061943728698,0.10955642354049235,1.0871289875811372,-0.21997255758324644,1.3865270518585493,-0.6157426445066875,-0.5068110960321563,-0.6467760513544082,-0.5848464589566205,-0.5357777797228659,0.38011194961176786,0.4914843582190502,-0.44706183713115205,-0.5012046421005356,-0.4657571084513165,-0.7223149330448416,-0.5625988568597956,-0.4036643915966634,0.47753971603978584,-0.4914199303149201,-0.36041385570917406,-0.40090612037737217,-0.19721326826779464,0.0043838261510262
-0.340709390134176,-0.8401746512688123,-0.927729231299327,0.7856632114703476,-0.7734139700770385,-0.7411232311562148,-0.2797373827076359,-0.8196981826824966,0.8809517033884345,-0.8194391014525236,-0.3544001408222341,-0.8236516165713955,-0.7151686893360838,-0.8832993645937021,-0.7194370146857545,-0.8484562904874445,-0.09407074128541555,0.1544979614213075,-0.7485780099341817,-0.6446285378705445,0.20698844091865318,-0.7894910482786218,-0.7813167938474491,-0.8341733394191538,-0.6631130576313282,-0.892536747684555,-0.7725487220102574,-0.6445844336363953,-0.6919148298938139,-0.8436535401911985
0.5598896897770942,0.530394962748987,0.29449726307931495,-0.5799472938228667,-0.20004214446910093,-0.03159694827463073,0.1623027251750923,0.854607457538779,0.11515036210125051,-0.53040095976083,0.30192384875071304,-0.2352692256282718,-0.35648788673271964,-0.6840433801211037,-0.43065019235355745,-0.7679505589802427,1.8978085227793984,1.4715531289058188,-0.2864410721800051,-0.5793522776162456,1.3037009814017795,0.7184969178314132,-0.36038793398441793,0.20076694244770632,0.13423645406110107,1.1937792501080622,-0.017852190423897532,0.06327942306170756,-0.21203918662845203,-0.5250989940807764
1.0665508322304702,-1.817749393883658,-0.7229998642508142,-1.194472021204813,-0.9323198760312382,-1.2461637983855933,-0.12396378707865094,-1.0377847290664173,-1.6428265631173489,-0.3422026175026194,-0.7423543634723438,-1.038985909066986,-0.8255755662226758,-0.7953484687043009,-0.8670980443308413,-0.8319238634815012,-1.1984172714012253,-0.32430354402881817,-0.9063808667282911,-0.6712906723406104,-0.957273244521621,-1.6419327864176283,-1.0165417449473784,-1.1636430194610927,-1.3460281486641952,-1.1273585421953998,-0.9392036769257809,-0.8872442377490902,-0.6519756212487774,-0.35068677652710645
-0.12831514072163666,-1.1103586253583424,-0.39259283004636014,-0.836779117280296,0.5895727696538303,0.1566262804184887,-0.02432816982669878,0.7703680190213852,-0.3645274011225892,-1.3092580915705985,0.2045876638564202,0.16926223144620262,0.37701010817281855,-0.7546028559193805,-0.038182718823195294,-0.834799068178187,0.3769923266453393,0.4353199587527601,0.5758388238735209,-0.583489505378842,0.3151769088581503,-0.7802253772118937,0.13894924291192234,-0.29683245902794136,0.6510370634913796,0.016491855863111974,-0.27122693313040025,0.13839447260341256,-0.3860168000443304,0.060439176145318615
-0.6456553236482688,-0.27688200225791254,0.6713066388048684,0.8061127088846368,0.3438419872504285,1.457625237145332,-0.08976051548469718,0.9856465841213924,0.9651056969364756,-0.45472617266368887,0.5591694802570594,0.4781555613709118,0.14232472114978073,0.4165850627886357,0.2506041035090018,0.25166890658195235,-0.12058753650006124,0.03093628259546769,0.2630510184423398,0.15730411011272666,-0.08352780040111356,0.09074770306056877,0.3989347151802653,1.1698512729933144,0.15269361868361103,1.0672780668171633,1.0053919628139019,1.0087105381408643,0.49627662729601946,1.1094750117527918
-0.3585077909229364,0.9479520136146249,-0.43172733494367277,0.4810003601625468,0.08459601181483964,0.3192511500093442,-0.3310422900985665,-0.6792991184868395,-0.04053452596262658,0.7362979111977295,-0.6283319754533156,-0.154481739340271,0.026539047696918946,0.023042071012331692,-0.2206394695688586,0.03207514787257588,-0.6774402360076088,-1.1878311858230344,0.133427243218607,-0.16746826925109173,-0.8512814967433318,0.8922282503325694,-0.10452921524414453,-0.030464840489927567,-0.6889530881028413,-0.5994862677996079,-0.056709563331662056,0.10631143449407415,0.04907851837659673,0.669040118940494
0.8031345005568181,-0.8696492666240337,0.9787920344266107,1.2358987562358006,-1.0396223176807238,-0.25987408003364637,1.4255931260039485,0.15822809912832023,0.33815844500356207,0.45588777373563893,0.7121263422338051,-1.0654200498009274,-0.9373979158898651,-0.6313722221308408,-0.8702773487968838,-0.1404371339285709,-0.4731049317065203,1.428025719319443,-1.092362805092777,-0.4048991736267636,0.7226684987622461,-0.7547447817783909,-1.0351121358236883,-0.3993911142939146,-0.26074686886061094,-0.10428816838448024,-0.26197517767617057,-0.226231801782085,0.23515892229097082,0.6177895132314267
-0.09983769945962014,0.7498170992823026,-0.011870003831075528,0.06507837885496899,-0.4965572885692056,0.08736013225942076,0.26082301835332844,-0.15345782338603844,-0.07419612338184438,0.5116103010518235,-0.5657587137355551,-0.4734735050509804,-0.5356867407563418,-0.3302522056959415,-0.5447518970793062,-0.39165814430149104,0.09466644818352925,0.19942948099434,-0.4977841839578299,-0.4446625293450513,0.48048010098905714,0.5470820030969396,-0.5089510609948996,-0.14489371048575883,0.42955108802126024,-0.038812681555522394,-0.3496818193822676,-0.2822498048301363,-0.15848433867260783,0.21579257470092925
0.7355005775595292,-1.3281432832608124,-0.03255538499108378,-0.05241958086442174,-0.5252258798496026,-0.49432493369379626,0.14185511715696766,-0.1414771032413426,0.44335093693861477,-0.7209360531645583,0.7468892654103383,-0.47584960758886274,-0.5648454800366469,-0.44453868058047413,-0.5968571647172255,-0.741354915535899,0.8698927553410954,0.2935048501003771,-0.5456886226274702,-0.5759045878140818,0.46949650018301725,-1.4241895163495129,-0.6100565224325885,-0.8298051003985659,0.24497944179616077,0.038740807698194754,-0.7394891158538102,-0.5019931531504466,-0.6683143884217468,-0.5587322040773519
0.5919268111968626,-1.678563710261779,3.8316974414407037,3.5650618515582373,-1.3562054756771065,-1.0064426943220361,6.754611550218435,0.944462858624,-0.48234299208984804,-0.6564057715306543,0.13714759289394587,-1.3318405468609888,-1.1644397498976773,0.149254091102207,-1.057503056241611,0.4292127966022993,-1.0252781967644247,3.8164168066234465,-1.476161896081307,-0.34146168126695187,1.3476353846259406,-1.1114731178474313,-1.35431652121982,-0.6197022996800793,0.3261909661352047,-0.05597615868544325,-0.03006450762348073,-0.5045394260162671,0.7395427163157869,0.9733405903380815
2.5402584175398215,-1.3870925139712553,-0.7912057156432735,0.20441224259300747,-1.1203039245698407,-1.3387696269026084,0.8147673082988833,-0.41254089651509107,-0.19621941402650483,0.4019627473006215,1.2196650206111899,-1.115021190279222,-0.9722185462925595,0.22080736233426215,-0.9087822584411767,0.39183513554538424,1.007156165863965,0.9801146335757768,-1.1149060703490783,-0.13046306537453495,-0.20105232902574519,-1.0558790914470613,-1.0887599316885845,-1.1976393144474062,3.4306860556413743,-0.9773370383931276,-0.9579539013130196,-0.9073597933890722,-0.7444106836810398,-0.5428765479361092
-0.5554767596518834,1.8010783802852024,-0.6956057108226954,-0.11654088631600677,-1.237845148819468,-0.9943964076856766,-0.5552224289154588,-1.0555686105312005,-0.8904898607978522,0.8441479640677644,-1.1136223829977192,-1.1693745358332814,-1.0316684030776475,-0.8072740139096434,-0.9418116992828409,-0.8218606470431009,-0.9207708273890585,-0.43522823297474167,-1.2318492588661412,-0.666923598591203,-0.6453389816300763,2.029589373773472,-1.1609781184297907,-0.9591904409540183,-0.7111016856498539,-0.8995292754041524,-0.9015798714119135,-0.970252733174839,-0.5376042510379914,-0.8774469083306149
-0.7785500495376788,-0.4439048226041675,-0.38867937955662885,-0.7175481493054571,-0.5207208155055403,-0.4231012639563198,-0.5418385400308682,-0.6431697593004904,-0.6127816820893135,-0.3457976192649539,-0.28765532832329016,-0.5254507480671574,-0.5220982020626076,-0.5603158486156747,-0.48045929565489043,-0.5616546219930378,-0.45750681687437605,-0.4885844124677184,-0.511873724743018,-0.4738529696700371,-0.42676532558987323,-0.6759865777112001,-0.45117651160193467,-0.49197878918680704,-0.3456498261241575,-0.4329369712055598,-0.6757136815893204,-0.6573157979654979,-0.4238380203521301,-0.5793926045038198
-0.7892290900109352,0.01622667266345656,-0.15387235017275294,-0.5397415022964673,-0.1435240645163181,1.672952610770261,-0.21356148766716013,0.42779430238398175,1.2133599779032005,-1.1251940013390722,0.39926003364500595,-0.0030052025502696317,-0.27212570900911837,-0.6572109034090831,-0.2520792581775016,-0.6964298421501838,-0.16270244654685026,0.22049113079419855,-0.1821784703696112,-0.5005151041401029,1.2762419793866788,0.32007306196209534,-0.1581770111090406,1.087709387062697,-0.3456498261241575,1.081263122256358,0.21960953290133017,0.14908881863985882,-0.0537952008606184,0.16614355042027
-0.6883714855412936,0.8087663299927454,0.21287386715063428,0.3745936532780248,0.10548312831912901,0.6294430308956055,0.25673349674970364,0.21438772480658286,0.4601817356482237,1.138938108579193,0.11559458052449496,0.06233761724149582,-0.036307943761602776,-0.24428890067409725,-0.1001791559110248,-0.4214883930296061,-0.30152566855293395,0.17977194118113818,0.0827048963919291,-0.30905339712661334,0.5310046646968428,0.07684919646047657,0.006893130013716433,0.21596081730192473,0.2412880088716592,0.31907760082023734,0.06640046257928717,0.25093973327267927,0.028503774529153727,0.4255997418224237
-0.906698535216753,0.0375138948644497,-0.004043102851613121,0.3045801197579159,-0.6296614623710483,-0.6358688016710221,0.035155780771481605,-0.45222703199439673,0.7505130133889685,-0.5296819594083633,0.1267187159409861,-0.5899025294072165,-0.6135377436891952,-0.43112244222446383,-0.5300917709303323,-0.34134206210948986,-0.7382728838529715,-0.0954336162036846,-0.6189542347104494,-0.3564016704096612,0.0850704719716056,0.4845387233965234,-0.5419650892194511,-0.5869405070256712,-0.46377567970822037,-0.0794964791968165,-0.6811413781224686,-0.7245374016231594,-0.4211148924899684,-0.6200727727853921
-0.8426242923772159,3.1912977378731484,0.07254871387598469,-0.480126018309048,1.4782990993461338,0.719790180668303,-0.5596837252103223,0.19379586205788668,0.36340464306797543,0.18626264156055156,-0.8104896928983495,2.1622182350950463,1.607055954511901,0.9214331431481372,2.8152430394499817,1.1947360470948882,-0.30932472596900606,-1.3324545144487328,1.522655964638176,1.599817523338009,-0.4492817072422563,3.018699760146721,2.394220046001593,0.5962824972465754,-1.4235482400787365,0.9998955269737698,0.32076205920090767,0.4541323079651563,-0.17028455940864126,-0.12854743240686753
