juv_fel_count,sex,juv_other_count,priors_count.1,age_cat,juv_misd_count,priors_count,is_recid,is_violent_recid,race,v_score_text,days_b_screening_arrest,score_text,age
-0.1401098514754074,0.4870285058378622,-0.21303769768270914,0.10563880253243754,-0.8024484737087255,-0.18935256184712382,0.10563880253243754,1.034871877633807,2.792161751651698,-0.8659042062818543,-0.2544884306547635,-0.06589759600423688,-0.8382842205939496,-0.8302468421979533
-0.1401098514754074,0.4870285058378622,-0.21303769768270914,2.564510784028913,-0.8024484737087255,-0.18935256184712382,2.564510784028913,1.034871877633807,2.792161751651698,-0.8659042062818543,-0.2544884306547635,-0.06589759600423688,1.7276430481413345,0.18190623281541937
-0.1401098514754074,0.4870285058378622,-0.21303769768270914,0.5154507994485168,-0.8024484737087255,2.103311910014095,0.5154507994485168,-0.966303193286565,-0.358145440323592,-0.8659042062818543,-0.2544884306547635,-0.15915711058832824,0.4446794137736925,-0.7459007526135056
-0.1401098514754074,0.4870285058378622,-0.21303769768270914,-0.713985191299721,-0.8024484737087255,-0.18935256184712382,-0.713985191299721,-0.966303193286565,-0.358145440323592,2.6885269624312205,-0.2544884306547635,-0.06589759600423688,-0.8382842205939496,-0.32417030469126695
1.8868661946544836,0.4870285058378622,1.7533742503977268,-0.5090791928416813,1.672543794926189,-0.18935256184712382,-0.5090791928416813,1.034871877633807,-0.358145440323592,-0.8659042062818543,-2.0219053307591675,-0.6787458346996944,1.7276430481413345,-1.251977290120192
-0.1401098514754074,0.4870285058378622,-0.21303769768270914,-0.5090791928416813,-0.8024484737087255,-0.18935256184712382,-0.5090791928416813,1.034871877633807,-0.358145440323592,-0.8659042062818543,-0.2544884306547635,-0.05257480820650953,-0.8382842205939496,-0.6615546630290579
-0.1401098514754074,0.4870285058378622,-0.21303769768270914,0.9252627963645961,0.4350476606087318,-0.18935256184712382,0.9252627963645961,-0.966303193286565,-0.358145440323592,-0.8659042062818543,-0.2544884306547635,0.840051974241222,1.7276430481413345,1.7844819349199261
-0.1401098514754074,0.4870285058378622,-0.21303769768270914,-0.713985191299721,0.4350476606087318,-0.18935256184712382,-0.713985191299721,-0.966303193286565,-0.358145440323592,0.5558682612033757,-0.2544884306547635,-0.05257480820650953,-0.8382842205939496,2.037520203673269
-0.1401098514754074,0.4870285058378622,-0.21303769768270914,2.3596047855708737,-0.8024484737087255,-0.18935256184712382,2.3596047855708737,1.034871877633807,-0.358145440323592,-0.8659042062818543,-2.0219053307591675,-0.06589759600423688,1.7276430481413345,-0.4085163942757147
-0.1401098514754074,-2.053267905293714,-0.21303769768270914,0.7203567979065565,0.4350476606087318,-0.18935256184712382,0.7203567979065565,-0.966303193286565,-0.358145440323592,0.5558682612033757,-0.2544884306547635,-2.1442524924497013,0.4446794137736925,1.3627514869976876
-0.1401098514754074,0.4870285058378622,-0.21303769768270914,-0.5090791928416813,0.4350476606087318,-0.18935256184712382,-0.5090791928416813,1.034871877633807,-0.358145440323592,-0.1550179725392393,-0.2544884306547635,-0.06589759600423688,-0.8382842205939496,1.3627514869976876
-0.1401098514754074,0.4870285058378622,-0.21303769768270914,-0.5090791928416813,-0.8024484737087255,-0.18935256184712382,-0.5090791928416813,-0.966303193286565,-0.358145440323592,2.6885269624312205,-0.2544884306547635,-0.09254317159969154,-0.8382842205939496,0.6879827703221058
-0.1401098514754074,-2.053267905293714,-0.21303769768270914,-0.713985191299721,-0.8024484737087255,-0.18935256184712382,-0.713985191299721,1.034871877633807,-0.358145440323592,-0.8659042062818543,1.5129284694496405,-0.06589759600423688,1.7276430481413345,-0.15547812552237153
-0.1401098514754074,0.4870285058378622,-0.21303769768270914,0.5154507994485168,-0.8024484737087255,-0.18935256184712382,0.5154507994485168,-0.966303193286565,-0.358145440323592,-0.8659042062818543,1.5129284694496405,-0.00854614825704895,0.4446794137736925,-0.23982421510681926
-0.1401098514754074,0.4870285058378622,-0.21303769768270914,0.7203567979065565,-0.8024484737087255,-0.18935256184712382,0.7203567979065565,1.034871877633807,-0.358145440323592,-0.8659042062818543,-0.2544884306547635,-0.05257480820650953,0.4446794137736925,-0.07113203593792379
-0.1401098514754074,0.4870285058378622,-0.21303769768270914,-0.5090791928416813,1.672543794926189,-0.18935256184712382,-0.5090791928416813,-0.966303193286565,-0.358145440323592,0.5558682612033757,1.5129284694496405,-0.19912547398151023,-0.8382842205939496,-1.1676312005357443
-0.1401098514754074,0.4870285058378622,-0.21303769768270914,-0.713985191299721,1.672543794926189,-0.18935256184712382,-0.713985191299721,-0.966303193286565,-0.358145440323592,0.5558682612033757,1.5129284694496405,-0.06589759600423688,-0.8382842205939496,-1.1676312005357443
-0.1401098514754074,0.4870285058378622,-0.21303769768270914,0.9252627963645961,-0.8024484737087255,6.688640853736533,0.9252627963645961,1.034871877633807,2.792161751651698,0.5558682612033757,1.5129284694496405,-0.06589759600423688,1.7276430481413345,-0.7459007526135056
-0.1401098514754074,-2.053267905293714,-0.21303769768270914,-0.713985191299721,-0.8024484737087255,-0.18935256184712382,-0.713985191299721,-0.966303193286565,-0.358145440323592,-0.8659042062818543,-0.2544884306547635,-0.05257480820650953,-0.8382842205939496,0.603636680737658
-0.1401098514754074,0.4870285058378622,-0.21303769768270914,-0.713985191299721,0.4350476606087318,-0.18935256184712382,-0.713985191299721,-0.966303193286565,-0.358145440323592,1.2667544949459906,-0.2544884306547635,-0.09254317159969154,-0.8382842205939496,2.796635009933299
-0.1401098514754074,0.4870285058378622,-0.21303769768270914,0.7203567979065565,-0.8024484737087255,-0.18935256184712382,0.7203567979065565,1.034871877633807,2.792161751651698,-0.8659042062818543,1.5129284694496405,-0.06589759600423688,0.4446794137736925,-0.5772085734446102
-0.1401098514754074,0.4870285058378622,-0.21303769768270914,-0.5090791928416813,-0.8024484737087255,-0.18935256184712382,-0.5090791928416813,-0.966303193286565,-0.358145440323592,0.5558682612033757,-0.2544884306547635,-0.06589759600423688,-0.8382842205939496,-0.6615546630290579
-0.1401098514754074,0.4870285058378622,-0.21303769768270914,-0.5090791928416813,1.672543794926189,-0.18935256184712382,-0.5090791928416813,1.034871877633807,-0.358145440323592,-0.8659042062818543,-0.2544884306547635,-0.06589759600423688,-0.8382842205939496,-0.9145929317824011
-0.1401098514754074,0.4870285058378622,-0.21303769768270914,-0.5090791928416813,1.672543794926189,2.103311910014095,-0.5090791928416813,-0.966303193286565,-0.358145440323592,-0.8659042062818543,1.5129284694496405,-0.06589759600423688,0.4446794137736925,-0.9145929317824011
-0.1401098514754074,0.4870285058378622,-0.21303769768270914,-0.30417319438364177,0.4350476606087318,-0.18935256184712382,-0.30417319438364177,-0.966303193286565,-0.358145440323592,-0.8659042062818543,-0.2544884306547635,-0.06589759600423688,1.7276430481413345,0.9410210390754489
-0.1401098514754074,0.4870285058378622,-0.21303769768270914,-0.5090791928416813,-0.8024484737087255,-0.18935256184712382,-0.5090791928416813,-0.966303193286565,-0.358145440323592,-0.8659042062818543,-0.2544884306547635,-0.06589759600423688,-0.8382842205939496,-0.32417030469126695
-0.1401098514754074,0.4870285058378622,-0.21303769768270914,-0.0992671959256021,-0.8024484737087255,-0.18935256184712382,-0.0992671959256021,-0.966303193286565,-0.358145440323592,2.6885269624312205,-0.2544884306547635,-0.06589759600423688,0.4446794137736925,-0.4928624838601624
-0.1401098514754074,0.4870285058378622,-0.21303769768270914,0.10563880253243754,0.4350476606087318,-0.18935256184712382,0.10563880253243754,-0.966303193286565,-0.358145440323592,0.5558682612033757,-0.2544884306547635,-0.05257480820650953,-0.8382842205939496,0.9410210390754489
-0.1401098514754074,0.4870285058378622,-0.21303769768270914,-0.713985191299721,0.4350476606087318,-0.18935256184712382,-0.713985191299721,1.034871877633807,-0.358145440323592,0.5558682612033757,-0.2544884306547635,-0.05257480820650953,-0.8382842205939496,2.6279428307644035
-0.1401098514754074,0.4870285058378622,-0.21303769768270914,-0.713985191299721,-0.8024484737087255,-0.18935256184712382,-0.713985191299721,-0.966303193286565,-0.358145440323592,0.5558682612033757,-0.2544884306547635,-0.06589759600423688,-0.8382842205939496,-0.7459007526135056
-0.1401098514754074,0.4870285058378622,-0.21303769768270914,-0.713985191299721,-0.8024484737087255,-0.18935256184712382,-0.713985191299721,1.034871877633807,-0.358145440323592,0.5558682612033757,-0.2544884306547635,-0.09254317159969154,-0.8382842205939496,0.35059841198431485
-0.1401098514754074,0.4870285058378622,3.719786198478163,-0.713985191299721,1.672543794926189,-0.18935256184712382,-0.713985191299721,1.034871877633807,-0.358145440323592,1.9776407286886057,-0.2544884306547635,-0.00854614825704895,-0.8382842205939496,-1.0832851109512964
-0.1401098514754074,0.4870285058378622,-0.21303769768270914,-0.713985191299721,-0.8024484737087255,-0.18935256184712382,-0.713985191299721,-0.966303193286565,-0.358145440323592,0.5558682612033757,-0.2544884306547635,-0.05257480820650953,-0.8382842205939496,-0.5772085734446102
-0.1401098514754074,0.4870285058378622,-0.21303769768270914,-0.713985191299721,1.672543794926189,-0.18935256184712382,-0.713985191299721,1.034871877633807,-0.358145440323592,1.2667544949459906,-0.2544884306547635,7.474800297509437,-0.8382842205939496,-0.9145929317824011
-0.1401098514754074,-2.053267905293714,-0.21303769768270914,-0.30417319438364177,1.672543794926189,-0.18935256184712382,-0.30417319438364177,1.034871877633807,-0.358145440323592,-0.8659042062818543,-0.2544884306547635,-0.06589759600423688,0.4446794137736925,-0.9145929317824011
-0.1401098514754074,0.4870285058378622,-0.21303769768270914,-0.30417319438364177,-0.8024484737087255,-0.18935256184712382,-0.30417319438364177,-0.966303193286565,-0.358145440323592,2.6885269624312205,-0.2544884306547635,-0.06589759600423688,-0.8382842205939496,-0.5772085734446102
-0.1401098514754074,0.4870285058378622,-0.21303769768270914,1.3350747932806755,-0.8024484737087255,-0.18935256184712382,1.3350747932806755,1.034871877633807,-0.358145440323592,-0.8659042062818543,1.5129284694496405,-0.05257480820650953,0.4446794137736925,-0.4928624838601624
-0.1401098514754074,0.4870285058378622,-0.21303769768270914,1.1301687948226358,0.4350476606087318,-0.18935256184712382,1.1301687948226358,1.034871877633807,-0.358145440323592,0.5558682612033757,-0.2544884306547635,-0.06589759600423688,-0.8382842205939496,1.8688280245043738
-0.1401098514754074,0.4870285058378622,3.719786198478163,-0.5090791928416813,1.672543794926189,2.103311910014095,-0.5090791928416813,-0.966303193286565,-0.358145440323592,-0.8659042062818543,1.5129284694496405,-0.06589759600423688,0.4446794137736925,-1.0832851109512964
-0.1401098514754074,0.4870285058378622,-0.21303769768270914,-0.5090791928416813,-0.8024484737087255,-0.18935256184712382,-0.5090791928416813,-0.966303193286565,-0.358145440323592,-0.8659042062818543,-0.2544884306547635,-0.06589759600423688,0.4446794137736925,-0.6615546630290579
-0.1401098514754074,-2.053267905293714,-0.21303769768270914,-0.713985191299721,1.672543794926189,-0.18935256184712382,-0.713985191299721,-0.966303193286565,-0.358145440323592,2.6885269624312205,-0.2544884306547635,-0.06589759600423688,-0.8382842205939496,-0.9145929317824011
-0.1401098514754074,-2.053267905293714,-0.21303769768270914,-0.30417319438364177,1.672543794926189,-0.18935256184712382,-0.30417319438364177,1.034871877633807,-0.358145440323592,1.2667544949459906,-0.2544884306547635,0.60024179388213,0.4446794137736925,-1.0832851109512964
-0.1401098514754074,-2.053267905293714,-0.21303769768270914,-0.713985191299721,1.672543794926189,-0.18935256184712382,-0.713985191299721,1.034871877633807,-0.358145440323592,-0.8659042062818543,1.5129284694496405,-0.10586595939741889,0.4446794137736925,-1.1676312005357443
-0.1401098514754074,-2.053267905293714,-0.21303769768270914,-0.30417319438364177,-0.8024484737087255,-0.18935256184712382,-0.30417319438364177,-0.966303193286565,-0.358145440323592,-0.8659042062818543,-0.2544884306547635,-0.06589759600423688,-0.8382842205939496,-0.8302468421979533
-0.1401098514754074,-2.053267905293714,-0.21303769768270914,-0.713985191299721,-0.8024484737087255,-0.18935256184712382,-0.713985191299721,1.034871877633807,-0.358145440323592,-0.8659042062818543,-0.2544884306547635,-0.00854614825704895,1.7276430481413345,-0.5772085734446102
1.8868661946544836,0.4870285058378622,-0.21303769768270914,-0.5090791928416813,1.672543794926189,-0.18935256184712382,-0.5090791928416813,1.034871877633807,-0.358145440323592,-0.8659042062818543,-2.0219053307591675,5.636255581423063,1.7276430481413345,-1.251977290120192
-0.1401098514754074,-2.053267905293714,-0.21303769768270914,-0.5090791928416813,-0.8024484737087255,-0.18935256184712382,-0.5090791928416813,1.034871877633807,2.792161751651698,0.5558682612033757,-0.2544884306547635,-0.06589759600423688,0.4446794137736925,0.2662523223998671
-0.1401098514754074,0.4870285058378622,-0.21303769768270914,0.7203567979065565,-0.8024484737087255,-0.18935256184712382,0.7203567979065565,-0.966303193286565,-0.358145440323592,1.2667544949459906,-0.2544884306547635,-0.05257480820650953,0.4446794137736925,0.013214053646523933
-0.1401098514754074,0.4870285058378622,-0.21303769768270914,-0.713985191299721,-0.8024484737087255,-0.18935256184712382,-0.713985191299721,-0.966303193286565,-0.358145440323592,0.5558682612033757,-0.2544884306547635,-0.06589759600423688,-0.8382842205939496,-0.4928624838601624
-0.1401098514754074,0.4870285058378622,-0.21303769768270914,-0.30417319438364177,-0.8024484737087255,-0.18935256184712382,-0.30417319438364177,-0.966303193286565,-0.358145440323592,-0.8659042062818543,-0.2544884306547635,-0.06589759600423688,0.4446794137736925,-0.23982421510681926
-0.1401098514754074,-2.053267905293714,-0.21303769768270914,-0.5090791928416813,1.672543794926189,-0.18935256184712382,-0.5090791928416813,-0.966303193286565,-0.358145440323592,0.5558682612033757,1.5129284694496405,-0.06589759600423688,0.4446794137736925,-0.9145929317824011
-0.1401098514754074,-2.053267905293714,-0.21303769768270914,-0.5090791928416813,0.4350476606087318,-0.18935256184712382,-0.5090791928416813,-0.966303193286565,-0.358145440323592,0.5558682612033757,-0.2544884306547635,-0.10586595939741889,-0.8382842205939496,1.6157897557510308
3.913842240784374,0.4870285058378622,-0.21303769768270914,1.9497927886547946,0.4350476606087318,-0.18935256184712382,1.9497927886547946,-0.966303193286565,-0.358145440323592,-0.8659042062818543,-0.2544884306547635,-0.06589759600423688,-0.8382842205939496,1.194059307828792
1.8868661946544836,0.4870285058378622,-0.21303769768270914,0.5154507994485168,1.672543794926189,-0.18935256184712382,0.5154507994485168,1.034871877633807,-0.358145440323592,1.2667544949459906,-2.0219053307591675,-0.06589759600423688,1.7276430481413345,-0.9145929317824011
-0.1401098514754074,0.4870285058378622,-0.21303769768270914,-0.5090791928416813,-0.8024484737087255,-0.18935256184712382,-0.5090791928416813,-0.966303193286565,-0.358145440323592,0.5558682612033757,-0.2544884306547635,-0.4389356543406023,-0.8382842205939496,0.35059841198431485
-0.1401098514754074,0.4870285058378622,-0.21303769768270914,0.10563880253243754,-0.8024484737087255,-0.18935256184712382,0.10563880253243754,-0.966303193286565,-0.358145440323592,0.5558682612033757,-0.2544884306547635,-0.6787458346996944,0.4446794137736925,-0.23982421510681926
-0.1401098514754074,0.4870285058378622,1.7533742503977268,-0.0992671959256021,-0.8024484737087255,-0.18935256184712382,-0.0992671959256021,1.034871877633807,-0.358145440323592,-0.8659042062818543,-0.2544884306547635,-0.06589759600423688,-0.8382842205939496,-0.4085163942757147
-0.1401098514754074,0.4870285058378622,1.7533742503977268,0.9252627963645961,-0.8024484737087255,-0.18935256184712382,0.9252627963645961,-0.966303193286565,-0.358145440323592,-0.8659042062818543,-0.2544884306547635,-0.06589759600423688,1.7276430481413345,-0.23982421510681926
-0.1401098514754074,0.4870285058378622,-0.21303769768270914,-0.5090791928416813,-0.8024484737087255,-0.18935256184712382,-0.5090791928416813,1.034871877633807,-0.358145440323592,1.2667544949459906,-0.2544884306547635,-0.06589759600423688,-0.8382842205939496,0.6879827703221058
-0.1401098514754074,0.4870285058378622,-0.21303769768270914,-0.0992671959256021,-0.8024484737087255,-0.18935256184712382,-0.0992671959256021,1.034871877633807,-0.358145440323592,-0.8659042062818543,-0.2544884306547635,-0.06589759600423688,0.4446794137736925,-0.8302468421979533
-0.1401098514754074,0.4870285058378622,-0.21303769768270914,-0.0992671959256021,-0.8024484737087255,-0.18935256184712382,-0.0992671959256021,1.034871877633807,-0.358145440323592,-0.8659042062818543,-0.2544884306547635,-0.05257480820650953,-0.8382842205939496,-0.4928624838601624
-0.1401098514754074,0.4870285058378622,-0.21303769768270914,-0.713985191299721,0.4350476606087318,-0.18935256184712382,-0.713985191299721,-0.966303193286565,-0.358145440323592,0.5558682612033757,-0.2544884306547635,-0.05257480820650953,-0.8382842205939496,1.3627514869976876
-0.1401098514754074,0.4870285058378622,-0.21303769768270914,-0.5090791928416813,0.4350476606087318,-0.18935256184712382,-0.5090791928416813,1.034871877633807,-0.358145440323592,2.6885269624312205,-0.2544884306547635,-0.06589759600423688,-0.8382842205939496,2.121866293257717
-0.1401098514754074,0.4870285058378622,-0.21303769768270914,-0.713985191299721,0.4350476606087318,-0.18935256184712382,-0.713985191299721,-0.966303193286565,-0.358145440323592,0.5558682612033757,-0.2544884306547635,-0.06589759600423688,-0.8382842205939496,1.6157897557510308
-0.1401098514754074,0.4870285058378622,-0.21303769768270914,0.5154507994485168,-0.8024484737087255,-0.18935256184712382,0.5154507994485168,1.034871877633807,2.792161751651698,-0.8659042062818543,1.5129284694496405,-0.06589759600423688,0.4446794137736925,-0.4928624838601624
-0.1401098514754074,0.4870285058378622,1.7533742503977268,0.3105448009904772,-0.8024484737087255,-0.18935256184712382,0.3105448009904772,-0.966303193286565,-0.358145440323592,-0.8659042062818543,1.5129284694496405,-0.06589759600423688,0.4446794137736925,-0.5772085734446102
-0.1401098514754074,-2.053267905293714,-0.21303769768270914,-0.713985191299721,1.672543794926189,-0.18935256184712382,-0.713985191299721,1.034871877633807,-0.358145440323592,0.5558682612033757,1.5129284694496405,-0.06589759600423688,0.4446794137736925,-1.251977290120192
-0.1401098514754074,0.4870285058378622,-0.21303769768270914,-0.5090791928416813,-0.8024484737087255,-0.18935256184712382,-0.5090791928416813,-0.966303193286565,-0.358145440323592,-0.8659042062818543,-0.2544884306547635,-0.05257480820650953,-0.8382842205939496,-0.23982421510681926
-0.1401098514754074,-2.053267905293714,-0.21303769768270914,-0.713985191299721,-0.8024484737087255,-0.18935256184712382,-0.713985191299721,-0.966303193286565,-0.358145440323592,1.2667544949459906,-0.2544884306547635,-0.05257480820650953,-0.8382842205939496,0.013214053646523933
-0.1401098514754074,-2.053267905293714,-0.21303769768270914,-0.30417319438364177,1.672543794926189,-0.18935256184712382,-0.30417319438364177,-0.966303193286565,-0.358145440323592,-0.8659042062818543,1.5129284694496405,-0.06589759600423688,0.4446794137736925,-1.0832851109512964
-0.1401098514754074,0.4870285058378622,-0.21303769768270914,-0.713985191299721,0.4350476606087318,-0.18935256184712382,-0.713985191299721,-0.966303193286565,-0.358145440323592,1.2667544949459906,-0.2544884306547635,-0.06589759600423688,-0.8382842205939496,1.7001358453354785
-0.1401098514754074,-2.053267905293714,-0.21303769768270914,-0.0992671959256021,-0.8024484737087255,-0.18935256184712382,-0.0992671959256021,1.034871877633807,2.792161751651698,0.5558682612033757,-0.2544884306547635,-0.07922038380196421,0.4446794137736925,-0.15547812552237153
-0.1401098514754074,-2.053267905293714,-0.21303769768270914,-0.5090791928416813,-0.8024484737087255,-0.18935256184712382,-0.5090791928416813,1.034871877633807,-0.358145440323592,0.5558682612033757,-0.2544884306547635,-0.3456761397565109,-0.8382842205939496,-0.32417030469126695
-0.1401098514754074,0.4870285058378622,-0.21303769768270914,-0.5090791928416813,0.4350476606087318,-0.18935256184712382,-0.5090791928416813,-0.966303193286565,-0.358145440323592,0.5558682612033757,-0.2544884306547635,-0.05257480820650953,-0.8382842205939496,1.194059307828792
-0.1401098514754074,0.4870285058378622,-0.21303769768270914,-0.713985191299721,-0.8024484737087255,-0.18935256184712382,-0.713985191299721,-0.966303193286565,-0.358145440323592,2.6885269624312205,1.5129284694496405,-0.06589759600423688,0.4446794137736925,-0.7459007526135056
-0.1401098514754074,0.4870285058378622,1.7533742503977268,2.3596047855708737,-0.8024484737087255,8.981305325597752,2.3596047855708737,1.034871877633807,2.792161751651698,-0.8659042062818543,1.5129284694496405,2.971698021877596,1.7276430481413345,-0.4928624838601624
-0.1401098514754074,0.4870285058378622,-0.21303769768270914,0.3105448009904772,-0.8024484737087255,-0.18935256184712382,0.3105448009904772,1.034871877633807,-0.358145440323592,0.5558682612033757,-0.2544884306547635,0.04068470637758183,-0.8382842205939496,0.4349445015687626
-0.1401098514754074,-2.053267905293714,-0.21303769768270914,-0.713985191299721,-0.8024484737087255,-0.18935256184712382,-0.713985191299721,-0.966303193286565,-0.358145440323592,2.6885269624312205,-0.2544884306547635,-0.06589759600423688,-0.8382842205939496,-0.4928624838601624
-0.1401098514754074,0.4870285058378622,1.7533742503977268,-0.713985191299721,1.672543794926189,-0.18935256184712382,-0.713985191299721,1.034871877633807,-0.358145440323592,-0.8659042062818543,1.5129284694496405,-0.06589759600423688,1.7276430481413345,-1.0832851109512964
-0.1401098514754074,0.4870285058378622,-0.21303769768270914,-0.5090791928416813,1.672543794926189,-0.18935256184712382,-0.5090791928416813,1.034871877633807,-0.358145440323592,2.6885269624312205,1.5129284694496405,-0.06589759600423688,-0.8382842205939496,-1.0832851109512964
-0.1401098514754074,0.4870285058378622,-0.21303769768270914,-0.713985191299721,1.672543794926189,-0.18935256184712382,-0.713985191299721,1.034871877633807,-0.358145440323592,2.6885269624312205,1.5129284694496405,-0.06589759600423688,-0.8382842205939496,-1.251977290120192
-0.1401098514754074,0.4870285058378622,-0.21303769768270914,-0.713985191299721,-0.8024484737087255,-0.18935256184712382,-0.713985191299721,-0.966303193286565,-0.358145440323592,-0.8659042062818543,-0.2544884306547635,-0.05257480820650953,0.4446794137736925,-0.8302468421979533
-0.1401098514754074,0.4870285058378622,-0.21303769768270914,-0.713985191299721,-0.8024484737087255,-0.18935256184712382,-0.713985191299721,-0.966303193286565,-0.358145440323592,0.5558682612033757,-0.2544884306547635,-0.06589759600423688,-0.8382842205939496,0.013214053646523933
-0.1401098514754074,0.4870285058378622,-0.21303769768270914,1.3350747932806755,0.4350476606087318,-0.18935256184712382,1.3350747932806755,-0.966303193286565,-0.358145440323592,0.5558682612033757,-0.2544884306547635,-0.06589759600423688,-0.8382842205939496,1.2784053974132399
-0.1401098514754074,-2.053267905293714,-0.21303769768270914,0.10563880253243754,-0.8024484737087255,-0.18935256184712382,0.10563880253243754,1.034871877633807,-0.358145440323592,-0.8659042062818543,1.5129284694496405,-0.06589759600423688,1.7276430481413345,-0.7459007526135056
-0.1401098514754074,0.4870285058378622,-0.21303769768270914,0.3105448009904772,1.672543794926189,6.688640853736533,0.3105448009904772,1.034871877633807,-0.358145440323592,-0.8659042062818543,-2.0219053307591675,-0.00854614825704895,1.7276430481413345,-0.9989390213668488
-0.1401098514754074,0.4870285058378622,-0.21303769768270914,-0.713985191299721,1.672543794926189,-0.18935256184712382,-0.713985191299721,1.034871877633807,2.792161751651698,-0.8659042062818543,-2.0219053307591675,-0.06589759600423688,1.7276430481413345,-1.251977290120192
-0.1401098514754074,0.4870285058378622,-0.21303769768270914,1.3350747932806755,-0.8024484737087255,6.688640853736533,1.3350747932806755,1.034871877633807,-0.358145440323592,-0.8659042062818543,1.5129284694496405,-0.06589759600423688,0.4446794137736925,-0.23982421510681926
-0.1401098514754074,0.4870285058378622,-0.21303769768270914,-0.713985191299721,-0.8024484737087255,-0.18935256184712382,-0.713985191299721,1.034871877633807,-0.358145440323592,-0.8659042062818543,1.5129284694496405,-0.06589759600423688,-0.8382842205939496,-0.8302468421979533
-0.1401098514754074,0.4870285058378622,-0.21303769768270914,0.10563880253243754,-0.8024484737087255,-0.18935256184712382,0.10563880253243754,-0.966303193286565,-0.358145440323592,0.5558682612033757,-0.2544884306547635,-0.00854614825704895,-0.8382842205939496,0.7723288599065534
-0.1401098514754074,0.4870285058378622,-0.21303769768270914,-0.713985191299721,1.672543794926189,-0.18935256184712382,-0.713985191299721,1.034871877633807,-0.358145440323592,-0.8659042062818543,1.5129284694496405,-0.05257480820650953,0.4446794137736925,-1.0832851109512964
-0.1401098514754074,0.4870285058378622,-0.21303769768270914,-0.713985191299721,-0.8024484737087255,-0.18935256184712382,-0.713985191299721,1.034871877633807,-0.358145440323592,0.5558682612033757,-0.2544884306547635,-0.06589759600423688,-0.8382842205939496,-0.6615546630290579
-0.1401098514754074,0.4870285058378622,-0.21303769768270914,-0.0992671959256021,0.4350476606087318,-0.18935256184712382,-0.0992671959256021,1.034871877633807,-0.358145440323592,-0.8659042062818543,-0.2544884306547635,-0.06589759600423688,-0.8382842205939496,0.9410210390754489
-0.1401098514754074,0.4870285058378622,-0.21303769768270914,-0.5090791928416813,0.4350476606087318,-0.18935256184712382,-0.5090791928416813,-0.966303193286565,-0.358145440323592,2.6885269624312205,-0.2544884306547635,9.71302864752763,0.4446794137736925,1.531443666166583
-0.1401098514754074,0.4870285058378622,-0.21303769768270914,-0.30417319438364177,-0.8024484737087255,-0.18935256184712382,-0.30417319438364177,-0.966303193286565,-0.358145440323592,0.5558682612033757,1.5129284694496405,-0.06589759600423688,0.4446794137736925,-0.8302468421979533
-0.1401098514754074,-2.053267905293714,-0.21303769768270914,-0.713985191299721,-0.8024484737087255,-0.18935256184712382,-0.713985191299721,-0.966303193286565,-0.358145440323592,0.5558682612033757,-0.2544884306547635,-0.05257480820650953,-0.8382842205939496,0.4349445015687626
-0.1401098514754074,-2.053267905293714,-0.21303769768270914,-0.0992671959256021,-0.8024484737087255,-0.18935256184712382,-0.0992671959256021,-0.966303193286565,-0.358145440323592,-0.8659042062818543,-0.2544884306547635,-0.06589759600423688,-0.8382842205939496,-0.15547812552237153
-0.1401098514754074,0.4870285058378622,-0.21303769768270914,1.539980791738715,-0.8024484737087255,-0.18935256184712382,1.539980791738715,1.034871877633807,-0.358145440323592,-0.8659042062818543,-2.0219053307591675,-0.06589759600423688,1.7276430481413345,-0.6615546630290579
-0.1401098514754074,0.4870285058378622,-0.21303769768270914,-0.0992671959256021,-0.8024484737087255,-0.18935256184712382,-0.0992671959256021,-0.966303193286565,-0.358145440323592,-0.8659042062818543,1.5129284694496405,-0.06589759600423688,-0.8382842205939496,-0.23982421510681926
-0.1401098514754074,0.4870285058378622,-0.21303769768270914,1.3350747932806755,-0.8024484737087255,-0.18935256184712382,1.3350747932806755,-0.966303193286565,-0.358145440323592,0.5558682612033757,-0.2544884306547635,-0.05257480820650953,-0.8382842205939496,-0.15547812552237153
-0.1401098514754074,0.4870285058378622,1.7533742503977268,0.9252627963645961,-0.8024484737087255,-0.18935256184712382,0.9252627963645961,-0.966303193286565,-0.358145440323592,-0.8659042062818543,-0.2544884306547635,-0.06589759600423688,-0.8382842205939496,-0.23982421510681926
-0.1401098514754074,0.4870285058378622,-0.21303769768270914,-0.713985191299721,-0.8024484737087255,-0.18935256184712382,-0.713985191299721,-0.966303193286565,-0.358145440323592,-0.8659042062818543,-0.2544884306547635,-0.05257480820650953,-0.8382842205939496,-0.6615546630290579
-0.1401098514754074,0.4870285058378622,-0.21303769768270914,-0.30417319438364177,-0.8024484737087255,-0.18935256184712382,-0.30417319438364177,-0.966303193286565,-0.358145440323592,-0.8659042062818543,-2.0219053307591675,-0.00854614825704895,1.7276430481413345,0.013214053646523933
-0.1401098514754074,0.4870285058378622,-0.21303769768270914,-0.0992671959256021,1.672543794926189,-0.18935256184712382,-0.0992671959256021,1.034871877633807,-0.358145440323592,0.5558682612033757,1.5129284694496405,-0.05257480820650953,1.7276430481413345,-1.0832851109512964
-0.1401098514754074,0.4870285058378622,-0.21303769768270914,-0.713985191299721,-0.8024484737087255,-0.18935256184712382,-0.713985191299721,1.034871877633807,-0.358145440323592,-0.8659042062818543,-0.2544884306547635,-0.05257480820650953,-0.8382842205939496,-0.4085163942757147
-0.1401098514754074,0.4870285058378622,1.7533742503977268,0.7203567979065565,-0.8024484737087255,-0.18935256184712382,0.7203567979065565,1.034871877633807,-0.358145440323592,-0.8659042062818543,1.5129284694496405,2.771856204911686,1.7276430481413345,-0.7459007526135056
-0.1401098514754074,0.4870285058378622,1.7533742503977268,-0.30417319438364177,-0.8024484737087255,-0.18935256184712382,-0.30417319438364177,1.034871877633807,-0.358145440323592,0.5558682612033757,-0.2544884306547635,-0.05257480820650953,-0.8382842205939496,-0.4085163942757147
-0.1401098514754074,0.4870285058378622,-0.21303769768270914,0.3105448009904772,-0.8024484737087255,-0.18935256184712382,0.3105448009904772,-0.966303193286565,-0.358145440323592,-0.8659042062818543,1.5129284694496405,-0.06589759600423688,1.7276430481413345,-0.5772085734446102
-0.1401098514754074,0.4870285058378622,-0.21303769768270914,-0.0992671959256021,-0.8024484737087255,-0.18935256184712382,-0.0992671959256021,1.034871877633807,-0.358145440323592,0.5558682612033757,-0.2544884306547635,-0.06589759600423688,-0.8382842205939496,-0.07113203593792379
-0.1401098514754074,0.4870285058378622,-0.21303769768270914,-0.5090791928416813,1.672543794926189,-0.18935256184712382,-0.5090791928416813,-0.966303193286565,-0.358145440323592,0.5558682612033757,1.5129284694496405,-0.06589759600423688,0.4446794137736925,-1.0832851109512964
-0.1401098514754074,0.4870285058378622,-0.21303769768270914,0.5154507994485168,1.672543794926189,-0.18935256184712382,0.5154507994485168,1.034871877633807,-0.358145440323592,1.2667544949459906,1.5129284694496405,-0.06589759600423688,0.4446794137736925,-0.9989390213668488
-0.1401098514754074,0.4870285058378622,-0.21303769768270914,-0.5090791928416813,-0.8024484737087255,-0.18935256184712382,-0.5090791928416813,-0.966303193286565,-0.358145440323592,0.5558682612033757,-0.2544884306547635,-0.06589759600423688,-0.8382842205939496,0.4349445015687626
-0.1401098514754074,0.4870285058378622,3.719786198478163,0.3105448009904772,1.672543794926189,-0.18935256184712382,0.3105448009904772,1.034871877633807,2.792161751651698,0.5558682612033757,1.5129284694496405,-0.07922038380196421,1.7276430481413345,-1.0832851109512964
-0.1401098514754074,-2.053267905293714,-0.21303769768270914,-0.30417319438364177,-0.8024484737087255,-0.18935256184712382,-0.30417319438364177,1.034871877633807,-0.358145440323592,-0.8659042062818543,-0.2544884306547635,-0.06589759600423688,-0.8382842205939496,-0.32417030469126695
-0.1401098514754074,0.4870285058378622,-0.21303769768270914,-0.30417319438364177,0.4350476606087318,-0.18935256184712382,-0.30417319438364177,-0.966303193286565,-0.358145440323592,-0.8659042062818543,-0.2544884306547635,-0.00854614825704895,1.7276430481413345,1.8688280245043738
-0.1401098514754074,0.4870285058378622,-0.21303769768270914,0.10563880253243754,-0.8024484737087255,-0.18935256184712382,0.10563880253243754,-0.966303193286565,-0.358145440323592,-0.8659042062818543,-0.2544884306547635,4.290654013852602,-0.8382842205939496,-0.4085163942757147
-0.1401098514754074,0.4870285058378622,-0.21303769768270914,-0.5090791928416813,0.4350476606087318,-0.18935256184712382,-0.5090791928416813,-0.966303193286565,-0.358145440323592,2.6885269624312205,-0.2544884306547635,-0.38564450314969295,-0.8382842205939496,2.037520203673269
-0.1401098514754074,0.4870285058378622,-0.21303769768270914,1.1301687948226358,1.672543794926189,2.103311910014095,1.1301687948226358,1.034871877633807,-0.358145440323592,-0.8659042062818543,1.5129284694496405,-0.06589759600423688,1.7276430481413345,-0.9145929317824011
-0.1401098514754074,0.4870285058378622,-0.21303769768270914,1.1301687948226358,-0.8024484737087255,2.103311910014095,1.1301687948226358,1.034871877633807,2.792161751651698,-0.8659042062818543,-0.2544884306547635,-0.06589759600423688,0.4446794137736925,-0.4085163942757147
-0.1401098514754074,0.4870285058378622,-0.21303769768270914,-0.713985191299721,1.672543794926189,-0.18935256184712382,-0.713985191299721,1.034871877633807,-0.358145440323592,-0.8659042062818543,-2.0219053307591675,-0.06589759600423688,0.4446794137736925,-1.1676312005357443
-0.1401098514754074,0.4870285058378622,-0.21303769768270914,0.10563880253243754,-0.8024484737087255,-0.18935256184712382,0.10563880253243754,1.034871877633807,-0.358145440323592,0.5558682612033757,-0.2544884306547635,-0.06589759600423688,0.4446794137736925,-0.07113203593792379
-0.1401098514754074,0.4870285058378622,-0.21303769768270914,-0.713985191299721,0.4350476606087318,-0.18935256184712382,-0.713985191299721,-0.966303193286565,-0.358145440323592,0.5558682612033757,-0.2544884306547635,-0.06589759600423688,-0.8382842205939496,1.3627514869976876
-0.1401098514754074,0.4870285058378622,-0.21303769768270914,-0.713985191299721,-0.8024484737087255,-0.18935256184712382,-0.713985191299721,-0.966303193286565,-0.358145440323592,-0.8659042062818543,1.5129284694496405,-0.06589759600423688,0.4446794137736925,-0.6615546630290579
-0.1401098514754074,0.4870285058378622,-0.21303769768270914,-0.5090791928416813,1.672543794926189,2.103311910014095,-0.5090791928416813,-0.966303193286565,-0.358145440323592,-0.8659042062818543,-2.0219053307591675,9.126825984427626,1.7276430481413345,-0.9989390213668488
-0.1401098514754074,-2.053267905293714,-0.21303769768270914,-0.0992671959256021,-0.8024484737087255,-0.18935256184712382,-0.0992671959256021,1.034871877633807,-0.358145440323592,0.5558682612033757,-0.2544884306547635,-0.05257480820650953,0.4446794137736925,-0.4085163942757147
-0.1401098514754074,0.4870285058378622,-0.21303769768270914,1.3350747932806755,-0.8024484737087255,-0.18935256184712382,1.3350747932806755,1.034871877633807,-0.358145440323592,-0.8659042062818543,-0.2544884306547635,-0.15915711058832824,0.4446794137736925,-0.32417030469126695
-0.1401098514754074,0.4870285058378622,-0.21303769768270914,-0.713985191299721,1.672543794926189,-0.18935256184712382,-0.713985191299721,-0.966303193286565,-0.358145440323592,-0.8659042062818543,1.5129284694496405,-0.05257480820650953,0.4446794137736925,-1.0832851109512964
-0.1401098514754074,0.4870285058378622,-0.21303769768270914,0.3105448009904772,-0.8024484737087255,-0.18935256184712382,0.3105448009904772,1.034871877633807,-0.358145440323592,-0.8659042062818543,1.5129284694496405,-0.05257480820650953,1.7276430481413345,-0.15547812552237153
-0.1401098514754074,0.4870285058378622,-0.21303769768270914,-0.30417319438364177,-0.8024484737087255,-0.18935256184712382,-0.30417319438364177,1.034871877633807,-0.358145440323592,0.5558682612033757,-0.2544884306547635,-0.07922038380196421,-0.8382842205939496,0.35059841198431485
-0.1401098514754074,-2.053267905293714,-0.21303769768270914,-0.713985191299721,-0.8024484737087255,-0.18935256184712382,-0.713985191299721,-0.966303193286565,-0.358145440323592,2.6885269624312205,-0.2544884306547635,-0.06589759600423688,-0.8382842205939496,-0.23982421510681926
-0.1401098514754074,-2.053267905293714,-0.21303769768270914,-0.713985191299721,-0.8024484737087255,-0.18935256184712382,-0.713985191299721,1.034871877633807,-0.358145440323592,0.5558682612033757,-0.2544884306547635,-0.06589759600423688,-0.8382842205939496,-0.6615546630290579
-0.1401098514754074,0.4870285058378622,-0.21303769768270914,0.9252627963645961,-0.8024484737087255,4.395976381875314,0.9252627963645961,1.034871877633807,2.792161751651698,-0.8659042062818543,-2.0219053307591675,-0.06589759600423688,1.7276430481413345,-0.32417030469126695
-0.1401098514754074,0.4870285058378622,-0.21303769768270914,-0.30417319438364177,-0.8024484737087255,-0.18935256184712382,-0.30417319438364177,1.034871877633807,-0.358145440323592,-0.8659042062818543,-0.2544884306547635,-0.06589759600423688,-0.8382842205939496,-0.7459007526135056
-0.1401098514754074,0.4870285058378622,-0.21303769768270914,0.10563880253243754,-0.8024484737087255,-0.18935256184712382,0.10563880253243754,1.034871877633807,-0.358145440323592,2.6885269624312205,-0.2544884306547635,-0.06589759600423688,-0.8382842205939496,0.4349445015687626
-0.1401098514754074,0.4870285058378622,-0.21303769768270914,-0.713985191299721,1.672543794926189,-0.18935256184712382,-0.713985191299721,1.034871877633807,2.792161751651698,0.5558682612033757,1.5129284694496405,-0.06589759600423688,1.7276430481413345,-1.1676312005357443
-0.1401098514754074,0.4870285058378622,-0.21303769768270914,-0.30417319438364177,-0.8024484737087255,-0.18935256184712382,-0.30417319438364177,-0.966303193286565,-0.358145440323592,-0.8659042062818543,-0.2544884306547635,-0.06589759600423688,-0.8382842205939496,0.4349445015687626
-0.1401098514754074,0.4870285058378622,-0.21303769768270914,-0.5090791928416813,0.4350476606087318,-0.18935256184712382,-0.5090791928416813,1.034871877633807,-0.358145440323592,-0.8659042062818543,-0.2544884306547635,1.5594825153184981,-0.8382842205939496,0.8566749494910012
-0.1401098514754074,0.4870285058378622,1.7533742503977268,-0.30417319438364177,-0.8024484737087255,-0.18935256184712382,-0.30417319438364177,-0.966303193286565,-0.358145440323592,-0.8659042062818543,-0.2544884306547635,-0.1458343227906009,-0.8382842205939496,-0.7459007526135056
-0.1401098514754074,0.4870285058378622,-0.21303769768270914,-0.713985191299721,-0.8024484737087255,-0.18935256184712382,-0.713985191299721,1.034871877633807,-0.358145440323592,0.5558682612033757,-0.2544884306547635,-0.06589759600423688,-0.8382842205939496,-0.07113203593792379
-0.1401098514754074,0.4870285058378622,-0.21303769768270914,4.40866477015127,0.4350476606087318,-0.18935256184712382,4.40866477015127,-0.966303193286565,-0.358145440323592,-0.8659042062818543,-0.2544884306547635,-0.06589759600423688,0.4446794137736925,2.206212382842165
-0.1401098514754074,0.4870285058378622,-0.21303769768270914,0.10563880253243754,0.4350476606087318,-0.18935256184712382,0.10563880253243754,-0.966303193286565,-0.358145440323592,0.5558682612033757,-0.2544884306547635,-0.3989672909474203,-0.8382842205939496,1.3627514869976876
-0.1401098514754074,0.4870285058378622,-0.21303769768270914,-0.5090791928416813,-0.8024484737087255,-0.18935256184712382,-0.5090791928416813,-0.966303193286565,-0.358145440323592,1.2667544949459906,-0.2544884306547635,-0.06589759600423688,-0.8382842205939496,-0.07113203593792379
-0.1401098514754074,0.4870285058378622,-0.21303769768270914,-0.5090791928416813,1.672543794926189,2.103311910014095,-0.5090791928416813,1.034871877633807,2.792161751651698,-0.8659042062818543,-2.0219053307591675,-0.05257480820650953,1.7276430481413345,-1.251977290120192
-0.1401098514754074,0.4870285058378622,-0.21303769768270914,-0.5090791928416813,-0.8024484737087255,-0.18935256184712382,-0.5090791928416813,1.034871877633807,2.792161751651698,0.5558682612033757,-0.2544884306547635,-0.06589759600423688,-0.8382842205939496,0.2662523223998671
-0.1401098514754074,0.4870285058378622,1.7533742503977268,-0.30417319438364177,1.672543794926189,-0.18935256184712382,-0.30417319438364177,1.034871877633807,-0.358145440323592,-0.8659042062818543,-2.0219053307591675,-0.06589759600423688,1.7276430481413345,-1.251977290120192
-0.1401098514754074,0.4870285058378622,-0.21303769768270914,-0.5090791928416813,-0.8024484737087255,-0.18935256184712382,-0.5090791928416813,-0.966303193286565,-0.358145440323592,1.2667544949459906,-0.2544884306547635,-0.06589759600423688,-0.8382842205939496,-0.5772085734446102
-0.1401098514754074,0.4870285058378622,-0.21303769768270914,-0.0992671959256021,-0.8024484737087255,-0.18935256184712382,-0.0992671959256021,1.034871877633807,-0.358145440323592,-0.8659042062818543,1.5129284694496405,-0.00854614825704895,1.7276430481413345,-0.8302468421979533
-0.1401098514754074,-2.053267905293714,-0.21303769768270914,-0.713985191299721,-0.8024484737087255,-0.18935256184712382,-0.713985191299721,-0.966303193286565,-0.358145440323592,-0.8659042062818543,-0.2544884306547635,-0.05257480820650953,-0.8382842205939496,0.09756014323097166
-0.1401098514754074,-2.053267905293714,-0.21303769768270914,-0.30417319438364177,-0.8024484737087255,-0.18935256184712382,-0.30417319438364177,-0.966303193286565,-0.358145440323592,-0.8659042062818543,-0.2544884306547635,-0.06589759600423688,0.4446794137736925,-0.4085163942757147
-0.1401098514754074,-2.053267905293714,-0.21303769768270914,-0.713985191299721,0.4350476606087318,-0.18935256184712382,-0.713985191299721,-0.966303193286565,-0.358145440323592,-0.8659042062818543,-0.2544884306547635,-0.06589759600423688,-0.8382842205939496,3.3027115474399853
-0.1401098514754074,-2.053267905293714,-0.21303769768270914,-0.5090791928416813,-0.8024484737087255,-0.18935256184712382,-0.5090791928416813,-0.966303193286565,-0.358145440323592,-0.8659042062818543,-0.2544884306547635,-0.06589759600423688,-0.8382842205939496,-0.15547812552237153
-0.1401098514754074,0.4870285058378622,-0.21303769768270914,-0.713985191299721,-0.8024484737087255,-0.18935256184712382,-0.713985191299721,-0.966303193286565,-0.358145440323592,-0.8659042062818543,-0.2544884306547635,-0.05257480820650953,-0.8382842205939496,-0.7459007526135056
-0.1401098514754074,0.4870285058378622,-0.21303769768270914,-0.30417319438364177,0.4350476606087318,-0.18935256184712382,-0.30417319438364177,-0.966303193286565,-0.358145440323592,-0.8659042062818543,-0.2544884306547635,-0.06589759600423688,-0.8382842205939496,1.3627514869976876
-0.1401098514754074,0.4870285058378622,-0.21303769768270914,-0.713985191299721,1.672543794926189,-0.18935256184712382,-0.713985191299721,-0.966303193286565,-0.358145440323592,-0.8659042062818543,-0.2544884306547635,-0.06589759600423688,-0.8382842205939496,-0.9145929317824011
-0.1401098514754074,0.4870285058378622,-0.21303769768270914,-0.5090791928416813,-0.8024484737087255,-0.18935256184712382,-0.5090791928416813,-0.966303193286565,-0.358145440323592,1.2667544949459906,-0.2544884306547635,-0.05257480820650953,-0.8382842205939496,0.09756014323097166
-0.1401098514754074,0.4870285058378622,-0.21303769768270914,-0.0992671959256021,-0.8024484737087255,-0.18935256184712382,-0.0992671959256021,1.034871877633807,-0.358145440323592,-0.8659042062818543,-0.2544884306547635,-0.06589759600423688,-0.8382842205939496,-0.8302468421979533
-0.1401098514754074,0.4870285058378622,-0.21303769768270914,2.3596047855708737,-0.8024484737087255,2.103311910014095,2.3596047855708737,1.034871877633807,-0.358145440323592,0.5558682612033757,-2.0219053307591675,-0.05257480820650953,1.7276430481413345,-0.23982421510681926
-0.1401098514754074,0.4870285058378622,-0.21303769768270914,-0.713985191299721,-0.8024484737087255,-0.18935256184712382,-0.713985191299721,1.034871877633807,-0.358145440323592,0.5558682612033757,-0.2544884306547635,-0.05257480820650953,-0.8382842205939496,0.2662523223998671
-0.1401098514754074,0.4870285058378622,-0.21303769768270914,0.9252627963645961,-0.8024484737087255,-0.18935256184712382,0.9252627963645961,1.034871877633807,-0.358145440323592,0.5558682612033757,-2.0219053307591675,-0.42561286654287495,1.7276430481413345,0.4349445015687626
-0.1401098514754074,0.4870285058378622,-0.21303769768270914,-0.713985191299721,0.4350476606087318,-0.18935256184712382,-0.713985191299721,-0.966303193286565,-0.358145440323592,1.2667544949459906,-0.2544884306547635,-0.10586595939741889,-0.8382842205939496,1.0253671286598967
-0.1401098514754074,0.4870285058378622,-0.21303769768270914,-0.5090791928416813,-0.8024484737087255,-0.18935256184712382,-0.5090791928416813,-0.966303193286565,-0.358145440323592,0.5558682612033757,-0.2544884306547635,-0.10586595939741889,-0.8382842205939496,0.35059841198431485
-0.1401098514754074,0.4870285058378622,-0.21303769768270914,-0.5090791928416813,0.4350476606087318,-0.18935256184712382,-0.5090791928416813,-0.966303193286565,-0.358145440323592,0.5558682612033757,-0.2544884306547635,-0.10586595939741889,-0.8382842205939496,1.2784053974132399
-0.1401098514754074,0.4870285058378622,-0.21303769768270914,2.769416782486953,-0.8024484737087255,-0.18935256184712382,2.769416782486953,-0.966303193286565,-0.358145440323592,-0.8659042062818543,-0.2544884306547635,-0.06589759600423688,1.7276430481413345,0.18190623281541937
-0.1401098514754074,0.4870285058378622,-0.21303769768270914,-0.0992671959256021,0.4350476606087318,-0.18935256184712382,-0.0992671959256021,1.034871877633807,2.792161751651698,0.5558682612033757,-0.2544884306547635,-0.06589759600423688,-0.8382842205939496,1.6157897557510308
-0.1401098514754074,-2.053267905293714,-0.21303769768270914,1.1301687948226358,1.672543794926189,-0.18935256184712382,1.1301687948226358,1.034871877633807,-0.358145440323592,0.5558682612033757,-2.0219053307591675,-0.06589759600423688,1.7276430481413345,-0.9145929317824011
1.8868661946544836,0.4870285058378622,-0.21303769768270914,0.10563880253243754,1.672543794926189,-0.18935256184712382,0.10563880253243754,1.034871877633807,-0.358145440323592,1.2667544949459906,-2.0219053307591675,-0.06589759600423688,1.7276430481413345,-1.1676312005357443
-0.1401098514754074,0.4870285058378622,-0.21303769768270914,0.9252627963645961,0.4350476606087318,-0.18935256184712382,0.9252627963645961,-0.966303193286565,-0.358145440323592,0.5558682612033757,-0.2544884306547635,-0.06589759600423688,-0.8382842205939496,1.531443666166583
-0.1401098514754074,0.4870285058378622,-0.21303769768270914,0.5154507994485168,-0.8024484737087255,-0.18935256184712382,0.5154507994485168,1.034871877633807,-0.358145440323592,-0.8659042062818543,-2.0219053307591675,-0.7720053492837857,1.7276430481413345,-0.32417030469126695
-0.1401098514754074,0.4870285058378622,-0.21303769768270914,-0.713985191299721,-0.8024484737087255,-0.18935256184712382,-0.713985191299721,-0.966303193286565,-0.358145440323592,-0.8659042062818543,1.5129284694496405,-0.06589759600423688,0.4446794137736925,0.603636680737658
-0.1401098514754074,0.4870285058378622,1.7533742503977268,4.203758771693231,-0.8024484737087255,2.103311910014095,4.203758771693231,1.034871877633807,-0.358145440323592,-0.8659042062818543,1.5129284694496405,-0.06589759600423688,1.7276430481413345,0.4349445015687626
-0.1401098514754074,0.4870285058378622,-0.21303769768270914,-0.30417319438364177,-0.8024484737087255,-0.18935256184712382,-0.30417319438364177,1.034871877633807,2.792161751651698,-0.8659042062818543,1.5129284694496405,-0.05257480820650953,0.4446794137736925,-0.6615546630290579
-0.1401098514754074,0.4870285058378622,-0.21303769768270914,0.9252627963645961,-0.8024484737087255,-0.18935256184712382,0.9252627963645961,1.034871877633807,2.792161751651698,-0.8659042062818543,-2.0219053307591675,-0.06589759600423688,1.7276430481413345,-0.8302468421979533
-0.1401098514754074,0.4870285058378622,-0.21303769768270914,1.9497927886547946,-0.8024484737087255,-0.18935256184712382,1.9497927886547946,1.034871877633807,2.792161751651698,-0.8659042062818543,1.5129284694496405,-0.06589759600423688,1.7276430481413345,-0.4085163942757147
-0.1401098514754074,-2.053267905293714,-0.21303769768270914,-0.30417319438364177,-0.8024484737087255,-0.18935256184712382,-0.30417319438364177,-0.966303193286565,-0.358145440323592,-0.8659042062818543,-0.2544884306547635,-0.00854614825704895,0.4446794137736925,-0.6615546630290579
-0.1401098514754074,0.4870285058378622,-0.21303769768270914,-0.713985191299721,1.672543794926189,-0.18935256184712382,-0.713985191299721,1.034871877633807,-0.358145440323592,0.5558682612033757,1.5129284694496405,-0.06589759600423688,-0.8382842205939496,-0.9989390213668488
-0.1401098514754074,0.4870285058378622,-0.21303769768270914,-0.713985191299721,-0.8024484737087255,-0.18935256184712382,-0.713985191299721,-0.966303193286565,-0.358145440323592,1.2667544949459906,1.5129284694496405,-0.06589759600423688,1.7276430481413345,-0.6615546630290579
1.8868661946544836,0.4870285058378622,-0.21303769768270914,0.7203567979065565,-0.8024484737087255,-0.18935256184712382,0.7203567979065565,1.034871877633807,-0.358145440323592,-0.8659042062818543,1.5129284694496405,-0.625454683508785,1.7276430481413345,-0.7459007526135056
-0.1401098514754074,0.4870285058378622,1.7533742503977268,-0.5090791928416813,1.672543794926189,-0.18935256184712382,-0.5090791928416813,1.034871877633807,-0.358145440323592,0.5558682612033757,1.5129284694496405,-0.05257480820650953,0.4446794137736925,-0.9989390213668488
-0.1401098514754074,0.4870285058378622,-0.21303769768270914,-0.30417319438364177,1.672543794926189,-0.18935256184712382,-0.30417319438364177,1.034871877633807,-0.358145440323592,-0.8659042062818543,-0.2544884306547635,-0.06589759600423688,-0.8382842205939496,-0.9989390213668488
-0.1401098514754074,0.4870285058378622,1.7533742503977268,-0.0992671959256021,1.672543794926189,2.103311910014095,-0.0992671959256021,1.034871877633807,-0.358145440323592,0.5558682612033757,1.5129284694496405,-0.05257480820650953,-0.8382842205939496,-1.0832851109512964
-0.1401098514754074,0.4870285058378622,-0.21303769768270914,-0.713985191299721,0.4350476606087318,-0.18935256184712382,-0.713985191299721,-0.966303193286565,-0.358145440323592,-0.8659042062818543,-0.2544884306547635,-0.06589759600423688,-0.8382842205939496,2.037520203673269
-0.1401098514754074,0.4870285058378622,-0.21303769768270914,-0.5090791928416813,-0.8024484737087255,-0.18935256184712382,-0.5090791928416813,-0.966303193286565,-0.358145440323592,-0.8659042062818543,-0.2544884306547635,-0.06589759600423688,-0.8382842205939496,0.013214053646523933
-0.1401098514754074,0.4870285058378622,-0.21303769768270914,-0.0992671959256021,-0.8024484737087255,2.103311910014095,-0.0992671959256021,1.034871877633807,-0.358145440323592,0.5558682612033757,-0.2544884306547635,4.170748923673056,-0.8382842205939496,0.35059841198431485
-0.1401098514754074,0.4870285058378622,-0.21303769768270914,-0.713985191299721,1.672543794926189,-0.18935256184712382,-0.713985191299721,1.034871877633807,2.792161751651698,-0.8659042062818543,-2.0219053307591675,-0.06589759600423688,1.7276430481413345,-0.9145929317824011
-0.1401098514754074,0.4870285058378622,-0.21303769768270914,0.7203567979065565,-0.8024484737087255,-0.18935256184712382,0.7203567979065565,-0.966303193286565,-0.358145440323592,-0.8659042062818543,1.5129284694496405,-0.7053914102951491,1.7276430481413345,-0.7459007526135056
-0.1401098514754074,-2.053267905293714,-0.21303769768270914,-0.5090791928416813,0.4350476606087318,-0.18935256184712382,-0.5090791928416813,-0.966303193286565,-0.358145440323592,1.2667544949459906,-0.2544884306547635,-4.648936598422441,0.4446794137736925,1.9531741140888217
-0.1401098514754074,0.4870285058378622,-0.21303769768270914,1.9497927886547946,0.4350476606087318,-0.18935256184712382,1.9497927886547946,-0.966303193286565,-0.358145440323592,-0.8659042062818543,-0.2544884306547635,-0.00854614825704895,0.4446794137736925,1.6157897557510308
-0.1401098514754074,0.4870285058378622,1.7533742503977268,-0.713985191299721,1.672543794926189,-0.18935256184712382,-0.713985191299721,-0.966303193286565,-0.358145440323592,0.5558682612033757,1.5129284694496405,-0.06589759600423688,-0.8382842205939496,-1.0832851109512964
-0.1401098514754074,-2.053267905293714,-0.21303769768270914,-0.713985191299721,-0.8024484737087255,-0.18935256184712382,-0.713985191299721,-0.966303193286565,-0.358145440323592,-0.8659042062818543,-0.2544884306547635,-0.06589759600423688,-0.8382842205939496,0.5192905911532103
-0.1401098514754074,-2.053267905293714,-0.21303769768270914,-0.713985191299721,-0.8024484737087255,-0.18935256184712382,-0.713985191299721,-0.966303193286565,-0.358145440323592,-0.8659042062818543,-0.2544884306547635,-0.06589759600423688,-0.8382842205939496,-0.32417030469126695
-0.1401098514754074,0.4870285058378622,-0.21303769768270914,-0.30417319438364177,1.672543794926189,-0.18935256184712382,-0.30417319438364177,-0.966303193286565,-0.358145440323592,-0.8659042062818543,1.5129284694496405,-0.9052332272610591,0.4446794137736925,-1.0832851109512964
-0.1401098514754074,0.4870285058378622,-0.21303769768270914,-0.5090791928416813,0.4350476606087318,-0.18935256184712382,-0.5090791928416813,1.034871877633807,-0.358145440323592,1.2667544949459906,-0.2544884306547635,-0.07922038380196421,-0.8382842205939496,2.037520203673269
-0.1401098514754074,-2.053267905293714,-0.21303769768270914,-0.30417319438364177,-0.8024484737087255,-0.18935256184712382,-0.30417319438364177,-0.966303193286565,-0.358145440323592,-0.8659042062818543,-0.2544884306547635,-0.06589759600423688,-0.8382842205939496,0.4349445015687626
-0.1401098514754074,0.4870285058378622,-0.21303769768270914,-0.713985191299721,1.672543794926189,-0.18935256184712382,-0.713985191299721,1.034871877633807,2.792161751651698,-0.8659042062818543,-0.2544884306547635,-0.06589759600423688,0.4446794137736925,-0.9145929317824011
-0.1401098514754074,0.4870285058378622,-0.21303769768270914,-0.713985191299721,-0.8024484737087255,-0.18935256184712382,-0.713985191299721,-0.966303193286565,-0.358145440323592,-0.8659042062818543,-0.2544884306547635,-0.06589759600423688,-0.8382842205939496,-0.7459007526135056
-0.1401098514754074,0.4870285058378622,-0.21303769768270914,-0.5090791928416813,-0.8024484737087255,-0.18935256184712382,-0.5090791928416813,1.034871877633807,-0.358145440323592,1.2667544949459906,-2.0219053307591675,-0.06589759600423688,1.7276430481413345,-0.32417030469126695
-0.1401098514754074,0.4870285058378622,-0.21303769768270914,-0.30417319438364177,0.4350476606087318,-0.18935256184712382,-0.30417319438364177,-0.966303193286565,-0.358145440323592,0.5558682612033757,-0.2544884306547635,-0.06589759600423688,-0.8382842205939496,1.4470975765821352
-0.1401098514754074,-2.053267905293714,-0.21303769768270914,-0.713985191299721,1.672543794926189,-0.18935256184712382,-0.713985191299721,1.034871877633807,2.792161751651698,0.5558682612033757,1.5129284694496405,-0.06589759600423688,0.4446794137736925,-1.1676312005357443
-0.1401098514754074,0.4870285058378622,-0.21303769768270914,1.3350747932806755,0.4350476606087318,-0.18935256184712382,1.3350747932806755,1.034871877633807,-0.358145440323592,-0.8659042062818543,-0.2544884306547635,-0.09254317159969154,-0.8382842205939496,1.9531741140888217
-0.1401098514754074,-2.053267905293714,-0.21303769768270914,-0.30417319438364177,-0.8024484737087255,-0.18935256184712382,-0.30417319438364177,-0.966303193286565,-0.358145440323592,-0.8659042062818543,-2.0219053307591675,-0.00854614825704895,1.7276430481413345,-0.7459007526135056
-0.1401098514754074,0.4870285058378622,-0.21303769768270914,-0.30417319438364177,-0.8024484737087255,-0.18935256184712382,-0.30417319438364177,1.034871877633807,-0.358145440323592,-0.8659042062818543,-0.2544884306547635,-0.06589759600423688,0.4446794137736925,-0.32417030469126695
-0.1401098514754074,0.4870285058378622,-0.21303769768270914,-0.30417319438364177,-0.8024484737087255,-0.18935256184712382,-0.30417319438364177,-0.966303193286565,-0.358145440323592,-0.8659042062818543,-0.2544884306547635,-0.05257480820650953,-0.8382842205939496,-0.6615546630290579
-0.1401098514754074,-2.053267905293714,-0.21303769768270914,-0.713985191299721,-0.8024484737087255,-0.18935256184712382,-0.713985191299721,1.034871877633807,2.792161751651698,-0.8659042062818543,-0.2544884306547635,-0.05257480820650953,-0.8382842205939496,-0.23982421510681926
-0.1401098514754074,-2.053267905293714,-0.21303769768270914,-0.713985191299721,1.672543794926189,-0.18935256184712382,-0.713985191299721,-0.966303193286565,-0.358145440323592,-0.8659042062818543,1.5129284694496405,-0.06589759600423688,0.4446794137736925,-0.9145929317824011
-0.1401098514754074,0.4870285058378622,-0.21303769768270914,-0.713985191299721,0.4350476606087318,-0.18935256184712382,-0.713985191299721,-0.966303193286565,-0.358145440323592,-0.8659042062818543,-0.2544884306547635,-0.05257480820650953,-0.8382842205939496,1.2784053974132399
-0.1401098514754074,0.4870285058378622,-0.21303769768270914,-0.5090791928416813,-0.8024484737087255,-0.18935256184712382,-0.5090791928416813,-0.966303193286565,-0.358145440323592,-0.8659042062818543,-0.2544884306547635,-0.09254317159969154,-0.8382842205939496,-0.07113203593792379
-0.1401098514754074,0.4870285058378622,1.7533742503977268,0.5154507994485168,1.672543794926189,6.688640853736533,0.5154507994485168,1.034871877633807,-0.358145440323592,-0.8659042062818543,1.5129284694496405,-0.06589759600423688,1.7276430481413345,-0.9989390213668488
-0.1401098514754074,-2.053267905293714,-0.21303769768270914,-0.713985191299721,1.672543794926189,-0.18935256184712382,-0.713985191299721,1.034871877633807,-0.358145440323592,-0.8659042062818543,-0.2544884306547635,-0.05257480820650953,-0.8382842205939496,-0.9989390213668488
-0.1401098514754074,0.4870285058378622,-0.21303769768270914,-0.30417319438364177,-0.8024484737087255,-0.18935256184712382,-0.30417319438364177,1.034871877633807,-0.358145440323592,0.5558682612033757,-0.2544884306547635,-0.00854614825704895,-0.8382842205939496,-0.15547812552237153
-0.1401098514754074,0.4870285058378622,-0.21303769768270914,3.7939467747771514,0.4350476606087318,-0.18935256184712382,3.7939467747771514,1.034871877633807,-0.358145440323592,-0.8659042062818543,1.5129284694496405,3.571223472775326,1.7276430481413345,2.3749045620110603
-0.1401098514754074,-2.053267905293714,-0.21303769768270914,1.3350747932806755,-0.8024484737087255,-0.18935256184712382,1.3350747932806755,1.034871877633807,-0.358145440323592,-0.8659042062818543,-0.2544884306547635,0.14726700875940052,0.4446794137736925,-0.5772085734446102
-0.1401098514754074,0.4870285058378622,-0.21303769768270914,-0.5090791928416813,0.4350476606087318,-0.18935256184712382,-0.5090791928416813,-0.966303193286565,-0.358145440323592,0.5558682612033757,-0.2544884306547635,4.357267952841239,-0.8382842205939496,2.6279428307644035
-0.1401098514754074,0.4870285058378622,-0.21303769768270914,-0.5090791928416813,-0.8024484737087255,-0.18935256184712382,-0.5090791928416813,1.034871877633807,2.792161751651698,0.5558682612033757,-2.0219053307591675,-0.625454683508785,0.4446794137736925,-0.6615546630290579
-0.1401098514754074,0.4870285058378622,-0.21303769768270914,-0.713985191299721,-0.8024484737087255,-0.18935256184712382,-0.713985191299721,1.034871877633807,2.792161751651698,0.5558682612033757,-0.2544884306547635,-0.06589759600423688,-0.8382842205939496,-0.5772085734446102
-0.1401098514754074,0.4870285058378622,-0.21303769768270914,0.5154507994485168,-0.8024484737087255,-0.18935256184712382,0.5154507994485168,1.034871877633807,-0.358145440323592,-0.8659042062818543,-0.2544884306547635,-0.05257480820650953,1.7276430481413345,-0.7459007526135056
-0.1401098514754074,0.4870285058378622,1.7533742503977268,0.5154507994485168,-0.8024484737087255,-0.18935256184712382,0.5154507994485168,1.034871877633807,-0.358145440323592,-0.8659042062818543,-0.2544884306547635,-0.05257480820650953,0.4446794137736925,-0.4085163942757147
-0.1401098514754074,0.4870285058378622,-0.21303769768270914,-0.0992671959256021,1.672543794926189,4.395976381875314,-0.0992671959256021,1.034871877633807,-0.358145440323592,-0.8659042062818543,1.5129284694496405,-0.06589759600423688,-0.8382842205939496,-1.3363233797046397
-0.1401098514754074,0.4870285058378622,-0.21303769768270914,-0.30417319438364177,-0.8024484737087255,-0.18935256184712382,-0.30417319438364177,1.034871877633807,-0.358145440323592,2.6885269624312205,-0.2544884306547635,-0.06589759600423688,-0.8382842205939496,-0.4928624838601624
-0.1401098514754074,0.4870285058378622,-0.21303769768270914,0.10563880253243754,-0.8024484737087255,-0.18935256184712382,0.10563880253243754,1.034871877633807,2.792161751651698,2.6885269624312205,-0.2544884306547635,-0.06589759600423688,-0.8382842205939496,-0.4928624838601624
-0.1401098514754074,0.4870285058378622,-0.21303769768270914,-0.5090791928416813,-0.8024484737087255,-0.18935256184712382,-0.5090791928416813,-0.966303193286565,-0.358145440323592,2.6885269624312205,-0.2544884306547635,-0.06589759600423688,-0.8382842205939496,0.4349445015687626
-0.1401098514754074,0.4870285058378622,-0.21303769768270914,-0.713985191299721,0.4350476606087318,-0.18935256184712382,-0.713985191299721,-0.966303193286565,-0.358145440323592,0.5558682612033757,-0.2544884306547635,-0.05257480820650953,-0.8382842205939496,1.3627514869976876
-0.1401098514754074,0.4870285058378622,-0.21303769768270914,-0.713985191299721,-0.8024484737087255,-0.18935256184712382,-0.713985191299721,-0.966303193286565,-0.358145440323592,0.5558682612033757,-0.2544884306547635,-0.05257480820650953,-0.8382842205939496,-0.6615546630290579
-0.1401098514754074,0.4870285058378622,-0.21303769768270914,-0.713985191299721,-0.8024484737087255,-0.18935256184712382,-0.713985191299721,1.034871877633807,2.792161751651698,2.6885269624312205,-0.2544884306547635,-0.06589759600423688,-0.8382842205939496,-0.8302468421979533
-0.1401098514754074,0.4870285058378622,-0.21303769768270914,-0.0992671959256021,-0.8024484737087255,-0.18935256184712382,-0.0992671959256021,-0.966303193286565,-0.358145440323592,2.6885269624312205,-0.2544884306547635,-0.06589759600423688,-0.8382842205939496,0.6879827703221058
-0.1401098514754074,0.4870285058378622,-0.21303769768270914,-0.713985191299721,-0.8024484737087255,-0.18935256184712382,-0.713985191299721,-0.966303193286565,-0.358145440323592,-0.8659042062818543,-0.2544884306547635,-0.05257480820650953,-0.8382842205939496,-0.4928624838601624
-0.1401098514754074,0.4870285058378622,-0.21303769768270914,-0.713985191299721,1.672543794926189,-0.18935256184712382,-0.713985191299721,-0.966303193286565,-0.358145440323592,-0.8659042062818543,-0.2544884306547635,-0.05257480820650953,-0.8382842205939496,-0.9145929317824011
-0.1401098514754074,0.4870285058378622,-0.21303769768270914,0.3105448009904772,0.4350476606087318,-0.18935256184712382,0.3105448009904772,1.034871877633807,-0.358145440323592,-0.8659042062818543,-0.2544884306547635,-0.06589759600423688,-0.8382842205939496,1.7001358453354785
-0.1401098514754074,0.4870285058378622,-0.21303769768270914,0.10563880253243754,-0.8024484737087255,-0.18935256184712382,0.10563880253243754,1.034871877633807,-0.358145440323592,-0.8659042062818543,-0.2544884306547635,-0.06589759600423688,-0.8382842205939496,0.2662523223998671
-0.1401098514754074,-2.053267905293714,-0.21303769768270914,-0.30417319438364177,-0.8024484737087255,-0.18935256184712382,-0.30417319438364177,-0.966303193286565,-0.358145440323592,2.6885269624312205,-0.2544884306547635,-0.06589759600423688,-0.8382842205939496,0.18190623281541937
-0.1401098514754074,0.4870285058378622,-0.21303769768270914,-0.30417319438364177,-0.8024484737087255,-0.18935256184712382,-0.30417319438364177,1.034871877633807,-0.358145440323592,2.6885269624312205,-0.2544884306547635,-0.06589759600423688,-0.8382842205939496,0.6879827703221058
-0.1401098514754074,0.4870285058378622,-0.21303769768270914,0.3105448009904772,-0.8024484737087255,-0.18935256184712382,0.3105448009904772,-0.966303193286565,-0.358145440323592,0.5558682612033757,-0.2544884306547635,-0.47890401773378427,0.4446794137736925,-0.15547812552237153
-0.1401098514754074,0.4870285058378622,-0.21303769768270914,0.10563880253243754,-0.8024484737087255,-0.18935256184712382,0.10563880253243754,-0.966303193286565,-0.358145440323592,-0.8659042062818543,-0.2544884306547635,-0.06589759600423688,1.7276430481413345,-0.4085163942757147
-0.1401098514754074,0.4870285058378622,-0.21303769768270914,-0.713985191299721,-0.8024484737087255,-0.18935256184712382,-0.713985191299721,-0.966303193286565,-0.358145440323592,-0.8659042062818543,-0.2544884306547635,-0.06589759600423688,-0.8382842205939496,-0.4085163942757147
-0.1401098514754074,0.4870285058378622,-0.21303769768270914,-0.30417319438364177,0.4350476606087318,-0.18935256184712382,-0.30417319438364177,-0.966303193286565,-0.358145440323592,1.2667544949459906,-0.2544884306547635,-0.47890401773378427,-0.8382842205939496,1.7001358453354785
-0.1401098514754074,-2.053267905293714,-0.21303769768270914,0.5154507994485168,-0.8024484737087255,-0.18935256184712382,0.5154507994485168,1.034871877633807,-0.358145440323592,-0.8659042062818543,-0.2544884306547635,-0.7320369858906037,-0.8382842205939496,-0.15547812552237153
-0.1401098514754074,0.4870285058378622,1.7533742503977268,-0.30417319438364177,-0.8024484737087255,-0.18935256184712382,-0.30417319438364177,-0.966303193286565,-0.358145440323592,-0.8659042062818543,-2.0219053307591675,-0.06589759600423688,1.7276430481413345,-0.8302468421979533
-0.1401098514754074,0.4870285058378622,-0.21303769768270914,-0.30417319438364177,-0.8024484737087255,-0.18935256184712382,-0.30417319438364177,-0.966303193286565,-0.358145440323592,-0.8659042062818543,-0.2544884306547635,-1.1583661954178786,-0.8382842205939496,-0.4085163942757147
1.8868661946544836,0.4870285058378622,-0.21303769768270914,2.769416782486953,-0.8024484737087255,-0.18935256184712382,2.769416782486953,1.034871877633807,-0.358145440323592,-0.8659042062818543,1.5129284694496405,-0.05257480820650953,1.7276430481413345,0.18190623281541937
-0.1401098514754074,-2.053267905293714,-0.21303769768270914,-0.0992671959256021,-0.8024484737087255,-0.18935256184712382,-0.0992671959256021,1.034871877633807,2.792161751651698,0.5558682612033757,-0.2544884306547635,-0.06589759600423688,-0.8382842205939496,0.4349445015687626
-0.1401098514754074,0.4870285058378622,-0.21303769768270914,-0.30417319438364177,-0.8024484737087255,-0.18935256184712382,-0.30417319438364177,-0.966303193286565,-0.358145440323592,2.6885269624312205,-0.2544884306547635,-0.06589759600423688,-0.8382842205939496,0.18190623281541937
-0.1401098514754074,0.4870285058378622,-0.21303769768270914,-0.713985191299721,1.672543794926189,-0.18935256184712382,-0.713985191299721,-0.966303193286565,-0.358145440323592,-0.8659042062818543,1.5129284694496405,-0.06589759600423688,0.4446794137736925,-1.1676312005357443
-0.1401098514754074,0.4870285058378622,-0.21303769768270914,-0.713985191299721,-0.8024484737087255,-0.18935256184712382,-0.713985191299721,-0.966303193286565,-0.358145440323592,0.5558682612033757,-0.2544884306547635,-0.05257480820650953,-0.8382842205939496,0.18190623281541937
-0.1401098514754074,0.4870285058378622,-0.21303769768270914,-0.5090791928416813,0.4350476606087318,-0.18935256184712382,-0.5090791928416813,-0.966303193286565,-0.358145440323592,0.5558682612033757,-0.2544884306547635,-0.09254317159969154,-0.8382842205939496,1.7001358453354785
1.8868661946544836,0.4870285058378622,-0.21303769768270914,0.7203567979065565,0.4350476606087318,-0.18935256184712382,0.7203567979065565,-0.966303193286565,-0.358145440323592,-0.8659042062818543,-0.2544884306547635,-0.00854614825704895,1.7276430481413345,1.2784053974132399
-0.1401098514754074,0.4870285058378622,-0.21303769768270914,-0.5090791928416813,-0.8024484737087255,-0.18935256184712382,-0.5090791928416813,-0.966303193286565,-0.358145440323592,0.5558682612033757,-2.0219053307591675,-0.5721635323178756,1.7276430481413345,-0.5772085734446102
-0.1401098514754074,0.4870285058378622,-0.21303769768270914,-0.713985191299721,-0.8024484737087255,-0.18935256184712382,-0.713985191299721,-0.966303193286565,-0.358145440323592,-0.1550179725392393,-0.2544884306547635,-0.06589759600423688,0.4446794137736925,0.013214053646523933
-0.1401098514754074,0.4870285058378622,-0.21303769768270914,0.9252627963645961,0.4350476606087318,-0.18935256184712382,0.9252627963645961,-0.966303193286565,-0.358145440323592,-0.8659042062818543,-0.2544884306547635,-0.06589759600423688,-0.8382842205939496,2.712288920348851
-0.1401098514754074,0.4870285058378622,-0.21303769768270914,3.1792287794030325,-0.8024484737087255,-0.18935256184712382,3.1792287794030325,1.034871877633807,-0.358145440323592,-0.8659042062818543,1.5129284694496405,-0.06589759600423688,1.7276430481413345,-0.15547812552237153
-0.1401098514754074,0.4870285058378622,-0.21303769768270914,-0.30417319438364177,1.672543794926189,-0.18935256184712382,-0.30417319438364177,1.034871877633807,-0.358145440323592,-0.8659042062818543,-2.0219053307591675,-0.06589759600423688,1.7276430481413345,-1.1676312005357443
5.940818286914266,0.4870285058378622,-0.21303769768270914,-0.30417319438364177,1.672543794926189,-0.18935256184712382,-0.30417319438364177,1.034871877633807,-0.358145440323592,-0.8659042062818543,1.5129284694496405,-1.1850117710133332,1.7276430481413345,-1.4206694692890873
-0.1401098514754074,0.4870285058378622,-0.21303769768270914,-0.0992671959256021,-0.8024484737087255,-0.18935256184712382,-0.0992671959256021,1.034871877633807,2.792161751651698,-0.8659042062818543,-2.0219053307591675,-0.00854614825704895,1.7276430481413345,0.013214053646523933
-0.1401098514754074,0.4870285058378622,-0.21303769768270914,0.10563880253243754,-0.8024484737087255,-0.18935256184712382,0.10563880253243754,1.034871877633807,2.792161751651698,-0.8659042062818543,1.5129284694496405,-0.06589759600423688,0.4446794137736925,-0.15547812552237153
-0.1401098514754074,0.4870285058378622,-0.21303769768270914,-0.0992671959256021,1.672543794926189,-0.18935256184712382,-0.0992671959256021,-0.966303193286565,-0.358145440323592,-0.8659042062818543,-2.0219053307591675,-0.06589759600423688,1.7276430481413345,-1.0832851109512964
-0.1401098514754074,-2.053267905293714,-0.21303769768270914,-0.713985191299721,-0.8024484737087255,-0.18935256184712382,-0.713985191299721,-0.966303193286565,-0.358145440323592,0.5558682612033757,1.5129284694496405,-0.06589759600423688,1.7276430481413345,-0.32417030469126695
-0.1401098514754074,0.4870285058378622,-0.21303769768270914,-0.5090791928416813,-0.8024484737087255,-0.18935256184712382,-0.5090791928416813,1.034871877633807,-0.358145440323592,1.2667544949459906,-0.2544884306547635,-0.05257480820650953,-0.8382842205939496,-0.4085163942757147
-0.1401098514754074,0.4870285058378622,-0.21303769768270914,-0.5090791928416813,-0.8024484737087255,-0.18935256184712382,-0.5090791928416813,1.034871877633807,-0.358145440323592,1.2667544949459906,-0.2544884306547635,-0.05257480820650953,-0.8382842205939496,-0.4085163942757147
-0.1401098514754074,0.4870285058378622,-0.21303769768270914,-0.30417319438364177,0.4350476606087318,-0.18935256184712382,-0.30417319438364177,-0.966303193286565,-0.358145440323592,-0.8659042062818543,-2.0219053307591675,-0.05257480820650953,1.7276430481413345,2.206212382842165
-0.1401098514754074,0.4870285058378622,-0.21303769768270914,-0.713985191299721,0.4350476606087318,-0.18935256184712382,-0.713985191299721,-0.966303193286565,-0.358145440323592,0.5558682612033757,-0.2544884306547635,-0.06589759600423688,-0.8382842205939496,2.037520203673269
-0.1401098514754074,0.4870285058378622,-0.21303769768270914,-0.5090791928416813,0.4350476606087318,-0.18935256184712382,-0.5090791928416813,1.034871877633807,2.792161751651698,-0.8659042062818543,-0.2544884306547635,-0.039252020408782194,-0.8382842205939496,1.4470975765821352
-0.1401098514754074,-2.053267905293714,1.7533742503977268,-0.5090791928416813,-0.8024484737087255,-0.18935256184712382,-0.5090791928416813,-0.966303193286565,-0.358145440323592,2.6885269624312205,-0.2544884306547635,-0.05257480820650953,-0.8382842205939496,-0.5772085734446102
-0.1401098514754074,-2.053267905293714,1.7533742503977268,0.10563880253243754,-0.8024484737087255,-0.18935256184712382,0.10563880253243754,-0.966303193286565,-0.358145440323592,0.5558682612033757,-0.2544884306547635,-0.06589759600423688,-0.8382842205939496,-0.23982421510681926
1.8868661946544836,0.4870285058378622,1.7533742503977268,-0.5090791928416813,1.672543794926189,-0.18935256184712382,-0.5090791928416813,1.034871877633807,-0.358145440323592,-0.8659042062818543,1.5129284694496405,-3.116816001683797,0.4446794137736925,-0.9145929317824011
-0.1401098514754074,0.4870285058378622,-0.21303769768270914,-0.713985191299721,-0.8024484737087255,-0.18935256184712382,-0.713985191299721,-0.966303193286565,-0.358145440323592,0.5558682612033757,-0.2544884306547635,-0.06589759600423688,-0.8382842205939496,0.7723288599065534
-0.1401098514754074,0.4870285058378622,-0.21303769768270914,-0.713985191299721,1.672543794926189,-0.18935256184712382,-0.713985191299721,1.034871877633807,-0.358145440323592,1.2667544949459906,1.5129284694496405,-0.06589759600423688,-0.8382842205939496,-1.0832851109512964
-0.1401098514754074,0.4870285058378622,-0.21303769768270914,0.7203567979065565,-0.8024484737087255,-0.18935256184712382,0.7203567979065565,-0.966303193286565,-0.358145440323592,-0.8659042062818543,-0.2544884306547635,-0.06589759600423688,-0.8382842205939496,-0.4085163942757147
-0.1401098514754074,-2.053267905293714,-0.21303769768270914,-0.713985191299721,-0.8024484737087255,-0.18935256184712382,-0.713985191299721,-0.966303193286565,-0.358145440323592,0.5558682612033757,-0.2544884306547635,-0.06589759600423688,-0.8382842205939496,0.6879827703221058
-0.1401098514754074,0.4870285058378622,-0.21303769768270914,0.10563880253243754,-0.8024484737087255,-0.18935256184712382,0.10563880253243754,-0.966303193286565,-0.358145440323592,-0.8659042062818543,-0.2544884306547635,-0.47890401773378427,-0.8382842205939496,0.35059841198431485
-0.1401098514754074,-2.053267905293714,-0.21303769768270914,-0.713985191299721,-0.8024484737087255,-0.18935256184712382,-0.713985191299721,-0.966303193286565,-0.358145440323592,1.2667544949459906,-0.2544884306547635,-0.07922038380196421,-0.8382842205939496,-0.15547812552237153
-0.1401098514754074,-2.053267905293714,-0.21303769768270914,-0.30417319438364177,-0.8024484737087255,-0.18935256184712382,-0.30417319438364177,1.034871877633807,-0.358145440323592,-0.8659042062818543,-0.2544884306547635,-0.06589759600423688,-0.8382842205939496,-0.15547812552237153
-0.1401098514754074,-2.053267905293714,-0.21303769768270914,0.5154507994485168,-0.8024484737087255,2.103311910014095,0.5154507994485168,1.034871877633807,-0.358145440323592,2.6885269624312205,-0.2544884306547635,-0.33235335195878357,0.4446794137736925,0.09756014323097166
-0.1401098514754074,0.4870285058378622,-0.21303769768270914,-0.5090791928416813,-0.8024484737087255,-0.18935256184712382,-0.5090791928416813,-0.966303193286565,-0.358145440323592,0.5558682612033757,-0.2544884306547635,-0.09254317159969154,0.4446794137736925,-0.32417030469126695
-0.1401098514754074,0.4870285058378622,-0.21303769768270914,0.10563880253243754,0.4350476606087318,-0.18935256184712382,0.10563880253243754,-0.966303193286565,-0.358145440323592,-0.8659042062818543,-0.2544884306547635,-0.09254317159969154,0.4446794137736925,1.2784053974132399
-0.1401098514754074,0.4870285058378622,1.7533742503977268,-0.5090791928416813,-0.8024484737087255,-0.18935256184712382,-0.5090791928416813,1.034871877633807,2.792161751651698,-0.8659042062818543,-0.2544884306547635,-0.06589759600423688,1.7276430481413345,0.013214053646523933
-0.1401098514754074,0.4870285058378622,-0.21303769768270914,-0.713985191299721,1.672543794926189,-0.18935256184712382,-0.713985191299721,-0.966303193286565,-0.358145440323592,-0.8659042062818543,-0.2544884306547635,-0.06589759600423688,-0.8382842205939496,-0.9145929317824011
-0.1401098514754074,-2.053267905293714,-0.21303769768270914,-0.713985191299721,1.672543794926189,-0.18935256184712382,-0.713985191299721,-0.966303193286565,-0.358145440323592,-0.8659042062818543,1.5129284694496405,-0.06589759600423688,-0.8382842205939496,-0.9989390213668488
-0.1401098514754074,0.4870285058378622,-0.21303769768270914,-0.713985191299721,0.4350476606087318,-0.18935256184712382,-0.713985191299721,-0.966303193286565,-0.358145440323592,0.5558682612033757,-0.2544884306547635,-0.06589759600423688,-0.8382842205939496,1.2784053974132399
-0.1401098514754074,0.4870285058378622,-0.21303769768270914,-0.30417319438364177,-0.8024484737087255,-0.18935256184712382,-0.30417319438364177,-0.966303193286565,-0.358145440323592,0.5558682612033757,1.5129284694496405,-0.7187141980928764,1.7276430481413345,0.013214053646523933
-0.1401098514754074,0.4870285058378622,-0.21303769768270914,2.3596047855708737,0.4350476606087318,-0.18935256184712382,2.3596047855708737,1.034871877633807,-0.358145440323592,-0.8659042062818543,-0.2544884306547635,-0.06589759600423688,-0.8382842205939496,1.531443666166583
-0.1401098514754074,0.4870285058378622,-0.21303769768270914,0.10563880253243754,-0.8024484737087255,-0.18935256184712382,0.10563880253243754,-0.966303193286565,-0.358145440323592,0.5558682612033757,-0.2544884306547635,-0.05257480820650953,-0.8382842205939496,0.6879827703221058
-0.1401098514754074,0.4870285058378622,1.7533742503977268,1.3350747932806755,-0.8024484737087255,2.103311910014095,1.3350747932806755,1.034871877633807,-0.358145440323592,-0.8659042062818543,1.5129284694496405,-0.10586595939741889,1.7276430481413345,-0.8302468421979533
-0.1401098514754074,-2.053267905293714,-0.21303769768270914,-0.713985191299721,0.4350476606087318,-0.18935256184712382,-0.713985191299721,-0.966303193286565,-0.358145440323592,-0.8659042062818543,-0.2544884306547635,-0.05257480820650953,-0.8382842205939496,1.1097132182443443
-0.1401098514754074,0.4870285058378622,-0.21303769768270914,0.9252627963645961,-0.8024484737087255,-0.18935256184712382,0.9252627963645961,1.034871877633807,-0.358145440323592,1.2667544949459906,-0.2544884306547635,-0.15915711058832824,-0.8382842205939496,0.18190623281541937
-0.1401098514754074,0.4870285058378622,-0.21303769768270914,-0.713985191299721,-0.8024484737087255,-0.18935256184712382,-0.713985191299721,-0.966303193286565,-0.358145440323592,0.5558682612033757,-0.2544884306547635,-0.06589759600423688,-0.8382842205939496,0.2662523223998671
-0.1401098514754074,0.4870285058378622,-0.21303769768270914,-0.713985191299721,1.672543794926189,-0.18935256184712382,-0.713985191299721,1.034871877633807,-0.358145440323592,-0.8659042062818543,1.5129284694496405,-0.06589759600423688,0.4446794137736925,-1.251977290120192
-0.1401098514754074,0.4870285058378622,-0.21303769768270914,-0.5090791928416813,0.4350476606087318,-0.18935256184712382,-0.5090791928416813,-0.966303193286565,-0.358145440323592,-0.8659042062818543,-0.2544884306547635,-0.00854614825704895,-0.8382842205939496,1.194059307828792
-0.1401098514754074,0.4870285058378622,-0.21303769768270914,0.3105448009904772,-0.8024484737087255,2.103311910014095,0.3105448009904772,-0.966303193286565,-0.358145440323592,-0.8659042062818543,1.5129284694496405,-0.06589759600423688,0.4446794137736925,-0.7459007526135056
-0.1401098514754074,0.4870285058378622,-0.21303769768270914,1.539980791738715,-0.8024484737087255,-0.18935256184712382,1.539980791738715,1.034871877633807,-0.358145440323592,-0.8659042062818543,1.5129284694496405,-0.06589759600423688,1.7276430481413345,-0.8302468421979533
-0.1401098514754074,0.4870285058378622,-0.21303769768270914,1.1301687948226358,-0.8024484737087255,-0.18935256184712382,1.1301687948226358,1.034871877633807,2.792161751651698,-0.8659042062818543,-2.0219053307591675,-0.06589759600423688,1.7276430481413345,-0.32417030469126695
-0.1401098514754074,0.4870285058378622,-0.21303769768270914,-0.713985191299721,-0.8024484737087255,-0.18935256184712382,-0.713985191299721,-0.966303193286565,-0.358145440323592,-0.8659042062818543,-0.2544884306547635,-0.05257480820650953,-0.8382842205939496,-0.07113203593792379
-0.1401098514754074,0.4870285058378622,-0.21303769768270914,-0.713985191299721,1.672543794926189,-0.18935256184712382,-0.713985191299721,-0.966303193286565,-0.358145440323592,0.5558682612033757,-2.0219053307591675,-0.05257480820650953,1.7276430481413345,-1.0832851109512964
-0.1401098514754074,0.4870285058378622,-0.21303769768270914,-0.713985191299721,-0.8024484737087255,-0.18935256184712382,-0.713985191299721,-0.966303193286565,-0.358145440323592,-0.8659042062818543,-0.2544884306547635,-0.05257480820650953,0.4446794137736925,-0.4928624838601624
3.913842240784374,0.4870285058378622,5.686198146558598,3.5890407763191114,-0.8024484737087255,2.103311910014095,3.5890407763191114,1.034871877633807,-0.358145440323592,-0.8659042062818543,1.5129284694496405,-0.05257480820650953,1.7276430481413345,-0.07113203593792379
-0.1401098514754074,-2.053267905293714,-0.21303769768270914,-0.5090791928416813,0.4350476606087318,-0.18935256184712382,-0.5090791928416813,1.034871877633807,-0.358145440323592,0.5558682612033757,-0.2544884306547635,-0.06589759600423688,-0.8382842205939496,0.8566749494910012
-0.1401098514754074,0.4870285058378622,-0.21303769768270914,-0.30417319438364177,-0.8024484737087255,-0.18935256184712382,-0.30417319438364177,-0.966303193286565,-0.358145440323592,-0.8659042062818543,-0.2544884306547635,-0.00854614825704895,-0.8382842205939496,-0.23982421510681926
1.8868661946544836,0.4870285058378622,-0.21303769768270914,0.3105448009904772,-0.8024484737087255,4.395976381875314,0.3105448009904772,1.034871877633807,-0.358145440323592,-0.8659042062818543,-2.0219053307591675,-0.06589759600423688,0.4446794137736925,-0.5772085734446102
-0.1401098514754074,0.4870285058378622,-0.21303769768270914,-0.5090791928416813,1.672543794926189,-0.18935256184712382,-0.5090791928416813,1.034871877633807,-0.358145440323592,-0.8659042062818543,1.5129284694496405,3.078280324259415,0.4446794137736925,-1.0832851109512964
-0.1401098514754074,0.4870285058378622,-0.21303769768270914,-0.5090791928416813,1.672543794926189,-0.18935256184712382,-0.5090791928416813,1.034871877633807,-0.358145440323592,-0.8659042062818543,1.5129284694496405,-0.05257480820650953,0.4446794137736925,-1.0832851109512964
-0.1401098514754074,0.4870285058378622,-0.21303769768270914,-0.0992671959256021,0.4350476606087318,-0.18935256184712382,-0.0992671959256021,-0.966303193286565,-0.358145440323592,0.5558682612033757,-0.2544884306547635,-0.00854614825704895,-0.8382842205939496,3.5557498161933285
-0.1401098514754074,0.4870285058378622,-0.21303769768270914,-0.713985191299721,0.4350476606087318,-0.18935256184712382,-0.713985191299721,-0.966303193286565,-0.358145440323592,-0.1550179725392393,-0.2544884306547635,-0.06589759600423688,-0.8382842205939496,1.1097132182443443
-0.1401098514754074,0.4870285058378622,3.719786198478163,3.384134777861072,-0.8024484737087255,4.395976381875314,3.384134777861072,1.034871877633807,-0.358145440323592,-0.8659042062818543,1.5129284694496405,-0.06589759600423688,1.7276430481413345,-0.7459007526135056
-0.1401098514754074,0.4870285058378622,-0.21303769768270914,-0.713985191299721,-0.8024484737087255,-0.18935256184712382,-0.713985191299721,-0.966303193286565,-0.358145440323592,-0.8659042062818543,-0.2544884306547635,-0.05257480820650953,-0.8382842205939496,-0.7459007526135056
-0.1401098514754074,0.4870285058378622,-0.21303769768270914,0.10563880253243754,0.4350476606087318,-0.18935256184712382,0.10563880253243754,-0.966303193286565,-0.358145440323592,-0.8659042062818543,-0.2544884306547635,-0.00854614825704895,-0.8382842205939496,2.712288920348851
-0.1401098514754074,-2.053267905293714,-0.21303769768270914,-0.713985191299721,-0.8024484737087255,-0.18935256184712382,-0.713985191299721,-0.966303193286565,-0.358145440323592,1.2667544949459906,-0.2544884306547635,-0.05257480820650953,-0.8382842205939496,0.5192905911532103
-0.1401098514754074,-2.053267905293714,-0.21303769768270914,-0.713985191299721,-0.8024484737087255,-0.18935256184712382,-0.713985191299721,1.034871877633807,-0.358145440323592,-0.8659042062818543,1.5129284694496405,-0.06589759600423688,-0.8382842205939496,-0.8302468421979533
-0.1401098514754074,0.4870285058378622,-0.21303769768270914,-0.713985191299721,-0.8024484737087255,-0.18935256184712382,-0.713985191299721,-0.966303193286565,-0.358145440323592,-0.8659042062818543,-0.2544884306547635,-0.06589759600423688,-0.8382842205939496,-0.15547812552237153
-0.1401098514754074,0.4870285058378622,-0.21303769768270914,-0.0992671959256021,-0.8024484737087255,-0.18935256184712382,-0.0992671959256021,-0.966303193286565,-0.358145440323592,0.5558682612033757,-0.2544884306547635,-0.825296500474695,-0.8382842205939496,-0.8302468421979533
-0.1401098514754074,0.4870285058378622,3.719786198478163,1.539980791738715,-0.8024484737087255,-0.18935256184712382,1.539980791738715,1.034871877633807,-0.358145440323592,-0.8659042062818543,-2.0219053307591675,1.6260964543071348,1.7276430481413345,-0.8302468421979533
-0.1401098514754074,0.4870285058378622,-0.21303769768270914,-0.5090791928416813,-0.8024484737087255,-0.18935256184712382,-0.5090791928416813,1.034871877633807,-0.358145440323592,-0.8659042062818543,-0.2544884306547635,-0.06589759600423688,-0.8382842205939496,-0.4085163942757147
-0.1401098514754074,0.4870285058378622,3.719786198478163,0.5154507994485168,-0.8024484737087255,-0.18935256184712382,0.5154507994485168,1.034871877633807,-0.358145440323592,-0.8659042062818543,1.5129284694496405,-0.06589759600423688,0.4446794137736925,-0.8302468421979533
-0.1401098514754074,0.4870285058378622,-0.21303769768270914,1.539980791738715,0.4350476606087318,-0.18935256184712382,1.539980791738715,-0.966303193286565,-0.358145440323592,1.2667544949459906,-0.2544884306547635,-2.85036024572925,1.7276430481413345,1.2784053974132399
-0.1401098514754074,0.4870285058378622,-0.21303769768270914,-0.5090791928416813,1.672543794926189,-0.18935256184712382,-0.5090791928416813,-0.966303193286565,-0.358145440323592,1.2667544949459906,-0.2544884306547635,-0.05257480820650953,-0.8382842205939496,-0.9145929317824011
-0.1401098514754074,0.4870285058378622,-0.21303769768270914,0.7203567979065565,-0.8024484737087255,2.103311910014095,0.7203567979065565,1.034871877633807,2.792161751651698,-0.8659042062818543,-2.0219053307591675,-0.06589759600423688,1.7276430481413345,-0.8302468421979533
-0.1401098514754074,0.4870285058378622,3.719786198478163,-0.713985191299721,1.672543794926189,-0.18935256184712382,-0.713985191299721,-0.966303193286565,-0.358145440323592,0.5558682612033757,1.5129284694496405,-0.09254317159969154,-0.8382842205939496,-1.251977290120192
-0.1401098514754074,0.4870285058378622,-0.21303769768270914,-0.713985191299721,-0.8024484737087255,-0.18935256184712382,-0.713985191299721,-0.966303193286565,-0.358145440323592,2.6885269624312205,-0.2544884306547635,-0.06589759600423688,-0.8382842205939496,0.09756014323097166
-0.1401098514754074,0.4870285058378622,-0.21303769768270914,0.3105448009904772,-0.8024484737087255,-0.18935256184712382,0.3105448009904772,-0.966303193286565,-0.358145440323592,0.5558682612033757,-0.2544884306547635,-0.33235335195878357,-0.8382842205939496,0.35059841198431485
-0.1401098514754074,-2.053267905293714,-0.21303769768270914,-0.5090791928416813,-0.8024484737087255,-0.18935256184712382,-0.5090791928416813,1.034871877633807,-0.358145440323592,-0.8659042062818543,-0.2544884306547635,-1.2116573466087879,-0.8382842205939496,-0.5772085734446102
-0.1401098514754074,0.4870285058378622,1.7533742503977268,-0.30417319438364177,1.672543794926189,2.103311910014095,-0.30417319438364177,1.034871877633807,-0.358145440323592,-0.8659042062818543,1.5129284694496405,-0.06589759600423688,1.7276430481413345,-1.251977290120192
-0.1401098514754074,0.4870285058378622,1.7533742503977268,-0.713985191299721,1.672543794926189,-0.18935256184712382,-0.713985191299721,-0.966303193286565,-0.358145440323592,0.5558682612033757,1.5129284694496405,-0.06589759600423688,0.4446794137736925,-1.1676312005357443
-0.1401098514754074,0.4870285058378622,-0.21303769768270914,0.5154507994485168,-0.8024484737087255,-0.18935256184712382,0.5154507994485168,1.034871877633807,-0.358145440323592,-0.8659042062818543,-2.0219053307591675,-0.05257480820650953,1.7276430481413345,-0.7459007526135056
-0.1401098514754074,0.4870285058378622,-0.21303769768270914,-0.713985191299721,0.4350476606087318,-0.18935256184712382,-0.713985191299721,-0.966303193286565,-0.358145440323592,2.6885269624312205,-0.2544884306547635,-0.05257480820650953,-0.8382842205939496,1.7844819349199261
-0.1401098514754074,0.4870285058378622,9.61902204271947,2.769416782486953,-0.8024484737087255,13.56663426932019,2.769416782486953,1.034871877633807,-0.358145440323592,-0.8659042062818543,1.5129284694496405,-0.06589759600423688,1.7276430481413345,-0.23982421510681926
-0.1401098514754074,0.4870285058378622,-0.21303769768270914,1.539980791738715,0.4350476606087318,-0.18935256184712382,1.539980791738715,-0.966303193286565,-0.358145440323592,-0.8659042062818543,-0.2544884306547635,-0.06589759600423688,-0.8382842205939496,0.8566749494910012
-0.1401098514754074,0.4870285058378622,-0.21303769768270914,0.5154507994485168,-0.8024484737087255,-0.18935256184712382,0.5154507994485168,-0.966303193286565,-0.358145440323592,-0.8659042062818543,-0.2544884306547635,-0.06589759600423688,-0.8382842205939496,0.09756014323097166
-0.1401098514754074,-2.053267905293714,-0.21303769768270914,-0.713985191299721,-0.8024484737087255,-0.18935256184712382,-0.713985191299721,-0.966303193286565,-0.358145440323592,0.5558682612033757,-0.2544884306547635,-0.09254317159969154,-0.8382842205939496,-0.32417030469126695
-0.1401098514754074,0.4870285058378622,-0.21303769768270914,-0.30417319438364177,-0.8024484737087255,-0.18935256184712382,-0.30417319438364177,1.034871877633807,-0.358145440323592,1.2667544949459906,-0.2544884306547635,-0.05257480820650953,-0.8382842205939496,0.18190623281541937
-0.1401098514754074,0.4870285058378622,-0.21303769768270914,-0.5090791928416813,0.4350476606087318,-0.18935256184712382,-0.5090791928416813,-0.966303193286565,-0.358145440323592,0.5558682612033757,-0.2544884306547635,-1.531404253754244,-0.8382842205939496,1.4470975765821352
-0.1401098514754074,0.4870285058378622,-0.21303769768270914,1.9497927886547946,0.4350476606087318,-0.18935256184712382,1.9497927886547946,1.034871877633807,-0.358145440323592,-0.8659042062818543,-0.2544884306547635,0.80008361084804,-0.8382842205939496,2.206212382842165
-0.1401098514754074,0.4870285058378622,-0.21303769768270914,-0.30417319438364177,-0.8024484737087255,-0.18935256184712382,-0.30417319438364177,-0.966303193286565,-0.358145440323592,0.5558682612033757,-0.2544884306547635,-0.06589759600423688,-0.8382842205939496,0.2662523223998671
-0.1401098514754074,0.4870285058378622,-0.21303769768270914,-0.713985191299721,0.4350476606087318,-0.18935256184712382,-0.713985191299721,-0.966303193286565,-0.358145440323592,0.5558682612033757,-0.2544884306547635,-0.06589759600423688,-0.8382842205939496,2.2905584724266124
-0.1401098514754074,-2.053267905293714,-0.21303769768270914,-0.5090791928416813,-0.8024484737087255,-0.18935256184712382,-0.5090791928416813,-0.966303193286565,-0.358145440323592,0.5558682612033757,-0.2544884306547635,-0.38564450314969295,-0.8382842205939496,0.18190623281541937
-0.1401098514754074,0.4870285058378622,-0.21303769768270914,0.10563880253243754,-0.8024484737087255,-0.18935256184712382,0.10563880253243754,1.034871877633807,-0.358145440323592,0.5558682612033757,-0.2544884306547635,-0.06589759600423688,0.4446794137736925,0.013214053646523933
-0.1401098514754074,-2.053267905293714,-0.21303769768270914,-0.713985191299721,-0.8024484737087255,-0.18935256184712382,-0.713985191299721,-0.966303193286565,-0.358145440323592,0.5558682612033757,-0.2544884306547635,-0.06589759600423688,-0.8382842205939496,0.603636680737658
-0.1401098514754074,0.4870285058378622,-0.21303769768270914,-0.713985191299721,-0.8024484737087255,-0.18935256184712382,-0.713985191299721,-0.966303193286565,-0.358145440323592,0.5558682612033757,-0.2544884306547635,-0.06589759600423688,-0.8382842205939496,-0.6615546630290579
-0.1401098514754074,0.4870285058378622,-0.21303769768270914,1.539980791738715,0.4350476606087318,-0.18935256184712382,1.539980791738715,-0.966303193286565,-0.358145440323592,-0.8659042062818543,1.5129284694496405,-0.06589759600423688,0.4446794137736925,1.8688280245043738
-0.1401098514754074,0.4870285058378622,-0.21303769768270914,1.7448867901967549,-0.8024484737087255,-0.18935256184712382,1.7448867901967549,-0.966303193286565,-0.358145440323592,-0.8659042062818543,-0.2544884306547635,-1.0384611052383326,-0.8382842205939496,0.18190623281541937
-0.1401098514754074,-2.053267905293714,-0.21303769768270914,-0.713985191299721,1.672543794926189,-0.18935256184712382,-0.713985191299721,-0.966303193286565,-0.358145440323592,2.6885269624312205,1.5129284694496405,-0.06589759600423688,0.4446794137736925,-1.251977290120192
-0.1401098514754074,0.4870285058378622,-0.21303769768270914,0.3105448009904772,0.4350476606087318,-0.18935256184712382,0.3105448009904772,-0.966303193286565,-0.358145440323592,0.5558682612033757,-0.2544884306547635,1.6127736665094075,-0.8382842205939496,0.9410210390754489
16.07569851756372,0.4870285058378622,-0.21303769768270914,1.539980791738715,1.672543794926189,4.395976381875314,1.539980791738715,1.034871877633807,-0.358145440323592,0.5558682612033757,-2.0219053307591675,-0.06589759600423688,1.7276430481413345,-0.9989390213668488
-0.1401098514754074,0.4870285058378622,-0.21303769768270914,-0.0992671959256021,-0.8024484737087255,-0.18935256184712382,-0.0992671959256021,1.034871877633807,-0.358145440323592,2.6885269624312205,1.5129284694496405,-0.06589759600423688,1.7276430481413345,-0.8302468421979533
-0.1401098514754074,0.4870285058378622,-0.21303769768270914,1.3350747932806755,0.4350476606087318,-0.18935256184712382,1.3350747932806755,-0.966303193286565,-0.358145440323592,-0.8659042062818543,1.5129284694496405,-0.00854614825704895,1.7276430481413345,1.1097132182443443
-0.1401098514754074,0.4870285058378622,-0.21303769768270914,0.3105448009904772,-0.8024484737087255,-0.18935256184712382,0.3105448009904772,-0.966303193286565,-0.358145440323592,-0.8659042062818543,1.5129284694496405,-0.06589759600423688,0.4446794137736925,0.603636680737658
-0.1401098514754074,0.4870285058378622,-0.21303769768270914,-0.5090791928416813,0.4350476606087318,-0.18935256184712382,-0.5090791928416813,-0.966303193286565,-0.358145440323592,0.5558682612033757,-0.2544884306547635,-0.05257480820650953,-0.8382842205939496,2.206212382842165
-0.1401098514754074,-2.053267905293714,-0.21303769768270914,-0.713985191299721,1.672543794926189,-0.18935256184712382,-0.713985191299721,-0.966303193286565,-0.358145440323592,1.2667544949459906,-0.2544884306547635,-0.07922038380196421,-0.8382842205939496,-1.0832851109512964
-0.1401098514754074,0.4870285058378622,-0.21303769768270914,2.3596047855708737,0.4350476606087318,-0.18935256184712382,2.3596047855708737,1.034871877633807,-0.358145440323592,-0.8659042062818543,-0.2544884306547635,-0.05257480820650953,-0.8382842205939496,1.4470975765821352
-0.1401098514754074,0.4870285058378622,1.7533742503977268,0.3105448009904772,-0.8024484737087255,-0.18935256184712382,0.3105448009904772,1.034871877633807,-0.358145440323592,-0.8659042062818543,-2.0219053307591675,-0.06589759600423688,1.7276430481413345,-0.8302468421979533
-0.1401098514754074,-2.053267905293714,-0.21303769768270914,-0.713985191299721,1.672543794926189,-0.18935256184712382,-0.713985191299721,-0.966303193286565,-0.358145440323592,-0.8659042062818543,-0.2544884306547635,-0.06589759600423688,-0.8382842205939496,-0.9989390213668488
-0.1401098514754074,0.4870285058378622,-0.21303769768270914,-0.713985191299721,-0.8024484737087255,-0.18935256184712382,-0.713985191299721,1.034871877633807,-0.358145440323592,-0.8659042062818543,-2.0219053307591675,-0.06589759600423688,1.7276430481413345,-0.4928624838601624
-0.1401098514754074,-2.053267905293714,-0.21303769768270914,-0.5090791928416813,0.4350476606087318,-0.18935256184712382,-0.5090791928416813,1.034871877633807,-0.358145440323592,0.5558682612033757,-0.2544884306547635,-0.06589759600423688,-0.8382842205939496,2.5435967411799556
-0.1401098514754074,-2.053267905293714,-0.21303769768270914,-0.30417319438364177,1.672543794926189,-0.18935256184712382,-0.30417319438364177,1.034871877633807,2.792161751651698,-0.8659042062818543,1.5129284694496405,7.528091448700346,0.4446794137736925,-0.9145929317824011
1.8868661946544836,0.4870285058378622,-0.21303769768270914,-0.30417319438364177,1.672543794926189,-0.18935256184712382,-0.30417319438364177,1.034871877633807,-0.358145440323592,-0.8659042062818543,-2.0219053307591675,-0.06589759600423688,0.4446794137736925,-1.0832851109512964
-0.1401098514754074,0.4870285058378622,-0.21303769768270914,-0.5090791928416813,1.672543794926189,-0.18935256184712382,-0.5090791928416813,1.034871877633807,-0.358145440323592,1.2667544949459906,-0.2544884306547635,2.4787548733616847,-0.8382842205939496,-0.9145929317824011
-0.1401098514754074,0.4870285058378622,-0.21303769768270914,-0.713985191299721,-0.8024484737087255,-0.18935256184712382,-0.713985191299721,-0.966303193286565,-0.358145440323592,1.2667544949459906,-0.2544884306547635,-0.06589759600423688,-0.8382842205939496,-0.15547812552237153
-0.1401098514754074,0.4870285058378622,-0.21303769768270914,-0.713985191299721,1.672543794926189,-0.18935256184712382,-0.713985191299721,1.034871877633807,2.792161751651698,-0.8659042062818543,1.5129284694496405,-0.06589759600423688,-0.8382842205939496,-1.0832851109512964
-0.1401098514754074,0.4870285058378622,-0.21303769768270914,0.7203567979065565,-0.8024484737087255,-0.18935256184712382,0.7203567979065565,-0.966303193286565,-0.358145440323592,-0.8659042062818543,-0.2544884306547635,-0.06589759600423688,-0.8382842205939496,0.013214053646523933
-0.1401098514754074,0.4870285058378622,-0.21303769768270914,-0.0992671959256021,0.4350476606087318,-0.18935256184712382,-0.0992671959256021,-0.966303193286565,-0.358145440323592,-0.8659042062818543,-0.2544884306547635,-0.05257480820650953,-0.8382842205939496,2.8809810995177467
-0.1401098514754074,-2.053267905293714,-0.21303769768270914,-0.5090791928416813,-0.8024484737087255,-0.18935256184712382,-0.5090791928416813,-0.966303193286565,-0.358145440323592,0.5558682612033757,-0.2544884306547635,-0.06589759600423688,-0.8382842205939496,-0.15547812552237153
-0.1401098514754074,-2.053267905293714,-0.21303769768270914,-0.713985191299721,0.4350476606087318,-0.18935256184712382,-0.713985191299721,-0.966303193286565,-0.358145440323592,-0.8659042062818543,-0.2544884306547635,-0.05257480820650953,-0.8382842205939496,1.4470975765821352
-0.1401098514754074,0.4870285058378622,-0.21303769768270914,0.7203567979065565,0.4350476606087318,-0.18935256184712382,0.7203567979065565,-0.966303193286565,-0.358145440323592,0.5558682612033757,-2.0219053307591675,-0.05257480820650953,1.7276430481413345,1.7001358453354785
-0.1401098514754074,0.4870285058378622,1.7533742503977268,-0.30417319438364177,-0.8024484737087255,-0.18935256184712382,-0.30417319438364177,1.034871877633807,-0.358145440323592,-0.8659042062818543,1.5129284694496405,-0.06589759600423688,-0.8382842205939496,-0.5772085734446102
-0.1401098514754074,0.4870285058378622,-0.21303769768270914,-0.713985191299721,0.4350476606087318,-0.18935256184712382,-0.713985191299721,-0.966303193286565,-0.358145440323592,0.5558682612033757,-0.2544884306547635,-0.10586595939741889,-0.8382842205939496,2.206212382842165
-0.1401098514754074,0.4870285058378622,1.7533742503977268,-0.5090791928416813,1.672543794926189,2.103311910014095,-0.5090791928416813,1.034871877633807,-0.358145440323592,0.5558682612033757,1.5129284694496405,-0.06589759600423688,-0.8382842205939496,-1.1676312005357443
-0.1401098514754074,-2.053267905293714,-0.21303769768270914,-0.0992671959256021,-0.8024484737087255,-0.18935256184712382,-0.0992671959256021,-0.966303193286565,-0.358145440323592,0.5558682612033757,-0.2544884306547635,-0.06589759600423688,-0.8382842205939496,-0.7459007526135056
-0.1401098514754074,0.4870285058378622,-0.21303769768270914,-0.713985191299721,-0.8024484737087255,-0.18935256184712382,-0.713985191299721,-0.966303193286565,-0.358145440323592,1.2667544949459906,-0.2544884306547635,-0.05257480820650953,-0.8382842205939496,0.18190623281541937
-0.1401098514754074,0.4870285058378622,11.585433990799906,0.9252627963645961,1.672543794926189,4.395976381875314,0.9252627963645961,1.034871877633807,2.792161751651698,-0.8659042062818543,1.5129284694496405,0.3471088257253106,1.7276430481413345,-1.1676312005357443
-0.1401098514754074,-2.053267905293714,-0.21303769768270914,-0.713985191299721,1.672543794926189,-0.18935256184712382,-0.713985191299721,-0.966303193286565,-0.358145440323592,-0.8659042062818543,1.5129284694496405,-0.05257480820650953,0.4446794137736925,-0.9989390213668488
-0.1401098514754074,0.4870285058378622,-0.21303769768270914,-0.713985191299721,-0.8024484737087255,-0.18935256184712382,-0.713985191299721,-0.966303193286565,-0.358145440323592,2.6885269624312205,-0.2544884306547635,-0.06589759600423688,-0.8382842205939496,-0.23982421510681926
-0.1401098514754074,0.4870285058378622,-0.21303769768270914,7.072442750105785,0.4350476606087318,-0.18935256184712382,7.072442750105785,1.034871877633807,-0.358145440323592,-0.8659042062818543,-0.2544884306547635,-1.5447270415519714,0.4446794137736925,1.9531741140888217
-0.1401098514754074,0.4870285058378622,-0.21303769768270914,0.9252627963645961,0.4350476606087318,-0.18935256184712382,0.9252627963645961,1.034871877633807,-0.358145440323592,2.6885269624312205,-0.2544884306547635,-0.06589759600423688,-0.8382842205939496,1.7001358453354785
-0.1401098514754074,0.4870285058378622,-0.21303769768270914,-0.30417319438364177,-0.8024484737087255,-0.18935256184712382,-0.30417319438364177,-0.966303193286565,-0.358145440323592,0.5558682612033757,-0.2544884306547635,-0.05257480820650953,-0.8382842205939496,0.2662523223998671
-0.1401098514754074,0.4870285058378622,-0.21303769768270914,-0.713985191299721,-0.8024484737087255,-0.18935256184712382,-0.713985191299721,1.034871877633807,-0.358145440323592,0.5558682612033757,-0.2544884306547635,-0.06589759600423688,-0.8382842205939496,0.6879827703221058
-0.1401098514754074,0.4870285058378622,-0.21303769768270914,1.9497927886547946,-0.8024484737087255,-0.18935256184712382,1.9497927886547946,1.034871877633807,-0.358145440323592,-0.8659042062818543,1.5129284694496405,-0.06589759600423688,1.7276430481413345,0.013214053646523933
-0.1401098514754074,0.4870285058378622,-0.21303769768270914,-0.5090791928416813,-0.8024484737087255,-0.18935256184712382,-0.5090791928416813,-0.966303193286565,-0.358145440323592,-0.8659042062818543,-2.0219053307591675,-0.06589759600423688,1.7276430481413345,-0.6615546630290579
-0.1401098514754074,0.4870285058378622,-0.21303769768270914,-0.5090791928416813,1.672543794926189,-0.18935256184712382,-0.5090791928416813,-0.966303193286565,-0.358145440323592,-0.8659042062818543,-0.2544884306547635,-0.06589759600423688,-0.8382842205939496,-0.9145929317824011
-0.1401098514754074,0.4870285058378622,-0.21303769768270914,-0.5090791928416813,1.672543794926189,-0.18935256184712382,-0.5090791928416813,1.034871877633807,-0.358145440323592,-0.8659042062818543,1.5129284694496405,-0.06589759600423688,-0.8382842205939496,-1.0832851109512964
-0.1401098514754074,-2.053267905293714,-0.21303769768270914,-0.713985191299721,-0.8024484737087255,-0.18935256184712382,-0.713985191299721,-0.966303193286565,-0.358145440323592,2.6885269624312205,-0.2544884306547635,-0.06589759600423688,-0.8382842205939496,-0.15547812552237153
-0.1401098514754074,-2.053267905293714,-0.21303769768270914,-0.713985191299721,-0.8024484737087255,-0.18935256184712382,-0.713985191299721,-0.966303193286565,-0.358145440323592,2.6885269624312205,-0.2544884306547635,-0.06589759600423688,-0.8382842205939496,0.4349445015687626
-0.1401098514754074,0.4870285058378622,-0.21303769768270914,-0.713985191299721,-0.8024484737087255,-0.18935256184712382,-0.713985191299721,1.034871877633807,-0.358145440323592,-0.8659042062818543,-0.2544884306547635,-0.06589759600423688,-0.8382842205939496,0.7723288599065534
-0.1401098514754074,0.4870285058378622,-0.21303769768270914,-0.5090791928416813,-0.8024484737087255,-0.18935256184712382,-0.5090791928416813,-0.966303193286565,-0.358145440323592,-0.8659042062818543,1.5129284694496405,-0.00854614825704895,0.4446794137736925,-0.7459007526135056
-0.1401098514754074,0.4870285058378622,-0.21303769768270914,-0.0992671959256021,1.672543794926189,-0.18935256184712382,-0.0992671959256021,1.034871877633807,-0.358145440323592,-0.8659042062818543,1.5129284694496405,-0.5988091079133303,0.4446794137736925,-1.0832851109512964
-0.1401098514754074,0.4870285058378622,-0.21303769768270914,2.564510784028913,-0.8024484737087255,-0.18935256184712382,2.564510784028913,1.034871877633807,-0.358145440323592,0.5558682612033757,1.5129284694496405,-0.05257480820650953,1.7276430481413345,0.35059841198431485
-0.1401098514754074,0.4870285058378622,-0.21303769768270914,-0.5090791928416813,1.672543794926189,-0.18935256184712382,-0.5090791928416813,1.034871877633807,-0.358145440323592,1.2667544949459906,1.5129284694496405,-0.05257480820650953,-0.8382842205939496,-0.9145929317824011
-0.1401098514754074,0.4870285058378622,-0.21303769768270914,-0.5090791928416813,-0.8024484737087255,-0.18935256184712382,-0.5090791928416813,-0.966303193286565,-0.358145440323592,0.5558682612033757,-0.2544884306547635,-0.4522584421383296,-0.8382842205939496,0.6879827703221058
-0.1401098514754074,-2.053267905293714,-0.21303769768270914,-0.5090791928416813,-0.8024484737087255,-0.18935256184712382,-0.5090791928416813,-0.966303193286565,-0.358145440323592,-0.8659042062818543,-0.2544884306547635,-0.06589759600423688,-0.8382842205939496,-0.23982421510681926
-0.1401098514754074,-2.053267905293714,-0.21303769768270914,-0.30417319438364177,1.672543794926189,-0.18935256184712382,-0.30417319438364177,1.034871877633807,-0.358145440323592,-0.8659042062818543,1.5129284694496405,-0.06589759600423688,0.4446794137736925,-0.9989390213668488
-0.1401098514754074,0.4870285058378622,-0.21303769768270914,-0.30417319438364177,0.4350476606087318,-0.18935256184712382,-0.30417319438364177,1.034871877633807,-0.358145440323592,1.2667544949459906,-0.2544884306547635,-0.7586825614860584,-0.8382842205939496,2.5435967411799556
-0.1401098514754074,0.4870285058378622,1.7533742503977268,1.3350747932806755,1.672543794926189,-0.18935256184712382,1.3350747932806755,1.034871877633807,-0.358145440323592,0.5558682612033757,1.5129284694496405,-0.06589759600423688,0.4446794137736925,-0.9989390213668488
-0.1401098514754074,0.4870285058378622,-0.21303769768270914,-0.713985191299721,-0.8024484737087255,-0.18935256184712382,-0.713985191299721,1.034871877633807,-0.358145440323592,0.5558682612033757,-0.2544884306547635,-0.05257480820650953,-0.8382842205939496,-0.4085163942757147
-0.1401098514754074,0.4870285058378622,-0.21303769768270914,-0.30417319438364177,-0.8024484737087255,-0.18935256184712382,-0.30417319438364177,-0.966303193286565,-0.358145440323592,-0.8659042062818543,-0.2544884306547635,-0.06589759600423688,0.4446794137736925,0.09756014323097166
-0.1401098514754074,0.4870285058378622,-0.21303769768270914,-0.713985191299721,1.672543794926189,-0.18935256184712382,-0.713985191299721,1.034871877633807,2.792161751651698,2.6885269624312205,-2.0219053307591675,-0.06589759600423688,1.7276430481413345,-1.3363233797046397
-0.1401098514754074,0.4870285058378622,-0.21303769768270914,-0.5090791928416813,0.4350476606087318,-0.18935256184712382,-0.5090791928416813,-0.966303193286565,-0.358145440323592,0.5558682612033757,-0.2544884306547635,-0.06589759600423688,-0.8382842205939496,1.2784053974132399
-0.1401098514754074,0.4870285058378622,1.7533742503977268,-0.30417319438364177,-0.8024484737087255,-0.18935256184712382,-0.30417319438364177,-0.966303193286565,-0.358145440323592,0.5558682612033757,-0.2544884306547635,-0.05257480820650953,0.4446794137736925,-0.8302468421979533
-0.1401098514754074,0.4870285058378622,-0.21303769768270914,3.384134777861072,0.4350476606087318,-0.18935256184712382,3.384134777861072,-0.966303193286565,-0.358145440323592,-0.8659042062818543,1.5129284694496405,-0.09254317159969154,0.4446794137736925,1.531443666166583
-0.1401098514754074,0.4870285058378622,-0.21303769768270914,0.3105448009904772,-0.8024484737087255,-0.18935256184712382,0.3105448009904772,-0.966303193286565,-0.358145440323592,0.5558682612033757,1.5129284694496405,-1.0651066808337872,0.4446794137736925,-0.5772085734446102
-0.1401098514754074,0.4870285058378622,-0.21303769768270914,2.1546987871128342,-0.8024484737087255,-0.18935256184712382,2.1546987871128342,1.034871877633807,-0.358145440323592,-0.8659042062818543,1.5129284694496405,-0.06589759600423688,1.7276430481413345,0.7723288599065534
-0.1401098514754074,0.4870285058378622,-0.21303769768270914,-0.713985191299721,0.4350476606087318,-0.18935256184712382,-0.713985191299721,-0.966303193286565,-0.358145440323592,0.5558682612033757,-0.2544884306547635,-0.06589759600423688,0.4446794137736925,0.9410210390754489
-0.1401098514754074,0.4870285058378622,-0.21303769768270914,0.10563880253243754,-0.8024484737087255,-0.18935256184712382,0.10563880253243754,1.034871877633807,-0.358145440323592,-0.8659042062818543,-0.2544884306547635,-0.06589759600423688,-0.8382842205939496,-0.5772085734446102
-0.1401098514754074,0.4870285058378622,-0.21303769768270914,-0.5090791928416813,1.672543794926189,-0.18935256184712382,-0.5090791928416813,1.034871877633807,-0.358145440323592,-0.8659042062818543,1.5129284694496405,-0.05257480820650953,-0.8382842205939496,-1.0832851109512964
-0.1401098514754074,-2.053267905293714,-0.21303769768270914,2.564510784028913,0.4350476606087318,-0.18935256184712382,2.564510784028913,-0.966303193286565,-0.358145440323592,-0.8659042062818543,-0.2544884306547635,-1.6779549195292447,1.7276430481413345,1.3627514869976876
-0.1401098514754074,-2.053267905293714,-0.21303769768270914,-0.713985191299721,1.672543794926189,-0.18935256184712382,-0.713985191299721,1.034871877633807,-0.358145440323592,-0.8659042062818543,1.5129284694496405,-0.05257480820650953,-0.8382842205939496,-1.251977290120192
-0.1401098514754074,0.4870285058378622,-0.21303769768270914,0.5154507994485168,-0.8024484737087255,2.103311910014095,0.5154507994485168,1.034871877633807,2.792161751651698,-0.8659042062818543,-2.0219053307591675,-0.06589759600423688,1.7276430481413345,-0.5772085734446102
-0.1401098514754074,0.4870285058378622,-0.21303769768270914,0.9252627963645961,-0.8024484737087255,-0.18935256184712382,0.9252627963645961,-0.966303193286565,-0.358145440323592,-0.8659042062818543,-0.2544884306547635,-0.06589759600423688,-0.8382842205939496,0.5192905911532103
-0.1401098514754074,-2.053267905293714,-0.21303769768270914,1.539980791738715,-0.8024484737087255,-0.18935256184712382,1.539980791738715,1.034871877633807,-0.358145440323592,0.5558682612033757,1.5129284694496405,-0.09254317159969154,1.7276430481413345,-0.4928624838601624
-0.1401098514754074,0.4870285058378622,-0.21303769768270914,-0.713985191299721,-0.8024484737087255,-0.18935256184712382,-0.713985191299721,1.034871877633807,-0.358145440323592,0.5558682612033757,1.5129284694496405,-0.06589759600423688,1.7276430481413345,-0.6615546630290579
-0.1401098514754074,-2.053267905293714,-0.21303769768270914,-0.0992671959256021,-0.8024484737087255,-0.18935256184712382,-0.0992671959256021,-0.966303193286565,-0.358145440323592,-0.8659042062818543,-0.2544884306547635,-0.06589759600423688,0.4446794137736925,-0.23982421510681926
-0.1401098514754074,-2.053267905293714,-0.21303769768270914,-0.713985191299721,0.4350476606087318,-0.18935256184712382,-0.713985191299721,-0.966303193286565,-0.358145440323592,0.5558682612033757,-0.2544884306547635,-0.06589759600423688,-0.8382842205939496,2.206212382842165
-0.1401098514754074,0.4870285058378622,-0.21303769768270914,-0.5090791928416813,1.672543794926189,-0.18935256184712382,-0.5090791928416813,1.034871877633807,-0.358145440323592,-0.8659042062818543,-2.0219053307591675,-0.2524166251724196,0.4446794137736925,-1.1676312005357443
-0.1401098514754074,0.4870285058378622,-0.21303769768270914,-0.713985191299721,1.672543794926189,-0.18935256184712382,-0.713985191299721,-0.966303193286565,-0.358145440323592,-0.8659042062818543,1.5129284694496405,-0.09254317159969154,-0.8382842205939496,-1.1676312005357443
-0.1401098514754074,-2.053267905293714,-0.21303769768270914,-0.713985191299721,0.4350476606087318,-0.18935256184712382,-0.713985191299721,-0.966303193286565,-0.358145440323592,2.6885269624312205,-0.2544884306547635,-0.06589759600423688,-0.8382842205939496,1.1097132182443443
-0.1401098514754074,-2.053267905293714,-0.21303769768270914,1.539980791738715,-0.8024484737087255,-0.18935256184712382,1.539980791738715,-0.966303193286565,-0.358145440323592,-0.8659042062818543,1.5129284694496405,-0.06589759600423688,1.7276430481413345,-0.4928624838601624
-0.1401098514754074,-2.053267905293714,-0.21303769768270914,-0.30417319438364177,0.4350476606087318,-0.18935256184712382,-0.30417319438364177,1.034871877633807,-0.358145440323592,-0.8659042062818543,-2.0219053307591675,-0.06589759600423688,1.7276430481413345,0.9410210390754489
-0.1401098514754074,0.4870285058378622,-0.21303769768270914,2.564510784028913,-0.8024484737087255,-0.18935256184712382,2.564510784028913,1.034871877633807,-0.358145440323592,1.2667544949459906,-2.0219053307591675,-0.06589759600423688,1.7276430481413345,-0.5772085734446102
-0.1401098514754074,0.4870285058378622,-0.21303769768270914,-0.713985191299721,-0.8024484737087255,-0.18935256184712382,-0.713985191299721,-0.966303193286565,-0.358145440323592,0.5558682612033757,-0.2544884306547635,-0.05257480820650953,-0.8382842205939496,0.5192905911532103
-0.1401098514754074,0.4870285058378622,-0.21303769768270914,1.1301687948226358,-0.8024484737087255,-0.18935256184712382,1.1301687948226358,1.034871877633807,-0.358145440323592,-0.8659042062818543,-0.2544884306547635,-0.06589759600423688,-0.8382842205939496,-0.4085163942757147
-0.1401098514754074,0.4870285058378622,-0.21303769768270914,-0.30417319438364177,0.4350476606087318,-0.18935256184712382,-0.30417319438364177,1.034871877633807,-0.358145440323592,-0.8659042062818543,-0.2544884306547635,-0.05257480820650953,-0.8382842205939496,0.9410210390754489
-0.1401098514754074,0.4870285058378622,-0.21303769768270914,-0.713985191299721,1.672543794926189,-0.18935256184712382,-0.713985191299721,1.034871877633807,-0.358145440323592,-0.8659042062818543,1.5129284694496405,-0.06589759600423688,0.4446794137736925,-1.251977290120192
-0.1401098514754074,0.4870285058378622,-0.21303769768270914,-0.0992671959256021,-0.8024484737087255,-0.18935256184712382,-0.0992671959256021,-0.966303193286565,-0.358145440323592,-0.8659042062818543,1.5129284694496405,3.464641170393507,1.7276430481413345,-0.5772085734446102
-0.1401098514754074,0.4870285058378622,-0.21303769768270914,-0.0992671959256021,-0.8024484737087255,-0.18935256184712382,-0.0992671959256021,1.034871877633807,-0.358145440323592,0.5558682612033757,-0.2544884306547635,-0.06589759600423688,-0.8382842205939496,0.013214053646523933
-0.1401098514754074,0.4870285058378622,-0.21303769768270914,0.5154507994485168,-0.8024484737087255,-0.18935256184712382,0.5154507994485168,-0.966303193286565,-0.358145440323592,-0.8659042062818543,1.5129284694496405,-0.00854614825704895,0.4446794137736925,0.18190623281541937
-0.1401098514754074,0.4870285058378622,-0.21303769768270914,-0.713985191299721,-0.8024484737087255,-0.18935256184712382,-0.713985191299721,-0.966303193286565,-0.358145440323592,1.2667544949459906,-0.2544884306547635,-0.06589759600423688,-0.8382842205939496,-0.23982421510681926
-0.1401098514754074,0.4870285058378622,-0.21303769768270914,0.5154507994485168,-0.8024484737087255,-0.18935256184712382,0.5154507994485168,-0.966303193286565,-0.358145440323592,2.6885269624312205,-0.2544884306547635,-0.06589759600423688,-0.8382842205939496,0.18190623281541937
-0.1401098514754074,-2.053267905293714,-0.21303769768270914,0.9252627963645961,-0.8024484737087255,-0.18935256184712382,0.9252627963645961,1.034871877633807,-0.358145440323592,0.5558682612033757,1.5129284694496405,-0.06589759600423688,0.4446794137736925,0.35059841198431485
3.913842240784374,0.4870285058378622,-0.21303769768270914,0.5154507994485168,-0.8024484737087255,-0.18935256184712382,0.5154507994485168,1.034871877633807,-0.358145440323592,-0.8659042062818543,-2.0219053307591675,-0.06589759600423688,1.7276430481413345,-0.6615546630290579
-0.1401098514754074,0.4870285058378622,-0.21303769768270914,1.3350747932806755,0.4350476606087318,-0.18935256184712382,1.3350747932806755,-0.966303193286565,-0.358145440323592,1.2667544949459906,1.5129284694496405,-0.05257480820650953,0.4446794137736925,1.4470975765821352
-0.1401098514754074,0.4870285058378622,-0.21303769768270914,-0.713985191299721,-0.8024484737087255,-0.18935256184712382,-0.713985191299721,-0.966303193286565,-0.358145440323592,-0.8659042062818543,-0.2544884306547635,-0.06589759600423688,1.7276430481413345,-0.32417030469126695
-0.1401098514754074,0.4870285058378622,-0.21303769768270914,-0.713985191299721,-0.8024484737087255,-0.18935256184712382,-0.713985191299721,1.034871877633807,-0.358145440323592,0.5558682612033757,-0.2544884306547635,-0.05257480820650953,0.4446794137736925,0.013214053646523933
-0.1401098514754074,0.4870285058378622,-0.21303769768270914,-0.0992671959256021,0.4350476606087318,-0.18935256184712382,-0.0992671959256021,-0.966303193286565,-0.358145440323592,0.5558682612033757,-0.2544884306547635,-0.06589759600423688,-0.8382842205939496,3.049673278686642
-0.1401098514754074,0.4870285058378622,-0.21303769768270914,-0.713985191299721,1.672543794926189,-0.18935256184712382,-0.713985191299721,-0.966303193286565,-0.358145440323592,-0.8659042062818543,1.5129284694496405,-0.06589759600423688,0.4446794137736925,-0.9145929317824011
7.967794333044156,0.4870285058378622,1.7533742503977268,1.9497927886547946,-0.8024484737087255,-0.18935256184712382,1.9497927886547946,1.034871877633807,-0.358145440323592,0.5558682612033757,-0.2544884306547635,-0.06589759600423688,-0.8382842205939496,-0.8302468421979533
-0.1401098514754074,-2.053267905293714,-0.21303769768270914,-0.0992671959256021,1.672543794926189,-0.18935256184712382,-0.0992671959256021,1.034871877633807,-0.358145440323592,-0.8659042062818543,1.5129284694496405,-0.06589759600423688,0.4446794137736925,-0.9145929317824011
-0.1401098514754074,0.4870285058378622,-0.21303769768270914,-0.0992671959256021,-0.8024484737087255,-0.18935256184712382,-0.0992671959256021,-0.966303193286565,-0.358145440323592,-0.8659042062818543,-0.2544884306547635,-0.06589759600423688,-0.8382842205939496,-0.6615546630290579
-0.1401098514754074,0.4870285058378622,-0.21303769768270914,0.10563880253243754,-0.8024484737087255,-0.18935256184712382,0.10563880253243754,1.034871877633807,2.792161751651698,-0.8659042062818543,1.5129284694496405,-0.06589759600423688,0.4446794137736925,-0.6615546630290579
-0.1401098514754074,0.4870285058378622,-0.21303769768270914,-0.713985191299721,-0.8024484737087255,-0.18935256184712382,-0.713985191299721,1.034871877633807,-0.358145440323592,-0.8659042062818543,1.5129284694496405,-0.05257480820650953,1.7276430481413345,-0.8302468421979533
-0.1401098514754074,0.4870285058378622,-0.21303769768270914,-0.5090791928416813,-0.8024484737087255,-0.18935256184712382,-0.5090791928416813,1.034871877633807,-0.358145440323592,-0.8659042062818543,-0.2544884306547635,-0.06589759600423688,-0.8382842205939496,-0.15547812552237153
-0.1401098514754074,0.4870285058378622,-0.21303769768270914,-0.5090791928416813,-0.8024484737087255,-0.18935256184712382,-0.5090791928416813,1.034871877633807,-0.358145440323592,1.2667544949459906,-0.2544884306547635,-0.06589759600423688,-0.8382842205939496,-0.7459007526135056
-0.1401098514754074,-2.053267905293714,-0.21303769768270914,-0.713985191299721,-0.8024484737087255,-0.18935256184712382,-0.713985191299721,-0.966303193286565,-0.358145440323592,-0.8659042062818543,-0.2544884306547635,-0.06589759600423688,-0.8382842205939496,-0.4085163942757147
-0.1401098514754074,0.4870285058378622,-0.21303769768270914,-0.713985191299721,0.4350476606087318,-0.18935256184712382,-0.713985191299721,-0.966303193286565,-0.358145440323592,-0.8659042062818543,-0.2544884306547635,-0.06589759600423688,-0.8382842205939496,1.3627514869976876
-0.1401098514754074,0.4870285058378622,-0.21303769768270914,1.539980791738715,0.4350476606087318,-0.18935256184712382,1.539980791738715,-0.966303193286565,-0.358145440323592,0.5558682612033757,-0.2544884306547635,-1.4381447391701527,-0.8382842205939496,1.0253671286598967
-0.1401098514754074,0.4870285058378622,-0.21303769768270914,-0.5090791928416813,-0.8024484737087255,-0.18935256184712382,-0.5090791928416813,1.034871877633807,-0.358145440323592,1.2667544949459906,1.5129284694496405,-0.00854614825704895,0.4446794137736925,-0.32417030469126695
-0.1401098514754074,0.4870285058378622,-0.21303769768270914,-0.713985191299721,-0.8024484737087255,-0.18935256184712382,-0.713985191299721,-0.966303193286565,-0.358145440323592,1.2667544949459906,-0.2544884306547635,-0.09254317159969154,0.4446794137736925,-0.32417030469126695
-0.1401098514754074,0.4870285058378622,-0.21303769768270914,-0.5090791928416813,1.672543794926189,-0.18935256184712382,-0.5090791928416813,-0.966303193286565,-0.358145440323592,0.5558682612033757,1.5129284694496405,-0.06589759600423688,-0.8382842205939496,-1.251977290120192
-0.1401098514754074,0.4870285058378622,-0.21303769768270914,2.769416782486953,-0.8024484737087255,-0.18935256184712382,2.769416782486953,1.034871877633807,2.792161751651698,-0.8659042062818543,-2.0219053307591675,-0.00854614825704895,1.7276430481413345,-0.15547812552237153
-0.1401098514754074,0.4870285058378622,-0.21303769768270914,0.3105448009904772,0.4350476606087318,-0.18935256184712382,0.3105448009904772,1.034871877633807,-0.358145440323592,2.6885269624312205,-0.2544884306547635,-0.06589759600423688,-0.8382842205939496,1.0253671286598967
-0.1401098514754074,0.4870285058378622,1.7533742503977268,1.7448867901967549,-0.8024484737087255,-0.18935256184712382,1.7448867901967549,1.034871877633807,-0.358145440323592,-0.8659042062818543,1.5129284694496405,-0.06589759600423688,1.7276430481413345,-0.15547812552237153
-0.1401098514754074,0.4870285058378622,-0.21303769768270914,-0.30417319438364177,-0.8024484737087255,-0.18935256184712382,-0.30417319438364177,-0.966303193286565,-0.358145440323592,-0.8659042062818543,-0.2544884306547635,-0.06589759600423688,-0.8382842205939496,0.35059841198431485
-0.1401098514754074,0.4870285058378622,1.7533742503977268,-0.5090791928416813,1.672543794926189,-0.18935256184712382,-0.5090791928416813,1.034871877633807,-0.358145440323592,-0.8659042062818543,1.5129284694496405,-0.05257480820650953,0.4446794137736925,-1.0832851109512964
-0.1401098514754074,-2.053267905293714,-0.21303769768270914,-0.713985191299721,-0.8024484737087255,-0.18935256184712382,-0.713985191299721,1.034871877633807,-0.358145440323592,-0.8659042062818543,-0.2544884306547635,-0.06589759600423688,0.4446794137736925,0.35059841198431485
-0.1401098514754074,0.4870285058378622,-0.21303769768270914,-0.713985191299721,0.4350476606087318,-0.18935256184712382,-0.713985191299721,-0.966303193286565,-0.358145440323592,0.5558682612033757,-0.2544884306547635,-0.06589759600423688,-0.8382842205939496,3.3027115474399853
-0.1401098514754074,0.4870285058378622,-0.21303769768270914,0.10563880253243754,0.4350476606087318,-0.18935256184712382,0.10563880253243754,-0.966303193286565,-0.358145440323592,-0.8659042062818543,-0.2544884306547635,-0.06589759600423688,-0.8382842205939496,1.6157897557510308
-0.1401098514754074,0.4870285058378622,1.7533742503977268,-0.713985191299721,1.672543794926189,-0.18935256184712382,-0.713985191299721,1.034871877633807,-0.358145440323592,0.5558682612033757,-2.0219053307591675,-0.06589759600423688,0.4446794137736925,-1.251977290120192
-0.1401098514754074,0.4870285058378622,-0.21303769768270914,-0.713985191299721,1.672543794926189,-0.18935256184712382,-0.713985191299721,1.034871877633807,-0.358145440323592,-0.8659042062818543,1.5129284694496405,-0.05257480820650953,-0.8382842205939496,-1.1676312005357443
-0.1401098514754074,0.4870285058378622,-0.21303769768270914,-0.713985191299721,-0.8024484737087255,-0.18935256184712382,-0.713985191299721,1.034871877633807,-0.358145440323592,0.5558682612033757,-2.0219053307591675,-0.06589759600423688,0.4446794137736925,-0.23982421510681926
-0.1401098514754074,0.4870285058378622,-0.21303769768270914,0.9252627963645961,-0.8024484737087255,-0.18935256184712382,0.9252627963645961,1.034871877633807,-0.358145440323592,-0.8659042062818543,-0.2544884306547635,-0.05257480820650953,0.4446794137736925,0.4349445015687626
-0.1401098514754074,0.4870285058378622,-0.21303769768270914,1.7448867901967549,0.4350476606087318,-0.18935256184712382,1.7448867901967549,1.034871877633807,-0.358145440323592,-0.8659042062818543,-2.0219053307591675,0.22720373554576456,1.7276430481413345,1.3627514869976876
-0.1401098514754074,-2.053267905293714,-0.21303769768270914,-0.713985191299721,1.672543794926189,-0.18935256184712382,-0.713985191299721,-0.966303193286565,-0.358145440323592,0.5558682612033757,1.5129284694496405,-0.07922038380196421,-0.8382842205939496,-1.1676312005357443
-0.1401098514754074,0.4870285058378622,-0.21303769768270914,1.1301687948226358,-0.8024484737087255,-0.18935256184712382,1.1301687948226358,-0.966303193286565,-0.358145440323592,-0.8659042062818543,-0.2544884306547635,0.919988701027586,-0.8382842205939496,0.7723288599065534
-0.1401098514754074,-2.053267905293714,-0.21303769768270914,-0.713985191299721,0.4350476606087318,-0.18935256184712382,-0.713985191299721,-0.966303193286565,-0.358145440323592,-0.8659042062818543,-0.2544884306547635,-0.06589759600423688,-0.8382842205939496,2.712288920348851
-0.1401098514754074,-2.053267905293714,-0.21303769768270914,-0.713985191299721,1.672543794926189,-0.18935256184712382,-0.713985191299721,1.034871877633807,2.792161751651698,-0.8659042062818543,-0.2544884306547635,-0.06589759600423688,-0.8382842205939496,-0.9145929317824011
-0.1401098514754074,0.4870285058378622,-0.21303769768270914,0.7203567979065565,-0.8024484737087255,-0.18935256184712382,0.7203567979065565,-0.966303193286565,-0.358145440323592,-0.8659042062818543,1.5129284694496405,-0.00854614825704895,0.4446794137736925,-0.7459007526135056
-0.1401098514754074,0.4870285058378622,-0.21303769768270914,-0.0992671959256021,0.4350476606087318,-0.18935256184712382,-0.0992671959256021,-0.966303193286565,-0.358145440323592,0.5558682612033757,-0.2544884306547635,-0.09254317159969154,-0.8382842205939496,2.037520203673269
-0.1401098514754074,0.4870285058378622,-0.21303769768270914,1.539980791738715,-0.8024484737087255,2.103311910014095,1.539980791738715,1.034871877633807,-0.358145440323592,-0.8659042062818543,-2.0219053307591675,-0.06589759600423688,1.7276430481413345,-0.5772085734446102
-0.1401098514754074,0.4870285058378622,-0.21303769768270914,-0.5090791928416813,-0.8024484737087255,-0.18935256184712382,-0.5090791928416813,1.034871877633807,2.792161751651698,2.6885269624312205,-0.2544884306547635,-0.06589759600423688,-0.8382842205939496,-0.5772085734446102
-0.1401098514754074,0.4870285058378622,-0.21303769768270914,-0.713985191299721,-0.8024484737087255,-0.18935256184712382,-0.713985191299721,-0.966303193286565,-0.358145440323592,1.2667544949459906,-0.2544884306547635,-0.05257480820650953,-0.8382842205939496,0.2662523223998671
-0.1401098514754074,0.4870285058378622,1.7533742503977268,-0.5090791928416813,1.672543794926189,-0.18935256184712382,-0.5090791928416813,1.034871877633807,-0.358145440323592,-0.8659042062818543,-2.0219053307591675,-0.05257480820650953,0.4446794137736925,-1.0832851109512964
-0.1401098514754074,0.4870285058378622,-0.21303769768270914,-0.5090791928416813,-0.8024484737087255,-0.18935256184712382,-0.5090791928416813,1.034871877633807,2.792161751651698,0.5558682612033757,-0.2544884306547635,-0.06589759600423688,-0.8382842205939496,0.2662523223998671
-0.1401098514754074,-2.053267905293714,-0.21303769768270914,0.10563880253243754,0.4350476606087318,-0.18935256184712382,0.10563880253243754,1.034871877633807,2.792161751651698,-0.8659042062818543,-0.2544884306547635,-0.23909383737469223,-0.8382842205939496,1.9531741140888217
-0.1401098514754074,0.4870285058378622,-0.21303769768270914,0.9252627963645961,0.4350476606087318,-0.18935256184712382,0.9252627963645961,-0.966303193286565,-0.358145440323592,0.5558682612033757,-0.2544884306547635,-0.06589759600423688,-0.8382842205939496,2.459250651595508
1.8868661946544836,0.4870285058378622,-0.21303769768270914,-0.30417319438364177,1.672543794926189,-0.18935256184712382,-0.30417319438364177,1.034871877633807,-0.358145440323592,-0.8659042062818543,-2.0219053307591675,-0.05257480820650953,1.7276430481413345,-0.9989390213668488
-0.1401098514754074,0.4870285058378622,-0.21303769768270914,-0.30417319438364177,-0.8024484737087255,-0.18935256184712382,-0.30417319438364177,1.034871877633807,-0.358145440323592,1.2667544949459906,-0.2544884306547635,-0.06589759600423688,-0.8382842205939496,-0.07113203593792379
-0.1401098514754074,0.4870285058378622,1.7533742503977268,0.9252627963645961,-0.8024484737087255,-0.18935256184712382,0.9252627963645961,1.034871877633807,2.792161751651698,-0.8659042062818543,-0.2544884306547635,-0.6121318957110576,1.7276430481413345,-0.4085163942757147
-0.1401098514754074,0.4870285058378622,-0.21303769768270914,-0.5090791928416813,-0.8024484737087255,-0.18935256184712382,-0.5090791928416813,-0.966303193286565,-0.358145440323592,-0.8659042062818543,-0.2544884306547635,-0.05257480820650953,-0.8382842205939496,-0.8302468421979533
-0.1401098514754074,0.4870285058378622,-0.21303769768270914,-0.30417319438364177,-0.8024484737087255,-0.18935256184712382,-0.30417319438364177,1.034871877633807,-0.358145440323592,0.5558682612033757,-0.2544884306547635,-0.06589759600423688,1.7276430481413345,-0.7459007526135056
-0.1401098514754074,-2.053267905293714,-0.21303769768270914,-0.5090791928416813,-0.8024484737087255,-0.18935256184712382,-0.5090791928416813,-0.966303193286565,-0.358145440323592,1.2667544949459906,-0.2544884306547635,-0.00854614825704895,-0.8382842205939496,-0.4085163942757147
-0.1401098514754074,0.4870285058378622,-0.21303769768270914,0.10563880253243754,0.4350476606087318,-0.18935256184712382,0.10563880253243754,-0.966303193286565,-0.358145440323592,-0.8659042062818543,-0.2544884306547635,-0.42561286654287495,-0.8382842205939496,1.3627514869976876
-0.1401098514754074,0.4870285058378622,-0.21303769768270914,-0.5090791928416813,-0.8024484737087255,-0.18935256184712382,-0.5090791928416813,1.034871877633807,-0.358145440323592,-0.8659042062818543,-0.2544884306547635,-0.3589989275542383,-0.8382842205939496,-0.8302468421979533
1.8868661946544836,0.4870285058378622,1.7533742503977268,0.10563880253243754,-0.8024484737087255,2.103311910014095,0.10563880253243754,1.034871877633807,2.792161751651698,-0.8659042062818543,-2.0219053307591675,-0.05257480820650953,1.7276430481413345,-0.4928624838601624
-0.1401098514754074,-2.053267905293714,-0.21303769768270914,-0.713985191299721,0.4350476606087318,-0.18935256184712382,-0.713985191299721,-0.966303193286565,-0.358145440323592,0.5558682612033757,-0.2544884306547635,-0.05257480820650953,-0.8382842205939496,1.531443666166583
-0.1401098514754074,0.4870285058378622,5.686198146558598,0.10563880253243754,1.672543794926189,2.103311910014095,0.10563880253243754,1.034871877633807,2.792161751651698,-0.8659042062818543,1.5129284694496405,-0.06589759600423688,0.4446794137736925,-0.9145929317824011
-0.1401098514754074,0.4870285058378622,3.719786198478163,-0.5090791928416813,1.672543794926189,-0.18935256184712382,-0.5090791928416813,-0.966303193286565,-0.358145440323592,1.2667544949459906,-2.0219053307591675,-0.15915711058832824,1.7276430481413345,-1.1676312005357443
-0.1401098514754074,0.4870285058378622,1.7533742503977268,2.564510784028913,-0.8024484737087255,-0.18935256184712382,2.564510784028913,1.034871877633807,-0.358145440323592,-0.8659042062818543,-0.2544884306547635,-0.06589759600423688,1.7276430481413345,0.09756014323097166
-0.1401098514754074,-2.053267905293714,-0.21303769768270914,-0.713985191299721,1.672543794926189,-0.18935256184712382,-0.713985191299721,1.034871877633807,-0.358145440323592,-0.8659042062818543,1.5129284694496405,-0.07922038380196421,0.4446794137736925,-1.1676312005357443
-0.1401098514754074,0.4870285058378622,-0.21303769768270914,-0.713985191299721,1.672543794926189,-0.18935256184712382,-0.713985191299721,-0.966303193286565,-0.358145440323592,1.2667544949459906,1.5129284694496405,-0.09254317159969154,0.4446794137736925,-1.1676312005357443
-0.1401098514754074,0.4870285058378622,-0.21303769768270914,-0.713985191299721,-0.8024484737087255,-0.18935256184712382,-0.713985191299721,-0.966303193286565,-0.358145440323592,0.5558682612033757,1.5129284694496405,-0.06589759600423688,-0.8382842205939496,-0.32417030469126695
-0.1401098514754074,0.4870285058378622,7.6526100946390345,2.3596047855708737,-0.8024484737087255,6.688640853736533,2.3596047855708737,1.034871877633807,-0.358145440323592,-0.8659042062818543,-0.2544884306547635,-0.06589759600423688,0.4446794137736925,-0.32417030469126695
-0.1401098514754074,-2.053267905293714,-0.21303769768270914,-0.30417319438364177,-0.8024484737087255,-0.18935256184712382,-0.30417319438364177,1.034871877633807,-0.358145440323592,-0.8659042062818543,-0.2544884306547635,-0.06589759600423688,-0.8382842205939496,-0.7459007526135056
-0.1401098514754074,0.4870285058378622,-0.21303769768270914,0.10563880253243754,-0.8024484737087255,-0.18935256184712382,0.10563880253243754,-0.966303193286565,-0.358145440323592,0.5558682612033757,-0.2544884306547635,-0.06589759600423688,-0.8382842205939496,0.7723288599065534
-0.1401098514754074,-2.053267905293714,-0.21303769768270914,0.7203567979065565,-0.8024484737087255,-0.18935256184712382,0.7203567979065565,1.034871877633807,-0.358145440323592,-0.8659042062818543,-0.2544884306547635,-0.06589759600423688,-0.8382842205939496,0.013214053646523933
-0.1401098514754074,0.4870285058378622,-0.21303769768270914,-0.5090791928416813,0.4350476606087318,-0.18935256184712382,-0.5090791928416813,-0.966303193286565,-0.358145440323592,1.2667544949459906,-0.2544884306547635,-0.05257480820650953,-0.8382842205939496,1.8688280245043738
-0.1401098514754074,0.4870285058378622,-0.21303769768270914,-0.5090791928416813,1.672543794926189,-0.18935256184712382,-0.5090791928416813,-0.966303193286565,-0.358145440323592,-0.8659042062818543,1.5129284694496405,-0.05257480820650953,0.4446794137736925,-0.9145929317824011
-0.1401098514754074,0.4870285058378622,-0.21303769768270914,-0.713985191299721,0.4350476606087318,-0.18935256184712382,-0.713985191299721,-0.966303193286565,-0.358145440323592,-0.8659042062818543,-0.2544884306547635,-0.06589759600423688,-0.8382842205939496,2.459250651595508
-0.1401098514754074,0.4870285058378622,-0.21303769768270914,0.10563880253243754,-0.8024484737087255,-0.18935256184712382,0.10563880253243754,-0.966303193286565,-0.358145440323592,-0.8659042062818543,-0.2544884306547635,-0.06589759600423688,-0.8382842205939496,-0.15547812552237153
-0.1401098514754074,0.4870285058378622,-0.21303769768270914,-0.713985191299721,0.4350476606087318,-0.18935256184712382,-0.713985191299721,-0.966303193286565,-0.358145440323592,1.2667544949459906,-0.2544884306547635,-0.07922038380196421,-0.8382842205939496,2.037520203673269
-0.1401098514754074,0.4870285058378622,-0.21303769768270914,0.3105448009904772,0.4350476606087318,-0.18935256184712382,0.3105448009904772,1.034871877633807,2.792161751651698,1.2667544949459906,-0.2544884306547635,-0.06589759600423688,-0.8382842205939496,1.2784053974132399
-0.1401098514754074,0.4870285058378622,-0.21303769768270914,0.5154507994485168,-0.8024484737087255,2.103311910014095,0.5154507994485168,1.034871877633807,-0.358145440323592,-0.8659042062818543,1.5129284694496405,-0.06589759600423688,-0.8382842205939496,-0.8302468421979533
-0.1401098514754074,0.4870285058378622,-0.21303769768270914,-0.0992671959256021,-0.8024484737087255,-0.18935256184712382,-0.0992671959256021,-0.966303193286565,-0.358145440323592,0.5558682612033757,-0.2544884306547635,-0.3456761397565109,-0.8382842205939496,-0.6615546630290579
-0.1401098514754074,0.4870285058378622,-0.21303769768270914,-0.0992671959256021,-0.8024484737087255,-0.18935256184712382,-0.0992671959256021,1.034871877633807,2.792161751651698,0.5558682612033757,-0.2544884306547635,-0.06589759600423688,-0.8382842205939496,0.35059841198431485
-0.1401098514754074,-2.053267905293714,-0.21303769768270914,-0.30417319438364177,-0.8024484737087255,-0.18935256184712382,-0.30417319438364177,1.034871877633807,2.792161751651698,0.5558682612033757,-0.2544884306547635,-0.7053914102951491,-0.8382842205939496,-0.07113203593792379
-0.1401098514754074,-2.053267905293714,-0.21303769768270914,-0.713985191299721,-0.8024484737087255,-0.18935256184712382,-0.713985191299721,-0.966303193286565,-0.358145440323592,0.5558682612033757,-0.2544884306547635,-0.07922038380196421,0.4446794137736925,-0.5772085734446102
-0.1401098514754074,0.4870285058378622,-0.21303769768270914,0.10563880253243754,-0.8024484737087255,2.103311910014095,0.10563880253243754,1.034871877633807,-0.358145440323592,2.6885269624312205,-0.2544884306547635,-0.4522584421383296,-0.8382842205939496,0.35059841198431485
-0.1401098514754074,0.4870285058378622,1.7533742503977268,1.9497927886547946,-0.8024484737087255,4.395976381875314,1.9497927886547946,1.034871877633807,-0.358145440323592,-0.8659042062818543,-0.2544884306547635,-0.05257480820650953,0.4446794137736925,-0.6615546630290579
-0.1401098514754074,0.4870285058378622,-0.21303769768270914,-0.0992671959256021,-0.8024484737087255,-0.18935256184712382,-0.0992671959256021,-0.966303193286565,-0.358145440323592,-0.8659042062818543,-2.0219053307591675,-0.06589759600423688,0.4446794137736925,0.4349445015687626
-0.1401098514754074,-2.053267905293714,-0.21303769768270914,1.1301687948226358,-0.8024484737087255,-0.18935256184712382,1.1301687948226358,1.034871877633807,-0.358145440323592,0.5558682612033757,-0.2544884306547635,-0.025929232611054856,-0.8382842205939496,0.5192905911532103
-0.1401098514754074,0.4870285058378622,-0.21303769768270914,-0.713985191299721,-0.8024484737087255,-0.18935256184712382,-0.713985191299721,-0.966303193286565,-0.358145440323592,1.2667544949459906,-0.2544884306547635,-0.06589759600423688,-0.8382842205939496,-0.32417030469126695
-0.1401098514754074,0.4870285058378622,-0.21303769768270914,0.7203567979065565,-0.8024484737087255,-0.18935256184712382,0.7203567979065565,-0.966303193286565,-0.358145440323592,-0.8659042062818543,-0.2544884306547635,-0.06589759600423688,-0.8382842205939496,0.013214053646523933
-0.1401098514754074,-2.053267905293714,-0.21303769768270914,-0.5090791928416813,0.4350476606087318,-0.18935256184712382,-0.5090791928416813,-0.966303193286565,-0.358145440323592,-0.8659042062818543,-0.2544884306547635,-0.06589759600423688,-0.8382842205939496,1.2784053974132399
-0.1401098514754074,0.4870285058378622,-0.21303769768270914,-0.0992671959256021,-0.8024484737087255,-0.18935256184712382,-0.0992671959256021,1.034871877633807,2.792161751651698,0.5558682612033757,-0.2544884306547635,-0.06589759600423688,0.4446794137736925,0.013214053646523933
-0.1401098514754074,0.4870285058378622,-0.21303769768270914,-0.0992671959256021,-0.8024484737087255,-0.18935256184712382,-0.0992671959256021,1.034871877633807,-0.358145440323592,0.5558682612033757,-0.2544884306547635,-0.06589759600423688,-0.8382842205939496,-0.5772085734446102
-0.1401098514754074,0.4870285058378622,-0.21303769768270914,-0.5090791928416813,1.672543794926189,-0.18935256184712382,-0.5090791928416813,-0.966303193286565,-0.358145440323592,-0.8659042062818543,1.5129284694496405,-0.05257480820650953,0.4446794137736925,-0.9989390213668488
-0.1401098514754074,0.4870285058378622,-0.21303769768270914,-0.30417319438364177,0.4350476606087318,-0.18935256184712382,-0.30417319438364177,-0.966303193286565,-0.358145440323592,-0.8659042062818543,-0.2544884306547635,-0.3989672909474203,-0.8382842205939496,1.6157897557510308
-0.1401098514754074,-2.053267905293714,-0.21303769768270914,-0.713985191299721,-0.8024484737087255,-0.18935256184712382,-0.713985191299721,-0.966303193286565,-0.358145440323592,0.5558682612033757,-0.2544884306547635,-0.07922038380196421,0.4446794137736925,0.35059841198431485
-0.1401098514754074,-2.053267905293714,-0.21303769768270914,-0.713985191299721,-0.8024484737087255,-0.18935256184712382,-0.713985191299721,1.034871877633807,2.792161751651698,-0.8659042062818543,-0.2544884306547635,-0.07922038380196421,0.4446794137736925,-0.32417030469126695
-0.1401098514754074,0.4870285058378622,-0.21303769768270914,0.3105448009904772,-0.8024484737087255,-0.18935256184712382,0.3105448009904772,1.034871877633807,2.792161751651698,-0.8659042062818543,1.5129284694496405,-0.06589759600423688,0.4446794137736925,-0.7459007526135056
3.913842240784374,0.4870285058378622,1.7533742503977268,3.7939467747771514,-0.8024484737087255,4.395976381875314,3.7939467747771514,1.034871877633807,-0.358145440323592,-0.8659042062818543,1.5129284694496405,-0.505549593329239,1.7276430481413345,0.2662523223998671
-0.1401098514754074,-2.053267905293714,-0.21303769768270914,0.3105448009904772,-0.8024484737087255,-0.18935256184712382,0.3105448009904772,1.034871877633807,-0.358145440323592,-0.8659042062818543,1.5129284694496405,-0.7586825614860584,0.4446794137736925,-0.07113203593792379
-0.1401098514754074,-2.053267905293714,-0.21303769768270914,0.7203567979065565,0.4350476606087318,-0.18935256184712382,0.7203567979065565,-0.966303193286565,-0.358145440323592,-0.8659042062818543,-0.2544884306547635,-0.06589759600423688,-0.8382842205939496,1.2784053974132399
-0.1401098514754074,0.4870285058378622,-0.21303769768270914,-0.5090791928416813,0.4350476606087318,-0.18935256184712382,-0.5090791928416813,-0.966303193286565,-0.358145440323592,-0.8659042062818543,-0.2544884306547635,-0.06589759600423688,-0.8382842205939496,1.7001358453354785
-0.1401098514754074,0.4870285058378622,-0.21303769768270914,-0.713985191299721,-0.8024484737087255,-0.18935256184712382,-0.713985191299721,-0.966303193286565,-0.358145440323592,-0.8659042062818543,1.5129284694496405,-0.05257480820650953,0.4446794137736925,-0.4928624838601624
-0.1401098514754074,0.4870285058378622,-0.21303769768270914,-0.5090791928416813,-0.8024484737087255,-0.18935256184712382,-0.5090791928416813,-0.966303193286565,-0.358145440323592,0.5558682612033757,-0.2544884306547635,-0.05257480820650953,-0.8382842205939496,-0.07113203593792379
-0.1401098514754074,-2.053267905293714,-0.21303769768270914,-0.713985191299721,-0.8024484737087255,-0.18935256184712382,-0.713985191299721,1.034871877633807,-0.358145440323592,0.5558682612033757,-0.2544884306547635,-0.06589759600423688,-0.8382842205939496,0.6879827703221058
-0.1401098514754074,0.4870285058378622,-0.21303769768270914,-0.713985191299721,-0.8024484737087255,-0.18935256184712382,-0.713985191299721,-0.966303193286565,-0.358145440323592,-0.8659042062818543,-0.2544884306547635,-0.06589759600423688,-0.8382842205939496,0.013214053646523933
-0.1401098514754074,0.4870285058378622,-0.21303769768270914,1.1301687948226358,-0.8024484737087255,-0.18935256184712382,1.1301687948226358,-0.966303193286565,-0.358145440323592,-0.8659042062818543,-0.2544884306547635,-0.06589759600423688,0.4446794137736925,-0.32417030469126695
-0.1401098514754074,0.4870285058378622,-0.21303769768270914,-0.713985191299721,1.672543794926189,-0.18935256184712382,-0.713985191299721,1.034871877633807,-0.358145440323592,-0.8659042062818543,1.5129284694496405,-0.05257480820650953,-0.8382842205939496,-1.0832851109512964
-0.1401098514754074,0.4870285058378622,1.7533742503977268,0.5154507994485168,-0.8024484737087255,-0.18935256184712382,0.5154507994485168,1.034871877633807,-0.358145440323592,1.2667544949459906,1.5129284694496405,-0.06589759600423688,-0.8382842205939496,-0.6615546630290579
-0.1401098514754074,-2.053267905293714,-0.21303769768270914,0.3105448009904772,-0.8024484737087255,-0.18935256184712382,0.3105448009904772,-0.966303193286565,-0.358145440323592,-0.8659042062818543,-0.2544884306547635,-0.06589759600423688,-0.8382842205939496,0.013214053646523933
1.8868661946544836,0.4870285058378622,-0.21303769768270914,0.3105448009904772,-0.8024484737087255,-0.18935256184712382,0.3105448009904772,-0.966303193286565,-0.358145440323592,-0.8659042062818543,-0.2544884306547635,-0.06589759600423688,1.7276430481413345,-0.32417030469126695
-0.1401098514754074,0.4870285058378622,-0.21303769768270914,-0.713985191299721,-0.8024484737087255,-0.18935256184712382,-0.713985191299721,-0.966303193286565,-0.358145440323592,-0.8659042062818543,-0.2544884306547635,-0.06589759600423688,-0.8382842205939496,0.4349445015687626
-0.1401098514754074,0.4870285058378622,-0.21303769768270914,-0.713985191299721,0.4350476606087318,-0.18935256184712382,-0.713985191299721,-0.966303193286565,-0.358145440323592,-0.8659042062818543,-0.2544884306547635,-0.06589759600423688,-0.8382842205939496,1.6157897557510308
-0.1401098514754074,0.4870285058378622,-0.21303769768270914,-0.713985191299721,1.672543794926189,-0.18935256184712382,-0.713985191299721,-0.966303193286565,-0.358145440323592,-0.8659042062818543,-0.2544884306547635,-0.06589759600423688,-0.8382842205939496,-0.9145929317824011
-0.1401098514754074,0.4870285058378622,-0.21303769768270914,-0.30417319438364177,0.4350476606087318,-0.18935256184712382,-0.30417319438364177,-0.966303193286565,-0.358145440323592,0.5558682612033757,-0.2544884306547635,-0.06589759600423688,-0.8382842205939496,0.8566749494910012
-0.1401098514754074,0.4870285058378622,-0.21303769768270914,-0.5090791928416813,0.4350476606087318,-0.18935256184712382,-0.5090791928416813,1.034871877633807,2.792161751651698,0.5558682612033757,-0.2544884306547635,-0.07922038380196421,-0.8382842205939496,1.3627514869976876
-0.1401098514754074,-2.053267905293714,-0.21303769768270914,-0.713985191299721,0.4350476606087318,-0.18935256184712382,-0.713985191299721,-0.966303193286565,-0.358145440323592,-0.8659042062818543,-0.2544884306547635,-0.06589759600423688,-0.8382842205939496,2.5435967411799556
-0.1401098514754074,-2.053267905293714,-0.21303769768270914,-0.5090791928416813,-0.8024484737087255,-0.18935256184712382,-0.5090791928416813,-0.966303193286565,-0.358145440323592,-0.8659042062818543,-0.2544884306547635,-0.06589759600423688,-0.8382842205939496,-0.4928624838601624
-0.1401098514754074,-2.053267905293714,-0.21303769768270914,-0.5090791928416813,-0.8024484737087255,-0.18935256184712382,-0.5090791928416813,-0.966303193286565,-0.358145440323592,-0.8659042062818543,1.5129284694496405,0.04068470637758183,0.4446794137736925,0.35059841198431485
-0.1401098514754074,0.4870285058378622,-0.21303769768270914,0.3105448009904772,-0.8024484737087255,-0.18935256184712382,0.3105448009904772,1.034871877633807,-0.358145440323592,0.5558682612033757,-0.2544884306547635,-0.06589759600423688,0.4446794137736925,-0.32417030469126695
-0.1401098514754074,0.4870285058378622,-0.21303769768270914,-0.713985191299721,1.672543794926189,-0.18935256184712382,-0.713985191299721,1.034871877633807,-0.358145440323592,0.5558682612033757,1.5129284694496405,-0.06589759600423688,1.7276430481413345,-1.251977290120192
-0.1401098514754074,-2.053267905293714,-0.21303769768270914,-0.713985191299721,-0.8024484737087255,-0.18935256184712382,-0.713985191299721,-0.966303193286565,-0.358145440323592,0.5558682612033757,-0.2544884306547635,-0.05257480820650953,-0.8382842205939496,0.603636680737658
-0.1401098514754074,0.4870285058378622,-0.21303769768270914,-0.5090791928416813,0.4350476606087318,-0.18935256184712382,-0.5090791928416813,-0.966303193286565,-0.358145440323592,0.5558682612033757,-0.2544884306547635,-0.00854614825704895,-0.8382842205939496,1.194059307828792
-0.1401098514754074,0.4870285058378622,-0.21303769768270914,-0.30417319438364177,-0.8024484737087255,-0.18935256184712382,-0.30417319438364177,1.034871877633807,-0.358145440323592,-0.8659042062818543,-0.2544884306547635,-0.05257480820650953,-0.8382842205939496,-0.5772085734446102
-0.1401098514754074,0.4870285058378622,-0.21303769768270914,-0.5090791928416813,1.672543794926189,2.103311910014095,-0.5090791928416813,-0.966303193286565,-0.358145440323592,-0.8659042062818543,1.5129284694496405,-0.06589759600423688,0.4446794137736925,-1.0832851109512964
-0.1401098514754074,0.4870285058378622,-0.21303769768270914,-0.30417319438364177,-0.8024484737087255,-0.18935256184712382,-0.30417319438364177,1.034871877633807,-0.358145440323592,-0.8659042062818543,-0.2544884306547635,-0.06589759600423688,0.4446794137736925,-0.6615546630290579
1.8868661946544836,0.4870285058378622,-0.21303769768270914,-0.30417319438364177,-0.8024484737087255,-0.18935256184712382,-0.30417319438364177,-0.966303193286565,-0.358145440323592,-0.8659042062818543,1.5129284694496405,-0.06589759600423688,0.4446794137736925,-0.4928624838601624
-0.1401098514754074,-2.053267905293714,-0.21303769768270914,0.3105448009904772,-0.8024484737087255,-0.18935256184712382,0.3105448009904772,-0.966303193286565,-0.358145440323592,-0.8659042062818543,-2.0219053307591675,-0.00854614825704895,1.7276430481413345,-0.8302468421979533
-0.1401098514754074,-2.053267905293714,-0.21303769768270914,3.1792287794030325,0.4350476606087318,-0.18935256184712382,3.1792287794030325,1.034871877633807,-0.358145440323592,-0.8659042062818543,-0.2544884306547635,-0.06589759600423688,1.7276430481413345,1.0253671286598967
-0.1401098514754074,0.4870285058378622,-0.21303769768270914,0.3105448009904772,-0.8024484737087255,-0.18935256184712382,0.3105448009904772,-0.966303193286565,-0.358145440323592,0.5558682612033757,-0.2544884306547635,-0.06589759600423688,-0.8382842205939496,0.18190623281541937
-0.1401098514754074,0.4870285058378622,-0.21303769768270914,-0.5090791928416813,0.4350476606087318,-0.18935256184712382,-0.5090791928416813,-0.966303193286565,-0.358145440323592,0.5558682612033757,-0.2544884306547635,-0.05257480820650953,-0.8382842205939496,1.7001358453354785
-0.1401098514754074,0.4870285058378622,-0.21303769768270914,-0.0992671959256021,-0.8024484737087255,-0.18935256184712382,-0.0992671959256021,-0.966303193286565,-0.358145440323592,1.2667544949459906,-0.2544884306547635,-0.7320369858906037,-0.8382842205939496,-0.15547812552237153
-0.1401098514754074,0.4870285058378622,-0.21303769768270914,3.7939467747771514,0.4350476606087318,-0.18935256184712382,3.7939467747771514,1.034871877633807,-0.358145440323592,-0.8659042062818543,-0.2544884306547635,-0.06589759600423688,0.4446794137736925,1.0253671286598967
-0.1401098514754074,0.4870285058378622,-0.21303769768270914,0.3105448009904772,-0.8024484737087255,-0.18935256184712382,0.3105448009904772,1.034871877633807,-0.358145440323592,2.6885269624312205,-0.2544884306547635,-0.06589759600423688,0.4446794137736925,-0.4085163942757147
-0.1401098514754074,0.4870285058378622,-0.21303769768270914,-0.713985191299721,-0.8024484737087255,-0.18935256184712382,-0.713985191299721,-0.966303193286565,-0.358145440323592,-0.8659042062818543,-0.2544884306547635,-0.06589759600423688,-0.8382842205939496,-0.8302468421979533
-0.1401098514754074,-2.053267905293714,-0.21303769768270914,-0.713985191299721,-0.8024484737087255,-0.18935256184712382,-0.713985191299721,-0.966303193286565,-0.358145440323592,0.5558682612033757,-0.2544884306547635,-0.06589759600423688,0.4446794137736925,-0.8302468421979533
-0.1401098514754074,0.4870285058378622,-0.21303769768270914,-0.30417319438364177,-0.8024484737087255,-0.18935256184712382,-0.30417319438364177,-0.966303193286565,-0.358145440323592,-0.8659042062818543,-0.2544884306547635,-0.06589759600423688,-0.8382842205939496,-0.6615546630290579
-0.1401098514754074,-2.053267905293714,-0.21303769768270914,-0.713985191299721,-0.8024484737087255,-0.18935256184712382,-0.713985191299721,-0.966303193286565,-0.358145440323592,-0.8659042062818543,-0.2544884306547635,-0.06589759600423688,-0.8382842205939496,-0.32417030469126695
-0.1401098514754074,0.4870285058378622,-0.21303769768270914,-0.713985191299721,-0.8024484737087255,-0.18935256184712382,-0.713985191299721,-0.966303193286565,-0.358145440323592,0.5558682612033757,-0.2544884306547635,-0.06589759600423688,0.4446794137736925,-0.7459007526135056
-0.1401098514754074,0.4870285058378622,-0.21303769768270914,3.384134777861072,0.4350476606087318,-0.18935256184712382,3.384134777861072,-0.966303193286565,-0.358145440323592,-0.8659042062818543,1.5129284694496405,-0.06589759600423688,1.7276430481413345,1.0253671286598967
-0.1401098514754074,0.4870285058378622,-0.21303769768270914,0.9252627963645961,-0.8024484737087255,-0.18935256184712382,0.9252627963645961,1.034871877633807,-0.358145440323592,-0.8659042062818543,-0.2544884306547635,-0.06589759600423688,0.4446794137736925,-0.32417030469126695
-0.1401098514754074,0.4870285058378622,-0.21303769768270914,-0.30417319438364177,-0.8024484737087255,-0.18935256184712382,-0.30417319438364177,-0.966303193286565,-0.358145440323592,-0.8659042062818543,-0.2544884306547635,1.3329951227571335,-0.8382842205939496,-0.6615546630290579
-0.1401098514754074,0.4870285058378622,-0.21303769768270914,-0.713985191299721,-0.8024484737087255,-0.18935256184712382,-0.713985191299721,-0.966303193286565,-0.358145440323592,2.6885269624312205,-0.2544884306547635,-0.06589759600423688,-0.8382842205939496,0.4349445015687626
-0.1401098514754074,-2.053267905293714,-0.21303769768270914,-0.5090791928416813,-0.8024484737087255,-0.18935256184712382,-0.5090791928416813,1.034871877633807,-0.358145440323592,0.5558682612033757,-0.2544884306547635,-0.07922038380196421,-0.8382842205939496,-0.7459007526135056
-0.1401098514754074,0.4870285058378622,-0.21303769768270914,-0.5090791928416813,1.672543794926189,-0.18935256184712382,-0.5090791928416813,-0.966303193286565,-0.358145440323592,-0.8659042062818543,-0.2544884306547635,-0.06589759600423688,-0.8382842205939496,-0.9145929317824011
-0.1401098514754074,-2.053267905293714,-0.21303769768270914,-0.713985191299721,1.672543794926189,-0.18935256184712382,-0.713985191299721,-0.966303193286565,-0.358145440323592,0.5558682612033757,1.5129284694496405,-0.06589759600423688,1.7276430481413345,-1.0832851109512964
-0.1401098514754074,-2.053267905293714,-0.21303769768270914,-0.5090791928416813,1.672543794926189,-0.18935256184712382,-0.5090791928416813,-0.966303193286565,-0.358145440323592,0.5558682612033757,-0.2544884306547635,-0.00854614825704895,0.4446794137736925,-0.9145929317824011
-0.1401098514754074,-2.053267905293714,-0.21303769768270914,-0.713985191299721,1.672543794926189,-0.18935256184712382,-0.713985191299721,-0.966303193286565,-0.358145440323592,-0.8659042062818543,-0.2544884306547635,-0.07922038380196421,-0.8382842205939496,-1.0832851109512964
-0.1401098514754074,0.4870285058378622,-0.21303769768270914,-0.713985191299721,0.4350476606087318,-0.18935256184712382,-0.713985191299721,-0.966303193286565,-0.358145440323592,0.5558682612033757,-0.2544884306547635,-0.05257480820650953,-0.8382842205939496,1.194059307828792
-0.1401098514754074,0.4870285058378622,-0.21303769768270914,0.10563880253243754,-0.8024484737087255,-0.18935256184712382,0.10563880253243754,1.034871877633807,2.792161751651698,-0.8659042062818543,-0.2544884306547635,-0.06589759600423688,-0.8382842205939496,-0.4085163942757147
-0.1401098514754074,-2.053267905293714,-0.21303769768270914,-0.713985191299721,-0.8024484737087255,-0.18935256184712382,-0.713985191299721,-0.966303193286565,-0.358145440323592,-0.8659042062818543,-0.2544884306547635,-0.05257480820650953,-0.8382842205939496,0.5192905911532103
-0.1401098514754074,0.4870285058378622,-0.21303769768270914,-0.713985191299721,1.672543794926189,-0.18935256184712382,-0.713985191299721,-0.966303193286565,-0.358145440323592,-0.8659042062818543,1.5129284694496405,-0.06589759600423688,0.4446794137736925,-1.0832851109512964
-0.1401098514754074,-2.053267905293714,-0.21303769768270914,0.10563880253243754,0.4350476606087318,-0.18935256184712382,0.10563880253243754,1.034871877633807,-0.358145440323592,0.5558682612033757,-0.2544884306547635,-0.06589759600423688,-0.8382842205939496,1.531443666166583
-0.1401098514754074,0.4870285058378622,-0.21303769768270914,-0.5090791928416813,0.4350476606087318,-0.18935256184712382,-0.5090791928416813,-0.966303193286565,-0.358145440323592,0.5558682612033757,-0.2544884306547635,-0.10586595939741889,-0.8382842205939496,0.9410210390754489
-0.1401098514754074,0.4870285058378622,-0.21303769768270914,1.1301687948226358,-0.8024484737087255,-0.18935256184712382,1.1301687948226358,1.034871877633807,-0.358145440323592,-0.8659042062818543,-0.2544884306547635,-0.05257480820650953,0.4446794137736925,0.603636680737658
-0.1401098514754074,0.4870285058378622,-0.21303769768270914,-0.30417319438364177,-0.8024484737087255,-0.18935256184712382,-0.30417319438364177,-0.966303193286565,-0.358145440323592,1.2667544949459906,-0.2544884306547635,-0.15915711058832824,-0.8382842205939496,0.013214053646523933
-0.1401098514754074,0.4870285058378622,-0.21303769768270914,-0.5090791928416813,1.672543794926189,-0.18935256184712382,-0.5090791928416813,-0.966303193286565,-0.358145440323592,-0.8659042062818543,1.5129284694496405,-0.00854614825704895,0.4446794137736925,-0.9989390213668488
-0.1401098514754074,-2.053267905293714,-0.21303769768270914,-0.5090791928416813,-0.8024484737087255,-0.18935256184712382,-0.5090791928416813,-0.966303193286565,-0.358145440323592,0.5558682612033757,-0.2544884306547635,-0.3589989275542383,-0.8382842205939496,0.2662523223998671
-0.1401098514754074,0.4870285058378622,-0.21303769768270914,1.7448867901967549,0.4350476606087318,-0.18935256184712382,1.7448867901967549,1.034871877633807,-0.358145440323592,0.5558682612033757,-0.2544884306547635,2.092394027227592,-0.8382842205939496,1.9531741140888217
-0.1401098514754074,-2.053267905293714,-0.21303769768270914,-0.713985191299721,0.4350476606087318,-0.18935256184712382,-0.713985191299721,-0.966303193286565,-0.358145440323592,1.2667544949459906,-0.2544884306547635,-0.05257480820650953,-0.8382842205939496,2.8809810995177467
-0.1401098514754074,-2.053267905293714,-0.21303769768270914,-0.5090791928416813,1.672543794926189,-0.18935256184712382,-0.5090791928416813,-0.966303193286565,-0.358145440323592,0.5558682612033757,-0.2544884306547635,-0.09254317159969154,-0.8382842205939496,-0.9145929317824011
-0.1401098514754074,0.4870285058378622,-0.21303769768270914,-0.30417319438364177,1.672543794926189,2.103311910014095,-0.30417319438364177,1.034871877633807,-0.358145440323592,-0.8659042062818543,1.5129284694496405,-0.3723217153519656,1.7276430481413345,-1.1676312005357443
-0.1401098514754074,-2.053267905293714,-0.21303769768270914,-0.5090791928416813,0.4350476606087318,-0.18935256184712382,-0.5090791928416813,1.034871877633807,-0.358145440323592,-0.8659042062818543,-0.2544884306547635,-0.06589759600423688,-0.8382842205939496,2.206212382842165
-0.1401098514754074,0.4870285058378622,-0.21303769768270914,0.3105448009904772,0.4350476606087318,-0.18935256184712382,0.3105448009904772,-0.966303193286565,-0.358145440323592,-0.8659042062818543,-0.2544884306547635,-0.05257480820650953,-0.8382842205939496,1.531443666166583
-0.1401098514754074,0.4870285058378622,-0.21303769768270914,-0.5090791928416813,-0.8024484737087255,-0.18935256184712382,-0.5090791928416813,-0.966303193286565,-0.358145440323592,-0.8659042062818543,1.5129284694496405,8.60723726031626,0.4446794137736925,-0.32417030469126695
-0.1401098514754074,0.4870285058378622,-0.21303769768270914,1.7448867901967549,0.4350476606087318,-0.18935256184712382,1.7448867901967549,-0.966303193286565,-0.358145440323592,-0.8659042062818543,-0.2544884306547635,-0.00854614825704895,0.4446794137736925,3.049673278686642
-0.1401098514754074,0.4870285058378622,-0.21303769768270914,0.3105448009904772,-0.8024484737087255,-0.18935256184712382,0.3105448009904772,1.034871877633807,-0.358145440323592,-0.8659042062818543,1.5129284694496405,-0.06589759600423688,0.4446794137736925,0.013214053646523933
-0.1401098514754074,0.4870285058378622,-0.21303769768270914,-0.30417319438364177,1.672543794926189,-0.18935256184712382,-0.30417319438364177,-0.966303193286565,-0.358145440323592,0.5558682612033757,1.5129284694496405,-0.06589759600423688,0.4446794137736925,-1.1676312005357443
-0.1401098514754074,0.4870285058378622,-0.21303769768270914,-0.713985191299721,-0.8024484737087255,-0.18935256184712382,-0.713985191299721,-0.966303193286565,-0.358145440323592,-0.8659042062818543,-0.2544884306547635,-0.05257480820650953,-0.8382842205939496,0.5192905911532103
-0.1401098514754074,0.4870285058378622,5.686198146558598,1.1301687948226358,-0.8024484737087255,-0.18935256184712382,1.1301687948226358,1.034871877633807,-0.358145440323592,0.5558682612033757,-0.2544884306547635,-0.06589759600423688,0.4446794137736925,-0.32417030469126695
-0.1401098514754074,0.4870285058378622,-0.21303769768270914,-0.713985191299721,-0.8024484737087255,-0.18935256184712382,-0.713985191299721,-0.966303193286565,-0.358145440323592,0.5558682612033757,-0.2544884306547635,-0.06589759600423688,-0.8382842205939496,0.6879827703221058
-0.1401098514754074,0.4870285058378622,-0.21303769768270914,-0.5090791928416813,-0.8024484737087255,-0.18935256184712382,-0.5090791928416813,-0.966303193286565,-0.358145440323592,0.5558682612033757,-0.2544884306547635,-0.00854614825704895,0.4446794137736925,-0.6615546630290579
-0.1401098514754074,0.4870285058378622,-0.21303769768270914,-0.713985191299721,1.672543794926189,-0.18935256184712382,-0.713985191299721,-0.966303193286565,-0.358145440323592,1.2667544949459906,1.5129284694496405,-0.06589759600423688,0.4446794137736925,-1.1676312005357443
-0.1401098514754074,-2.053267905293714,-0.21303769768270914,-0.713985191299721,-0.8024484737087255,-0.18935256184712382,-0.713985191299721,-0.966303193286565,-0.358145440323592,-0.8659042062818543,-0.2544884306547635,-0.05257480820650953,-0.8382842205939496,-0.32417030469126695
-0.1401098514754074,0.4870285058378622,1.7533742503977268,0.9252627963645961,-0.8024484737087255,-0.18935256184712382,0.9252627963645961,1.034871877633807,-0.358145440323592,-0.8659042062818543,-0.2544884306547635,-0.06589759600423688,0.4446794137736925,0.013214053646523933
-0.1401098514754074,-2.053267905293714,-0.21303769768270914,-0.713985191299721,-0.8024484737087255,-0.18935256184712382,-0.713985191299721,-0.966303193286565,-0.358145440323592,2.6885269624312205,-0.2544884306547635,-0.06589759600423688,-0.8382842205939496,0.2662523223998671
-0.1401098514754074,0.4870285058378622,-0.21303769768270914,-0.0992671959256021,1.672543794926189,-0.18935256184712382,-0.0992671959256021,1.034871877633807,-0.358145440323592,0.5558682612033757,1.5129284694496405,-0.06589759600423688,1.7276430481413345,-0.9145929317824011
-0.1401098514754074,0.4870285058378622,-0.21303769768270914,1.1301687948226358,0.4350476606087318,-0.18935256184712382,1.1301687948226358,1.034871877633807,-0.358145440323592,-0.8659042062818543,1.5129284694496405,-0.05257480820650953,0.4446794137736925,1.1097132182443443
-0.1401098514754074,0.4870285058378622,-0.21303769768270914,-0.5090791928416813,-0.8024484737087255,-0.18935256184712382,-0.5090791928416813,-0.966303193286565,-0.358145440323592,0.5558682612033757,-0.2544884306547635,-0.06589759600423688,-0.8382842205939496,0.09756014323097166
-0.1401098514754074,-2.053267905293714,-0.21303769768270914,-0.713985191299721,-0.8024484737087255,-0.18935256184712382,-0.713985191299721,1.034871877633807,2.792161751651698,0.5558682612033757,-0.2544884306547635,-0.06589759600423688,-0.8382842205939496,0.7723288599065534
-0.1401098514754074,0.4870285058378622,-0.21303769768270914,0.5154507994485168,-0.8024484737087255,-0.18935256184712382,0.5154507994485168,1.034871877633807,2.792161751651698,0.5558682612033757,-0.2544884306547635,-0.09254317159969154,0.4446794137736925,-0.4928624838601624
-0.1401098514754074,-2.053267905293714,-0.21303769768270914,-0.0992671959256021,-0.8024484737087255,-0.18935256184712382,-0.0992671959256021,-0.966303193286565,-0.358145440323592,-0.8659042062818543,-0.2544884306547635,-0.06589759600423688,-0.8382842205939496,0.18190623281541937
-0.1401098514754074,0.4870285058378622,1.7533742503977268,-0.713985191299721,1.672543794926189,-0.18935256184712382,-0.713985191299721,-0.966303193286565,-0.358145440323592,-0.8659042062818543,-0.2544884306547635,-0.00854614825704895,-0.8382842205939496,-0.9989390213668488
-0.1401098514754074,0.4870285058378622,-0.21303769768270914,2.3596047855708737,-0.8024484737087255,-0.18935256184712382,2.3596047855708737,1.034871877633807,-0.358145440323592,-0.8659042062818543,1.5129284694496405,-0.06589759600423688,1.7276430481413345,-0.6615546630290579
-0.1401098514754074,0.4870285058378622,-0.21303769768270914,-0.713985191299721,-0.8024484737087255,-0.18935256184712382,-0.713985191299721,1.034871877633807,-0.358145440323592,0.5558682612033757,1.5129284694496405,-0.06589759600423688,1.7276430481413345,0.013214053646523933
-0.1401098514754074,0.4870285058378622,-0.21303769768270914,-0.5090791928416813,-0.8024484737087255,-0.18935256184712382,-0.5090791928416813,1.034871877633807,-0.358145440323592,-0.8659042062818543,1.5129284694496405,-0.06589759600423688,0.4446794137736925,-0.4928624838601624
-0.1401098514754074,0.4870285058378622,1.7533742503977268,0.7203567979065565,-0.8024484737087255,-0.18935256184712382,0.7203567979065565,1.034871877633807,2.792161751651698,-0.8659042062818543,-0.2544884306547635,-0.05257480820650953,0.4446794137736925,0.5192905911532103
-0.1401098514754074,0.4870285058378622,-0.21303769768270914,0.10563880253243754,-0.8024484737087255,-0.18935256184712382,0.10563880253243754,-0.966303193286565,-0.358145440323592,-0.8659042062818543,-0.2544884306547635,-0.17247989838605557,-0.8382842205939496,-0.15547812552237153
-0.1401098514754074,0.4870285058378622,-0.21303769768270914,-0.713985191299721,0.4350476606087318,-0.18935256184712382,-0.713985191299721,-0.966303193286565,-0.358145440323592,2.6885269624312205,-0.2544884306547635,-0.06589759600423688,-0.8382842205939496,1.7844819349199261
-0.1401098514754074,0.4870285058378622,-0.21303769768270914,-0.713985191299721,1.672543794926189,-0.18935256184712382,-0.713985191299721,-0.966303193286565,-0.358145440323592,2.6885269624312205,-0.2544884306547635,-0.06589759600423688,-0.8382842205939496,-0.9145929317824011
-0.1401098514754074,0.4870285058378622,-0.21303769768270914,-0.5090791928416813,1.672543794926189,-0.18935256184712382,-0.5090791928416813,1.034871877633807,-0.358145440323592,-0.8659042062818543,-0.2544884306547635,-0.06589759600423688,-0.8382842205939496,-0.9145929317824011
-0.1401098514754074,-2.053267905293714,-0.21303769768270914,-0.5090791928416813,-0.8024484737087255,-0.18935256184712382,-0.5090791928416813,-0.966303193286565,-0.358145440323592,-0.8659042062818543,-0.2544884306547635,-0.1858026861837829,-0.8382842205939496,-0.15547812552237153
-0.1401098514754074,0.4870285058378622,-0.21303769768270914,0.7203567979065565,-0.8024484737087255,-0.18935256184712382,0.7203567979065565,1.034871877633807,2.792161751651698,0.5558682612033757,1.5129284694496405,-0.06589759600423688,1.7276430481413345,-0.4928624838601624
-0.1401098514754074,0.4870285058378622,-0.21303769768270914,-0.30417319438364177,-0.8024484737087255,-0.18935256184712382,-0.30417319438364177,1.034871877633807,2.792161751651698,2.6885269624312205,-0.2544884306547635,-0.06589759600423688,-0.8382842205939496,0.18190623281541937
-0.1401098514754074,0.4870285058378622,1.7533742503977268,-0.713985191299721,1.672543794926189,-0.18935256184712382,-0.713985191299721,1.034871877633807,-0.358145440323592,-0.8659042062818543,1.5129284694496405,-0.06589759600423688,0.4446794137736925,-1.0832851109512964
-0.1401098514754074,0.4870285058378622,-0.21303769768270914,-0.713985191299721,-0.8024484737087255,-0.18935256184712382,-0.713985191299721,1.034871877633807,-0.358145440323592,-0.8659042062818543,-0.2544884306547635,-0.10586595939741889,-0.8382842205939496,-0.15547812552237153
-0.1401098514754074,-2.053267905293714,-0.21303769768270914,-0.5090791928416813,-0.8024484737087255,-0.18935256184712382,-0.5090791928416813,1.034871877633807,-0.358145440323592,-0.8659042062818543,-0.2544884306547635,-0.46558122993605694,-0.8382842205939496,-0.6615546630290579
-0.1401098514754074,0.4870285058378622,-0.21303769768270914,1.3350747932806755,-0.8024484737087255,-0.18935256184712382,1.3350747932806755,1.034871877633807,-0.358145440323592,0.5558682612033757,-0.2544884306547635,-4.915392354376988,0.4446794137736925,-0.4928624838601624
-0.1401098514754074,-2.053267905293714,-0.21303769768270914,0.10563880253243754,0.4350476606087318,-0.18935256184712382,0.10563880253243754,-0.966303193286565,-0.358145440323592,0.5558682612033757,-0.2544884306547635,-0.19912547398151023,-0.8382842205939496,1.3627514869976876
-0.1401098514754074,0.4870285058378622,1.7533742503977268,0.10563880253243754,-0.8024484737087255,-0.18935256184712382,0.10563880253243754,1.034871877633807,-0.358145440323592,-0.8659042062818543,-0.2544884306547635,-0.06589759600423688,0.4446794137736925,-0.8302468421979533
-0.1401098514754074,0.4870285058378622,-0.21303769768270914,-0.713985191299721,-0.8024484737087255,-0.18935256184712382,-0.713985191299721,-0.966303193286565,-0.358145440323592,1.2667544949459906,-0.2544884306547635,-0.05257480820650953,-0.8382842205939496,-0.07113203593792379
-0.1401098514754074,0.4870285058378622,-0.21303769768270914,0.5154507994485168,1.672543794926189,4.395976381875314,0.5154507994485168,-0.966303193286565,-0.358145440323592,0.5558682612033757,1.5129284694496405,-0.06589759600423688,1.7276430481413345,-0.9145929317824011
-0.1401098514754074,0.4870285058378622,-0.21303769768270914,-0.713985191299721,-0.8024484737087255,-0.18935256184712382,-0.713985191299721,-0.966303193286565,-0.358145440323592,1.2667544949459906,-0.2544884306547635,-0.05257480820650953,-0.8382842205939496,-0.4085163942757147
-0.1401098514754074,0.4870285058378622,-0.21303769768270914,0.7203567979065565,-0.8024484737087255,-0.18935256184712382,0.7203567979065565,1.034871877633807,-0.358145440323592,-0.8659042062818543,-0.2544884306547635,-0.06589759600423688,-0.8382842205939496,0.013214053646523933
-0.1401098514754074,-2.053267905293714,-0.21303769768270914,0.7203567979065565,-0.8024484737087255,-0.18935256184712382,0.7203567979065565,1.034871877633807,-0.358145440323592,0.5558682612033757,-0.2544884306547635,-0.06589759600423688,0.4446794137736925,-0.4928624838601624
-0.1401098514754074,0.4870285058378622,-0.21303769768270914,1.1301687948226358,-0.8024484737087255,-0.18935256184712382,1.1301687948226358,1.034871877633807,2.792161751651698,-0.8659042062818543,1.5129284694496405,-0.06589759600423688,0.4446794137736925,-0.6615546630290579
-0.1401098514754074,0.4870285058378622,-0.21303769768270914,-0.713985191299721,-0.8024484737087255,-0.18935256184712382,-0.713985191299721,1.034871877633807,-0.358145440323592,2.6885269624312205,-0.2544884306547635,-0.06589759600423688,-0.8382842205939496,-0.7459007526135056
-0.1401098514754074,0.4870285058378622,-0.21303769768270914,-0.0992671959256021,0.4350476606087318,-0.18935256184712382,-0.0992671959256021,1.034871877633807,-0.358145440323592,0.5558682612033757,-0.2544884306547635,8.220876414182166,-0.8382842205939496,1.1097132182443443
-0.1401098514754074,-2.053267905293714,-0.21303769768270914,-0.30417319438364177,-0.8024484737087255,-0.18935256184712382,-0.30417319438364177,1.034871877633807,-0.358145440323592,1.2667544949459906,-0.2544884306547635,-0.06589759600423688,-0.8382842205939496,-0.32417030469126695
-0.1401098514754074,0.4870285058378622,-0.21303769768270914,-0.713985191299721,-0.8024484737087255,-0.18935256184712382,-0.713985191299721,1.034871877633807,-0.358145440323592,0.5558682612033757,-2.0219053307591675,-0.06589759600423688,0.4446794137736925,0.4349445015687626
-0.1401098514754074,-2.053267905293714,-0.21303769768270914,0.10563880253243754,-0.8024484737087255,-0.18935256184712382,0.10563880253243754,1.034871877633807,-0.358145440323592,0.5558682612033757,-0.2544884306547635,-0.07922038380196421,-0.8382842205939496,-0.7459007526135056
-0.1401098514754074,0.4870285058378622,-0.21303769768270914,1.1301687948226358,-0.8024484737087255,-0.18935256184712382,1.1301687948226358,-0.966303193286565,-0.358145440323592,-0.8659042062818543,-0.2544884306547635,-0.06589759600423688,-0.8382842205939496,0.09756014323097166
-0.1401098514754074,0.4870285058378622,-0.21303769768270914,-0.713985191299721,-0.8024484737087255,-0.18935256184712382,-0.713985191299721,-0.966303193286565,-0.358145440323592,-0.1550179725392393,-0.2544884306547635,-0.06589759600423688,-0.8382842205939496,0.2662523223998671
-0.1401098514754074,0.4870285058378622,-0.21303769768270914,-0.5090791928416813,1.672543794926189,-0.18935256184712382,-0.5090791928416813,1.034871877633807,2.792161751651698,-0.8659042062818543,-2.0219053307591675,-0.05257480820650953,1.7276430481413345,-1.251977290120192
-0.1401098514754074,0.4870285058378622,-0.21303769768270914,-0.5090791928416813,-0.8024484737087255,-0.18935256184712382,-0.5090791928416813,-0.966303193286565,-0.358145440323592,-0.8659042062818543,1.5129284694496405,-0.06589759600423688,1.7276430481413345,-0.32417030469126695
-0.1401098514754074,0.4870285058378622,-0.21303769768270914,-0.0992671959256021,-0.8024484737087255,-0.18935256184712382,-0.0992671959256021,-0.966303193286565,-0.358145440323592,0.5558682612033757,-0.2544884306547635,-0.05257480820650953,-0.8382842205939496,0.603636680737658
-0.1401098514754074,0.4870285058378622,-0.21303769768270914,-0.0992671959256021,1.672543794926189,-0.18935256184712382,-0.0992671959256021,-0.966303193286565,-0.358145440323592,-0.8659042062818543,1.5129284694496405,-0.06589759600423688,0.4446794137736925,-0.9989390213668488
-0.1401098514754074,-2.053267905293714,-0.21303769768270914,-0.713985191299721,0.4350476606087318,-0.18935256184712382,-0.713985191299721,-0.966303193286565,-0.358145440323592,0.5558682612033757,-0.2544884306547635,-0.06589759600423688,-0.8382842205939496,2.3749045620110603
-0.1401098514754074,0.4870285058378622,-0.21303769768270914,-0.713985191299721,0.4350476606087318,-0.18935256184712382,-0.713985191299721,-0.966303193286565,-0.358145440323592,0.5558682612033757,-0.2544884306547635,-0.06589759600423688,-0.8382842205939496,0.8566749494910012
-0.1401098514754074,0.4870285058378622,-0.21303769768270914,0.10563880253243754,-0.8024484737087255,-0.18935256184712382,0.10563880253243754,1.034871877633807,2.792161751651698,0.5558682612033757,1.5129284694496405,-0.06589759600423688,0.4446794137736925,-0.32417030469126695
-0.1401098514754074,-2.053267905293714,-0.21303769768270914,-0.5090791928416813,-0.8024484737087255,-0.18935256184712382,-0.5090791928416813,-0.966303193286565,-0.358145440323592,0.5558682612033757,1.5129284694496405,-0.00854614825704895,0.4446794137736925,-0.4928624838601624
-0.1401098514754074,0.4870285058378622,-0.21303769768270914,-0.713985191299721,0.4350476606087318,-0.18935256184712382,-0.713985191299721,-0.966303193286565,-0.358145440323592,-0.8659042062818543,-0.2544884306547635,-0.05257480820650953,-0.8382842205939496,1.1097132182443443
-0.1401098514754074,0.4870285058378622,-0.21303769768270914,2.1546987871128342,-0.8024484737087255,-0.18935256184712382,2.1546987871128342,1.034871877633807,-0.358145440323592,-0.8659042062818543,-0.2544884306547635,-0.06589759600423688,1.7276430481413345,-0.23982421510681926
-0.1401098514754074,-2.053267905293714,-0.21303769768270914,-0.5090791928416813,0.4350476606087318,-0.18935256184712382,-0.5090791928416813,-0.966303193286565,-0.358145440323592,0.5558682612033757,-0.2544884306547635,-0.4522584421383296,-0.8382842205939496,1.3627514869976876
-0.1401098514754074,0.4870285058378622,-0.21303769768270914,-0.5090791928416813,-0.8024484737087255,-0.18935256184712382,-0.5090791928416813,-0.966303193286565,-0.358145440323592,-0.8659042062818543,-2.0219053307591675,-0.06589759600423688,1.7276430481413345,-0.4928624838601624
-0.1401098514754074,-2.053267905293714,-0.21303769768270914,-0.5090791928416813,-0.8024484737087255,-0.18935256184712382,-0.5090791928416813,1.034871877633807,2.792161751651698,-0.8659042062818543,-0.2544884306547635,-0.06589759600423688,1.7276430481413345,-0.8302468421979533
-0.1401098514754074,0.4870285058378622,-0.21303769768270914,-0.0992671959256021,-0.8024484737087255,-0.18935256184712382,-0.0992671959256021,-0.966303193286565,-0.358145440323592,0.5558682612033757,-0.2544884306547635,-0.06589759600423688,-0.8382842205939496,-0.5772085734446102
-0.1401098514754074,0.4870285058378622,-0.21303769768270914,-0.713985191299721,-0.8024484737087255,-0.18935256184712382,-0.713985191299721,-0.966303193286565,-0.358145440323592,2.6885269624312205,-0.2544884306547635,-0.06589759600423688,-0.8382842205939496,-0.6615546630290579
-0.1401098514754074,0.4870285058378622,-0.21303769768270914,-0.0992671959256021,-0.8024484737087255,2.103311910014095,-0.0992671959256021,1.034871877633807,-0.358145440323592,-0.8659042062818543,-0.2544884306547635,-0.05257480820650953,-0.8382842205939496,-0.32417030469126695
-0.1401098514754074,0.4870285058378622,-0.21303769768270914,-0.5090791928416813,0.4350476606087318,-0.18935256184712382,-0.5090791928416813,-0.966303193286565,-0.358145440323592,1.2667544949459906,-0.2544884306547635,-0.07922038380196421,-0.8382842205939496,1.9531741140888217
-0.1401098514754074,0.4870285058378622,-0.21303769768270914,3.384134777861072,-0.8024484737087255,-0.18935256184712382,3.384134777861072,-0.966303193286565,-0.358145440323592,-0.8659042062818543,-0.2544884306547635,-0.06589759600423688,0.4446794137736925,0.4349445015687626
-0.1401098514754074,0.4870285058378622,-0.21303769768270914,0.3105448009904772,-0.8024484737087255,-0.18935256184712382,0.3105448009904772,-0.966303193286565,-0.358145440323592,0.5558682612033757,-0.2544884306547635,-0.06589759600423688,-0.8382842205939496,0.603636680737658
-0.1401098514754074,0.4870285058378622,-0.21303769768270914,0.3105448009904772,-0.8024484737087255,-0.18935256184712382,0.3105448009904772,1.034871877633807,2.792161751651698,-0.8659042062818543,-0.2544884306547635,-0.06589759600423688,-0.8382842205939496,-0.4085163942757147
-0.1401098514754074,0.4870285058378622,-0.21303769768270914,1.3350747932806755,-0.8024484737087255,-0.18935256184712382,1.3350747932806755,1.034871877633807,-0.358145440323592,-0.8659042062818543,1.5129284694496405,-3.143461577279252,-0.8382842205939496,0.013214053646523933
-0.1401098514754074,-2.053267905293714,-0.21303769768270914,0.3105448009904772,-0.8024484737087255,-0.18935256184712382,0.3105448009904772,1.034871877633807,-0.358145440323592,-0.8659042062818543,1.5129284694496405,-0.06589759600423688,1.7276430481413345,-0.8302468421979533
-0.1401098514754074,0.4870285058378622,-0.21303769768270914,0.3105448009904772,-0.8024484737087255,-0.18935256184712382,0.3105448009904772,-0.966303193286565,-0.358145440323592,0.5558682612033757,-0.2544884306547635,-0.05257480820650953,-0.8382842205939496,-0.4928624838601624
-0.1401098514754074,0.4870285058378622,-0.21303769768270914,-0.713985191299721,1.672543794926189,-0.18935256184712382,-0.713985191299721,-0.966303193286565,-0.358145440323592,-0.8659042062818543,1.5129284694496405,-0.06589759600423688,-0.8382842205939496,-1.251977290120192
-0.1401098514754074,0.4870285058378622,-0.21303769768270914,-0.713985191299721,-0.8024484737087255,-0.18935256184712382,-0.713985191299721,-0.966303193286565,-0.358145440323592,-0.8659042062818543,-0.2544884306547635,-0.06589759600423688,-0.8382842205939496,0.18190623281541937
-0.1401098514754074,0.4870285058378622,-0.21303769768270914,-0.713985191299721,1.672543794926189,-0.18935256184712382,-0.713985191299721,1.034871877633807,-0.358145440323592,-0.8659042062818543,1.5129284694496405,-0.06589759600423688,-0.8382842205939496,-1.3363233797046397
-0.1401098514754074,0.4870285058378622,-0.21303769768270914,-0.713985191299721,-0.8024484737087255,-0.18935256184712382,-0.713985191299721,-0.966303193286565,-0.358145440323592,-0.8659042062818543,1.5129284694496405,-0.06589759600423688,1.7276430481413345,-0.15547812552237153
-0.1401098514754074,-2.053267905293714,-0.21303769768270914,-0.30417319438364177,1.672543794926189,2.103311910014095,-0.30417319438364177,1.034871877633807,-0.358145440323592,-0.8659042062818543,-2.0219053307591675,-0.06589759600423688,1.7276430481413345,-1.0832851109512964
-0.1401098514754074,0.4870285058378622,-0.21303769768270914,-0.5090791928416813,-0.8024484737087255,-0.18935256184712382,-0.5090791928416813,1.034871877633807,-0.358145440323592,1.2667544949459906,-2.0219053307591675,-0.15915711058832824,1.7276430481413345,0.09756014323097166
-0.1401098514754074,0.4870285058378622,-0.21303769768270914,-0.5090791928416813,-0.8024484737087255,-0.18935256184712382,-0.5090791928416813,1.034871877633807,-0.358145440323592,0.5558682612033757,-0.2544884306547635,-0.06589759600423688,-0.8382842205939496,-0.4085163942757147
-0.1401098514754074,-2.053267905293714,-0.21303769768270914,-0.713985191299721,1.672543794926189,-0.18935256184712382,-0.713985191299721,1.034871877633807,-0.358145440323592,0.5558682612033757,1.5129284694496405,-0.05257480820650953,1.7276430481413345,-1.251977290120192
-0.1401098514754074,0.4870285058378622,-0.21303769768270914,0.10563880253243754,0.4350476606087318,-0.18935256184712382,0.10563880253243754,-0.966303193286565,-0.358145440323592,-0.8659042062818543,-0.2544884306547635,-0.05257480820650953,1.7276430481413345,1.1097132182443443
-0.1401098514754074,0.4870285058378622,1.7533742503977268,0.7203567979065565,-0.8024484737087255,4.395976381875314,0.7203567979065565,1.034871877633807,-0.358145440323592,-0.8659042062818543,1.5129284694496405,-0.05257480820650953,1.7276430481413345,-0.4928624838601624
-0.1401098514754074,0.4870285058378622,-0.21303769768270914,-0.5090791928416813,1.672543794926189,-0.18935256184712382,-0.5090791928416813,1.034871877633807,-0.358145440323592,-0.8659042062818543,1.5129284694496405,-0.06589759600423688,0.4446794137736925,-1.0832851109512964
-0.1401098514754074,-2.053267905293714,-0.21303769768270914,-0.713985191299721,-0.8024484737087255,-0.18935256184712382,-0.713985191299721,-0.966303193286565,-0.358145440323592,1.2667544949459906,-0.2544884306547635,-0.06589759600423688,-0.8382842205939496,-0.32417030469126695
-0.1401098514754074,0.4870285058378622,-0.21303769768270914,-0.713985191299721,-0.8024484737087255,-0.18935256184712382,-0.713985191299721,-0.966303193286565,-0.358145440323592,0.5558682612033757,-0.2544884306547635,-0.06589759600423688,-0.8382842205939496,-0.4085163942757147
-0.1401098514754074,-2.053267905293714,-0.21303769768270914,-0.713985191299721,1.672543794926189,-0.18935256184712382,-0.713985191299721,-0.966303193286565,-0.358145440323592,2.6885269624312205,1.5129284694496405,-0.06589759600423688,0.4446794137736925,-0.9989390213668488
-0.1401098514754074,0.4870285058378622,-0.21303769768270914,-0.30417319438364177,1.672543794926189,-0.18935256184712382,-0.30417319438364177,1.034871877633807,2.792161751651698,-0.8659042062818543,1.5129284694496405,-0.06589759600423688,0.4446794137736925,-0.9145929317824011
-0.1401098514754074,0.4870285058378622,-0.21303769768270914,0.3105448009904772,-0.8024484737087255,-0.18935256184712382,0.3105448009904772,-0.966303193286565,-0.358145440323592,-0.8659042062818543,-0.2544884306547635,-0.06589759600423688,-0.8382842205939496,0.2662523223998671
-0.1401098514754074,0.4870285058378622,-0.21303769768270914,-0.30417319438364177,-0.8024484737087255,-0.18935256184712382,-0.30417319438364177,-0.966303193286565,-0.358145440323592,-0.8659042062818543,-0.2544884306547635,-0.05257480820650953,-0.8382842205939496,0.5192905911532103
-0.1401098514754074,0.4870285058378622,-0.21303769768270914,-0.0992671959256021,-0.8024484737087255,-0.18935256184712382,-0.0992671959256021,1.034871877633807,-0.358145440323592,-0.8659042062818543,-0.2544884306547635,-0.06589759600423688,-0.8382842205939496,-0.4928624838601624
-0.1401098514754074,0.4870285058378622,-0.21303769768270914,-0.0992671959256021,-0.8024484737087255,-0.18935256184712382,-0.0992671959256021,-0.966303193286565,-0.358145440323592,0.5558682612033757,-0.2544884306547635,-0.06589759600423688,-0.8382842205939496,-0.6615546630290579
-0.1401098514754074,0.4870285058378622,-0.21303769768270914,1.539980791738715,-0.8024484737087255,-0.18935256184712382,1.539980791738715,1.034871877633807,-0.358145440323592,0.5558682612033757,-0.2544884306547635,-3.623081937997436,-0.8382842205939496,0.2662523223998671
-0.1401098514754074,0.4870285058378622,-0.21303769768270914,-0.713985191299721,-0.8024484737087255,-0.18935256184712382,-0.713985191299721,-0.966303193286565,-0.358145440323592,-0.8659042062818543,-0.2544884306547635,-0.06589759600423688,-0.8382842205939496,0.013214053646523933
-0.1401098514754074,0.4870285058378622,-0.21303769768270914,0.9252627963645961,-0.8024484737087255,2.103311910014095,0.9252627963645961,1.034871877633807,-0.358145440323592,-0.8659042062818543,1.5129284694496405,-0.06589759600423688,0.4446794137736925,-0.5772085734446102
-0.1401098514754074,0.4870285058378622,-0.21303769768270914,-0.30417319438364177,0.4350476606087318,-0.18935256184712382,-0.30417319438364177,-0.966303193286565,-0.358145440323592,0.5558682612033757,-0.2544884306547635,-0.47890401773378427,-0.8382842205939496,1.531443666166583
-0.1401098514754074,0.4870285058378622,-0.21303769768270914,0.7203567979065565,0.4350476606087318,-0.18935256184712382,0.7203567979065565,-0.966303193286565,-0.358145440323592,0.5558682612033757,-0.2544884306547635,-0.06589759600423688,-0.8382842205939496,0.8566749494910012
-0.1401098514754074,0.4870285058378622,-0.21303769768270914,-0.30417319438364177,-0.8024484737087255,-0.18935256184712382,-0.30417319438364177,-0.966303193286565,-0.358145440323592,-0.8659042062818543,-0.2544884306547635,-0.06589759600423688,0.4446794137736925,-0.7459007526135056
-0.1401098514754074,-2.053267905293714,-0.21303769768270914,-0.5090791928416813,0.4350476606087318,-0.18935256184712382,-0.5090791928416813,-0.966303193286565,-0.358145440323592,2.6885269624312205,-0.2544884306547635,-0.06589759600423688,-0.8382842205939496,0.8566749494910012
1.8868661946544836,0.4870285058378622,-0.21303769768270914,0.3105448009904772,-0.8024484737087255,-0.18935256184712382,0.3105448009904772,1.034871877633807,2.792161751651698,-0.8659042062818543,1.5129284694496405,-0.06589759600423688,1.7276430481413345,-0.4085163942757147
-0.1401098514754074,-2.053267905293714,-0.21303769768270914,0.9252627963645961,-0.8024484737087255,-0.18935256184712382,0.9252627963645961,1.034871877633807,-0.358145440323592,-0.8659042062818543,1.5129284694496405,-0.06589759600423688,0.4446794137736925,-0.4085163942757147
-0.1401098514754074,0.4870285058378622,-0.21303769768270914,0.5154507994485168,-0.8024484737087255,-0.18935256184712382,0.5154507994485168,1.034871877633807,-0.358145440323592,-0.8659042062818543,1.5129284694496405,-0.05257480820650953,0.4446794137736925,-0.6615546630290579
-0.1401098514754074,0.4870285058378622,-0.21303769768270914,-0.713985191299721,-0.8024484737087255,-0.18935256184712382,-0.713985191299721,-0.966303193286565,-0.358145440323592,-0.8659042062818543,-0.2544884306547635,-0.06589759600423688,-0.8382842205939496,-0.4928624838601624
-0.1401098514754074,0.4870285058378622,-0.21303769768270914,0.5154507994485168,0.4350476606087318,-0.18935256184712382,0.5154507994485168,1.034871877633807,-0.358145440323592,0.5558682612033757,-0.2544884306547635,-0.05257480820650953,-0.8382842205939496,1.3627514869976876
-0.1401098514754074,-2.053267905293714,-0.21303769768270914,-0.713985191299721,-0.8024484737087255,-0.18935256184712382,-0.713985191299721,-0.966303193286565,-0.358145440323592,2.6885269624312205,-0.2544884306547635,-0.06589759600423688,-0.8382842205939496,0.18190623281541937
-0.1401098514754074,0.4870285058378622,-0.21303769768270914,1.9497927886547946,-0.8024484737087255,-0.18935256184712382,1.9497927886547946,1.034871877633807,-0.358145440323592,-0.8659042062818543,-0.2544884306547635,-0.06589759600423688,-0.8382842205939496,-0.07113203593792379
-0.1401098514754074,0.4870285058378622,-0.21303769768270914,0.10563880253243754,-0.8024484737087255,-0.18935256184712382,0.10563880253243754,1.034871877633807,-0.358145440323592,-0.8659042062818543,1.5129284694496405,-1.0251383174406052,-0.8382842205939496,-0.7459007526135056
-0.1401098514754074,0.4870285058378622,-0.21303769768270914,-0.0992671959256021,-0.8024484737087255,-0.18935256184712382,-0.0992671959256021,-0.966303193286565,-0.358145440323592,1.2667544949459906,-0.2544884306547635,-0.00854614825704895,-0.8382842205939496,-0.15547812552237153
-0.1401098514754074,0.4870285058378622,-0.21303769768270914,-0.0992671959256021,-0.8024484737087255,-0.18935256184712382,-0.0992671959256021,-0.966303193286565,-0.358145440323592,0.5558682612033757,1.5129284694496405,-0.06589759600423688,1.7276430481413345,0.18190623281541937
-0.1401098514754074,0.4870285058378622,-0.21303769768270914,-0.713985191299721,-0.8024484737087255,-0.18935256184712382,-0.713985191299721,-0.966303193286565,-0.358145440323592,0.5558682612033757,-0.2544884306547635,-0.05257480820650953,-0.8382842205939496,-0.7459007526135056
-0.1401098514754074,0.4870285058378622,-0.21303769768270914,-0.713985191299721,-0.8024484737087255,-0.18935256184712382,-0.713985191299721,-0.966303193286565,-0.358145440323592,-0.8659042062818543,-0.2544884306547635,-0.06589759600423688,-0.8382842205939496,-0.6615546630290579
-0.1401098514754074,0.4870285058378622,-0.21303769768270914,-0.5090791928416813,-0.8024484737087255,-0.18935256184712382,-0.5090791928416813,-0.966303193286565,-0.358145440323592,1.9776407286886057,-0.2544884306547635,0.440368340309402,-0.8382842205939496,-0.4928624838601624
-0.1401098514754074,0.4870285058378622,-0.21303769768270914,0.10563880253243754,-0.8024484737087255,-0.18935256184712382,0.10563880253243754,1.034871877633807,-0.358145440323592,-0.8659042062818543,-0.2544884306547635,-0.06589759600423688,0.4446794137736925,-0.07113203593792379
-0.1401098514754074,0.4870285058378622,-0.21303769768270914,0.7203567979065565,0.4350476606087318,-0.18935256184712382,0.7203567979065565,1.034871877633807,2.792161751651698,0.5558682612033757,1.5129284694496405,-0.06589759600423688,0.4446794137736925,2.796635009933299
-0.1401098514754074,0.4870285058378622,-0.21303769768270914,-0.5090791928416813,-0.8024484737087255,-0.18935256184712382,-0.5090791928416813,-0.966303193286565,-0.358145440323592,-0.8659042062818543,-0.2544884306547635,-0.06589759600423688,0.4446794137736925,-0.23982421510681926
-0.1401098514754074,0.4870285058378622,-0.21303769768270914,-0.5090791928416813,0.4350476606087318,-0.18935256184712382,-0.5090791928416813,1.034871877633807,-0.358145440323592,1.2667544949459906,-0.2544884306547635,-0.05257480820650953,-0.8382842205939496,1.7001358453354785
-0.1401098514754074,0.4870285058378622,-0.21303769768270914,0.7203567979065565,0.4350476606087318,-0.18935256184712382,0.7203567979065565,1.034871877633807,-0.358145440323592,-0.8659042062818543,-0.2544884306547635,-0.06589759600423688,0.4446794137736925,1.2784053974132399
-0.1401098514754074,0.4870285058378622,-0.21303769768270914,0.5154507994485168,-0.8024484737087255,-0.18935256184712382,0.5154507994485168,1.034871877633807,2.792161751651698,-0.8659042062818543,1.5129284694496405,-0.06589759600423688,1.7276430481413345,0.013214053646523933
-0.1401098514754074,0.4870285058378622,-0.21303769768270914,-0.713985191299721,-0.8024484737087255,-0.18935256184712382,-0.713985191299721,-0.966303193286565,-0.358145440323592,0.5558682612033757,-0.2544884306547635,-0.06589759600423688,-0.8382842205939496,0.35059841198431485
-0.1401098514754074,0.4870285058378622,1.7533742503977268,-0.5090791928416813,-0.8024484737087255,-0.18935256184712382,-0.5090791928416813,-0.966303193286565,-0.358145440323592,0.5558682612033757,-0.2544884306547635,-0.05257480820650953,-0.8382842205939496,0.013214053646523933
-0.1401098514754074,0.4870285058378622,1.7533742503977268,-0.30417319438364177,1.672543794926189,-0.18935256184712382,-0.30417319438364177,1.034871877633807,-0.358145440323592,-0.8659042062818543,1.5129284694496405,-0.06589759600423688,0.4446794137736925,-0.9989390213668488
-0.1401098514754074,0.4870285058378622,-0.21303769768270914,-0.713985191299721,1.672543794926189,-0.18935256184712382,-0.713985191299721,1.034871877633807,-0.358145440323592,1.2667544949459906,-0.2544884306547635,-0.05257480820650953,0.4446794137736925,-0.9989390213668488
-0.1401098514754074,0.4870285058378622,-0.21303769768270914,-0.5090791928416813,0.4350476606087318,-0.18935256184712382,-0.5090791928416813,1.034871877633807,-0.358145440323592,-0.8659042062818543,-0.2544884306547635,-0.6920686224974217,-0.8382842205939496,0.8566749494910012
-0.1401098514754074,0.4870285058378622,-0.21303769768270914,-0.5090791928416813,-0.8024484737087255,-0.18935256184712382,-0.5090791928416813,-0.966303193286565,-0.358145440323592,-0.8659042062818543,-0.2544884306547635,-0.06589759600423688,0.4446794137736925,-0.5772085734446102
-0.1401098514754074,0.4870285058378622,-0.21303769768270914,-0.713985191299721,-0.8024484737087255,-0.18935256184712382,-0.713985191299721,-0.966303193286565,-0.358145440323592,0.5558682612033757,-0.2544884306547635,-0.06589759600423688,-0.8382842205939496,-0.7459007526135056
-0.1401098514754074,0.4870285058378622,-0.21303769768270914,-0.713985191299721,-0.8024484737087255,-0.18935256184712382,-0.713985191299721,1.034871877633807,-0.358145440323592,-0.8659042062818543,-0.2544884306547635,-0.06589759600423688,-0.8382842205939496,0.35059841198431485
-0.1401098514754074,-2.053267905293714,-0.21303769768270914,-0.30417319438364177,1.672543794926189,-0.18935256184712382,-0.30417319438364177,1.034871877633807,2.792161751651698,-0.8659042062818543,-0.2544884306547635,-0.06589759600423688,0.4446794137736925,-0.9145929317824011
-0.1401098514754074,0.4870285058378622,-0.21303769768270914,0.9252627963645961,-0.8024484737087255,-0.18935256184712382,0.9252627963645961,-0.966303193286565,-0.358145440323592,-0.8659042062818543,-0.2544884306547635,-0.06589759600423688,1.7276430481413345,-0.4928624838601624
-0.1401098514754074,0.4870285058378622,-0.21303769768270914,-0.713985191299721,-0.8024484737087255,-0.18935256184712382,-0.713985191299721,1.034871877633807,-0.358145440323592,0.5558682612033757,-0.2544884306547635,-0.05257480820650953,1.7276430481413345,-0.15547812552237153
-0.1401098514754074,0.4870285058378622,-0.21303769768270914,-0.0992671959256021,0.4350476606087318,-0.18935256184712382,-0.0992671959256021,-0.966303193286565,-0.358145440323592,0.5558682612033757,-0.2544884306547635,-0.06589759600423688,-0.8382842205939496,1.2784053974132399
-0.1401098514754074,0.4870285058378622,-0.21303769768270914,0.3105448009904772,-0.8024484737087255,-0.18935256184712382,0.3105448009904772,1.034871877633807,2.792161751651698,-0.8659042062818543,-0.2544884306547635,-0.06589759600423688,-0.8382842205939496,0.013214053646523933
-0.1401098514754074,0.4870285058378622,-0.21303769768270914,-0.713985191299721,1.672543794926189,-0.18935256184712382,-0.713985191299721,1.034871877633807,-0.358145440323592,2.6885269624312205,-0.2544884306547635,-0.06589759600423688,-0.8382842205939496,-0.9989390213668488
-0.1401098514754074,0.4870285058378622,-0.21303769768270914,-0.0992671959256021,0.4350476606087318,-0.18935256184712382,-0.0992671959256021,-0.966303193286565,-0.358145440323592,-0.8659042062818543,-0.2544884306547635,-3.2633666674587976,1.7276430481413345,1.531443666166583
-0.1401098514754074,0.4870285058378622,-0.21303769768270914,-0.5090791928416813,1.672543794926189,2.103311910014095,-0.5090791928416813,-0.966303193286565,-0.358145440323592,-0.8659042062818543,1.5129284694496405,-0.00854614825704895,1.7276430481413345,-0.9989390213668488
-0.1401098514754074,0.4870285058378622,-0.21303769768270914,-0.5090791928416813,0.4350476606087318,-0.18935256184712382,-0.5090791928416813,1.034871877633807,2.792161751651698,0.5558682612033757,-0.2544884306547635,-3.3299806064474344,0.4446794137736925,1.531443666166583
-0.1401098514754074,0.4870285058378622,-0.21303769768270914,0.5154507994485168,-0.8024484737087255,-0.18935256184712382,0.5154507994485168,1.034871877633807,-0.358145440323592,-0.8659042062818543,-0.2544884306547635,0.840051974241222,0.4446794137736925,-0.4928624838601624
-0.1401098514754074,0.4870285058378622,-0.21303769768270914,-0.713985191299721,-0.8024484737087255,-0.18935256184712382,-0.713985191299721,-0.966303193286565,-0.358145440323592,1.2667544949459906,-0.2544884306547635,-0.00854614825704895,-0.8382842205939496,0.35059841198431485
-0.1401098514754074,0.4870285058378622,-0.21303769768270914,-0.713985191299721,-0.8024484737087255,-0.18935256184712382,-0.713985191299721,-0.966303193286565,-0.358145440323592,0.5558682612033757,-0.2544884306547635,-0.06589759600423688,-0.8382842205939496,0.5192905911532103
-0.1401098514754074,0.4870285058378622,-0.21303769768270914,-0.0992671959256021,0.4350476606087318,-0.18935256184712382,-0.0992671959256021,-0.966303193286565,-0.358145440323592,0.5558682612033757,-0.2544884306547635,-0.1458343227906009,-0.8382842205939496,1.1097132182443443
-0.1401098514754074,0.4870285058378622,-0.21303769768270914,-0.0992671959256021,-0.8024484737087255,-0.18935256184712382,-0.0992671959256021,-0.966303193286565,-0.358145440323592,0.5558682612033757,-0.2544884306547635,-1.691277707326972,-0.8382842205939496,-0.7459007526135056
-0.1401098514754074,0.4870285058378622,-0.21303769768270914,-0.713985191299721,1.672543794926189,-0.18935256184712382,-0.713985191299721,1.034871877633807,-0.358145440323592,0.5558682612033757,1.5129284694496405,-0.06589759600423688,-0.8382842205939496,-1.251977290120192
-0.1401098514754074,-2.053267905293714,-0.21303769768270914,-0.5090791928416813,0.4350476606087318,-0.18935256184712382,-0.5090791928416813,-0.966303193286565,-0.358145440323592,0.5558682612033757,-0.2544884306547635,-0.00854614825704895,1.7276430481413345,1.1097132182443443
-0.1401098514754074,0.4870285058378622,-0.21303769768270914,1.1301687948226358,-0.8024484737087255,-0.18935256184712382,1.1301687948226358,1.034871877633807,2.792161751651698,-0.8659042062818543,1.5129284694496405,-0.06589759600423688,1.7276430481413345,-0.7459007526135056
-0.1401098514754074,0.4870285058378622,1.7533742503977268,0.3105448009904772,-0.8024484737087255,-0.18935256184712382,0.3105448009904772,1.034871877633807,2.792161751651698,0.5558682612033757,-2.0219053307591675,-0.06589759600423688,1.7276430481413345,-0.8302468421979533
-0.1401098514754074,0.4870285058378622,-0.21303769768270914,-0.0992671959256021,-0.8024484737087255,-0.18935256184712382,-0.0992671959256021,-0.966303193286565,-0.358145440323592,0.5558682612033757,-0.2544884306547635,-0.10586595939741889,0.4446794137736925,0.7723288599065534
-0.1401098514754074,-2.053267905293714,-0.21303769768270914,0.5154507994485168,0.4350476606087318,-0.18935256184712382,0.5154507994485168,-0.966303193286565,-0.358145440323592,0.5558682612033757,-0.2544884306547635,-0.05257480820650953,0.4446794137736925,1.4470975765821352
-0.1401098514754074,0.4870285058378622,-0.21303769768270914,-0.713985191299721,-0.8024484737087255,-0.18935256184712382,-0.713985191299721,-0.966303193286565,-0.358145440323592,0.5558682612033757,-0.2544884306547635,-0.06589759600423688,-0.8382842205939496,0.35059841198431485
-0.1401098514754074,0.4870285058378622,-0.21303769768270914,-0.0992671959256021,-0.8024484737087255,-0.18935256184712382,-0.0992671959256021,1.034871877633807,-0.358145440323592,-0.8659042062818543,-0.2544884306547635,-0.6387774713065123,-0.8382842205939496,-0.6615546630290579
5.940818286914266,0.4870285058378622,-0.21303769768270914,0.5154507994485168,-0.8024484737087255,-0.18935256184712382,0.5154507994485168,-0.966303193286565,-0.358145440323592,-0.8659042062818543,-0.2544884306547635,-0.3989672909474203,-0.8382842205939496,-0.4928624838601624
-0.1401098514754074,0.4870285058378622,-0.21303769768270914,1.3350747932806755,-0.8024484737087255,2.103311910014095,1.3350747932806755,1.034871877633807,-0.358145440323592,-0.8659042062818543,1.5129284694496405,-0.05257480820650953,1.7276430481413345,0.5192905911532103
-0.1401098514754074,-2.053267905293714,-0.21303769768270914,-0.713985191299721,-0.8024484737087255,-0.18935256184712382,-0.713985191299721,-0.966303193286565,-0.358145440323592,0.5558682612033757,1.5129284694496405,-0.05257480820650953,1.7276430481413345,-0.4085163942757147
-0.1401098514754074,-2.053267905293714,-0.21303769768270914,-0.5090791928416813,0.4350476606087318,-0.18935256184712382,-0.5090791928416813,-0.966303193286565,-0.358145440323592,0.5558682612033757,-0.2544884306547635,-0.3456761397565109,-0.8382842205939496,1.6157897557510308
-0.1401098514754074,0.4870285058378622,-0.21303769768270914,-0.713985191299721,1.672543794926189,-0.18935256184712382,-0.713985191299721,1.034871877633807,-0.358145440323592,1.2667544949459906,1.5129284694496405,-0.06589759600423688,-0.8382842205939496,-1.1676312005357443
-0.1401098514754074,-2.053267905293714,-0.21303769768270914,-0.5090791928416813,-0.8024484737087255,-0.18935256184712382,-0.5090791928416813,1.034871877633807,-0.358145440323592,0.5558682612033757,-0.2544884306547635,-0.11918874719514622,0.4446794137736925,-0.15547812552237153
-0.1401098514754074,0.4870285058378622,-0.21303769768270914,-0.5090791928416813,0.4350476606087318,-0.18935256184712382,-0.5090791928416813,1.034871877633807,-0.358145440323592,1.2667544949459906,-0.2544884306547635,-0.05257480820650953,-0.8382842205939496,1.1097132182443443
-0.1401098514754074,0.4870285058378622,-0.21303769768270914,-0.30417319438364177,-0.8024484737087255,-0.18935256184712382,-0.30417319438364177,-0.966303193286565,-0.358145440323592,0.5558682612033757,-0.2544884306547635,-0.06589759600423688,-0.8382842205939496,0.013214053646523933
-0.1401098514754074,0.4870285058378622,-0.21303769768270914,-0.713985191299721,1.672543794926189,-0.18935256184712382,-0.713985191299721,1.034871877633807,-0.358145440323592,-0.8659042062818543,1.5129284694496405,-0.05257480820650953,-0.8382842205939496,-1.251977290120192
-0.1401098514754074,0.4870285058378622,-0.21303769768270914,-0.713985191299721,0.4350476606087318,-0.18935256184712382,-0.713985191299721,-0.966303193286565,-0.358145440323592,-0.8659042062818543,-0.2544884306547635,-0.06589759600423688,-0.8382842205939496,1.7844819349199261
-0.1401098514754074,0.4870285058378622,1.7533742503977268,-0.30417319438364177,1.672543794926189,-0.18935256184712382,-0.30417319438364177,-0.966303193286565,-0.358145440323592,1.2667544949459906,1.5129284694496405,-0.06589759600423688,0.4446794137736925,-0.9989390213668488
-0.1401098514754074,0.4870285058378622,-0.21303769768270914,-0.30417319438364177,1.672543794926189,-0.18935256184712382,-0.30417319438364177,1.034871877633807,-0.358145440323592,0.5558682612033757,1.5129284694496405,-0.06589759600423688,-0.8382842205939496,-1.1676312005357443
-0.1401098514754074,0.4870285058378622,-0.21303769768270914,-0.30417319438364177,-0.8024484737087255,-0.18935256184712382,-0.30417319438364177,1.034871877633807,-0.358145440323592,0.5558682612033757,-0.2544884306547635,-0.06589759600423688,0.4446794137736925,-0.8302468421979533
-0.1401098514754074,0.4870285058378622,-0.21303769768270914,0.3105448009904772,-0.8024484737087255,-0.18935256184712382,0.3105448009904772,1.034871877633807,2.792161751651698,0.5558682612033757,-0.2544884306547635,-0.06589759600423688,-0.8382842205939496,-0.7459007526135056
-0.1401098514754074,0.4870285058378622,-0.21303769768270914,1.3350747932806755,-0.8024484737087255,-0.18935256184712382,1.3350747932806755,-0.966303193286565,-0.358145440323592,-0.8659042062818543,-2.0219053307591675,-0.06589759600423688,1.7276430481413345,-0.6615546630290579
-0.1401098514754074,0.4870285058378622,-0.21303769768270914,5.0233827655253895,0.4350476606087318,-0.18935256184712382,5.0233827655253895,1.034871877633807,-0.358145440323592,-0.8659042062818543,1.5129284694496405,-0.06589759600423688,1.7276430481413345,1.6157897557510308
-0.1401098514754074,0.4870285058378622,-0.21303769768270914,-0.713985191299721,0.4350476606087318,-0.18935256184712382,-0.713985191299721,-0.966303193286565,-0.358145440323592,0.5558682612033757,-0.2544884306547635,-0.06589759600423688,-0.8382842205939496,2.6279428307644035
-0.1401098514754074,0.4870285058378622,-0.21303769768270914,-0.713985191299721,-0.8024484737087255,-0.18935256184712382,-0.713985191299721,-0.966303193286565,-0.358145440323592,-0.8659042062818543,-0.2544884306547635,-0.06589759600423688,-0.8382842205939496,-0.4928624838601624
-0.1401098514754074,0.4870285058378622,-0.21303769768270914,-0.713985191299721,-0.8024484737087255,-0.18935256184712382,-0.713985191299721,-0.966303193286565,-0.358145440323592,1.2667544949459906,-0.2544884306547635,-0.11918874719514622,-0.8382842205939496,-0.32417030469126695
-0.1401098514754074,0.4870285058378622,-0.21303769768270914,0.7203567979065565,-0.8024484737087255,-0.18935256184712382,0.7203567979065565,1.034871877633807,-0.358145440323592,-0.8659042062818543,1.5129284694496405,-0.06589759600423688,1.7276430481413345,-0.5772085734446102
-0.1401098514754074,-2.053267905293714,-0.21303769768270914,-0.713985191299721,0.4350476606087318,-0.18935256184712382,-0.713985191299721,-0.966303193286565,-0.358145440323592,0.5558682612033757,-0.2544884306547635,-0.13251153499287355,-0.8382842205939496,1.4470975765821352
-0.1401098514754074,0.4870285058378622,-0.21303769768270914,-0.713985191299721,0.4350476606087318,-0.18935256184712382,-0.713985191299721,-0.966303193286565,-0.358145440323592,0.5558682612033757,-0.2544884306547635,-0.10586595939741889,-0.8382842205939496,1.7844819349199261
-0.1401098514754074,0.4870285058378622,-0.21303769768270914,-0.30417319438364177,0.4350476606087318,-0.18935256184712382,-0.30417319438364177,-0.966303193286565,-0.358145440323592,0.5558682612033757,-0.2544884306547635,-0.05257480820650953,-0.8382842205939496,2.037520203673269
-0.1401098514754074,0.4870285058378622,-0.21303769768270914,0.10563880253243754,-0.8024484737087255,-0.18935256184712382,0.10563880253243754,1.034871877633807,-0.358145440323592,0.5558682612033757,-0.2544884306547635,-0.05257480820650953,0.4446794137736925,-0.6615546630290579
-0.1401098514754074,0.4870285058378622,-0.21303769768270914,-0.5090791928416813,-0.8024484737087255,2.103311910014095,-0.5090791928416813,-0.966303193286565,-0.358145440323592,-0.8659042062818543,-0.2544884306547635,-0.06589759600423688,-0.8382842205939496,-0.4085163942757147
-0.1401098514754074,0.4870285058378622,1.7533742503977268,-0.30417319438364177,-0.8024484737087255,-0.18935256184712382,-0.30417319438364177,1.034871877633807,2.792161751651698,0.5558682612033757,-0.2544884306547635,-0.05257480820650953,-0.8382842205939496,-0.6615546630290579
-0.1401098514754074,0.4870285058378622,-0.21303769768270914,-0.713985191299721,-0.8024484737087255,-0.18935256184712382,-0.713985191299721,-0.966303193286565,-0.358145440323592,-0.8659042062818543,1.5129284694496405,-0.06589759600423688,0.4446794137736925,-0.8302468421979533
-0.1401098514754074,0.4870285058378622,-0.21303769768270914,-0.5090791928416813,-0.8024484737087255,-0.18935256184712382,-0.5090791928416813,1.034871877633807,2.792161751651698,1.2667544949459906,-0.2544884306547635,0.3471088257253106,-0.8382842205939496,0.09756014323097166
-0.1401098514754074,0.4870285058378622,-0.21303769768270914,-0.0992671959256021,-0.8024484737087255,-0.18935256184712382,-0.0992671959256021,-0.966303193286565,-0.358145440323592,-0.8659042062818543,-0.2544884306547635,-0.3589989275542383,0.4446794137736925,-0.6615546630290579
-0.1401098514754074,-2.053267905293714,-0.21303769768270914,0.10563880253243754,1.672543794926189,-0.18935256184712382,0.10563880253243754,1.034871877633807,-0.358145440323592,-0.8659042062818543,1.5129284694496405,-0.7986509248792404,1.7276430481413345,-0.9989390213668488
-0.1401098514754074,0.4870285058378622,1.7533742503977268,0.9252627963645961,-0.8024484737087255,2.103311910014095,0.9252627963645961,1.034871877633807,-0.358145440323592,1.2667544949459906,-0.2544884306547635,-0.06589759600423688,0.4446794137736925,-0.6615546630290579
-0.1401098514754074,-2.053267905293714,-0.21303769768270914,0.7203567979065565,0.4350476606087318,-0.18935256184712382,0.7203567979065565,-0.966303193286565,-0.358145440323592,0.5558682612033757,-0.2544884306547635,1.5861280909139528,-0.8382842205939496,2.459250651595508
-0.1401098514754074,0.4870285058378622,1.7533742503977268,-0.5090791928416813,-0.8024484737087255,-0.18935256184712382,-0.5090791928416813,1.034871877633807,-0.358145440323592,-0.8659042062818543,-0.2544884306547635,-0.05257480820650953,0.4446794137736925,-0.8302468421979533
-0.1401098514754074,0.4870285058378622,-0.21303769768270914,1.7448867901967549,-0.8024484737087255,-0.18935256184712382,1.7448867901967549,1.034871877633807,-0.358145440323592,-0.8659042062818543,1.5129284694496405,-0.06589759600423688,1.7276430481413345,0.013214053646523933
-0.1401098514754074,0.4870285058378622,-0.21303769768270914,-0.5090791928416813,-0.8024484737087255,-0.18935256184712382,-0.5090791928416813,-0.966303193286565,-0.358145440323592,-0.8659042062818543,-2.0219053307591675,-0.00854614825704895,1.7276430481413345,-0.4085163942757147
-0.1401098514754074,0.4870285058378622,-0.21303769768270914,-0.713985191299721,-0.8024484737087255,-0.18935256184712382,-0.713985191299721,1.034871877633807,-0.358145440323592,-0.8659042062818543,-0.2544884306547635,-0.06589759600423688,-0.8382842205939496,-0.6615546630290579
-0.1401098514754074,0.4870285058378622,-0.21303769768270914,-0.30417319438364177,1.672543794926189,-0.18935256184712382,-0.30417319438364177,-0.966303193286565,-0.358145440323592,0.5558682612033757,-0.2544884306547635,-0.05257480820650953,-0.8382842205939496,-0.9145929317824011
-0.1401098514754074,0.4870285058378622,-0.21303769768270914,0.10563880253243754,0.4350476606087318,-0.18935256184712382,0.10563880253243754,-0.966303193286565,-0.358145440323592,-0.8659042062818543,-0.2544884306547635,-0.06589759600423688,-0.8382842205939496,1.194059307828792
-0.1401098514754074,0.4870285058378622,-0.21303769768270914,-0.5090791928416813,-0.8024484737087255,-0.18935256184712382,-0.5090791928416813,-0.966303193286565,-0.358145440323592,-0.8659042062818543,-0.2544884306547635,-0.06589759600423688,-0.8382842205939496,-0.07113203593792379
-0.1401098514754074,0.4870285058378622,-0.21303769768270914,0.3105448009904772,-0.8024484737087255,-0.18935256184712382,0.3105448009904772,-0.966303193286565,-0.358145440323592,-0.8659042062818543,1.5129284694496405,1.5195141519253161,0.4446794137736925,-0.8302468421979533
-0.1401098514754074,0.4870285058378622,-0.21303769768270914,0.10563880253243754,-0.8024484737087255,-0.18935256184712382,0.10563880253243754,1.034871877633807,-0.358145440323592,-0.8659042062818543,1.5129284694496405,-0.06589759600423688,0.4446794137736925,-0.7459007526135056
-0.1401098514754074,0.4870285058378622,5.686198146558598,-0.713985191299721,1.672543794926189,-0.18935256184712382,-0.713985191299721,1.034871877633807,-0.358145440323592,-0.8659042062818543,-0.2544884306547635,-0.05257480820650953,-0.8382842205939496,-0.9145929317824011
-0.1401098514754074,-2.053267905293714,-0.21303769768270914,-0.713985191299721,0.4350476606087318,-0.18935256184712382,-0.713985191299721,1.034871877633807,-0.358145440323592,0.5558682612033757,-0.2544884306547635,-0.06589759600423688,-0.8382842205939496,1.8688280245043738
-0.1401098514754074,0.4870285058378622,-0.21303769768270914,-0.0992671959256021,1.672543794926189,2.103311910014095,-0.0992671959256021,1.034871877633807,2.792161751651698,-0.8659042062818543,1.5129284694496405,-0.19912547398151023,0.4446794137736925,-1.0832851109512964
-0.1401098514754074,0.4870285058378622,-0.21303769768270914,-0.713985191299721,0.4350476606087318,-0.18935256184712382,-0.713985191299721,-0.966303193286565,-0.358145440323592,0.5558682612033757,-0.2544884306547635,-0.06589759600423688,-0.8382842205939496,1.4470975765821352
-0.1401098514754074,0.4870285058378622,-0.21303769768270914,-0.713985191299721,1.672543794926189,-0.18935256184712382,-0.713985191299721,1.034871877633807,2.792161751651698,-0.8659042062818543,1.5129284694496405,-0.06589759600423688,0.4446794137736925,-0.9145929317824011
-0.1401098514754074,0.4870285058378622,-0.21303769768270914,-0.713985191299721,1.672543794926189,-0.18935256184712382,-0.713985191299721,-0.966303193286565,-0.358145440323592,-0.8659042062818543,-0.2544884306547635,-0.05257480820650953,-0.8382842205939496,-0.9145929317824011
-0.1401098514754074,0.4870285058378622,-0.21303769768270914,0.5154507994485168,-0.8024484737087255,-0.18935256184712382,0.5154507994485168,-0.966303193286565,-0.358145440323592,0.5558682612033757,-0.2544884306547635,-1.7312460707201538,0.4446794137736925,0.09756014323097166
-0.1401098514754074,0.4870285058378622,-0.21303769768270914,2.1546987871128342,-0.8024484737087255,2.103311910014095,2.1546987871128342,1.034871877633807,2.792161751651698,1.2667544949459906,1.5129284694496405,-1.1050750442269692,-0.8382842205939496,-0.4085163942757147
-0.1401098514754074,0.4870285058378622,-0.21303769768270914,-0.713985191299721,-0.8024484737087255,-0.18935256184712382,-0.713985191299721,1.034871877633807,-0.358145440323592,0.5558682612033757,-0.2544884306547635,-0.11918874719514622,-0.8382842205939496,-0.6615546630290579
-0.1401098514754074,0.4870285058378622,-0.21303769768270914,0.3105448009904772,-0.8024484737087255,-0.18935256184712382,0.3105448009904772,1.034871877633807,2.792161751651698,-0.8659042062818543,1.5129284694496405,-0.06589759600423688,1.7276430481413345,-0.8302468421979533
-0.1401098514754074,0.4870285058378622,-0.21303769768270914,0.3105448009904772,-0.8024484737087255,-0.18935256184712382,0.3105448009904772,1.034871877633807,-0.358145440323592,-0.8659042062818543,1.5129284694496405,-0.05257480820650953,0.4446794137736925,-0.5772085734446102
-0.1401098514754074,0.4870285058378622,-0.21303769768270914,0.10563880253243754,0.4350476606087318,-0.18935256184712382,0.10563880253243754,1.034871877633807,-0.358145440323592,0.5558682612033757,-0.2544884306547635,-0.06589759600423688,-0.8382842205939496,1.7844819349199261
-0.1401098514754074,0.4870285058378622,-0.21303769768270914,-0.0992671959256021,1.672543794926189,-0.18935256184712382,-0.0992671959256021,1.034871877633807,-0.358145440323592,-0.8659042062818543,1.5129284694496405,-0.05257480820650953,0.4446794137736925,-0.9989390213668488
-0.1401098514754074,0.4870285058378622,-0.21303769768270914,-0.713985191299721,0.4350476606087318,-0.18935256184712382,-0.713985191299721,-0.966303193286565,-0.358145440323592,-0.8659042062818543,-0.2544884306547635,-0.05257480820650953,-0.8382842205939496,1.4470975765821352
-0.1401098514754074,0.4870285058378622,-0.21303769768270914,0.7203567979065565,-0.8024484737087255,-0.18935256184712382,0.7203567979065565,1.034871877633807,-0.358145440323592,-0.8659042062818543,-0.2544884306547635,-0.05257480820650953,-0.8382842205939496,-0.4928624838601624
-0.1401098514754074,0.4870285058378622,-0.21303769768270914,-0.713985191299721,-0.8024484737087255,-0.18935256184712382,-0.713985191299721,1.034871877633807,2.792161751651698,0.5558682612033757,-0.2544884306547635,-0.05257480820650953,0.4446794137736925,-0.4928624838601624
-0.1401098514754074,0.4870285058378622,-0.21303769768270914,1.7448867901967549,1.672543794926189,6.688640853736533,1.7448867901967549,-0.966303193286565,-0.358145440323592,-0.8659042062818543,-2.0219053307591675,-0.06589759600423688,1.7276430481413345,-0.9145929317824011
-0.1401098514754074,-2.053267905293714,-0.21303769768270914,-0.30417319438364177,-0.8024484737087255,-0.18935256184712382,-0.30417319438364177,1.034871877633807,2.792161751651698,0.5558682612033757,-0.2544884306547635,-0.05257480820650953,-0.8382842205939496,-0.4085163942757147
-0.1401098514754074,-2.053267905293714,-0.21303769768270914,-0.713985191299721,-0.8024484737087255,-0.18935256184712382,-0.713985191299721,1.034871877633807,2.792161751651698,-0.8659042062818543,-0.2544884306547635,-0.06589759600423688,-0.8382842205939496,-0.4928624838601624
-0.1401098514754074,0.4870285058378622,-0.21303769768270914,3.7939467747771514,0.4350476606087318,-0.18935256184712382,3.7939467747771514,1.034871877633807,-0.358145440323592,-0.8659042062818543,1.5129284694496405,-0.06589759600423688,1.7276430481413345,1.7844819349199261
-0.1401098514754074,-2.053267905293714,-0.21303769768270914,-0.713985191299721,-0.8024484737087255,-0.18935256184712382,-0.713985191299721,-0.966303193286565,-0.358145440323592,-0.8659042062818543,-0.2544884306547635,-0.09254317159969154,-0.8382842205939496,0.18190623281541937
-0.1401098514754074,0.4870285058378622,-0.21303769768270914,-0.713985191299721,1.672543794926189,-0.18935256184712382,-0.713985191299721,1.034871877633807,-0.358145440323592,2.6885269624312205,1.5129284694496405,-0.06589759600423688,0.4446794137736925,-1.1676312005357443
-0.1401098514754074,0.4870285058378622,-0.21303769768270914,-0.30417319438364177,1.672543794926189,-0.18935256184712382,-0.30417319438364177,1.034871877633807,-0.358145440323592,2.6885269624312205,-0.2544884306547635,-0.7053914102951491,1.7276430481413345,-0.9145929317824011
-0.1401098514754074,0.4870285058378622,-0.21303769768270914,1.1301687948226358,-0.8024484737087255,2.103311910014095,1.1301687948226358,-0.966303193286565,-0.358145440323592,-0.8659042062818543,1.5129284694496405,-0.00854614825704895,1.7276430481413345,-0.07113203593792379
-0.1401098514754074,0.4870285058378622,3.719786198478163,-0.713985191299721,1.672543794926189,-0.18935256184712382,-0.713985191299721,-0.966303193286565,-0.358145440323592,0.5558682612033757,1.5129284694496405,-0.06589759600423688,-0.8382842205939496,-1.251977290120192
-0.1401098514754074,0.4870285058378622,-0.21303769768270914,-0.713985191299721,-0.8024484737087255,-0.18935256184712382,-0.713985191299721,1.034871877633807,-0.358145440323592,-0.8659042062818543,-2.0219053307591675,-0.06589759600423688,1.7276430481413345,0.2662523223998671
-0.1401098514754074,0.4870285058378622,-0.21303769768270914,2.769416782486953,-0.8024484737087255,4.395976381875314,2.769416782486953,1.034871877633807,-0.358145440323592,-0.8659042062818543,1.5129284694496405,-0.06589759600423688,1.7276430481413345,0.09756014323097166
-0.1401098514754074,0.4870285058378622,-0.21303769768270914,0.7203567979065565,-0.8024484737087255,-0.18935256184712382,0.7203567979065565,1.034871877633807,-0.358145440323592,-0.8659042062818543,1.5129284694496405,-0.06589759600423688,0.4446794137736925,-0.6615546630290579
1.8868661946544836,0.4870285058378622,-0.21303769768270914,1.1301687948226358,0.4350476606087318,-0.18935256184712382,1.1301687948226358,1.034871877633807,2.792161751651698,-0.8659042062818543,-0.2544884306547635,-0.06589759600423688,1.7276430481413345,1.4470975765821352
-0.1401098514754074,0.4870285058378622,-0.21303769768270914,-0.713985191299721,-0.8024484737087255,-0.18935256184712382,-0.713985191299721,-0.966303193286565,-0.358145440323592,1.9776407286886057,-0.2544884306547635,-0.06589759600423688,-0.8382842205939496,0.603636680737658
-0.1401098514754074,0.4870285058378622,-0.21303769768270914,-0.713985191299721,0.4350476606087318,-0.18935256184712382,-0.713985191299721,-0.966303193286565,-0.358145440323592,2.6885269624312205,-0.2544884306547635,-0.05257480820650953,-0.8382842205939496,0.8566749494910012
-0.1401098514754074,0.4870285058378622,-0.21303769768270914,0.9252627963645961,-0.8024484737087255,-0.18935256184712382,0.9252627963645961,-0.966303193286565,-0.358145440323592,-0.8659042062818543,-2.0219053307591675,2.3188814197889567,1.7276430481413345,-0.4928624838601624
-0.1401098514754074,0.4870285058378622,-0.21303769768270914,-0.30417319438364177,-0.8024484737087255,-0.18935256184712382,-0.30417319438364177,1.034871877633807,2.792161751651698,1.2667544949459906,-0.2544884306547635,4.836888313559423,-0.8382842205939496,0.7723288599065534
-0.1401098514754074,0.4870285058378622,-0.21303769768270914,-0.0992671959256021,1.672543794926189,2.103311910014095,-0.0992671959256021,-0.966303193286565,-0.358145440323592,-0.8659042062818543,1.5129284694496405,-0.06589759600423688,0.4446794137736925,-1.0832851109512964
-0.1401098514754074,0.4870285058378622,-0.21303769768270914,-0.30417319438364177,-0.8024484737087255,-0.18935256184712382,-0.30417319438364177,-0.966303193286565,-0.358145440323592,0.5558682612033757,-0.2544884306547635,-0.00854614825704895,-0.8382842205939496,0.35059841198431485
-0.1401098514754074,-2.053267905293714,-0.21303769768270914,-0.713985191299721,-0.8024484737087255,-0.18935256184712382,-0.713985191299721,-0.966303193286565,-0.358145440323592,0.5558682612033757,-0.2544884306547635,-0.06589759600423688,-0.8382842205939496,-0.8302468421979533
-0.1401098514754074,0.4870285058378622,-0.21303769768270914,-0.0992671959256021,-0.8024484737087255,-0.18935256184712382,-0.0992671959256021,1.034871877633807,-0.358145440323592,-0.8659042062818543,-0.2544884306547635,-0.06589759600423688,-0.8382842205939496,-0.15547812552237153
-0.1401098514754074,0.4870285058378622,-0.21303769768270914,0.7203567979065565,-0.8024484737087255,-0.18935256184712382,0.7203567979065565,1.034871877633807,-0.358145440323592,-0.8659042062818543,-0.2544884306547635,-0.06589759600423688,-0.8382842205939496,-0.32417030469126695
-0.1401098514754074,-2.053267905293714,-0.21303769768270914,-0.713985191299721,-0.8024484737087255,-0.18935256184712382,-0.713985191299721,-0.966303193286565,-0.358145440323592,1.2667544949459906,-0.2544884306547635,-0.09254317159969154,-0.8382842205939496,0.18190623281541937
-0.1401098514754074,-2.053267905293714,-0.21303769768270914,-0.5090791928416813,1.672543794926189,-0.18935256184712382,-0.5090791928416813,1.034871877633807,-0.358145440323592,-0.8659042062818543,-0.2544884306547635,-0.06589759600423688,-0.8382842205939496,-0.9989390213668488
-0.1401098514754074,0.4870285058378622,-0.21303769768270914,-0.30417319438364177,0.4350476606087318,-0.18935256184712382,-0.30417319438364177,-0.966303193286565,-0.358145440323592,0.5558682612033757,-0.2544884306547635,-0.7853281370815131,0.4446794137736925,0.9410210390754489
-0.1401098514754074,0.4870285058378622,-0.21303769768270914,3.1792287794030325,-0.8024484737087255,-0.18935256184712382,3.1792287794030325,1.034871877633807,-0.358145440323592,-0.8659042062818543,-0.2544884306547635,-0.9984927418451506,0.4446794137736925,0.5192905911532103
1.8868661946544836,0.4870285058378622,1.7533742503977268,-0.30417319438364177,1.672543794926189,-0.18935256184712382,-0.30417319438364177,-0.966303193286565,-0.358145440323592,-0.8659042062818543,-2.0219053307591675,-0.06589759600423688,1.7276430481413345,-1.1676312005357443
-0.1401098514754074,0.4870285058378622,-0.21303769768270914,-0.713985191299721,-0.8024484737087255,-0.18935256184712382,-0.713985191299721,-0.966303193286565,-0.358145440323592,-0.8659042062818543,-0.2544884306547635,-0.05257480820650953,-0.8382842205939496,-0.4928624838601624
-0.1401098514754074,-2.053267905293714,-0.21303769768270914,-0.713985191299721,1.672543794926189,-0.18935256184712382,-0.713985191299721,-0.966303193286565,-0.358145440323592,-0.8659042062818543,-2.0219053307591675,-0.05257480820650953,0.4446794137736925,-1.251977290120192
-0.1401098514754074,0.4870285058378622,-0.21303769768270914,0.10563880253243754,-0.8024484737087255,-0.18935256184712382,0.10563880253243754,-0.966303193286565,-0.358145440323592,-0.8659042062818543,-0.2544884306547635,-0.05257480820650953,-0.8382842205939496,0.2662523223998671
-0.1401098514754074,0.4870285058378622,-0.21303769768270914,2.9743227809449926,-0.8024484737087255,-0.18935256184712382,2.9743227809449926,1.034871877633807,-0.358145440323592,-0.8659042062818543,1.5129284694496405,-1.5447270415519714,0.4446794137736925,0.013214053646523933
-0.1401098514754074,-2.053267905293714,-0.21303769768270914,-0.713985191299721,0.4350476606087318,-0.18935256184712382,-0.713985191299721,-0.966303193286565,-0.358145440323592,2.6885269624312205,-0.2544884306547635,-0.06589759600423688,-0.8382842205939496,1.1097132182443443
-0.1401098514754074,-2.053267905293714,-0.21303769768270914,0.3105448009904772,-0.8024484737087255,-0.18935256184712382,0.3105448009904772,-0.966303193286565,-0.358145440323592,0.5558682612033757,-0.2544884306547635,-0.09254317159969154,0.4446794137736925,-0.8302468421979533
-0.1401098514754074,-2.053267905293714,-0.21303769768270914,-0.30417319438364177,-0.8024484737087255,-0.18935256184712382,-0.30417319438364177,-0.966303193286565,-0.358145440323592,-0.8659042062818543,-0.2544884306547635,-0.06589759600423688,-0.8382842205939496,0.6879827703221058
1.8868661946544836,0.4870285058378622,-0.21303769768270914,1.3350747932806755,-0.8024484737087255,8.981305325597752,1.3350747932806755,1.034871877633807,-0.358145440323592,1.2667544949459906,-2.0219053307591675,-0.06589759600423688,1.7276430481413345,-0.8302468421979533
-0.1401098514754074,0.4870285058378622,-0.21303769768270914,0.5154507994485168,-0.8024484737087255,-0.18935256184712382,0.5154507994485168,1.034871877633807,-0.358145440323592,-0.8659042062818543,-0.2544884306547635,-0.06589759600423688,-0.8382842205939496,0.5192905911532103
-0.1401098514754074,0.4870285058378622,-0.21303769768270914,-0.713985191299721,0.4350476606087318,-0.18935256184712382,-0.713985191299721,-0.966303193286565,-0.358145440323592,0.5558682612033757,-0.2544884306547635,-0.06589759600423688,-0.8382842205939496,1.8688280245043738
1.8868661946544836,0.4870285058378622,-0.21303769768270914,-0.5090791928416813,1.672543794926189,-0.18935256184712382,-0.5090791928416813,1.034871877633807,2.792161751651698,-0.8659042062818543,1.5129284694496405,-0.545517956722421,-0.8382842205939496,-1.251977290120192
-0.1401098514754074,0.4870285058378622,-0.21303769768270914,-0.713985191299721,1.672543794926189,-0.18935256184712382,-0.713985191299721,-0.966303193286565,-0.358145440323592,2.6885269624312205,-0.2544884306547635,-0.06589759600423688,-0.8382842205939496,-0.9989390213668488
-0.1401098514754074,0.4870285058378622,-0.21303769768270914,0.5154507994485168,0.4350476606087318,-0.18935256184712382,0.5154507994485168,1.034871877633807,-0.358145440323592,-0.8659042062818543,-0.2544884306547635,-0.06589759600423688,-0.8382842205939496,1.194059307828792
-0.1401098514754074,0.4870285058378622,-0.21303769768270914,-0.30417319438364177,1.672543794926189,-0.18935256184712382,-0.30417319438364177,1.034871877633807,-0.358145440323592,-0.8659042062818543,-0.2544884306547635,-0.06589759600423688,0.4446794137736925,-0.9145929317824011
-0.1401098514754074,0.4870285058378622,1.7533742503977268,1.539980791738715,-0.8024484737087255,-0.18935256184712382,1.539980791738715,1.034871877633807,-0.358145440323592,1.2667544949459906,-0.2544884306547635,-0.05257480820650953,0.4446794137736925,-0.15547812552237153
-0.1401098514754074,0.4870285058378622,-0.21303769768270914,0.5154507994485168,0.4350476606087318,-0.18935256184712382,0.5154507994485168,1.034871877633807,-0.358145440323592,0.5558682612033757,-0.2544884306547635,0.09397585756849117,-0.8382842205939496,1.3627514869976876
-0.1401098514754074,0.4870285058378622,-0.21303769768270914,-0.713985191299721,1.672543794926189,-0.18935256184712382,-0.713985191299721,-0.966303193286565,-0.358145440323592,0.5558682612033757,1.5129284694496405,-0.05257480820650953,-0.8382842205939496,-0.9989390213668488
-0.1401098514754074,0.4870285058378622,-0.21303769768270914,-0.5090791928416813,-0.8024484737087255,-0.18935256184712382,-0.5090791928416813,1.034871877633807,2.792161751651698,-0.8659042062818543,-0.2544884306547635,-0.05257480820650953,0.4446794137736925,0.603636680737658
-0.1401098514754074,-2.053267905293714,-0.21303769768270914,-0.713985191299721,-0.8024484737087255,-0.18935256184712382,-0.713985191299721,-0.966303193286565,-0.358145440323592,-0.8659042062818543,-0.2544884306547635,-0.06589759600423688,-0.8382842205939496,-0.15547812552237153
-0.1401098514754074,0.4870285058378622,-0.21303769768270914,-0.713985191299721,-0.8024484737087255,-0.18935256184712382,-0.713985191299721,-0.966303193286565,-0.358145440323592,-0.8659042062818543,1.5129284694496405,-0.05257480820650953,0.4446794137736925,-0.4085163942757147
-0.1401098514754074,0.4870285058378622,-0.21303769768270914,0.10563880253243754,-0.8024484737087255,-0.18935256184712382,0.10563880253243754,-0.966303193286565,-0.358145440323592,-0.8659042062818543,1.5129284694496405,-0.06589759600423688,1.7276430481413345,0.35059841198431485
-0.1401098514754074,0.4870285058378622,-0.21303769768270914,-0.0992671959256021,-0.8024484737087255,-0.18935256184712382,-0.0992671959256021,1.034871877633807,-0.358145440323592,0.5558682612033757,1.5129284694496405,-0.5721635323178756,1.7276430481413345,-0.4085163942757147
-0.1401098514754074,0.4870285058378622,-0.21303769768270914,0.7203567979065565,0.4350476606087318,-0.18935256184712382,0.7203567979065565,-0.966303193286565,-0.358145440323592,-0.8659042062818543,-0.2544884306547635,-2.2774803704269746,-0.8382842205939496,1.7844819349199261
-0.1401098514754074,0.4870285058378622,-0.21303769768270914,-0.0992671959256021,-0.8024484737087255,-0.18935256184712382,-0.0992671959256021,-0.966303193286565,-0.358145440323592,2.6885269624312205,-0.2544884306547635,-0.06589759600423688,-0.8382842205939496,0.6879827703221058
-0.1401098514754074,-2.053267905293714,-0.21303769768270914,-0.5090791928416813,0.4350476606087318,-0.18935256184712382,-0.5090791928416813,-0.966303193286565,-0.358145440323592,-0.8659042062818543,-0.2544884306547635,-0.00854614825704895,0.4446794137736925,0.9410210390754489
-0.1401098514754074,-2.053267905293714,-0.21303769768270914,-0.5090791928416813,1.672543794926189,-0.18935256184712382,-0.5090791928416813,-0.966303193286565,-0.358145440323592,0.5558682612033757,-0.2544884306547635,-0.05257480820650953,0.4446794137736925,-0.9989390213668488
-0.1401098514754074,0.4870285058378622,-0.21303769768270914,-0.5090791928416813,-0.8024484737087255,-0.18935256184712382,-0.5090791928416813,1.034871877633807,-0.358145440323592,0.5558682612033757,-0.2544884306547635,-0.06589759600423688,-0.8382842205939496,0.5192905911532103
-0.1401098514754074,-2.053267905293714,-0.21303769768270914,-0.5090791928416813,-0.8024484737087255,-0.18935256184712382,-0.5090791928416813,-0.966303193286565,-0.358145440323592,-0.8659042062818543,-0.2544884306547635,-0.06589759600423688,-0.8382842205939496,0.09756014323097166
-0.1401098514754074,0.4870285058378622,-0.21303769768270914,-0.30417319438364177,-0.8024484737087255,-0.18935256184712382,-0.30417319438364177,-0.966303193286565,-0.358145440323592,1.2667544949459906,1.5129284694496405,-0.06589759600423688,1.7276430481413345,-0.5772085734446102
-0.1401098514754074,0.4870285058378622,-0.21303769768270914,3.5890407763191114,-0.8024484737087255,4.395976381875314,3.5890407763191114,1.034871877633807,-0.358145440323592,-0.8659042062818543,-0.2544884306547635,-0.06589759600423688,0.4446794137736925,-0.4085163942757147
-0.1401098514754074,0.4870285058378622,-0.21303769768270914,1.539980791738715,-0.8024484737087255,-0.18935256184712382,1.539980791738715,1.034871877633807,-0.358145440323592,0.5558682612033757,1.5129284694496405,-2.9036513969201594,1.7276430481413345,-0.4085163942757147
-0.1401098514754074,-2.053267905293714,-0.21303769768270914,-0.0992671959256021,-0.8024484737087255,-0.18935256184712382,-0.0992671959256021,-0.966303193286565,-0.358145440323592,-0.8659042062818543,-0.2544884306547635,-0.06589759600423688,0.4446794137736925,0.18190623281541937
-0.1401098514754074,0.4870285058378622,-0.21303769768270914,0.10563880253243754,0.4350476606087318,-0.18935256184712382,0.10563880253243754,1.034871877633807,-0.358145440323592,2.6885269624312205,-0.2544884306547635,-0.06589759600423688,-0.8382842205939496,1.1097132182443443
-0.1401098514754074,0.4870285058378622,-0.21303769768270914,0.10563880253243754,-0.8024484737087255,-0.18935256184712382,0.10563880253243754,1.034871877633807,-0.358145440323592,2.6885269624312205,-0.2544884306547635,-0.05257480820650953,-0.8382842205939496,-0.15547812552237153
-0.1401098514754074,-2.053267905293714,-0.21303769768270914,-0.5090791928416813,0.4350476606087318,-0.18935256184712382,-0.5090791928416813,1.034871877633807,-0.358145440323592,-0.8659042062818543,-0.2544884306547635,-0.06589759600423688,-0.8382842205939496,2.459250651595508
-0.1401098514754074,0.4870285058378622,-0.21303769768270914,-0.5090791928416813,-0.8024484737087255,-0.18935256184712382,-0.5090791928416813,-0.966303193286565,-0.358145440323592,2.6885269624312205,-0.2544884306547635,-0.05257480820650953,-0.8382842205939496,-0.32417030469126695
-0.1401098514754074,-2.053267905293714,-0.21303769768270914,0.3105448009904772,-0.8024484737087255,-0.18935256184712382,0.3105448009904772,-0.966303193286565,-0.358145440323592,1.2667544949459906,-0.2544884306547635,-0.05257480820650953,-0.8382842205939496,-0.07113203593792379
-0.1401098514754074,0.4870285058378622,-0.21303769768270914,1.1301687948226358,-0.8024484737087255,-0.18935256184712382,1.1301687948226358,1.034871877633807,2.792161751651698,0.5558682612033757,-2.0219053307591675,-0.06589759600423688,1.7276430481413345,-0.8302468421979533
-0.1401098514754074,-2.053267905293714,-0.21303769768270914,-0.713985191299721,-0.8024484737087255,-0.18935256184712382,-0.713985191299721,-0.966303193286565,-0.358145440323592,-0.8659042062818543,-0.2544884306547635,-0.06589759600423688,-0.8382842205939496,0.2662523223998671
-0.1401098514754074,-2.053267905293714,-0.21303769768270914,-0.30417319438364177,1.672543794926189,-0.18935256184712382,-0.30417319438364177,-0.966303193286565,-0.358145440323592,-0.8659042062818543,-0.2544884306547635,-0.06589759600423688,-0.8382842205939496,-0.9145929317824011
-0.1401098514754074,0.4870285058378622,-0.21303769768270914,-0.713985191299721,0.4350476606087318,-0.18935256184712382,-0.713985191299721,-0.966303193286565,-0.358145440323592,-0.8659042062818543,-0.2544884306547635,-0.06589759600423688,-0.8382842205939496,1.9531741140888217
-0.1401098514754074,0.4870285058378622,-0.21303769768270914,-0.30417319438364177,-0.8024484737087255,-0.18935256184712382,-0.30417319438364177,-0.966303193286565,-0.358145440323592,0.5558682612033757,-0.2544884306547635,-0.06589759600423688,-0.8382842205939496,-0.15547812552237153
-0.1401098514754074,0.4870285058378622,-0.21303769768270914,-0.5090791928416813,-0.8024484737087255,2.103311910014095,-0.5090791928416813,-0.966303193286565,-0.358145440323592,-0.8659042062818543,-0.2544884306547635,-0.06589759600423688,-0.8382842205939496,-0.6615546630290579
-0.1401098514754074,0.4870285058378622,-0.21303769768270914,-0.0992671959256021,0.4350476606087318,-0.18935256184712382,-0.0992671959256021,-0.966303193286565,-0.358145440323592,0.5558682612033757,-0.2544884306547635,-1.2116573466087879,-0.8382842205939496,1.3627514869976876
-0.1401098514754074,0.4870285058378622,-0.21303769768270914,-0.713985191299721,-0.8024484737087255,-0.18935256184712382,-0.713985191299721,-0.966303193286565,-0.358145440323592,-0.8659042062818543,-0.2544884306547635,-0.06589759600423688,-0.8382842205939496,0.7723288599065534
-0.1401098514754074,0.4870285058378622,-0.21303769768270914,-0.0992671959256021,-0.8024484737087255,-0.18935256184712382,-0.0992671959256021,1.034871877633807,2.792161751651698,2.6885269624312205,-0.2544884306547635,-0.06589759600423688,-0.8382842205939496,0.09756014323097166
-0.1401098514754074,0.4870285058378622,-0.21303769768270914,-0.0992671959256021,-0.8024484737087255,-0.18935256184712382,-0.0992671959256021,1.034871877633807,-0.358145440323592,-0.8659042062818543,-0.2544884306547635,-0.06589759600423688,-0.8382842205939496,-0.07113203593792379
-0.1401098514754074,0.4870285058378622,-0.21303769768270914,1.9497927886547946,-0.8024484737087255,2.103311910014095,1.9497927886547946,1.034871877633807,-0.358145440323592,-0.8659042062818543,-2.0219053307591675,-0.06589759600423688,1.7276430481413345,-0.7459007526135056
-0.1401098514754074,-2.053267905293714,-0.21303769768270914,-0.713985191299721,-0.8024484737087255,-0.18935256184712382,-0.713985191299721,1.034871877633807,-0.358145440323592,-0.8659042062818543,-0.2544884306547635,-0.06589759600423688,0.4446794137736925,-0.4085163942757147
-0.1401098514754074,0.4870285058378622,-0.21303769768270914,-0.713985191299721,-0.8024484737087255,-0.18935256184712382,-0.713985191299721,-0.966303193286565,-0.358145440323592,-0.8659042062818543,-0.2544884306547635,-0.05257480820650953,-0.8382842205939496,-0.23982421510681926
-0.1401098514754074,0.4870285058378622,-0.21303769768270914,-0.713985191299721,-0.8024484737087255,-0.18935256184712382,-0.713985191299721,-0.966303193286565,-0.358145440323592,2.6885269624312205,-0.2544884306547635,-0.06589759600423688,-0.8382842205939496,-0.6615546630290579
-0.1401098514754074,0.4870285058378622,-0.21303769768270914,0.10563880253243754,-0.8024484737087255,-0.18935256184712382,0.10563880253243754,-0.966303193286565,-0.358145440323592,-0.8659042062818543,-2.0219053307591675,-0.06589759600423688,1.7276430481413345,-0.15547812552237153
-0.1401098514754074,0.4870285058378622,-0.21303769768270914,-0.713985191299721,1.672543794926189,-0.18935256184712382,-0.713985191299721,1.034871877633807,-0.358145440323592,-0.8659042062818543,-0.2544884306547635,-0.05257480820650953,-0.8382842205939496,-0.9145929317824011
-0.1401098514754074,-2.053267905293714,-0.21303769768270914,-0.30417319438364177,-0.8024484737087255,-0.18935256184712382,-0.30417319438364177,-0.966303193286565,-0.358145440323592,1.2667544949459906,-0.2544884306547635,-0.9585243784519685,0.4446794137736925,-0.5772085734446102
-0.1401098514754074,0.4870285058378622,-0.21303769768270914,-0.30417319438364177,-0.8024484737087255,2.103311910014095,-0.30417319438364177,1.034871877633807,-0.358145440323592,-0.8659042062818543,-0.2544884306547635,-0.06589759600423688,0.4446794137736925,-0.8302468421979533
-0.1401098514754074,-2.053267905293714,-0.21303769768270914,5.0233827655253895,0.4350476606087318,-0.18935256184712382,5.0233827655253895,1.034871877633807,-0.358145440323592,0.5558682612033757,1.5129284694496405,-0.06589759600423688,1.7276430481413345,1.0253671286598967
-0.1401098514754074,0.4870285058378622,1.7533742503977268,0.9252627963645961,1.672543794926189,4.395976381875314,0.9252627963645961,1.034871877633807,2.792161751651698,-0.8659042062818543,-2.0219053307591675,-0.06589759600423688,1.7276430481413345,-0.9145929317824011
-0.1401098514754074,0.4870285058378622,-0.21303769768270914,1.3350747932806755,-0.8024484737087255,-0.18935256184712382,1.3350747932806755,1.034871877633807,-0.358145440323592,-0.8659042062818543,1.5129284694496405,-1.1450434076201512,1.7276430481413345,-0.8302468421979533
-0.1401098514754074,0.4870285058378622,-0.21303769768270914,-0.0992671959256021,0.4350476606087318,-0.18935256184712382,-0.0992671959256021,-0.966303193286565,-0.358145440323592,0.5558682612033757,-0.2544884306547635,-0.9052332272610591,-0.8382842205939496,2.6279428307644035
-0.1401098514754074,0.4870285058378622,-0.21303769768270914,0.3105448009904772,-0.8024484737087255,-0.18935256184712382,0.3105448009904772,-0.966303193286565,-0.358145440323592,-0.8659042062818543,-0.2544884306547635,-0.06589759600423688,0.4446794137736925,-0.5772085734446102
-0.1401098514754074,0.4870285058378622,-0.21303769768270914,-0.30417319438364177,0.4350476606087318,-0.18935256184712382,-0.30417319438364177,1.034871877633807,-0.358145440323592,0.5558682612033757,-0.2544884306547635,-0.06589759600423688,0.4446794137736925,0.9410210390754489
-0.1401098514754074,0.4870285058378622,-0.21303769768270914,1.3350747932806755,-0.8024484737087255,2.103311910014095,1.3350747932806755,1.034871877633807,-0.358145440323592,-0.8659042062818543,-2.0219053307591675,-0.06589759600423688,1.7276430481413345,-0.7459007526135056
1.8868661946544836,0.4870285058378622,-0.21303769768270914,-0.5090791928416813,1.672543794926189,-0.18935256184712382,-0.5090791928416813,1.034871877633807,2.792161751651698,1.2667544949459906,1.5129284694496405,-0.06589759600423688,1.7276430481413345,-1.1676312005357443
-0.1401098514754074,0.4870285058378622,-0.21303769768270914,-0.30417319438364177,1.672543794926189,-0.18935256184712382,-0.30417319438364177,-0.966303193286565,-0.358145440323592,0.5558682612033757,-0.2544884306547635,-0.00854614825704895,-0.8382842205939496,-0.9145929317824011
-0.1401098514754074,0.4870285058378622,-0.21303769768270914,-0.713985191299721,-0.8024484737087255,-0.18935256184712382,-0.713985191299721,-0.966303193286565,-0.358145440323592,-0.8659042062818543,-0.2544884306547635,-0.05257480820650953,-0.8382842205939496,0.4349445015687626
-0.1401098514754074,0.4870285058378622,-0.21303769768270914,2.3596047855708737,0.4350476606087318,-0.18935256184712382,2.3596047855708737,-0.966303193286565,-0.358145440323592,-0.8659042062818543,-2.0219053307591675,-0.5321951689246937,1.7276430481413345,2.2905584724266124
-0.1401098514754074,0.4870285058378622,1.7533742503977268,0.7203567979065565,-0.8024484737087255,2.103311910014095,0.7203567979065565,1.034871877633807,-0.358145440323592,-0.8659042062818543,-0.2544884306547635,-0.06589759600423688,0.4446794137736925,-0.4085163942757147
-0.1401098514754074,0.4870285058378622,-0.21303769768270914,-0.5090791928416813,1.672543794926189,-0.18935256184712382,-0.5090791928416813,-0.966303193286565,-0.358145440323592,-0.8659042062818543,1.5129284694496405,-0.06589759600423688,1.7276430481413345,-1.0832851109512964
-0.1401098514754074,-2.053267905293714,-0.21303769768270914,-0.713985191299721,0.4350476606087318,-0.18935256184712382,-0.713985191299721,-0.966303193286565,-0.358145440323592,0.5558682612033757,-0.2544884306547635,-0.07922038380196421,-0.8382842205939496,1.531443666166583
-0.1401098514754074,0.4870285058378622,-0.21303769768270914,-0.713985191299721,1.672543794926189,-0.18935256184712382,-0.713985191299721,-0.966303193286565,-0.358145440323592,-0.8659042062818543,1.5129284694496405,-0.06589759600423688,1.7276430481413345,-1.251977290120192
-0.1401098514754074,0.4870285058378622,-0.21303769768270914,1.7448867901967549,-0.8024484737087255,-0.18935256184712382,1.7448867901967549,1.034871877633807,-0.358145440323592,-0.8659042062818543,-2.0219053307591675,-0.06589759600423688,1.7276430481413345,-0.15547812552237153
-0.1401098514754074,0.4870285058378622,5.686198146558598,-0.5090791928416813,1.672543794926189,-0.18935256184712382,-0.5090791928416813,-0.966303193286565,-0.358145440323592,1.2667544949459906,1.5129284694496405,-0.38564450314969295,1.7276430481413345,-1.1676312005357443
-0.1401098514754074,0.4870285058378622,-0.21303769768270914,3.384134777861072,0.4350476606087318,-0.18935256184712382,3.384134777861072,1.034871877633807,-0.358145440323592,1.2667544949459906,-0.2544884306547635,-0.05257480820650953,-0.8382842205939496,0.8566749494910012
-0.1401098514754074,0.4870285058378622,1.7533742503977268,-0.0992671959256021,-0.8024484737087255,-0.18935256184712382,-0.0992671959256021,1.034871877633807,-0.358145440323592,-0.8659042062818543,-0.2544884306547635,-0.06589759600423688,0.4446794137736925,-0.7459007526135056
-0.1401098514754074,-2.053267905293714,-0.21303769768270914,0.7203567979065565,-0.8024484737087255,-0.18935256184712382,0.7203567979065565,1.034871877633807,-0.358145440323592,-0.8659042062818543,-0.2544884306547635,-0.06589759600423688,-0.8382842205939496,0.09756014323097166
-0.1401098514754074,0.4870285058378622,-0.21303769768270914,-0.713985191299721,-0.8024484737087255,-0.18935256184712382,-0.713985191299721,-0.966303193286565,-0.358145440323592,0.5558682612033757,-0.2544884306547635,-0.05257480820650953,-0.8382842205939496,-0.07113203593792379
-0.1401098514754074,0.4870285058378622,-0.21303769768270914,-0.30417319438364177,1.672543794926189,2.103311910014095,-0.30417319438364177,1.034871877633807,-0.358145440323592,-0.8659042062818543,1.5129284694496405,-0.06589759600423688,0.4446794137736925,-0.9989390213668488
-0.1401098514754074,0.4870285058378622,-0.21303769768270914,-0.5090791928416813,1.672543794926189,-0.18935256184712382,-0.5090791928416813,1.034871877633807,-0.358145440323592,-0.8659042062818543,1.5129284694496405,-0.05257480820650953,1.7276430481413345,-1.0832851109512964
-0.1401098514754074,-2.053267905293714,-0.21303769768270914,-0.5090791928416813,1.672543794926189,-0.18935256184712382,-0.5090791928416813,1.034871877633807,-0.358145440323592,-0.8659042062818543,1.5129284694496405,-0.06589759600423688,-0.8382842205939496,-1.1676312005357443
-0.1401098514754074,0.4870285058378622,-0.21303769768270914,-0.5090791928416813,0.4350476606087318,-0.18935256184712382,-0.5090791928416813,1.034871877633807,-0.358145440323592,0.5558682612033757,-0.2544884306547635,-0.00854614825704895,-0.8382842205939496,1.531443666166583
1.8868661946544836,0.4870285058378622,-0.21303769768270914,-0.5090791928416813,1.672543794926189,-0.18935256184712382,-0.5090791928416813,1.034871877633807,2.792161751651698,1.2667544949459906,-2.0219053307591675,1.119830517993496,1.7276430481413345,-1.1676312005357443
-0.1401098514754074,0.4870285058378622,-0.21303769768270914,-0.713985191299721,-0.8024484737087255,-0.18935256184712382,-0.713985191299721,-0.966303193286565,-0.358145440323592,2.6885269624312205,-0.2544884306547635,-0.05257480820650953,-0.8382842205939496,0.7723288599065534
-0.1401098514754074,0.4870285058378622,-0.21303769768270914,3.998852773235191,-0.8024484737087255,2.103311910014095,3.998852773235191,1.034871877633807,-0.358145440323592,-0.8659042062818543,1.5129284694496405,-0.06589759600423688,1.7276430481413345,0.013214053646523933
-0.1401098514754074,-2.053267905293714,-0.21303769768270914,-0.713985191299721,1.672543794926189,-0.18935256184712382,-0.713985191299721,-0.966303193286565,-0.358145440323592,-0.8659042062818543,-0.2544884306547635,-0.09254317159969154,-0.8382842205939496,-0.9145929317824011
-0.1401098514754074,0.4870285058378622,-0.21303769768270914,0.5154507994485168,-0.8024484737087255,-0.18935256184712382,0.5154507994485168,-0.966303193286565,-0.358145440323592,2.6885269624312205,-0.2544884306547635,-0.06589759600423688,0.4446794137736925,0.35059841198431485
-0.1401098514754074,0.4870285058378622,-0.21303769768270914,-0.5090791928416813,0.4350476606087318,-0.18935256184712382,-0.5090791928416813,-0.966303193286565,-0.358145440323592,0.5558682612033757,-0.2544884306547635,-0.06589759600423688,-0.8382842205939496,1.531443666166583
-0.1401098514754074,0.4870285058378622,-0.21303769768270914,0.3105448009904772,-0.8024484737087255,-0.18935256184712382,0.3105448009904772,-0.966303193286565,-0.358145440323592,-0.8659042062818543,-0.2544884306547635,-0.06589759600423688,-0.8382842205939496,-0.07113203593792379
-0.1401098514754074,-2.053267905293714,-0.21303769768270914,1.3350747932806755,-0.8024484737087255,4.395976381875314,1.3350747932806755,-0.966303193286565,-0.358145440323592,-0.8659042062818543,-0.2544884306547635,-0.09254317159969154,1.7276430481413345,-0.32417030469126695
-0.1401098514754074,-2.053267905293714,-0.21303769768270914,0.3105448009904772,-0.8024484737087255,-0.18935256184712382,0.3105448009904772,-0.966303193286565,-0.358145440323592,-0.8659042062818543,-0.2544884306547635,-0.05257480820650953,-0.8382842205939496,-0.23982421510681926
-0.1401098514754074,0.4870285058378622,-0.21303769768270914,-0.30417319438364177,-0.8024484737087255,-0.18935256184712382,-0.30417319438364177,-0.966303193286565,-0.358145440323592,-0.8659042062818543,-0.2544884306547635,-0.06589759600423688,0.4446794137736925,0.5192905911532103
-0.1401098514754074,-2.053267905293714,-0.21303769768270914,1.539980791738715,-0.8024484737087255,-0.18935256184712382,1.539980791738715,1.034871877633807,-0.358145440323592,-0.8659042062818543,-0.2544884306547635,-0.05257480820650953,0.4446794137736925,-0.4085163942757147
-0.1401098514754074,-2.053267905293714,-0.21303769768270914,-0.713985191299721,-0.8024484737087255,-0.18935256184712382,-0.713985191299721,-0.966303193286565,-0.358145440323592,-0.8659042062818543,-0.2544884306547635,-0.05257480820650953,-0.8382842205939496,-0.5772085734446102
-0.1401098514754074,0.4870285058378622,1.7533742503977268,-0.30417319438364177,-0.8024484737087255,-0.18935256184712382,-0.30417319438364177,1.034871877633807,-0.358145440323592,-0.8659042062818543,-0.2544884306547635,-0.06589759600423688,-0.8382842205939496,-0.4928624838601624
-0.1401098514754074,-2.053267905293714,-0.21303769768270914,-0.713985191299721,-0.8024484737087255,-0.18935256184712382,-0.713985191299721,-0.966303193286565,-0.358145440323592,0.5558682612033757,-0.2544884306547635,-0.10586595939741889,-0.8382842205939496,-0.6615546630290579
-0.1401098514754074,0.4870285058378622,-0.21303769768270914,-0.30417319438364177,-0.8024484737087255,-0.18935256184712382,-0.30417319438364177,-0.966303193286565,-0.358145440323592,2.6885269624312205,-0.2544884306547635,-0.00854614825704895,-0.8382842205939496,0.6879827703221058
1.8868661946544836,0.4870285058378622,-0.21303769768270914,1.1301687948226358,-0.8024484737087255,2.103311910014095,1.1301687948226358,1.034871877633807,-0.358145440323592,-0.8659042062818543,-0.2544884306547635,-0.06589759600423688,1.7276430481413345,0.2662523223998671
-0.1401098514754074,-2.053267905293714,-0.21303769768270914,-0.5090791928416813,-0.8024484737087255,-0.18935256184712382,-0.5090791928416813,1.034871877633807,-0.358145440323592,-0.8659042062818543,-0.2544884306547635,-0.00854614825704895,-0.8382842205939496,-0.4928624838601624
-0.1401098514754074,0.4870285058378622,-0.21303769768270914,-0.713985191299721,0.4350476606087318,-0.18935256184712382,-0.713985191299721,1.034871877633807,-0.358145440323592,-0.8659042062818543,-0.2544884306547635,-0.06589759600423688,-0.8382842205939496,1.0253671286598967
-0.1401098514754074,0.4870285058378622,-0.21303769768270914,1.539980791738715,0.4350476606087318,-0.18935256184712382,1.539980791738715,-0.966303193286565,-0.358145440323592,-0.8659042062818543,-0.2544884306547635,-0.06589759600423688,-0.8382842205939496,2.206212382842165
-0.1401098514754074,0.4870285058378622,-0.21303769768270914,-0.30417319438364177,-0.8024484737087255,-0.18935256184712382,-0.30417319438364177,-0.966303193286565,-0.358145440323592,0.5558682612033757,-0.2544884306547635,-0.3989672909474203,-0.8382842205939496,0.35059841198431485
-0.1401098514754074,-2.053267905293714,-0.21303769768270914,-0.5090791928416813,-0.8024484737087255,-0.18935256184712382,-0.5090791928416813,1.034871877633807,-0.358145440323592,0.5558682612033757,-0.2544884306547635,-0.00854614825704895,0.4446794137736925,-0.6615546630290579
-0.1401098514754074,0.4870285058378622,-0.21303769768270914,-0.5090791928416813,-0.8024484737087255,-0.18935256184712382,-0.5090791928416813,-0.966303193286565,-0.358145440323592,-0.8659042062818543,-0.2544884306547635,-0.06589759600423688,-0.8382842205939496,0.603636680737658
-0.1401098514754074,-2.053267905293714,-0.21303769768270914,0.5154507994485168,0.4350476606087318,-0.18935256184712382,0.5154507994485168,1.034871877633807,-0.358145440323592,-0.1550179725392393,-0.2544884306547635,-0.06589759600423688,-0.8382842205939496,0.8566749494910012
-0.1401098514754074,-2.053267905293714,-0.21303769768270914,-0.713985191299721,-0.8024484737087255,-0.18935256184712382,-0.713985191299721,1.034871877633807,-0.358145440323592,-0.8659042062818543,-0.2544884306547635,-0.05257480820650953,0.4446794137736925,-0.32417030469126695
-0.1401098514754074,0.4870285058378622,-0.21303769768270914,-0.30417319438364177,-0.8024484737087255,-0.18935256184712382,-0.30417319438364177,-0.966303193286565,-0.358145440323592,-0.8659042062818543,1.5129284694496405,-0.06589759600423688,-0.8382842205939496,-0.32417030469126695
-0.1401098514754074,0.4870285058378622,-0.21303769768270914,-0.713985191299721,0.4350476606087318,-0.18935256184712382,-0.713985191299721,1.034871877633807,2.792161751651698,0.5558682612033757,-0.2544884306547635,-0.06589759600423688,-0.8382842205939496,1.7001358453354785
-0.1401098514754074,0.4870285058378622,-0.21303769768270914,-0.5090791928416813,-0.8024484737087255,-0.18935256184712382,-0.5090791928416813,1.034871877633807,-0.358145440323592,0.5558682612033757,-0.2544884306547635,-0.06589759600423688,-0.8382842205939496,-0.4085163942757147
-0.1401098514754074,-2.053267905293714,-0.21303769768270914,-0.713985191299721,-0.8024484737087255,-0.18935256184712382,-0.713985191299721,-0.966303193286565,-0.358145440323592,2.6885269624312205,-0.2544884306547635,-0.10586595939741889,-0.8382842205939496,0.4349445015687626
-0.1401098514754074,0.4870285058378622,3.719786198478163,5.0233827655253895,-0.8024484737087255,27.3226211004875,5.0233827655253895,1.034871877633807,-0.358145440323592,-0.8659042062818543,1.5129284694496405,-0.06589759600423688,1.7276430481413345,-0.15547812552237153
-0.1401098514754074,0.4870285058378622,-0.21303769768270914,-0.0992671959256021,-0.8024484737087255,-0.18935256184712382,-0.0992671959256021,-0.966303193286565,-0.358145440323592,-0.8659042062818543,-0.2544884306547635,-0.06589759600423688,-0.8382842205939496,0.35059841198431485
-0.1401098514754074,0.4870285058378622,-0.21303769768270914,-0.30417319438364177,1.672543794926189,-0.18935256184712382,-0.30417319438364177,1.034871877633807,-0.358145440323592,-0.8659042062818543,-2.0219053307591675,-0.06589759600423688,1.7276430481413345,-0.9145929317824011
-0.1401098514754074,0.4870285058378622,-0.21303769768270914,0.7203567979065565,-0.8024484737087255,-0.18935256184712382,0.7203567979065565,1.034871877633807,-0.358145440323592,0.5558682612033757,1.5129284694496405,-1.7179232829224265,0.4446794137736925,-0.7459007526135056
3.913842240784374,0.4870285058378622,-0.21303769768270914,0.9252627963645961,-0.8024484737087255,2.103311910014095,0.9252627963645961,1.034871877633807,2.792161751651698,-0.8659042062818543,1.5129284694496405,-1.1850117710133332,1.7276430481413345,-0.7459007526135056
-0.1401098514754074,0.4870285058378622,-0.21303769768270914,-0.713985191299721,-0.8024484737087255,-0.18935256184712382,-0.713985191299721,1.034871877633807,-0.358145440323592,0.5558682612033757,-0.2544884306547635,-0.06589759600423688,-0.8382842205939496,0.5192905911532103
-0.1401098514754074,0.4870285058378622,-0.21303769768270914,0.3105448009904772,0.4350476606087318,-0.18935256184712382,0.3105448009904772,1.034871877633807,-0.358145440323592,-0.8659042062818543,-0.2544884306547635,-0.585486320115603,-0.8382842205939496,2.6279428307644035
-0.1401098514754074,0.4870285058378622,-0.21303769768270914,-0.713985191299721,0.4350476606087318,-0.18935256184712382,-0.713985191299721,1.034871877633807,-0.358145440323592,0.5558682612033757,-0.2544884306547635,-0.05257480820650953,-0.8382842205939496,2.3749045620110603
-0.1401098514754074,0.4870285058378622,-0.21303769768270914,-0.30417319438364177,-0.8024484737087255,-0.18935256184712382,-0.30417319438364177,-0.966303193286565,-0.358145440323592,-0.8659042062818543,-0.2544884306547635,-0.10586595939741889,-0.8382842205939496,0.09756014323097166
-0.1401098514754074,-2.053267905293714,-0.21303769768270914,-0.713985191299721,0.4350476606087318,-0.18935256184712382,-0.713985191299721,-0.966303193286565,-0.358145440323592,0.5558682612033757,-0.2544884306547635,-0.05257480820650953,-0.8382842205939496,2.5435967411799556
7.967794333044156,0.4870285058378622,1.7533742503977268,2.1546987871128342,0.4350476606087318,-0.18935256184712382,2.1546987871128342,1.034871877633807,-0.358145440323592,-0.8659042062818543,-0.2544884306547635,-0.06589759600423688,1.7276430481413345,1.0253671286598967
-0.1401098514754074,0.4870285058378622,-0.21303769768270914,-0.5090791928416813,0.4350476606087318,-0.18935256184712382,-0.5090791928416813,-0.966303193286565,-0.358145440323592,1.2667544949459906,-0.2544884306547635,-0.00854614825704895,-0.8382842205939496,1.531443666166583
-0.1401098514754074,-2.053267905293714,-0.21303769768270914,-0.5090791928416813,-0.8024484737087255,-0.18935256184712382,-0.5090791928416813,1.034871877633807,-0.358145440323592,0.5558682612033757,-0.2544884306547635,-0.06589759600423688,0.4446794137736925,-0.5772085734446102
1.8868661946544836,0.4870285058378622,-0.21303769768270914,-0.0992671959256021,1.672543794926189,4.395976381875314,-0.0992671959256021,-0.966303193286565,-0.358145440323592,0.5558682612033757,1.5129284694496405,-0.06589759600423688,-0.8382842205939496,-0.9145929317824011
-0.1401098514754074,0.4870285058378622,-0.21303769768270914,-0.713985191299721,-0.8024484737087255,-0.18935256184712382,-0.713985191299721,-0.966303193286565,-0.358145440323592,0.5558682612033757,-0.2544884306547635,-0.06589759600423688,-0.8382842205939496,0.18190623281541937
-0.1401098514754074,0.4870285058378622,-0.21303769768270914,-0.0992671959256021,-0.8024484737087255,-0.18935256184712382,-0.0992671959256021,-0.966303193286565,-0.358145440323592,0.5558682612033757,1.5129284694496405,-0.06589759600423688,-0.8382842205939496,0.35059841198431485
-0.1401098514754074,0.4870285058378622,-0.21303769768270914,-0.5090791928416813,-0.8024484737087255,-0.18935256184712382,-0.5090791928416813,-0.966303193286565,-0.358145440323592,-0.8659042062818543,-0.2544884306547635,-0.06589759600423688,-0.8382842205939496,-0.07113203593792379
-0.1401098514754074,0.4870285058378622,-0.21303769768270914,-0.713985191299721,-0.8024484737087255,-0.18935256184712382,-0.713985191299721,-0.966303193286565,-0.358145440323592,0.5558682612033757,-0.2544884306547635,-0.05257480820650953,-0.8382842205939496,-0.7459007526135056
-0.1401098514754074,0.4870285058378622,17.484669835041213,-0.30417319438364177,1.672543794926189,2.103311910014095,-0.30417319438364177,1.034871877633807,-0.358145440323592,2.6885269624312205,-2.0219053307591675,-0.06589759600423688,1.7276430481413345,-0.9145929317824011
1.8868661946544836,0.4870285058378622,-0.21303769768270914,-0.5090791928416813,1.672543794926189,-0.18935256184712382,-0.5090791928416813,1.034871877633807,2.792161751651698,-0.8659042062818543,-2.0219053307591675,-0.06589759600423688,1.7276430481413345,-1.1676312005357443
-0.1401098514754074,-2.053267905293714,-0.21303769768270914,-0.5090791928416813,-0.8024484737087255,-0.18935256184712382,-0.5090791928416813,-0.966303193286565,-0.358145440323592,-0.8659042062818543,-0.2544884306547635,-0.06589759600423688,-0.8382842205939496,-0.4085163942757147
-0.1401098514754074,0.4870285058378622,-0.21303769768270914,-0.5090791928416813,1.672543794926189,-0.18935256184712382,-0.5090791928416813,-0.966303193286565,-0.358145440323592,0.5558682612033757,-2.0219053307591675,-0.625454683508785,0.4446794137736925,-1.1676312005357443
-0.1401098514754074,-2.053267905293714,-0.21303769768270914,1.1301687948226358,-0.8024484737087255,-0.18935256184712382,1.1301687948226358,1.034871877633807,-0.358145440323592,1.2667544949459906,-0.2544884306547635,-0.06589759600423688,-0.8382842205939496,0.09756014323097166
-0.1401098514754074,0.4870285058378622,1.7533742503977268,0.9252627963645961,-0.8024484737087255,2.103311910014095,0.9252627963645961,1.034871877633807,-0.358145440323592,-0.8659042062818543,1.5129284694496405,-0.06589759600423688,1.7276430481413345,-0.7459007526135056
-0.1401098514754074,0.4870285058378622,-0.21303769768270914,-0.5090791928416813,-0.8024484737087255,-0.18935256184712382,-0.5090791928416813,1.034871877633807,2.792161751651698,-0.8659042062818543,1.5129284694496405,-0.06589759600423688,-0.8382842205939496,-0.8302468421979533
-0.1401098514754074,0.4870285058378622,-0.21303769768270914,-0.713985191299721,0.4350476606087318,-0.18935256184712382,-0.713985191299721,-0.966303193286565,-0.358145440323592,-0.8659042062818543,-0.2544884306547635,-0.05257480820650953,-0.8382842205939496,0.9410210390754489
-0.1401098514754074,0.4870285058378622,-0.21303769768270914,-0.713985191299721,0.4350476606087318,-0.18935256184712382,-0.713985191299721,-0.966303193286565,-0.358145440323592,0.5558682612033757,-0.2544884306547635,-0.05257480820650953,-0.8382842205939496,2.037520203673269
-0.1401098514754074,-2.053267905293714,-0.21303769768270914,-0.713985191299721,1.672543794926189,-0.18935256184712382,-0.713985191299721,-0.966303193286565,-0.358145440323592,0.5558682612033757,1.5129284694496405,-0.06589759600423688,1.7276430481413345,-0.9145929317824011
1.8868661946544836,0.4870285058378622,-0.21303769768270914,4.203758771693231,-0.8024484737087255,2.103311910014095,4.203758771693231,1.034871877633807,2.792161751651698,-0.8659042062818543,-0.2544884306547635,-0.06589759600423688,1.7276430481413345,0.5192905911532103
-0.1401098514754074,0.4870285058378622,1.7533742503977268,-0.713985191299721,1.672543794926189,-0.18935256184712382,-0.713985191299721,-0.966303193286565,-0.358145440323592,-0.8659042062818543,1.5129284694496405,-0.06589759600423688,-0.8382842205939496,-1.251977290120192
-0.1401098514754074,-2.053267905293714,-0.21303769768270914,-0.713985191299721,1.672543794926189,-0.18935256184712382,-0.713985191299721,-0.966303193286565,-0.358145440323592,-0.8659042062818543,1.5129284694496405,-0.06589759600423688,-0.8382842205939496,-1.251977290120192
-0.1401098514754074,0.4870285058378622,-0.21303769768270914,-0.713985191299721,-0.8024484737087255,-0.18935256184712382,-0.713985191299721,-0.966303193286565,-0.358145440323592,2.6885269624312205,-0.2544884306547635,-0.06589759600423688,-0.8382842205939496,-0.4085163942757147
-0.1401098514754074,0.4870285058378622,-0.21303769768270914,-0.713985191299721,1.672543794926189,-0.18935256184712382,-0.713985191299721,1.034871877633807,-0.358145440323592,0.5558682612033757,1.5129284694496405,-0.05257480820650953,-0.8382842205939496,-1.0832851109512964
-0.1401098514754074,0.4870285058378622,-0.21303769768270914,-0.713985191299721,-0.8024484737087255,-0.18935256184712382,-0.713985191299721,-0.966303193286565,-0.358145440323592,2.6885269624312205,-0.2544884306547635,-0.06589759600423688,-0.8382842205939496,-0.8302468421979533
-0.1401098514754074,-2.053267905293714,-0.21303769768270914,0.10563880253243754,-0.8024484737087255,-0.18935256184712382,0.10563880253243754,1.034871877633807,-0.358145440323592,1.9776407286886057,-0.2544884306547635,-2.077638553461065,0.4446794137736925,-0.07113203593792379
-0.1401098514754074,0.4870285058378622,-0.21303769768270914,-0.30417319438364177,1.672543794926189,-0.18935256184712382,-0.30417319438364177,1.034871877633807,-0.358145440323592,-0.8659042062818543,1.5129284694496405,-0.06589759600423688,1.7276430481413345,-1.251977290120192
-0.1401098514754074,0.4870285058378622,-0.21303769768270914,-0.713985191299721,0.4350476606087318,-0.18935256184712382,-0.713985191299721,-0.966303193286565,-0.358145440323592,-0.8659042062818543,-0.2544884306547635,-0.06589759600423688,-0.8382842205939496,1.7844819349199261
-0.1401098514754074,0.4870285058378622,-0.21303769768270914,5.0233827655253895,-0.8024484737087255,-0.18935256184712382,5.0233827655253895,1.034871877633807,-0.358145440323592,-0.8659042062818543,-2.0219053307591675,-0.7853281370815131,1.7276430481413345,-0.8302468421979533
-0.1401098514754074,-2.053267905293714,-0.21303769768270914,0.10563880253243754,-0.8024484737087255,-0.18935256184712382,0.10563880253243754,1.034871877633807,-0.358145440323592,-0.8659042062818543,-0.2544884306547635,-1.3848535879792434,-0.8382842205939496,0.5192905911532103
-0.1401098514754074,-2.053267905293714,-0.21303769768270914,-0.30417319438364177,-0.8024484737087255,-0.18935256184712382,-0.30417319438364177,-0.966303193286565,-0.358145440323592,-0.8659042062818543,-0.2544884306547635,-0.625454683508785,-0.8382842205939496,-0.23982421510681926
-0.1401098514754074,0.4870285058378622,-0.21303769768270914,-0.713985191299721,1.672543794926189,-0.18935256184712382,-0.713985191299721,1.034871877633807,-0.358145440323592,0.5558682612033757,1.5129284694496405,-0.06589759600423688,0.4446794137736925,-1.0832851109512964
-0.1401098514754074,0.4870285058378622,-0.21303769768270914,-0.30417319438364177,-0.8024484737087255,-0.18935256184712382,-0.30417319438364177,-0.966303193286565,-0.358145440323592,0.5558682612033757,-0.2544884306547635,-0.8519420760701497,-0.8382842205939496,-0.7459007526135056
-0.1401098514754074,-2.053267905293714,-0.21303769768270914,-0.713985191299721,-0.8024484737087255,-0.18935256184712382,-0.713985191299721,-0.966303193286565,-0.358145440323592,-0.8659042062818543,-0.2544884306547635,-0.06589759600423688,-0.8382842205939496,-0.15547812552237153
-0.1401098514754074,-2.053267905293714,-0.21303769768270914,-0.5090791928416813,-0.8024484737087255,-0.18935256184712382,-0.5090791928416813,-0.966303193286565,-0.358145440323592,1.2667544949459906,-0.2544884306547635,-0.11918874719514622,-0.8382842205939496,-0.07113203593792379
-0.1401098514754074,0.4870285058378622,-0.21303769768270914,-0.713985191299721,-0.8024484737087255,-0.18935256184712382,-0.713985191299721,-0.966303193286565,-0.358145440323592,-0.8659042062818543,-0.2544884306547635,-0.06589759600423688,-0.8382842205939496,0.18190623281541937
-0.1401098514754074,-2.053267905293714,-0.21303769768270914,-0.713985191299721,-0.8024484737087255,-0.18935256184712382,-0.713985191299721,-0.966303193286565,-0.358145440323592,0.5558682612033757,-0.2544884306547635,-0.06589759600423688,-0.8382842205939496,0.18190623281541937
-0.1401098514754074,0.4870285058378622,-0.21303769768270914,0.5154507994485168,-0.8024484737087255,-0.18935256184712382,0.5154507994485168,1.034871877633807,-0.358145440323592,-0.8659042062818543,-0.2544884306547635,-0.06589759600423688,-0.8382842205939496,-0.6615546630290579
-0.1401098514754074,0.4870285058378622,-0.21303769768270914,-0.713985191299721,-0.8024484737087255,-0.18935256184712382,-0.713985191299721,-0.966303193286565,-0.358145440323592,-0.8659042062818543,-0.2544884306547635,-0.06589759600423688,-0.8382842205939496,-0.5772085734446102
-0.1401098514754074,0.4870285058378622,-0.21303769768270914,-0.5090791928416813,-0.8024484737087255,-0.18935256184712382,-0.5090791928416813,-0.966303193286565,-0.358145440323592,1.2667544949459906,-0.2544884306547635,-0.17247989838605557,-0.8382842205939496,-0.5772085734446102
-0.1401098514754074,0.4870285058378622,-0.21303769768270914,0.3105448009904772,-0.8024484737087255,-0.18935256184712382,0.3105448009904772,1.034871877633807,-0.358145440323592,0.5558682612033757,-0.2544884306547635,-0.06589759600423688,-0.8382842205939496,0.5192905911532103
-0.1401098514754074,0.4870285058378622,-0.21303769768270914,0.3105448009904772,-0.8024484737087255,-0.18935256184712382,0.3105448009904772,-0.966303193286565,-0.358145440323592,0.5558682612033757,-0.2544884306547635,-0.06589759600423688,-0.8382842205939496,0.5192905911532103
-0.1401098514754074,0.4870285058378622,-0.21303769768270914,-0.713985191299721,-0.8024484737087255,-0.18935256184712382,-0.713985191299721,-0.966303193286565,-0.358145440323592,-0.8659042062818543,-0.2544884306547635,-0.05257480820650953,-0.8382842205939496,-0.6615546630290579
-0.1401098514754074,0.4870285058378622,-0.21303769768270914,0.5154507994485168,-0.8024484737087255,-0.18935256184712382,0.5154507994485168,1.034871877633807,-0.358145440323592,-0.8659042062818543,-0.2544884306547635,-0.06589759600423688,0.4446794137736925,-0.4085163942757147
-0.1401098514754074,-2.053267905293714,-0.21303769768270914,1.9497927886547946,-0.8024484737087255,-0.18935256184712382,1.9497927886547946,1.034871877633807,-0.358145440323592,-0.8659042062818543,-0.2544884306547635,-0.06589759600423688,1.7276430481413345,0.09756014323097166
-0.1401098514754074,0.4870285058378622,-0.21303769768270914,1.9497927886547946,-0.8024484737087255,2.103311910014095,1.9497927886547946,1.034871877633807,-0.358145440323592,-0.8659042062818543,-2.0219053307591675,-0.06589759600423688,1.7276430481413345,0.18190623281541937
-0.1401098514754074,0.4870285058378622,-0.21303769768270914,-0.30417319438364177,0.4350476606087318,-0.18935256184712382,-0.30417319438364177,-0.966303193286565,-0.358145440323592,1.2667544949459906,-0.2544884306547635,-0.06589759600423688,-0.8382842205939496,1.4470975765821352
-0.1401098514754074,0.4870285058378622,-0.21303769768270914,-0.5090791928416813,1.672543794926189,-0.18935256184712382,-0.5090791928416813,-0.966303193286565,-0.358145440323592,-0.8659042062818543,1.5129284694496405,-2.2241892192360653,-0.8382842205939496,-0.9145929317824011
-0.1401098514754074,0.4870285058378622,1.7533742503977268,-0.5090791928416813,1.672543794926189,-0.18935256184712382,-0.5090791928416813,1.034871877633807,-0.358145440323592,-0.8659042062818543,-0.2544884306547635,-0.06589759600423688,-0.8382842205939496,-0.9145929317824011
-0.1401098514754074,0.4870285058378622,-0.21303769768270914,0.10563880253243754,1.672543794926189,-0.18935256184712382,0.10563880253243754,1.034871877633807,-0.358145440323592,0.5558682612033757,-2.0219053307591675,-0.5321951689246937,0.4446794137736925,-1.0832851109512964
-0.1401098514754074,0.4870285058378622,-0.21303769768270914,-0.5090791928416813,-0.8024484737087255,-0.18935256184712382,-0.5090791928416813,-0.966303193286565,-0.358145440323592,0.5558682612033757,-0.2544884306547635,-0.10586595939741889,-0.8382842205939496,-0.15547812552237153
-0.1401098514754074,0.4870285058378622,-0.21303769768270914,0.10563880253243754,-0.8024484737087255,-0.18935256184712382,0.10563880253243754,1.034871877633807,2.792161751651698,-0.8659042062818543,1.5129284694496405,2.1190396028230465,0.4446794137736925,-0.4085163942757147
-0.1401098514754074,0.4870285058378622,-0.21303769768270914,-0.5090791928416813,-0.8024484737087255,-0.18935256184712382,-0.5090791928416813,1.034871877633807,-0.358145440323592,1.2667544949459906,-0.2544884306547635,0.440368340309402,-0.8382842205939496,-0.8302468421979533
-0.1401098514754074,0.4870285058378622,-0.21303769768270914,2.1546987871128342,0.4350476606087318,-0.18935256184712382,2.1546987871128342,1.034871877633807,-0.358145440323592,0.5558682612033757,-0.2544884306547635,-0.06589759600423688,-0.8382842205939496,0.9410210390754489
-0.1401098514754074,0.4870285058378622,-0.21303769768270914,-0.5090791928416813,0.4350476606087318,-0.18935256184712382,-0.5090791928416813,-0.966303193286565,-0.358145440323592,0.5558682612033757,-0.2544884306547635,-0.19912547398151023,-0.8382842205939496,0.8566749494910012
-0.1401098514754074,0.4870285058378622,-0.21303769768270914,-0.713985191299721,-0.8024484737087255,-0.18935256184712382,-0.713985191299721,-0.966303193286565,-0.358145440323592,0.5558682612033757,-0.2544884306547635,-0.06589759600423688,-0.8382842205939496,-0.32417030469126695
-0.1401098514754074,0.4870285058378622,-0.21303769768270914,5.228288763983429,0.4350476606087318,-0.18935256184712382,5.228288763983429,1.034871877633807,-0.358145440323592,-0.8659042062818543,1.5129284694496405,-0.7187141980928764,1.7276430481413345,2.206212382842165
-0.1401098514754074,0.4870285058378622,-0.21303769768270914,-0.713985191299721,1.672543794926189,-0.18935256184712382,-0.713985191299721,-0.966303193286565,-0.358145440323592,0.5558682612033757,-0.2544884306547635,-0.05257480820650953,-0.8382842205939496,-0.9989390213668488
-0.1401098514754074,0.4870285058378622,-0.21303769768270914,-0.5090791928416813,1.672543794926189,-0.18935256184712382,-0.5090791928416813,1.034871877633807,2.792161751651698,-0.8659042062818543,-2.0219053307591675,3.0249891730685055,1.7276430481413345,-0.9989390213668488
-0.1401098514754074,0.4870285058378622,-0.21303769768270914,-0.5090791928416813,-0.8024484737087255,-0.18935256184712382,-0.5090791928416813,1.034871877633807,-0.358145440323592,2.6885269624312205,-0.2544884306547635,-0.06589759600423688,-0.8382842205939496,0.09756014323097166
-0.1401098514754074,0.4870285058378622,-0.21303769768270914,-0.0992671959256021,0.4350476606087318,-0.18935256184712382,-0.0992671959256021,1.034871877633807,-0.358145440323592,-0.8659042062818543,-0.2544884306547635,-0.06589759600423688,-0.8382842205939496,1.4470975765821352
-0.1401098514754074,0.4870285058378622,-0.21303769768270914,-0.713985191299721,1.672543794926189,-0.18935256184712382,-0.713985191299721,-0.966303193286565,-0.358145440323592,0.5558682612033757,1.5129284694496405,-0.05257480820650953,0.4446794137736925,-1.1676312005357443
-0.1401098514754074,0.4870285058378622,-0.21303769768270914,0.9252627963645961,-0.8024484737087255,-0.18935256184712382,0.9252627963645961,1.034871877633807,-0.358145440323592,1.2667544949459906,1.5129284694496405,0.33378603792758327,1.7276430481413345,-0.32417030469126695
-0.1401098514754074,0.4870285058378622,-0.21303769768270914,-0.713985191299721,0.4350476606087318,-0.18935256184712382,-0.713985191299721,-0.966303193286565,-0.358145440323592,1.2667544949459906,-0.2544884306547635,-0.05257480820650953,-0.8382842205939496,4.061826353700015
-0.1401098514754074,0.4870285058378622,-0.21303769768270914,-0.713985191299721,-0.8024484737087255,-0.18935256184712382,-0.713985191299721,-0.966303193286565,-0.358145440323592,-0.8659042062818543,-0.2544884306547635,-0.05257480820650953,-0.8382842205939496,0.09756014323097166
-0.1401098514754074,0.4870285058378622,-0.21303769768270914,0.3105448009904772,-0.8024484737087255,-0.18935256184712382,0.3105448009904772,1.034871877633807,-0.358145440323592,-0.8659042062818543,-0.2544884306547635,-0.06589759600423688,0.4446794137736925,-0.32417030469126695
-0.1401098514754074,0.4870285058378622,-0.21303769768270914,-0.0992671959256021,0.4350476606087318,-0.18935256184712382,-0.0992671959256021,1.034871877633807,-0.358145440323592,-0.8659042062818543,-2.0219053307591675,-0.05257480820650953,0.4446794137736925,1.0253671286598967
-0.1401098514754074,0.4870285058378622,-0.21303769768270914,-0.5090791928416813,-0.8024484737087255,-0.18935256184712382,-0.5090791928416813,-0.966303193286565,-0.358145440323592,1.2667544949459906,-0.2544884306547635,-0.06589759600423688,-0.8382842205939496,-0.07113203593792379
-0.1401098514754074,0.4870285058378622,-0.21303769768270914,-0.5090791928416813,-0.8024484737087255,-0.18935256184712382,-0.5090791928416813,-0.966303193286565,-0.358145440323592,-0.8659042062818543,-0.2544884306547635,-0.06589759600423688,-0.8382842205939496,-0.6615546630290579
-0.1401098514754074,0.4870285058378622,-0.21303769768270914,-0.5090791928416813,0.4350476606087318,-0.18935256184712382,-0.5090791928416813,-0.966303193286565,-0.358145440323592,0.5558682612033757,-0.2544884306547635,-0.46558122993605694,-0.8382842205939496,1.1097132182443443
-0.1401098514754074,0.4870285058378622,-0.21303769768270914,-0.713985191299721,-0.8024484737087255,-0.18935256184712382,-0.713985191299721,-0.966303193286565,-0.358145440323592,0.5558682612033757,-0.2544884306547635,-0.06589759600423688,-0.8382842205939496,0.35059841198431485
-0.1401098514754074,0.4870285058378622,-0.21303769768270914,-0.713985191299721,-0.8024484737087255,-0.18935256184712382,-0.713985191299721,1.034871877633807,-0.358145440323592,0.5558682612033757,-0.2544884306547635,-0.09254317159969154,0.4446794137736925,-0.7459007526135056
-0.1401098514754074,0.4870285058378622,-0.21303769768270914,-0.5090791928416813,0.4350476606087318,-0.18935256184712382,-0.5090791928416813,-0.966303193286565,-0.358145440323592,1.2667544949459906,-0.2544884306547635,-0.05257480820650953,-0.8382842205939496,1.1097132182443443
-0.1401098514754074,-2.053267905293714,-0.21303769768270914,-0.713985191299721,-0.8024484737087255,-0.18935256184712382,-0.713985191299721,-0.966303193286565,-0.358145440323592,-0.8659042062818543,1.5129284694496405,-0.06589759600423688,1.7276430481413345,-0.32417030469126695
-0.1401098514754074,0.4870285058378622,5.686198146558598,1.3350747932806755,-0.8024484737087255,-0.18935256184712382,1.3350747932806755,1.034871877633807,2.792161751651698,0.5558682612033757,1.5129284694496405,-0.05257480820650953,1.7276430481413345,-0.7459007526135056
-0.1401098514754074,0.4870285058378622,-0.21303769768270914,-0.713985191299721,1.672543794926189,-0.18935256184712382,-0.713985191299721,1.034871877633807,-0.358145440323592,-0.8659042062818543,1.5129284694496405,-0.05257480820650953,0.4446794137736925,-0.9989390213668488
3.913842240784374,0.4870285058378622,-0.21303769768270914,0.10563880253243754,1.672543794926189,4.395976381875314,0.10563880253243754,1.034871877633807,-0.358145440323592,-0.8659042062818543,-2.0219053307591675,-0.06589759600423688,1.7276430481413345,-1.251977290120192
-0.1401098514754074,0.4870285058378622,-0.21303769768270914,-0.5090791928416813,-0.8024484737087255,-0.18935256184712382,-0.5090791928416813,1.034871877633807,-0.358145440323592,-0.8659042062818543,-0.2544884306547635,-0.06589759600423688,-0.8382842205939496,-0.6615546630290579
-0.1401098514754074,0.4870285058378622,-0.21303769768270914,-0.30417319438364177,1.672543794926189,-0.18935256184712382,-0.30417319438364177,1.034871877633807,-0.358145440323592,-0.8659042062818543,1.5129284694496405,-0.06589759600423688,-0.8382842205939496,-1.0832851109512964
-0.1401098514754074,0.4870285058378622,-0.21303769768270914,-0.5090791928416813,-0.8024484737087255,-0.18935256184712382,-0.5090791928416813,-0.966303193286565,-0.358145440323592,-0.8659042062818543,-0.2544884306547635,-0.06589759600423688,-0.8382842205939496,0.2662523223998671
-0.1401098514754074,0.4870285058378622,1.7533742503977268,-0.713985191299721,1.672543794926189,-0.18935256184712382,-0.713985191299721,1.034871877633807,2.792161751651698,-0.8659042062818543,-2.0219053307591675,-0.05257480820650953,1.7276430481413345,-1.251977290120192
-0.1401098514754074,0.4870285058378622,-0.21303769768270914,0.10563880253243754,-0.8024484737087255,-0.18935256184712382,0.10563880253243754,1.034871877633807,-0.358145440323592,0.5558682612033757,-0.2544884306547635,-0.06589759600423688,0.4446794137736925,-0.32417030469126695
-0.1401098514754074,0.4870285058378622,1.7533742503977268,-0.713985191299721,1.672543794926189,-0.18935256184712382,-0.713985191299721,1.034871877633807,2.792161751651698,-0.1550179725392393,1.5129284694496405,-0.06589759600423688,0.4446794137736925,-1.1676312005357443
-0.1401098514754074,-2.053267905293714,-0.21303769768270914,2.564510784028913,-0.8024484737087255,-0.18935256184712382,2.564510784028913,-0.966303193286565,-0.358145440323592,-0.8659042062818543,-0.2544884306547635,-0.06589759600423688,0.4446794137736925,0.603636680737658
-0.1401098514754074,0.4870285058378622,-0.21303769768270914,0.7203567979065565,-0.8024484737087255,-0.18935256184712382,0.7203567979065565,-0.966303193286565,-0.358145440323592,-0.8659042062818543,-0.2544884306547635,-0.06589759600423688,0.4446794137736925,-0.5772085734446102
-0.1401098514754074,0.4870285058378622,-0.21303769768270914,0.5154507994485168,-0.8024484737087255,-0.18935256184712382,0.5154507994485168,1.034871877633807,2.792161751651698,0.5558682612033757,-0.2544884306547635,-0.06589759600423688,0.4446794137736925,0.7723288599065534
-0.1401098514754074,0.4870285058378622,-0.21303769768270914,-0.713985191299721,1.672543794926189,-0.18935256184712382,-0.713985191299721,-0.966303193286565,-0.358145440323592,-0.8659042062818543,-0.2544884306547635,-0.05257480820650953,-0.8382842205939496,-0.9145929317824011
-0.1401098514754074,-2.053267905293714,3.719786198478163,2.1546987871128342,-0.8024484737087255,-0.18935256184712382,2.1546987871128342,-0.966303193286565,-0.358145440323592,0.5558682612033757,1.5129284694496405,-0.05257480820650953,1.7276430481413345,-0.32417030469126695
-0.1401098514754074,-2.053267905293714,-0.21303769768270914,-0.713985191299721,-0.8024484737087255,-0.18935256184712382,-0.713985191299721,1.034871877633807,-0.358145440323592,0.5558682612033757,-0.2544884306547635,-0.05257480820650953,-0.8382842205939496,-0.6615546630290579
-0.1401098514754074,-2.053267905293714,-0.21303769768270914,-0.5090791928416813,0.4350476606087318,-0.18935256184712382,-0.5090791928416813,-0.966303193286565,-0.358145440323592,0.5558682612033757,-0.2544884306547635,-0.19912547398151023,-0.8382842205939496,0.8566749494910012
-0.1401098514754074,0.4870285058378622,-0.21303769768270914,-0.30417319438364177,-0.8024484737087255,-0.18935256184712382,-0.30417319438364177,-0.966303193286565,-0.358145440323592,-0.8659042062818543,-0.2544884306547635,-0.06589759600423688,-0.8382842205939496,-0.4085163942757147
-0.1401098514754074,0.4870285058378622,-0.21303769768270914,-0.713985191299721,-0.8024484737087255,-0.18935256184712382,-0.713985191299721,-0.966303193286565,-0.358145440323592,-0.8659042062818543,-0.2544884306547635,-0.06589759600423688,-0.8382842205939496,0.2662523223998671
-0.1401098514754074,0.4870285058378622,-0.21303769768270914,-0.5090791928416813,-0.8024484737087255,-0.18935256184712382,-0.5090791928416813,-0.966303193286565,-0.358145440323592,2.6885269624312205,-0.2544884306547635,-0.2257710495769649,-0.8382842205939496,0.603636680737658
-0.1401098514754074,0.4870285058378622,7.6526100946390345,1.1301687948226358,-0.8024484737087255,8.981305325597752,1.1301687948226358,1.034871877633807,-0.358145440323592,-0.8659042062818543,-0.2544884306547635,-0.06589759600423688,0.4446794137736925,-0.6615546630290579
-0.1401098514754074,-2.053267905293714,-0.21303769768270914,-0.713985191299721,-0.8024484737087255,-0.18935256184712382,-0.713985191299721,-0.966303193286565,-0.358145440323592,0.5558682612033757,-0.2544884306547635,-0.05257480820650953,-0.8382842205939496,-0.4928624838601624
-0.1401098514754074,0.4870285058378622,-0.21303769768270914,-0.30417319438364177,-0.8024484737087255,-0.18935256184712382,-0.30417319438364177,-0.966303193286565,-0.358145440323592,-0.8659042062818543,-0.2544884306547635,-0.00854614825704895,-0.8382842205939496,0.18190623281541937
-0.1401098514754074,0.4870285058378622,-0.21303769768270914,-0.713985191299721,1.672543794926189,-0.18935256184712382,-0.713985191299721,-0.966303193286565,-0.358145440323592,-0.8659042062818543,1.5129284694496405,-0.05257480820650953,-0.8382842205939496,-1.251977290120192
-0.1401098514754074,0.4870285058378622,1.7533742503977268,1.539980791738715,-0.8024484737087255,-0.18935256184712382,1.539980791738715,1.034871877633807,2.792161751651698,-0.8659042062818543,-0.2544884306547635,-0.06589759600423688,0.4446794137736925,0.7723288599065534
-0.1401098514754074,0.4870285058378622,-0.21303769768270914,-0.5090791928416813,0.4350476606087318,-0.18935256184712382,-0.5090791928416813,-0.966303193286565,-0.358145440323592,0.5558682612033757,-0.2544884306547635,9.45989567937081,-0.8382842205939496,1.4470975765821352
-0.1401098514754074,0.4870285058378622,-0.21303769768270914,2.1546987871128342,0.4350476606087318,-0.18935256184712382,2.1546987871128342,1.034871877633807,-0.358145440323592,-0.8659042062818543,-0.2544884306547635,-0.06589759600423688,-0.8382842205939496,2.206212382842165
-0.1401098514754074,0.4870285058378622,-0.21303769768270914,-0.5090791928416813,1.672543794926189,-0.18935256184712382,-0.5090791928416813,-0.966303193286565,-0.358145440323592,0.5558682612033757,1.5129284694496405,-0.585486320115603,0.4446794137736925,-0.9989390213668488
-0.1401098514754074,0.4870285058378622,-0.21303769768270914,-0.713985191299721,-0.8024484737087255,-0.18935256184712382,-0.713985191299721,-0.966303193286565,-0.358145440323592,-0.8659042062818543,-0.2544884306547635,-0.05257480820650953,-0.8382842205939496,-0.6615546630290579
-0.1401098514754074,0.4870285058378622,-0.21303769768270914,0.10563880253243754,0.4350476606087318,-0.18935256184712382,0.10563880253243754,-0.966303193286565,-0.358145440323592,0.5558682612033757,-0.2544884306547635,-0.00854614825704895,-0.8382842205939496,4.061826353700015
-0.1401098514754074,0.4870285058378622,-0.21303769768270914,-0.5090791928416813,1.672543794926189,-0.18935256184712382,-0.5090791928416813,-0.966303193286565,-0.358145440323592,-0.8659042062818543,1.5129284694496405,-0.9318788028565138,-0.8382842205939496,-1.0832851109512964
-0.1401098514754074,0.4870285058378622,-0.21303769768270914,-0.713985191299721,0.4350476606087318,-0.18935256184712382,-0.713985191299721,-0.966303193286565,-0.358145440323592,0.5558682612033757,-0.2544884306547635,-0.05257480820650953,-0.8382842205939496,2.206212382842165
-0.1401098514754074,0.4870285058378622,-0.21303769768270914,-0.713985191299721,1.672543794926189,-0.18935256184712382,-0.713985191299721,-0.966303193286565,-0.358145440323592,-0.8659042062818543,1.5129284694496405,-0.05257480820650953,0.4446794137736925,-0.9989390213668488
-0.1401098514754074,0.4870285058378622,-0.21303769768270914,1.1301687948226358,-0.8024484737087255,-0.18935256184712382,1.1301687948226358,1.034871877633807,-0.358145440323592,-0.8659042062818543,-0.2544884306547635,-0.06589759600423688,-0.8382842205939496,-0.5772085734446102
-0.1401098514754074,0.4870285058378622,-0.21303769768270914,-0.5090791928416813,-0.8024484737087255,-0.18935256184712382,-0.5090791928416813,-0.966303193286565,-0.358145440323592,-0.8659042062818543,-0.2544884306547635,-0.06589759600423688,1.7276430481413345,0.35059841198431485
-0.1401098514754074,0.4870285058378622,-0.21303769768270914,0.10563880253243754,-0.8024484737087255,-0.18935256184712382,0.10563880253243754,-0.966303193286565,-0.358145440323592,-0.8659042062818543,-0.2544884306547635,-0.3989672909474203,-0.8382842205939496,-0.4928624838601624
-0.1401098514754074,-2.053267905293714,-0.21303769768270914,0.10563880253243754,-0.8024484737087255,-0.18935256184712382,0.10563880253243754,1.034871877633807,-0.358145440323592,-0.8659042062818543,-0.2544884306547635,-0.06589759600423688,0.4446794137736925,-0.5772085734446102
-0.1401098514754074,0.4870285058378622,-0.21303769768270914,-0.0992671959256021,1.672543794926189,-0.18935256184712382,-0.0992671959256021,1.034871877633807,-0.358145440323592,-0.8659042062818543,1.5129284694496405,-0.09254317159969154,0.4446794137736925,-0.9145929317824011
-0.1401098514754074,0.4870285058378622,-0.21303769768270914,1.7448867901967549,0.4350476606087318,-0.18935256184712382,1.7448867901967549,1.034871877633807,-0.358145440323592,0.5558682612033757,-0.2544884306547635,-0.06589759600423688,-0.8382842205939496,1.194059307828792
-0.1401098514754074,0.4870285058378622,-0.21303769768270914,-0.713985191299721,0.4350476606087318,-0.18935256184712382,-0.713985191299721,-0.966303193286565,-0.358145440323592,0.5558682612033757,-0.2544884306547635,-0.06589759600423688,0.4446794137736925,0.9410210390754489
5.940818286914266,0.4870285058378622,-0.21303769768270914,0.5154507994485168,-0.8024484737087255,-0.18935256184712382,0.5154507994485168,1.034871877633807,2.792161751651698,-0.8659042062818543,1.5129284694496405,-0.06589759600423688,1.7276430481413345,-0.32417030469126695
-0.1401098514754074,0.4870285058378622,5.686198146558598,-0.30417319438364177,1.672543794926189,2.103311910014095,-0.30417319438364177,-0.966303193286565,-0.358145440323592,-0.8659042062818543,1.5129284694496405,-0.06589759600423688,0.4446794137736925,-1.0832851109512964
-0.1401098514754074,0.4870285058378622,-0.21303769768270914,-0.713985191299721,-0.8024484737087255,-0.18935256184712382,-0.713985191299721,-0.966303193286565,-0.358145440323592,-0.8659042062818543,-0.2544884306547635,-0.06589759600423688,-0.8382842205939496,-0.32417030469126695
1.8868661946544836,0.4870285058378622,-0.21303769768270914,-0.5090791928416813,1.672543794926189,-0.18935256184712382,-0.5090791928416813,-0.966303193286565,-0.358145440323592,-0.8659042062818543,1.5129284694496405,-0.07922038380196421,0.4446794137736925,-1.1676312005357443
-0.1401098514754074,0.4870285058378622,-0.21303769768270914,-0.30417319438364177,0.4350476606087318,-0.18935256184712382,-0.30417319438364177,-0.966303193286565,-0.358145440323592,-0.8659042062818543,1.5129284694496405,-0.27906220076787425,0.4446794137736925,0.9410210390754489
-0.1401098514754074,0.4870285058378622,-0.21303769768270914,0.9252627963645961,-0.8024484737087255,-0.18935256184712382,0.9252627963645961,1.034871877633807,-0.358145440323592,0.5558682612033757,-0.2544884306547635,0.36043161352303793,0.4446794137736925,-0.23982421510681926
-0.1401098514754074,0.4870285058378622,-0.21303769768270914,-0.713985191299721,-0.8024484737087255,-0.18935256184712382,-0.713985191299721,-0.966303193286565,-0.358145440323592,0.5558682612033757,-0.2544884306547635,-0.05257480820650953,-0.8382842205939496,0.5192905911532103
-0.1401098514754074,0.4870285058378622,1.7533742503977268,-0.30417319438364177,0.4350476606087318,-0.18935256184712382,-0.30417319438364177,1.034871877633807,-0.358145440323592,0.5558682612033757,-0.2544884306547635,-0.06589759600423688,-0.8382842205939496,0.9410210390754489
-0.1401098514754074,0.4870285058378622,-0.21303769768270914,-0.5090791928416813,1.672543794926189,-0.18935256184712382,-0.5090791928416813,-0.966303193286565,-0.358145440323592,2.6885269624312205,-2.0219053307591675,-0.00854614825704895,1.7276430481413345,-1.0832851109512964
-0.1401098514754074,-2.053267905293714,-0.21303769768270914,-0.713985191299721,0.4350476606087318,-0.18935256184712382,-0.713985191299721,-0.966303193286565,-0.358145440323592,2.6885269624312205,-0.2544884306547635,-0.06589759600423688,-0.8382842205939496,2.459250651595508
-0.1401098514754074,-2.053267905293714,-0.21303769768270914,-0.713985191299721,-0.8024484737087255,-0.18935256184712382,-0.713985191299721,-0.966303193286565,-0.358145440323592,0.5558682612033757,-0.2544884306547635,-0.06589759600423688,-0.8382842205939496,0.35059841198431485
-0.1401098514754074,0.4870285058378622,-0.21303769768270914,-0.713985191299721,-0.8024484737087255,-0.18935256184712382,-0.713985191299721,-0.966303193286565,-0.358145440323592,1.2667544949459906,-0.2544884306547635,-0.06589759600423688,-0.8382842205939496,-0.7459007526135056
-0.1401098514754074,0.4870285058378622,-0.21303769768270914,-0.5090791928416813,1.672543794926189,-0.18935256184712382,-0.5090791928416813,1.034871877633807,-0.358145440323592,0.5558682612033757,-2.0219053307591675,-0.5588407445201483,1.7276430481413345,-0.9145929317824011
-0.1401098514754074,0.4870285058378622,-0.21303769768270914,-0.5090791928416813,-0.8024484737087255,-0.18935256184712382,-0.5090791928416813,1.034871877633807,2.792161751651698,2.6885269624312205,-0.2544884306547635,-0.06589759600423688,-0.8382842205939496,0.35059841198431485
-0.1401098514754074,-2.053267905293714,-0.21303769768270914,-0.713985191299721,0.4350476606087318,-0.18935256184712382,-0.713985191299721,-0.966303193286565,-0.358145440323592,-0.8659042062818543,-0.2544884306547635,-0.06589759600423688,-0.8382842205939496,1.2784053974132399
-0.1401098514754074,-2.053267905293714,-0.21303769768270914,-0.713985191299721,-0.8024484737087255,-0.18935256184712382,-0.713985191299721,1.034871877633807,-0.358145440323592,-0.8659042062818543,-0.2544884306547635,-0.06589759600423688,-0.8382842205939496,0.013214053646523933
-0.1401098514754074,0.4870285058378622,-0.21303769768270914,-0.0992671959256021,-0.8024484737087255,-0.18935256184712382,-0.0992671959256021,1.034871877633807,-0.358145440323592,0.5558682612033757,1.5129284694496405,-0.3057077763633289,1.7276430481413345,-0.15547812552237153
-0.1401098514754074,-2.053267905293714,-0.21303769768270914,-0.713985191299721,-0.8024484737087255,-0.18935256184712382,-0.713985191299721,-0.966303193286565,-0.358145440323592,-0.8659042062818543,-0.2544884306547635,-0.05257480820650953,-0.8382842205939496,-0.4085163942757147
-0.1401098514754074,0.4870285058378622,-0.21303769768270914,-0.0992671959256021,-0.8024484737087255,-0.18935256184712382,-0.0992671959256021,1.034871877633807,-0.358145440323592,-0.8659042062818543,-0.2544884306547635,-0.06589759600423688,0.4446794137736925,-0.15547812552237153
-0.1401098514754074,0.4870285058378622,-0.21303769768270914,0.5154507994485168,-0.8024484737087255,-0.18935256184712382,0.5154507994485168,1.034871877633807,-0.358145440323592,-0.8659042062818543,-0.2544884306547635,-0.06589759600423688,1.7276430481413345,-0.32417030469126695
-0.1401098514754074,-2.053267905293714,-0.21303769768270914,-0.5090791928416813,1.672543794926189,-0.18935256184712382,-0.5090791928416813,1.034871877633807,-0.358145440323592,-0.8659042062818543,1.5129284694496405,-0.05257480820650953,-0.8382842205939496,-0.9145929317824011
-0.1401098514754074,-2.053267905293714,-0.21303769768270914,-0.0992671959256021,-0.8024484737087255,-0.18935256184712382,-0.0992671959256021,-0.966303193286565,-0.358145440323592,0.5558682612033757,-0.2544884306547635,-0.06589759600423688,0.4446794137736925,-0.07113203593792379
-0.1401098514754074,0.4870285058378622,-0.21303769768270914,1.1301687948226358,-0.8024484737087255,-0.18935256184712382,1.1301687948226358,-0.966303193286565,-0.358145440323592,-0.8659042062818543,-0.2544884306547635,-0.06589759600423688,0.4446794137736925,0.013214053646523933
-0.1401098514754074,0.4870285058378622,-0.21303769768270914,-0.5090791928416813,-0.8024484737087255,-0.18935256184712382,-0.5090791928416813,-0.966303193286565,-0.358145440323592,0.5558682612033757,-0.2544884306547635,-0.05257480820650953,0.4446794137736925,-0.5772085734446102
-0.1401098514754074,0.4870285058378622,-0.21303769768270914,0.10563880253243754,-0.8024484737087255,-0.18935256184712382,0.10563880253243754,-0.966303193286565,-0.358145440323592,0.5558682612033757,-0.2544884306547635,-0.06589759600423688,-0.8382842205939496,0.7723288599065534
-0.1401098514754074,0.4870285058378622,-0.21303769768270914,1.9497927886547946,-0.8024484737087255,-0.18935256184712382,1.9497927886547946,1.034871877633807,-0.358145440323592,-0.8659042062818543,1.5129284694496405,3.7977108653366907,1.7276430481413345,-0.23982421510681926
-0.1401098514754074,0.4870285058378622,-0.21303769768270914,-0.5090791928416813,-0.8024484737087255,-0.18935256184712382,-0.5090791928416813,-0.966303193286565,-0.358145440323592,-0.8659042062818543,-0.2544884306547635,-0.06589759600423688,-0.8382842205939496,-0.4085163942757147
-0.1401098514754074,0.4870285058378622,-0.21303769768270914,-0.5090791928416813,-0.8024484737087255,-0.18935256184712382,-0.5090791928416813,1.034871877633807,2.792161751651698,-0.8659042062818543,-0.2544884306547635,-0.06589759600423688,0.4446794137736925,-0.4085163942757147
-0.1401098514754074,-2.053267905293714,-0.21303769768270914,-0.713985191299721,-0.8024484737087255,-0.18935256184712382,-0.713985191299721,-0.966303193286565,-0.358145440323592,-0.8659042062818543,-0.2544884306547635,-0.05257480820650953,-0.8382842205939496,0.7723288599065534
-0.1401098514754074,0.4870285058378622,-0.21303769768270914,0.7203567979065565,-0.8024484737087255,-0.18935256184712382,0.7203567979065565,-0.966303193286565,-0.358145440323592,-0.8659042062818543,-0.2544884306547635,-0.06589759600423688,0.4446794137736925,0.603636680737658
-0.1401098514754074,0.4870285058378622,-0.21303769768270914,-0.713985191299721,-0.8024484737087255,-0.18935256184712382,-0.713985191299721,-0.966303193286565,-0.358145440323592,-0.8659042062818543,-0.2544884306547635,-0.06589759600423688,-0.8382842205939496,-0.6615546630290579
-0.1401098514754074,0.4870285058378622,-0.21303769768270914,0.5154507994485168,-0.8024484737087255,-0.18935256184712382,0.5154507994485168,-0.966303193286565,-0.358145440323592,-0.8659042062818543,-0.2544884306547635,-0.06589759600423688,-0.8382842205939496,-0.5772085734446102
-0.1401098514754074,0.4870285058378622,-0.21303769768270914,-0.713985191299721,1.672543794926189,-0.18935256184712382,-0.713985191299721,-0.966303193286565,-0.358145440323592,-0.8659042062818543,1.5129284694496405,-0.06589759600423688,0.4446794137736925,-1.251977290120192
-0.1401098514754074,0.4870285058378622,-0.21303769768270914,-0.713985191299721,1.672543794926189,-0.18935256184712382,-0.713985191299721,-0.966303193286565,-0.358145440323592,0.5558682612033757,-0.2544884306547635,-0.05257480820650953,-0.8382842205939496,-0.9145929317824011
-0.1401098514754074,0.4870285058378622,-0.21303769768270914,-0.0992671959256021,0.4350476606087318,-0.18935256184712382,-0.0992671959256021,-0.966303193286565,-0.358145440323592,-0.8659042062818543,-0.2544884306547635,-0.05257480820650953,-0.8382842205939496,1.194059307828792
-0.1401098514754074,0.4870285058378622,-0.21303769768270914,0.10563880253243754,-0.8024484737087255,-0.18935256184712382,0.10563880253243754,-0.966303193286565,-0.358145440323592,0.5558682612033757,-0.2544884306547635,-0.06589759600423688,-0.8382842205939496,-0.5772085734446102
-0.1401098514754074,0.4870285058378622,-0.21303769768270914,-0.713985191299721,-0.8024484737087255,-0.18935256184712382,-0.713985191299721,1.034871877633807,-0.358145440323592,-0.8659042062818543,-0.2544884306547635,-0.06589759600423688,-0.8382842205939496,0.6879827703221058
-0.1401098514754074,0.4870285058378622,1.7533742503977268,1.3350747932806755,-0.8024484737087255,-0.18935256184712382,1.3350747932806755,1.034871877633807,-0.358145440323592,-0.8659042062818543,1.5129284694496405,-0.06589759600423688,0.4446794137736925,-0.4928624838601624
-0.1401098514754074,-2.053267905293714,-0.21303769768270914,-0.713985191299721,-0.8024484737087255,-0.18935256184712382,-0.713985191299721,-0.966303193286565,-0.358145440323592,0.5558682612033757,-0.2544884306547635,-0.06589759600423688,0.4446794137736925,-0.5772085734446102
-0.1401098514754074,0.4870285058378622,-0.21303769768270914,-0.713985191299721,-0.8024484737087255,-0.18935256184712382,-0.713985191299721,-0.966303193286565,-0.358145440323592,-0.8659042062818543,-0.2544884306547635,-0.06589759600423688,0.4446794137736925,0.013214053646523933
-0.1401098514754074,0.4870285058378622,-0.21303769768270914,-0.30417319438364177,1.672543794926189,-0.18935256184712382,-0.30417319438364177,1.034871877633807,-0.358145440323592,-0.8659042062818543,-2.0219053307591675,-0.17247989838605557,1.7276430481413345,-0.9989390213668488
-0.1401098514754074,0.4870285058378622,-0.21303769768270914,-0.713985191299721,0.4350476606087318,-0.18935256184712382,-0.713985191299721,1.034871877633807,-0.358145440323592,0.5558682612033757,-0.2544884306547635,-0.05257480820650953,-0.8382842205939496,1.7844819349199261
-0.1401098514754074,-2.053267905293714,-0.21303769768270914,-0.713985191299721,-0.8024484737087255,-0.18935256184712382,-0.713985191299721,-0.966303193286565,-0.358145440323592,0.5558682612033757,-0.2544884306547635,-0.05257480820650953,-0.8382842205939496,0.2662523223998671
-0.1401098514754074,0.4870285058378622,-0.21303769768270914,-0.713985191299721,1.672543794926189,-0.18935256184712382,-0.713985191299721,-0.966303193286565,-0.358145440323592,-0.8659042062818543,-2.0219053307591675,-0.06589759600423688,0.4446794137736925,-0.9989390213668488
-0.1401098514754074,0.4870285058378622,-0.21303769768270914,3.1792287794030325,-0.8024484737087255,2.103311910014095,3.1792287794030325,1.034871877633807,2.792161751651698,1.2667544949459906,-0.2544884306547635,-0.06589759600423688,0.4446794137736925,-0.32417030469126695
-0.1401098514754074,0.4870285058378622,-0.21303769768270914,1.1301687948226358,0.4350476606087318,-0.18935256184712382,1.1301687948226358,1.034871877633807,-0.358145440323592,-0.8659042062818543,-0.2544884306547635,-0.05257480820650953,-0.8382842205939496,1.7001358453354785
-0.1401098514754074,0.4870285058378622,-0.21303769768270914,0.3105448009904772,-0.8024484737087255,-0.18935256184712382,0.3105448009904772,-0.966303193286565,-0.358145440323592,-0.8659042062818543,1.5129284694496405,-0.2257710495769649,0.4446794137736925,-0.07113203593792379
-0.1401098514754074,0.4870285058378622,-0.21303769768270914,-0.30417319438364177,-0.8024484737087255,-0.18935256184712382,-0.30417319438364177,1.034871877633807,-0.358145440323592,2.6885269624312205,-0.2544884306547635,-0.06589759600423688,-0.8382842205939496,0.09756014323097166
-0.1401098514754074,0.4870285058378622,-0.21303769768270914,-0.0992671959256021,-0.8024484737087255,-0.18935256184712382,-0.0992671959256021,1.034871877633807,-0.358145440323592,0.5558682612033757,-0.2544884306547635,-0.06589759600423688,-0.8382842205939496,0.35059841198431485
-0.1401098514754074,0.4870285058378622,-0.21303769768270914,-0.713985191299721,-0.8024484737087255,-0.18935256184712382,-0.713985191299721,1.034871877633807,2.792161751651698,1.2667544949459906,-0.2544884306547635,-0.00854614825704895,-0.8382842205939496,0.35059841198431485
-0.1401098514754074,0.4870285058378622,-0.21303769768270914,-0.713985191299721,0.4350476606087318,-0.18935256184712382,-0.713985191299721,-0.966303193286565,-0.358145440323592,1.2667544949459906,-0.2544884306547635,-0.06589759600423688,-0.8382842205939496,2.206212382842165
-0.1401098514754074,-2.053267905293714,-0.21303769768270914,0.5154507994485168,-0.8024484737087255,-0.18935256184712382,0.5154507994485168,-0.966303193286565,-0.358145440323592,-0.8659042062818543,-0.2544884306547635,-0.06589759600423688,0.4446794137736925,0.7723288599065534
1.8868661946544836,0.4870285058378622,-0.21303769768270914,0.9252627963645961,0.4350476606087318,-0.18935256184712382,0.9252627963645961,1.034871877633807,-0.358145440323592,-0.8659042062818543,1.5129284694496405,3.424672807000325,-0.8382842205939496,0.9410210390754489
-0.1401098514754074,0.4870285058378622,-0.21303769768270914,-0.713985191299721,-0.8024484737087255,-0.18935256184712382,-0.713985191299721,-0.966303193286565,-0.358145440323592,-0.8659042062818543,-0.2544884306547635,-0.06589759600423688,-0.8382842205939496,0.013214053646523933
-0.1401098514754074,0.4870285058378622,-0.21303769768270914,-0.0992671959256021,-0.8024484737087255,2.103311910014095,-0.0992671959256021,-0.966303193286565,-0.358145440323592,-0.8659042062818543,1.5129284694496405,-0.06589759600423688,0.4446794137736925,-0.8302468421979533
-0.1401098514754074,-2.053267905293714,-0.21303769768270914,-0.713985191299721,-0.8024484737087255,-0.18935256184712382,-0.713985191299721,-0.966303193286565,-0.358145440323592,0.5558682612033757,-0.2544884306547635,-0.05257480820650953,0.4446794137736925,-0.8302468421979533
-0.1401098514754074,0.4870285058378622,-0.21303769768270914,-0.713985191299721,1.672543794926189,-0.18935256184712382,-0.713985191299721,-0.966303193286565,-0.358145440323592,-0.8659042062818543,1.5129284694496405,-0.06589759600423688,-0.8382842205939496,-1.1676312005357443
-0.1401098514754074,0.4870285058378622,-0.21303769768270914,-0.713985191299721,1.672543794926189,-0.18935256184712382,-0.713985191299721,-0.966303193286565,-0.358145440323592,-0.8659042062818543,1.5129284694496405,-0.06589759600423688,-0.8382842205939496,-1.0832851109512964
-0.1401098514754074,0.4870285058378622,-0.21303769768270914,-0.30417319438364177,-0.8024484737087255,-0.18935256184712382,-0.30417319438364177,-0.966303193286565,-0.358145440323592,0.5558682612033757,1.5129284694496405,-0.06589759600423688,0.4446794137736925,-0.7459007526135056
-0.1401098514754074,0.4870285058378622,-0.21303769768270914,-0.0992671959256021,-0.8024484737087255,-0.18935256184712382,-0.0992671959256021,1.034871877633807,-0.358145440323592,-0.8659042062818543,-0.2544884306547635,-0.06589759600423688,-0.8382842205939496,-0.5772085734446102
-0.1401098514754074,0.4870285058378622,-0.21303769768270914,2.1546987871128342,-0.8024484737087255,-0.18935256184712382,2.1546987871128342,1.034871877633807,-0.358145440323592,-0.8659042062818543,-0.2544884306547635,-0.05257480820650953,0.4446794137736925,0.5192905911532103
-0.1401098514754074,0.4870285058378622,-0.21303769768270914,-0.713985191299721,1.672543794926189,-0.18935256184712382,-0.713985191299721,-0.966303193286565,-0.358145440323592,-0.8659042062818543,-2.0219053307591675,-0.06589759600423688,1.7276430481413345,-1.1676312005357443
-0.1401098514754074,0.4870285058378622,-0.21303769768270914,-0.713985191299721,-0.8024484737087255,-0.18935256184712382,-0.713985191299721,1.034871877633807,-0.358145440323592,0.5558682612033757,-0.2544884306547635,-0.06589759600423688,-0.8382842205939496,-0.4085163942757147
-0.1401098514754074,0.4870285058378622,-0.21303769768270914,-0.713985191299721,-0.8024484737087255,-0.18935256184712382,-0.713985191299721,-0.966303193286565,-0.358145440323592,-0.8659042062818543,-0.2544884306547635,-0.05257480820650953,-0.8382842205939496,-0.23982421510681926
-0.1401098514754074,0.4870285058378622,3.719786198478163,1.1301687948226358,-0.8024484737087255,-0.18935256184712382,1.1301687948226358,1.034871877633807,2.792161751651698,-0.8659042062818543,1.5129284694496405,-0.42561286654287495,0.4446794137736925,-0.15547812552237153
-0.1401098514754074,0.4870285058378622,-0.21303769768270914,1.7448867901967549,0.4350476606087318,-0.18935256184712382,1.7448867901967549,-0.966303193286565,-0.358145440323592,0.5558682612033757,-0.2544884306547635,-0.05257480820650953,0.4446794137736925,1.8688280245043738
-0.1401098514754074,0.4870285058378622,-0.21303769768270914,-0.5090791928416813,-0.8024484737087255,-0.18935256184712382,-0.5090791928416813,-0.966303193286565,-0.358145440323592,0.5558682612033757,-0.2544884306547635,-0.06589759600423688,0.4446794137736925,-0.07113203593792379
-0.1401098514754074,0.4870285058378622,-0.21303769768270914,-0.5090791928416813,-0.8024484737087255,-0.18935256184712382,-0.5090791928416813,-0.966303193286565,-0.358145440323592,0.5558682612033757,-0.2544884306547635,-0.31903056416105624,-0.8382842205939496,-0.4085163942757147
-0.1401098514754074,0.4870285058378622,-0.21303769768270914,-0.5090791928416813,0.4350476606087318,-0.18935256184712382,-0.5090791928416813,1.034871877633807,-0.358145440323592,-0.8659042062818543,1.5129284694496405,-0.06589759600423688,0.4446794137736925,1.8688280245043738
-0.1401098514754074,0.4870285058378622,-0.21303769768270914,0.7203567979065565,0.4350476606087318,-0.18935256184712382,0.7203567979065565,1.034871877633807,-0.358145440323592,2.6885269624312205,-0.2544884306547635,-0.06589759600423688,-0.8382842205939496,1.194059307828792
-0.1401098514754074,-2.053267905293714,-0.21303769768270914,0.10563880253243754,-0.8024484737087255,-0.18935256184712382,0.10563880253243754,1.034871877633807,2.792161751651698,1.2667544949459906,1.5129284694496405,-0.5188723811269663,0.4446794137736925,-0.4085163942757147
-0.1401098514754074,0.4870285058378622,-0.21303769768270914,-0.0992671959256021,-0.8024484737087255,-0.18935256184712382,-0.0992671959256021,-0.966303193286565,-0.358145440323592,0.5558682612033757,1.5129284694496405,-0.545517956722421,0.4446794137736925,-0.32417030469126695
-0.1401098514754074,-2.053267905293714,-0.21303769768270914,-0.5090791928416813,-0.8024484737087255,-0.18935256184712382,-0.5090791928416813,1.034871877633807,-0.358145440323592,-0.8659042062818543,-0.2544884306547635,-0.05257480820650953,-0.8382842205939496,-0.4928624838601624
-0.1401098514754074,0.4870285058378622,-0.21303769768270914,-0.30417319438364177,1.672543794926189,-0.18935256184712382,-0.30417319438364177,1.034871877633807,-0.358145440323592,-0.8659042062818543,1.5129284694496405,-0.06589759600423688,0.4446794137736925,-0.9145929317824011
-0.1401098514754074,0.4870285058378622,-0.21303769768270914,-0.5090791928416813,-0.8024484737087255,-0.18935256184712382,-0.5090791928416813,-0.966303193286565,-0.358145440323592,0.5558682612033757,-0.2544884306547635,-0.06589759600423688,-0.8382842205939496,-0.4928624838601624
-0.1401098514754074,0.4870285058378622,-0.21303769768270914,-0.713985191299721,1.672543794926189,-0.18935256184712382,-0.713985191299721,-0.966303193286565,-0.358145440323592,-0.8659042062818543,-0.2544884306547635,-0.06589759600423688,-0.8382842205939496,-0.9989390213668488
-0.1401098514754074,0.4870285058378622,-0.21303769768270914,-0.5090791928416813,-0.8024484737087255,-0.18935256184712382,-0.5090791928416813,1.034871877633807,-0.358145440323592,1.2667544949459906,-0.2544884306547635,-0.05257480820650953,0.4446794137736925,-0.8302468421979533
-0.1401098514754074,0.4870285058378622,-0.21303769768270914,0.3105448009904772,0.4350476606087318,-0.18935256184712382,0.3105448009904772,-0.966303193286565,-0.358145440323592,-0.8659042062818543,-0.2544884306547635,-0.06589759600423688,-0.8382842205939496,1.3627514869976876
-0.1401098514754074,0.4870285058378622,1.7533742503977268,2.3596047855708737,-0.8024484737087255,6.688640853736533,2.3596047855708737,1.034871877633807,2.792161751651698,-0.8659042062818543,1.5129284694496405,-0.06589759600423688,1.7276430481413345,-0.8302468421979533
-0.1401098514754074,-2.053267905293714,-0.21303769768270914,0.10563880253243754,-0.8024484737087255,-0.18935256184712382,0.10563880253243754,-0.966303193286565,-0.358145440323592,0.5558682612033757,-0.2544884306547635,-0.4522584421383296,-0.8382842205939496,0.013214053646523933
3.913842240784374,0.4870285058378622,-0.21303769768270914,0.9252627963645961,-0.8024484737087255,6.688640853736533,0.9252627963645961,-0.966303193286565,-0.358145440323592,-0.8659042062818543,-2.0219053307591675,-3.116816001683797,1.7276430481413345,-0.8302468421979533
-0.1401098514754074,0.4870285058378622,-0.21303769768270914,-0.713985191299721,0.4350476606087318,-0.18935256184712382,-0.713985191299721,1.034871877633807,2.792161751651698,1.2667544949459906,-0.2544884306547635,-0.00854614825704895,-0.8382842205939496,2.712288920348851
-0.1401098514754074,0.4870285058378622,-0.21303769768270914,0.7203567979065565,-0.8024484737087255,-0.18935256184712382,0.7203567979065565,1.034871877633807,-0.358145440323592,-0.8659042062818543,-0.2544884306547635,-0.06589759600423688,0.4446794137736925,-0.15547812552237153
-0.1401098514754074,0.4870285058378622,-0.21303769768270914,-0.5090791928416813,1.672543794926189,-0.18935256184712382,-0.5090791928416813,-0.966303193286565,-0.358145440323592,-0.8659042062818543,1.5129284694496405,-0.06589759600423688,0.4446794137736925,-1.0832851109512964
-0.1401098514754074,0.4870285058378622,-0.21303769768270914,-0.713985191299721,0.4350476606087318,-0.18935256184712382,-0.713985191299721,-0.966303193286565,-0.358145440323592,0.5558682612033757,-0.2544884306547635,-0.06589759600423688,-0.8382842205939496,1.0253671286598967
-0.1401098514754074,-2.053267905293714,-0.21303769768270914,-0.713985191299721,-0.8024484737087255,-0.18935256184712382,-0.713985191299721,-0.966303193286565,-0.358145440323592,-0.8659042062818543,-0.2544884306547635,-0.05257480820650953,0.4446794137736925,0.09756014323097166
-0.1401098514754074,0.4870285058378622,-0.21303769768270914,-0.5090791928416813,1.672543794926189,-0.18935256184712382,-0.5090791928416813,1.034871877633807,-0.358145440323592,2.6885269624312205,-2.0219053307591675,-0.06589759600423688,1.7276430481413345,-1.251977290120192
-0.1401098514754074,0.4870285058378622,-0.21303769768270914,1.1301687948226358,0.4350476606087318,-0.18935256184712382,1.1301687948226358,-0.966303193286565,-0.358145440323592,-0.8659042062818543,1.5129284694496405,-0.00854614825704895,0.4446794137736925,1.8688280245043738
-0.1401098514754074,-2.053267905293714,-0.21303769768270914,0.5154507994485168,-0.8024484737087255,-0.18935256184712382,0.5154507994485168,1.034871877633807,-0.358145440323592,-0.8659042062818543,1.5129284694496405,-0.06589759600423688,-0.8382842205939496,-0.23982421510681926
-0.1401098514754074,0.4870285058378622,1.7533742503977268,-0.0992671959256021,-0.8024484737087255,-0.18935256184712382,-0.0992671959256021,1.034871877633807,-0.358145440323592,0.5558682612033757,-0.2544884306547635,-0.06589759600423688,-0.8382842205939496,-0.32417030469126695
-0.1401098514754074,0.4870285058378622,7.6526100946390345,1.1301687948226358,-0.8024484737087255,-0.18935256184712382,1.1301687948226358,-0.966303193286565,-0.358145440323592,-0.8659042062818543,1.5129284694496405,-0.06589759600423688,1.7276430481413345,-0.23982421510681926
-0.1401098514754074,0.4870285058378622,1.7533742503977268,4.40866477015127,-0.8024484737087255,-0.18935256184712382,4.40866477015127,1.034871877633807,-0.358145440323592,1.9776407286886057,1.5129284694496405,-2.3440943094156115,1.7276430481413345,0.2662523223998671
-0.1401098514754074,0.4870285058378622,-0.21303769768270914,-0.713985191299721,-0.8024484737087255,-0.18935256184712382,-0.713985191299721,-0.966303193286565,-0.358145440323592,0.5558682612033757,-0.2544884306547635,-0.06589759600423688,-0.8382842205939496,-0.23982421510681926
-0.1401098514754074,0.4870285058378622,-0.21303769768270914,-0.5090791928416813,-0.8024484737087255,-0.18935256184712382,-0.5090791928416813,-0.966303193286565,-0.358145440323592,-0.8659042062818543,-0.2544884306547635,-0.06589759600423688,-0.8382842205939496,-0.7459007526135056
-0.1401098514754074,0.4870285058378622,-0.21303769768270914,-0.5090791928416813,0.4350476606087318,-0.18935256184712382,-0.5090791928416813,1.034871877633807,-0.358145440323592,0.5558682612033757,-0.2544884306547635,-0.06589759600423688,-0.8382842205939496,0.8566749494910012
-0.1401098514754074,0.4870285058378622,-0.21303769768270914,2.3596047855708737,-0.8024484737087255,4.395976381875314,2.3596047855708737,1.034871877633807,-0.358145440323592,-0.8659042062818543,1.5129284694496405,-0.06589759600423688,1.7276430481413345,-0.32417030469126695
-0.1401098514754074,0.4870285058378622,-0.21303769768270914,-0.5090791928416813,-0.8024484737087255,-0.18935256184712382,-0.5090791928416813,-0.966303193286565,-0.358145440323592,1.2667544949459906,-0.2544884306547635,-0.6387774713065123,-0.8382842205939496,0.6879827703221058
-0.1401098514754074,0.4870285058378622,-0.21303769768270914,-0.713985191299721,1.672543794926189,-0.18935256184712382,-0.713985191299721,1.034871877633807,2.792161751651698,-0.8659042062818543,1.5129284694496405,-0.06589759600423688,0.4446794137736925,-1.1676312005357443
-0.1401098514754074,0.4870285058378622,-0.21303769768270914,-0.5090791928416813,0.4350476606087318,-0.18935256184712382,-0.5090791928416813,1.034871877633807,-0.358145440323592,0.5558682612033757,-0.2544884306547635,-0.545517956722421,-0.8382842205939496,0.9410210390754489
-0.1401098514754074,-2.053267905293714,-0.21303769768270914,-0.713985191299721,1.672543794926189,-0.18935256184712382,-0.713985191299721,-0.966303193286565,-0.358145440323592,-0.8659042062818543,-0.2544884306547635,-0.05257480820650953,0.4446794137736925,-0.9989390213668488
-0.1401098514754074,0.4870285058378622,-0.21303769768270914,1.3350747932806755,-0.8024484737087255,-0.18935256184712382,1.3350747932806755,1.034871877633807,-0.358145440323592,-0.8659042062818543,-0.2544884306547635,0.18723537215258254,0.4446794137736925,-0.4085163942757147
-0.1401098514754074,-2.053267905293714,-0.21303769768270914,-0.30417319438364177,-0.8024484737087255,-0.18935256184712382,-0.30417319438364177,-0.966303193286565,-0.358145440323592,-0.8659042062818543,-2.0219053307591675,0.80008361084804,1.7276430481413345,-0.4928624838601624
-0.1401098514754074,0.4870285058378622,-0.21303769768270914,-0.5090791928416813,-0.8024484737087255,-0.18935256184712382,-0.5090791928416813,1.034871877633807,-0.358145440323592,0.5558682612033757,-0.2544884306547635,-0.3456761397565109,-0.8382842205939496,0.7723288599065534
-0.1401098514754074,0.4870285058378622,-0.21303769768270914,-0.713985191299721,-0.8024484737087255,-0.18935256184712382,-0.713985191299721,1.034871877633807,-0.358145440323592,0.5558682612033757,-2.0219053307591675,-0.05257480820650953,1.7276430481413345,-0.6615546630290579
-0.1401098514754074,0.4870285058378622,1.7533742503977268,1.3350747932806755,-0.8024484737087255,4.395976381875314,1.3350747932806755,1.034871877633807,-0.358145440323592,0.5558682612033757,-0.2544884306547635,-0.06589759600423688,0.4446794137736925,-0.23982421510681926
-0.1401098514754074,0.4870285058378622,-0.21303769768270914,-0.5090791928416813,-0.8024484737087255,-0.18935256184712382,-0.5090791928416813,-0.966303193286565,-0.358145440323592,-0.8659042062818543,-0.2544884306547635,-0.17247989838605557,0.4446794137736925,0.35059841198431485
-0.1401098514754074,0.4870285058378622,-0.21303769768270914,-0.5090791928416813,1.672543794926189,-0.18935256184712382,-0.5090791928416813,1.034871877633807,-0.358145440323592,-0.8659042062818543,1.5129284694496405,-0.06589759600423688,-0.8382842205939496,-1.0832851109512964
-0.1401098514754074,0.4870285058378622,-0.21303769768270914,0.10563880253243754,0.4350476606087318,-0.18935256184712382,0.10563880253243754,1.034871877633807,2.792161751651698,-0.8659042062818543,-0.2544884306547635,-0.06589759600423688,1.7276430481413345,1.0253671286598967
-0.1401098514754074,0.4870285058378622,-0.21303769768270914,-0.713985191299721,-0.8024484737087255,-0.18935256184712382,-0.713985191299721,-0.966303193286565,-0.358145440323592,-0.8659042062818543,-0.2544884306547635,-0.06589759600423688,-0.8382842205939496,0.603636680737658
-0.1401098514754074,0.4870285058378622,-0.21303769768270914,-0.30417319438364177,1.672543794926189,-0.18935256184712382,-0.30417319438364177,1.034871877633807,-0.358145440323592,-0.8659042062818543,-2.0219053307591675,-0.06589759600423688,1.7276430481413345,-1.1676312005357443
-0.1401098514754074,-2.053267905293714,-0.21303769768270914,0.10563880253243754,-0.8024484737087255,-0.18935256184712382,0.10563880253243754,-0.966303193286565,-0.358145440323592,-0.8659042062818543,-0.2544884306547635,-0.06589759600423688,0.4446794137736925,-0.4085163942757147
-0.1401098514754074,0.4870285058378622,-0.21303769768270914,-0.30417319438364177,0.4350476606087318,-0.18935256184712382,-0.30417319438364177,1.034871877633807,2.792161751651698,0.5558682612033757,1.5129284694496405,-0.06589759600423688,1.7276430481413345,1.1097132182443443
-0.1401098514754074,0.4870285058378622,1.7533742503977268,-0.30417319438364177,-0.8024484737087255,-0.18935256184712382,-0.30417319438364177,1.034871877633807,-0.358145440323592,-0.8659042062818543,-0.2544884306547635,-0.625454683508785,-0.8382842205939496,-0.32417030469126695
-0.1401098514754074,0.4870285058378622,-0.21303769768270914,-0.713985191299721,1.672543794926189,-0.18935256184712382,-0.713985191299721,-0.966303193286565,-0.358145440323592,0.5558682612033757,1.5129284694496405,-0.05257480820650953,-0.8382842205939496,-1.1676312005357443
-0.1401098514754074,0.4870285058378622,-0.21303769768270914,-0.5090791928416813,-0.8024484737087255,-0.18935256184712382,-0.5090791928416813,1.034871877633807,-0.358145440323592,-0.8659042062818543,-0.2544884306547635,-0.06589759600423688,-0.8382842205939496,-0.32417030469126695
-0.1401098514754074,0.4870285058378622,-0.21303769768270914,0.5154507994485168,0.4350476606087318,-0.18935256184712382,0.5154507994485168,-0.966303193286565,-0.358145440323592,0.5558682612033757,-0.2544884306547635,-0.3589989275542383,-0.8382842205939496,1.8688280245043738
-0.1401098514754074,0.4870285058378622,-0.21303769768270914,-0.713985191299721,1.672543794926189,-0.18935256184712382,-0.713985191299721,-0.966303193286565,-0.358145440323592,-0.8659042062818543,1.5129284694496405,-0.06589759600423688,-0.8382842205939496,-0.9989390213668488
-0.1401098514754074,-2.053267905293714,-0.21303769768270914,0.10563880253243754,-0.8024484737087255,-0.18935256184712382,0.10563880253243754,1.034871877633807,2.792161751651698,2.6885269624312205,-0.2544884306547635,-0.06589759600423688,0.4446794137736925,-0.7459007526135056
-0.1401098514754074,0.4870285058378622,-0.21303769768270914,-0.713985191299721,0.4350476606087318,-0.18935256184712382,-0.713985191299721,-0.966303193286565,-0.358145440323592,0.5558682612033757,-0.2544884306547635,-0.06589759600423688,-0.8382842205939496,1.531443666166583
-0.1401098514754074,0.4870285058378622,-0.21303769768270914,-0.713985191299721,-0.8024484737087255,-0.18935256184712382,-0.713985191299721,-0.966303193286565,-0.358145440323592,-0.8659042062818543,-0.2544884306547635,-0.06589759600423688,-0.8382842205939496,0.5192905911532103
-0.1401098514754074,0.4870285058378622,-0.21303769768270914,3.1792287794030325,0.4350476606087318,-0.18935256184712382,3.1792287794030325,-0.966303193286565,-0.358145440323592,-0.8659042062818543,-0.2544884306547635,-0.06589759600423688,0.4446794137736925,1.8688280245043738
-0.1401098514754074,-2.053267905293714,-0.21303769768270914,-0.0992671959256021,-0.8024484737087255,-0.18935256184712382,-0.0992671959256021,-0.966303193286565,-0.358145440323592,-0.8659042062818543,-0.2544884306547635,-0.00854614825704895,-0.8382842205939496,0.35059841198431485
-0.1401098514754074,0.4870285058378622,-0.21303769768270914,-0.713985191299721,0.4350476606087318,-0.18935256184712382,-0.713985191299721,1.034871877633807,-0.358145440323592,0.5558682612033757,-0.2544884306547635,-0.10586595939741889,-0.8382842205939496,2.8809810995177467
-0.1401098514754074,0.4870285058378622,-0.21303769768270914,-0.30417319438364177,-0.8024484737087255,-0.18935256184712382,-0.30417319438364177,-0.966303193286565,-0.358145440323592,0.5558682612033757,-0.2544884306547635,-0.07922038380196421,-0.8382842205939496,0.18190623281541937
-0.1401098514754074,0.4870285058378622,-0.21303769768270914,-0.713985191299721,-0.8024484737087255,-0.18935256184712382,-0.713985191299721,-0.966303193286565,-0.358145440323592,-0.8659042062818543,-0.2544884306547635,-0.05257480820650953,-0.8382842205939496,-0.4928624838601624
-0.1401098514754074,0.4870285058378622,-0.21303769768270914,-0.5090791928416813,-0.8024484737087255,-0.18935256184712382,-0.5090791928416813,1.034871877633807,-0.358145440323592,-0.8659042062818543,1.5129284694496405,-0.3723217153519656,-0.8382842205939496,-0.8302468421979533
-0.1401098514754074,-2.053267905293714,-0.21303769768270914,-0.713985191299721,0.4350476606087318,-0.18935256184712382,-0.713985191299721,-0.966303193286565,-0.358145440323592,0.5558682612033757,-0.2544884306547635,-0.06589759600423688,-0.8382842205939496,2.459250651595508
-0.1401098514754074,0.4870285058378622,-0.21303769768270914,-0.30417319438364177,0.4350476606087318,-0.18935256184712382,-0.30417319438364177,1.034871877633807,-0.358145440323592,0.5558682612033757,-0.2544884306547635,-0.06589759600423688,-0.8382842205939496,1.9531741140888217
-0.1401098514754074,0.4870285058378622,-0.21303769768270914,-0.30417319438364177,-0.8024484737087255,-0.18935256184712382,-0.30417319438364177,1.034871877633807,-0.358145440323592,-0.8659042062818543,-0.2544884306547635,-0.06589759600423688,0.4446794137736925,-0.5772085734446102
-0.1401098514754074,-2.053267905293714,-0.21303769768270914,-0.713985191299721,-0.8024484737087255,-0.18935256184712382,-0.713985191299721,-0.966303193286565,-0.358145440323592,0.5558682612033757,-0.2544884306547635,-0.05257480820650953,-0.8382842205939496,0.4349445015687626
-0.1401098514754074,0.4870285058378622,-0.21303769768270914,-0.713985191299721,1.672543794926189,-0.18935256184712382,-0.713985191299721,-0.966303193286565,-0.358145440323592,0.5558682612033757,1.5129284694496405,-0.05257480820650953,-0.8382842205939496,-1.251977290120192
-0.1401098514754074,0.4870285058378622,-0.21303769768270914,-0.30417319438364177,-0.8024484737087255,-0.18935256184712382,-0.30417319438364177,-0.966303193286565,-0.358145440323592,-0.8659042062818543,1.5129284694496405,-0.06589759600423688,0.4446794137736925,-0.4928624838601624
-0.1401098514754074,0.4870285058378622,-0.21303769768270914,-0.713985191299721,0.4350476606087318,-0.18935256184712382,-0.713985191299721,-0.966303193286565,-0.358145440323592,0.5558682612033757,-0.2544884306547635,-0.06589759600423688,-0.8382842205939496,2.712288920348851
-0.1401098514754074,0.4870285058378622,1.7533742503977268,-0.30417319438364177,-0.8024484737087255,-0.18935256184712382,-0.30417319438364177,-0.966303193286565,-0.358145440323592,0.5558682612033757,-0.2544884306547635,-0.06589759600423688,-0.8382842205939496,-0.5772085734446102
-0.1401098514754074,0.4870285058378622,-0.21303769768270914,0.7203567979065565,-0.8024484737087255,-0.18935256184712382,0.7203567979065565,1.034871877633807,-0.358145440323592,-0.8659042062818543,-0.2544884306547635,-0.05257480820650953,0.4446794137736925,-0.07113203593792379
-0.1401098514754074,0.4870285058378622,-0.21303769768270914,-0.713985191299721,1.672543794926189,-0.18935256184712382,-0.713985191299721,1.034871877633807,-0.358145440323592,-0.8659042062818543,1.5129284694496405,-0.05257480820650953,-0.8382842205939496,-0.9989390213668488
-0.1401098514754074,0.4870285058378622,-0.21303769768270914,-0.713985191299721,0.4350476606087318,-0.18935256184712382,-0.713985191299721,-0.966303193286565,-0.358145440323592,0.5558682612033757,-0.2544884306547635,-0.06589759600423688,-0.8382842205939496,3.8087880849466718
-0.1401098514754074,-2.053267905293714,-0.21303769768270914,-0.713985191299721,-0.8024484737087255,-0.18935256184712382,-0.713985191299721,-0.966303193286565,-0.358145440323592,-0.8659042062818543,-0.2544884306547635,-0.05257480820650953,-0.8382842205939496,0.18190623281541937
-0.1401098514754074,0.4870285058378622,3.719786198478163,-0.30417319438364177,1.672543794926189,-0.18935256184712382,-0.30417319438364177,1.034871877633807,2.792161751651698,-0.8659042062818543,1.5129284694496405,-0.06589759600423688,1.7276430481413345,-0.9145929317824011
-0.1401098514754074,0.4870285058378622,-0.21303769768270914,1.539980791738715,-0.8024484737087255,-0.18935256184712382,1.539980791738715,1.034871877633807,2.792161751651698,0.5558682612033757,-0.2544884306547635,-0.06589759600423688,0.4446794137736925,0.09756014323097166
-0.1401098514754074,0.4870285058378622,1.7533742503977268,-0.0992671959256021,-0.8024484737087255,-0.18935256184712382,-0.0992671959256021,-0.966303193286565,-0.358145440323592,0.5558682612033757,1.5129284694496405,-0.06589759600423688,0.4446794137736925,-0.8302468421979533
-0.1401098514754074,0.4870285058378622,-0.21303769768270914,-0.0992671959256021,-0.8024484737087255,-0.18935256184712382,-0.0992671959256021,1.034871877633807,-0.358145440323592,0.5558682612033757,-0.2544884306547635,-0.06589759600423688,0.4446794137736925,-0.7459007526135056
-0.1401098514754074,0.4870285058378622,-0.21303769768270914,-0.713985191299721,0.4350476606087318,-0.18935256184712382,-0.713985191299721,-0.966303193286565,-0.358145440323592,-0.8659042062818543,-0.2544884306547635,-0.06589759600423688,-0.8382842205939496,1.3627514869976876
-0.1401098514754074,0.4870285058378622,-0.21303769768270914,-0.713985191299721,1.672543794926189,-0.18935256184712382,-0.713985191299721,1.034871877633807,-0.358145440323592,1.2667544949459906,-0.2544884306547635,-0.06589759600423688,-0.8382842205939496,-0.9145929317824011
-0.1401098514754074,0.4870285058378622,-0.21303769768270914,-0.5090791928416813,-0.8024484737087255,-0.18935256184712382,-0.5090791928416813,1.034871877633807,-0.358145440323592,-0.8659042062818543,-0.2544884306547635,-0.06589759600423688,-0.8382842205939496,0.2662523223998671
-0.1401098514754074,0.4870285058378622,-0.21303769768270914,-0.713985191299721,-0.8024484737087255,-0.18935256184712382,-0.713985191299721,-0.966303193286565,-0.358145440323592,-0.8659042062818543,-0.2544884306547635,-0.05257480820650953,-0.8382842205939496,-0.8302468421979533
-0.1401098514754074,0.4870285058378622,-0.21303769768270914,-0.5090791928416813,1.672543794926189,-0.18935256184712382,-0.5090791928416813,-0.966303193286565,-0.358145440323592,0.5558682612033757,1.5129284694496405,-0.06589759600423688,-0.8382842205939496,-0.9989390213668488
-0.1401098514754074,-2.053267905293714,-0.21303769768270914,-0.713985191299721,-0.8024484737087255,-0.18935256184712382,-0.713985191299721,-0.966303193286565,-0.358145440323592,0.5558682612033757,-0.2544884306547635,-0.06589759600423688,-0.8382842205939496,-0.5772085734446102
-0.1401098514754074,0.4870285058378622,-0.21303769768270914,2.564510784028913,-0.8024484737087255,2.103311910014095,2.564510784028913,1.034871877633807,-0.358145440323592,0.5558682612033757,-0.2544884306547635,0.4137227647139473,0.4446794137736925,0.013214053646523933
-0.1401098514754074,0.4870285058378622,-0.21303769768270914,-0.713985191299721,1.672543794926189,-0.18935256184712382,-0.713985191299721,-0.966303193286565,-0.358145440323592,0.5558682612033757,1.5129284694496405,-0.05257480820650953,-0.8382842205939496,-0.9145929317824011
-0.1401098514754074,0.4870285058378622,-0.21303769768270914,0.10563880253243754,-0.8024484737087255,-0.18935256184712382,0.10563880253243754,1.034871877633807,-0.358145440323592,0.5558682612033757,-0.2544884306547635,-0.06589759600423688,-0.8382842205939496,0.18190623281541937
-0.1401098514754074,0.4870285058378622,-0.21303769768270914,-0.713985191299721,-0.8024484737087255,-0.18935256184712382,-0.713985191299721,1.034871877633807,-0.358145440323592,-0.8659042062818543,-0.2544884306547635,-0.05257480820650953,-0.8382842205939496,-0.5772085734446102
-0.1401098514754074,0.4870285058378622,-0.21303769768270914,-0.713985191299721,0.4350476606087318,-0.18935256184712382,-0.713985191299721,1.034871877633807,-0.358145440323592,1.2667544949459906,-0.2544884306547635,-0.06589759600423688,-0.8382842205939496,1.0253671286598967
-0.1401098514754074,0.4870285058378622,-0.21303769768270914,-0.713985191299721,1.672543794926189,-0.18935256184712382,-0.713985191299721,1.034871877633807,-0.358145440323592,1.2667544949459906,1.5129284694496405,-0.05257480820650953,0.4446794137736925,-0.9145929317824011
-0.1401098514754074,-2.053267905293714,-0.21303769768270914,-0.0992671959256021,-0.8024484737087255,-0.18935256184712382,-0.0992671959256021,1.034871877633807,-0.358145440323592,0.5558682612033757,-0.2544884306547635,-0.05257480820650953,0.4446794137736925,-0.5772085734446102
-0.1401098514754074,0.4870285058378622,-0.21303769768270914,1.3350747932806755,-0.8024484737087255,-0.18935256184712382,1.3350747932806755,1.034871877633807,-0.358145440323592,0.5558682612033757,-0.2544884306547635,-0.06589759600423688,1.7276430481413345,0.2662523223998671
-0.1401098514754074,0.4870285058378622,-0.21303769768270914,-0.713985191299721,-0.8024484737087255,-0.18935256184712382,-0.713985191299721,-0.966303193286565,-0.358145440323592,1.2667544949459906,-0.2544884306547635,-0.05257480820650953,-0.8382842205939496,-0.23982421510681926
-0.1401098514754074,0.4870285058378622,1.7533742503977268,0.3105448009904772,1.672543794926189,-0.18935256184712382,0.3105448009904772,1.034871877633807,2.792161751651698,-0.8659042062818543,-0.2544884306547635,-0.06589759600423688,0.4446794137736925,-0.9989390213668488
-0.1401098514754074,0.4870285058378622,-0.21303769768270914,1.1301687948226358,-0.8024484737087255,-0.18935256184712382,1.1301687948226358,1.034871877633807,-0.358145440323592,-0.8659042062818543,1.5129284694496405,-0.06589759600423688,0.4446794137736925,0.09756014323097166
-0.1401098514754074,0.4870285058378622,-0.21303769768270914,0.5154507994485168,-0.8024484737087255,-0.18935256184712382,0.5154507994485168,1.034871877633807,2.792161751651698,1.2667544949459906,-0.2544884306547635,-0.06589759600423688,0.4446794137736925,-0.23982421510681926
-0.1401098514754074,-2.053267905293714,-0.21303769768270914,-0.713985191299721,-0.8024484737087255,-0.18935256184712382,-0.713985191299721,-0.966303193286565,-0.358145440323592,2.6885269624312205,-0.2544884306547635,-0.06589759600423688,-0.8382842205939496,-0.8302468421979533
-0.1401098514754074,0.4870285058378622,-0.21303769768270914,-0.5090791928416813,-0.8024484737087255,-0.18935256184712382,-0.5090791928416813,1.034871877633807,-0.358145440323592,0.5558682612033757,-0.2544884306547635,-0.06589759600423688,0.4446794137736925,-0.5772085734446102
-0.1401098514754074,0.4870285058378622,-0.21303769768270914,-0.5090791928416813,-0.8024484737087255,-0.18935256184712382,-0.5090791928416813,-0.966303193286565,-0.358145440323592,0.5558682612033757,-0.2544884306547635,-0.06589759600423688,-0.8382842205939496,0.35059841198431485
-0.1401098514754074,0.4870285058378622,-0.21303769768270914,-0.30417319438364177,1.672543794926189,-0.18935256184712382,-0.30417319438364177,-0.966303193286565,-0.358145440323592,1.2667544949459906,1.5129284694496405,1.3063495471616788,-0.8382842205939496,-1.0832851109512964
-0.1401098514754074,0.4870285058378622,-0.21303769768270914,-0.713985191299721,-0.8024484737087255,-0.18935256184712382,-0.713985191299721,-0.966303193286565,-0.358145440323592,-0.8659042062818543,-0.2544884306547635,-0.05257480820650953,-0.8382842205939496,0.2662523223998671
-0.1401098514754074,0.4870285058378622,-0.21303769768270914,1.3350747932806755,-0.8024484737087255,-0.18935256184712382,1.3350747932806755,1.034871877633807,-0.358145440323592,-0.8659042062818543,-2.0219053307591675,-0.06589759600423688,1.7276430481413345,-0.4928624838601624
-0.1401098514754074,0.4870285058378622,-0.21303769768270914,-0.713985191299721,-0.8024484737087255,-0.18935256184712382,-0.713985191299721,1.034871877633807,-0.358145440323592,0.5558682612033757,-0.2544884306547635,-0.06589759600423688,-0.8382842205939496,0.5192905911532103
-0.1401098514754074,0.4870285058378622,1.7533742503977268,-0.5090791928416813,1.672543794926189,-0.18935256184712382,-0.5090791928416813,1.034871877633807,-0.358145440323592,0.5558682612033757,-0.2544884306547635,-0.06589759600423688,0.4446794137736925,-0.9145929317824011
-0.1401098514754074,0.4870285058378622,-0.21303769768270914,-0.30417319438364177,-0.8024484737087255,-0.18935256184712382,-0.30417319438364177,1.034871877633807,-0.358145440323592,0.5558682612033757,-0.2544884306547635,-0.06589759600423688,-0.8382842205939496,-0.23982421510681926
-0.1401098514754074,0.4870285058378622,-0.21303769768270914,-0.713985191299721,-0.8024484737087255,-0.18935256184712382,-0.713985191299721,-0.966303193286565,-0.358145440323592,2.6885269624312205,-0.2544884306547635,-0.06589759600423688,-0.8382842205939496,0.35059841198431485
-0.1401098514754074,0.4870285058378622,-0.21303769768270914,1.539980791738715,-0.8024484737087255,-0.18935256184712382,1.539980791738715,1.034871877633807,2.792161751651698,-0.8659042062818543,1.5129284694496405,-0.07922038380196421,0.4446794137736925,-0.23982421510681926
-0.1401098514754074,-2.053267905293714,-0.21303769768270914,-0.30417319438364177,0.4350476606087318,-0.18935256184712382,-0.30417319438364177,-0.966303193286565,-0.358145440323592,1.2667544949459906,-0.2544884306547635,-0.00854614825704895,-0.8382842205939496,1.6157897557510308
-0.1401098514754074,-2.053267905293714,-0.21303769768270914,0.10563880253243754,1.672543794926189,-0.18935256184712382,0.10563880253243754,1.034871877633807,-0.358145440323592,-0.8659042062818543,-0.2544884306547635,-0.06589759600423688,-0.8382842205939496,-0.9145929317824011
-0.1401098514754074,0.4870285058378622,-0.21303769768270914,-0.0992671959256021,1.672543794926189,-0.18935256184712382,-0.0992671959256021,1.034871877633807,-0.358145440323592,-0.8659042062818543,-0.2544884306547635,-0.05257480820650953,0.4446794137736925,-0.9145929317824011
-0.1401098514754074,0.4870285058378622,-0.21303769768270914,-0.30417319438364177,-0.8024484737087255,-0.18935256184712382,-0.30417319438364177,1.034871877633807,-0.358145440323592,-0.8659042062818543,-0.2544884306547635,-0.06589759600423688,-0.8382842205939496,0.09756014323097166
-0.1401098514754074,0.4870285058378622,-0.21303769768270914,-0.713985191299721,-0.8024484737087255,-0.18935256184712382,-0.713985191299721,-0.966303193286565,-0.358145440323592,1.2667544949459906,-0.2544884306547635,-0.06589759600423688,-0.8382842205939496,-0.7459007526135056
-0.1401098514754074,0.4870285058378622,-0.21303769768270914,-0.0992671959256021,-0.8024484737087255,-0.18935256184712382,-0.0992671959256021,1.034871877633807,-0.358145440323592,1.2667544949459906,-0.2544884306547635,-0.06589759600423688,-0.8382842205939496,0.18190623281541937
-0.1401098514754074,0.4870285058378622,-0.21303769768270914,-0.713985191299721,0.4350476606087318,-0.18935256184712382,-0.713985191299721,-0.966303193286565,-0.358145440323592,-0.8659042062818543,-0.2544884306547635,-0.06589759600423688,-0.8382842205939496,1.7001358453354785
-0.1401098514754074,0.4870285058378622,-0.21303769768270914,-0.5090791928416813,-0.8024484737087255,-0.18935256184712382,-0.5090791928416813,-0.966303193286565,-0.358145440323592,0.5558682612033757,-0.2544884306547635,-0.06589759600423688,0.4446794137736925,-0.8302468421979533
-0.1401098514754074,0.4870285058378622,-0.21303769768270914,-0.0992671959256021,-0.8024484737087255,-0.18935256184712382,-0.0992671959256021,1.034871877633807,-0.358145440323592,1.2667544949459906,-0.2544884306547635,0.22720373554576456,-0.8382842205939496,0.6879827703221058
-0.1401098514754074,-2.053267905293714,-0.21303769768270914,-0.713985191299721,1.672543794926189,-0.18935256184712382,-0.713985191299721,-0.966303193286565,-0.358145440323592,0.5558682612033757,-0.2544884306547635,-0.05257480820650953,-0.8382842205939496,-1.0832851109512964
-0.1401098514754074,0.4870285058378622,-0.21303769768270914,-0.30417319438364177,1.672543794926189,-0.18935256184712382,-0.30417319438364177,-0.966303193286565,-0.358145440323592,-0.8659042062818543,1.5129284694496405,-0.06589759600423688,1.7276430481413345,-0.9989390213668488
-0.1401098514754074,0.4870285058378622,-0.21303769768270914,0.9252627963645961,1.672543794926189,-0.18935256184712382,0.9252627963645961,1.034871877633807,-0.358145440323592,0.5558682612033757,1.5129284694496405,-0.06589759600423688,-0.8382842205939496,-0.9145929317824011
-0.1401098514754074,0.4870285058378622,-0.21303769768270914,0.3105448009904772,-0.8024484737087255,-0.18935256184712382,0.3105448009904772,1.034871877633807,2.792161751651698,-0.8659042062818543,1.5129284694496405,-0.05257480820650953,0.4446794137736925,0.4349445015687626
-0.1401098514754074,0.4870285058378622,-0.21303769768270914,0.5154507994485168,-0.8024484737087255,-0.18935256184712382,0.5154507994485168,1.034871877633807,-0.358145440323592,0.5558682612033757,1.5129284694496405,-0.06589759600423688,0.4446794137736925,-0.15547812552237153
-0.1401098514754074,0.4870285058378622,1.7533742503977268,0.5154507994485168,-0.8024484737087255,-0.18935256184712382,0.5154507994485168,1.034871877633807,-0.358145440323592,-0.8659042062818543,-2.0219053307591675,-0.05257480820650953,1.7276430481413345,-0.7459007526135056
-0.1401098514754074,-2.053267905293714,-0.21303769768270914,-0.5090791928416813,-0.8024484737087255,-0.18935256184712382,-0.5090791928416813,-0.966303193286565,-0.358145440323592,2.6885269624312205,-0.2544884306547635,-0.46558122993605694,-0.8382842205939496,-0.7459007526135056
-0.1401098514754074,0.4870285058378622,-0.21303769768270914,-0.5090791928416813,0.4350476606087318,-0.18935256184712382,-0.5090791928416813,-0.966303193286565,-0.358145440323592,0.5558682612033757,-0.2544884306547635,-0.6121318957110576,-0.8382842205939496,1.9531741140888217
-0.1401098514754074,0.4870285058378622,-0.21303769768270914,-0.713985191299721,1.672543794926189,-0.18935256184712382,-0.713985191299721,-0.966303193286565,-0.358145440323592,-0.8659042062818543,1.5129284694496405,-0.05257480820650953,1.7276430481413345,-0.9145929317824011
-0.1401098514754074,0.4870285058378622,-0.21303769768270914,0.9252627963645961,-0.8024484737087255,-0.18935256184712382,0.9252627963645961,1.034871877633807,-0.358145440323592,-0.8659042062818543,1.5129284694496405,-0.06589759600423688,0.4446794137736925,0.6879827703221058
-0.1401098514754074,0.4870285058378622,-0.21303769768270914,-0.713985191299721,0.4350476606087318,-0.18935256184712382,-0.713985191299721,-0.966303193286565,-0.358145440323592,-0.8659042062818543,-0.2544884306547635,-0.05257480820650953,-0.8382842205939496,1.2784053974132399
3.913842240784374,0.4870285058378622,-0.21303769768270914,1.1301687948226358,-0.8024484737087255,2.103311910014095,1.1301687948226358,1.034871877633807,-0.358145440323592,-0.8659042062818543,1.5129284694496405,-0.06589759600423688,1.7276430481413345,0.5192905911532103
1.8868661946544836,0.4870285058378622,-0.21303769768270914,-0.5090791928416813,1.672543794926189,-0.18935256184712382,-0.5090791928416813,1.034871877633807,-0.358145440323592,-0.8659042062818543,1.5129284694496405,0.3071404623321286,1.7276430481413345,-1.251977290120192
-0.1401098514754074,0.4870285058378622,-0.21303769768270914,-0.5090791928416813,0.4350476606087318,-0.18935256184712382,-0.5090791928416813,1.034871877633807,-0.358145440323592,0.5558682612033757,-0.2544884306547635,-0.05257480820650953,0.4446794137736925,1.0253671286598967
-0.1401098514754074,-2.053267905293714,-0.21303769768270914,-0.0992671959256021,1.672543794926189,6.688640853736533,-0.0992671959256021,1.034871877633807,-0.358145440323592,-0.8659042062818543,1.5129284694496405,-0.00854614825704895,0.4446794137736925,-1.251977290120192
-0.1401098514754074,0.4870285058378622,-0.21303769768270914,0.5154507994485168,-0.8024484737087255,-0.18935256184712382,0.5154507994485168,1.034871877633807,-0.358145440323592,-0.8659042062818543,-0.2544884306547635,-0.3456761397565109,0.4446794137736925,-0.4928624838601624
-0.1401098514754074,-2.053267905293714,-0.21303769768270914,0.7203567979065565,-0.8024484737087255,-0.18935256184712382,0.7203567979065565,1.034871877633807,-0.358145440323592,-0.8659042062818543,-0.2544884306547635,-0.06589759600423688,-0.8382842205939496,-0.4085163942757147
-0.1401098514754074,0.4870285058378622,1.7533742503977268,2.3596047855708737,1.672543794926189,11.273969797458971,2.3596047855708737,1.034871877633807,2.792161751651698,-0.8659042062818543,-2.0219053307591675,-0.06589759600423688,1.7276430481413345,-0.9145929317824011
-0.1401098514754074,0.4870285058378622,-0.21303769768270914,0.9252627963645961,0.4350476606087318,-0.18935256184712382,0.9252627963645961,1.034871877633807,-0.358145440323592,-0.8659042062818543,-0.2544884306547635,-0.06589759600423688,-0.8382842205939496,1.3627514869976876
-0.1401098514754074,0.4870285058378622,-0.21303769768270914,-0.5090791928416813,-0.8024484737087255,-0.18935256184712382,-0.5090791928416813,1.034871877633807,-0.358145440323592,1.2667544949459906,-0.2544884306547635,-0.06589759600423688,-0.8382842205939496,0.18190623281541937
-0.1401098514754074,0.4870285058378622,-0.21303769768270914,-0.713985191299721,1.672543794926189,-0.18935256184712382,-0.713985191299721,1.034871877633807,2.792161751651698,-0.8659042062818543,-2.0219053307591675,-0.05257480820650953,0.4446794137736925,-1.251977290120192
-0.1401098514754074,0.4870285058378622,-0.21303769768270914,0.3105448009904772,-0.8024484737087255,-0.18935256184712382,0.3105448009904772,1.034871877633807,-0.358145440323592,-0.8659042062818543,-2.0219053307591675,-0.05257480820650953,1.7276430481413345,-0.6615546630290579
-0.1401098514754074,0.4870285058378622,-0.21303769768270914,4.61357076860931,0.4350476606087318,-0.18935256184712382,4.61357076860931,1.034871877633807,-0.358145440323592,0.5558682612033757,-0.2544884306547635,-1.2782712855974245,0.4446794137736925,1.2784053974132399
-0.1401098514754074,0.4870285058378622,-0.21303769768270914,-0.713985191299721,0.4350476606087318,-0.18935256184712382,-0.713985191299721,1.034871877633807,-0.358145440323592,0.5558682612033757,-0.2544884306547635,-0.05257480820650953,-0.8382842205939496,1.8688280245043738
-0.1401098514754074,-2.053267905293714,-0.21303769768270914,-0.5090791928416813,-0.8024484737087255,-0.18935256184712382,-0.5090791928416813,-0.966303193286565,-0.358145440323592,-0.8659042062818543,-0.2544884306547635,-0.06589759600423688,-0.8382842205939496,-0.8302468421979533
-0.1401098514754074,-2.053267905293714,-0.21303769768270914,-0.713985191299721,1.672543794926189,-0.18935256184712382,-0.713985191299721,1.034871877633807,-0.358145440323592,1.2667544949459906,1.5129284694496405,-0.07922038380196421,0.4446794137736925,-0.9989390213668488
-0.1401098514754074,0.4870285058378622,-0.21303769768270914,0.9252627963645961,-0.8024484737087255,-0.18935256184712382,0.9252627963645961,1.034871877633807,2.792161751651698,-0.8659042062818543,-2.0219053307591675,-0.06589759600423688,1.7276430481413345,-0.4085163942757147
-0.1401098514754074,0.4870285058378622,-0.21303769768270914,1.539980791738715,-0.8024484737087255,-0.18935256184712382,1.539980791738715,1.034871877633807,2.792161751651698,-0.8659042062818543,-0.2544884306547635,-0.06589759600423688,0.4446794137736925,0.18190623281541937
-0.1401098514754074,0.4870285058378622,-0.21303769768270914,-0.5090791928416813,1.672543794926189,-0.18935256184712382,-0.5090791928416813,-0.966303193286565,-0.358145440323592,-0.8659042062818543,-2.0219053307591675,-0.15915711058832824,1.7276430481413345,-1.1676312005357443
-0.1401098514754074,0.4870285058378622,-0.21303769768270914,-0.713985191299721,1.672543794926189,-0.18935256184712382,-0.713985191299721,1.034871877633807,-0.358145440323592,2.6885269624312205,-0.2544884306547635,-0.06589759600423688,-0.8382842205939496,-0.9145929317824011
-0.1401098514754074,0.4870285058378622,-0.21303769768270914,-0.5090791928416813,0.4350476606087318,-0.18935256184712382,-0.5090791928416813,-0.966303193286565,-0.358145440323592,1.2667544949459906,-0.2544884306547635,-0.15915711058832824,-0.8382842205939496,2.459250651595508
-0.1401098514754074,0.4870285058378622,-0.21303769768270914,0.9252627963645961,1.672543794926189,-0.18935256184712382,0.9252627963645961,1.034871877633807,-0.358145440323592,-0.8659042062818543,1.5129284694496405,-0.06589759600423688,0.4446794137736925,-0.9145929317824011
-0.1401098514754074,0.4870285058378622,-0.21303769768270914,-0.5090791928416813,-0.8024484737087255,-0.18935256184712382,-0.5090791928416813,1.034871877633807,2.792161751651698,0.5558682612033757,-0.2544884306547635,-0.06589759600423688,-0.8382842205939496,0.18190623281541937
-0.1401098514754074,0.4870285058378622,-0.21303769768270914,-0.30417319438364177,0.4350476606087318,-0.18935256184712382,-0.30417319438364177,-0.966303193286565,-0.358145440323592,-0.8659042062818543,-0.2544884306547635,-0.06589759600423688,-0.8382842205939496,1.194059307828792
-0.1401098514754074,-2.053267905293714,-0.21303769768270914,-0.713985191299721,0.4350476606087318,-0.18935256184712382,-0.713985191299721,-0.966303193286565,-0.358145440323592,0.5558682612033757,-0.2544884306547635,-0.06589759600423688,-0.8382842205939496,1.531443666166583
-0.1401098514754074,-2.053267905293714,-0.21303769768270914,-0.713985191299721,1.672543794926189,-0.18935256184712382,-0.713985191299721,-0.966303193286565,-0.358145440323592,-0.8659042062818543,-0.2544884306547635,-0.05257480820650953,0.4446794137736925,-0.9145929317824011
-0.1401098514754074,0.4870285058378622,1.7533742503977268,-0.713985191299721,1.672543794926189,-0.18935256184712382,-0.713985191299721,1.034871877633807,-0.358145440323592,-0.8659042062818543,1.5129284694496405,-0.06589759600423688,0.4446794137736925,-1.251977290120192
-0.1401098514754074,0.4870285058378622,-0.21303769768270914,3.998852773235191,-0.8024484737087255,-0.18935256184712382,3.998852773235191,1.034871877633807,-0.358145440323592,-0.8659042062818543,-2.0219053307591675,6.941888785600343,1.7276430481413345,-0.15547812552237153
-0.1401098514754074,0.4870285058378622,-0.21303769768270914,1.1301687948226358,-0.8024484737087255,-0.18935256184712382,1.1301687948226358,1.034871877633807,2.792161751651698,-0.8659042062818543,-0.2544884306547635,-0.06589759600423688,0.4446794137736925,0.6879827703221058
-0.1401098514754074,0.4870285058378622,-0.21303769768270914,-0.713985191299721,0.4350476606087318,-0.18935256184712382,-0.713985191299721,1.034871877633807,-0.358145440323592,1.2667544949459906,-0.2544884306547635,-0.06589759600423688,-0.8382842205939496,1.4470975765821352
-0.1401098514754074,0.4870285058378622,-0.21303769768270914,-0.5090791928416813,-0.8024484737087255,-0.18935256184712382,-0.5090791928416813,1.034871877633807,-0.358145440323592,-0.8659042062818543,-0.2544884306547635,-0.06589759600423688,0.4446794137736925,0.013214053646523933
-0.1401098514754074,0.4870285058378622,-0.21303769768270914,0.3105448009904772,1.672543794926189,-0.18935256184712382,0.3105448009904772,1.034871877633807,2.792161751651698,0.5558682612033757,-2.0219053307591675,-0.1858026861837829,1.7276430481413345,-1.1676312005357443
-0.1401098514754074,0.4870285058378622,-0.21303769768270914,1.3350747932806755,-0.8024484737087255,-0.18935256184712382,1.3350747932806755,1.034871877633807,2.792161751651698,-0.8659042062818543,-0.2544884306547635,-0.05257480820650953,1.7276430481413345,0.013214053646523933
7.967794333044156,0.4870285058378622,-0.21303769768270914,1.539980791738715,-0.8024484737087255,2.103311910014095,1.539980791738715,-0.966303193286565,-0.358145440323592,-0.8659042062818543,-2.0219053307591675,-0.05257480820650953,1.7276430481413345,-0.4085163942757147
-0.1401098514754074,0.4870285058378622,-0.21303769768270914,0.5154507994485168,-0.8024484737087255,-0.18935256184712382,0.5154507994485168,1.034871877633807,2.792161751651698,-0.8659042062818543,-0.2544884306547635,-0.06589759600423688,0.4446794137736925,-0.23982421510681926
7.967794333044156,0.4870285058378622,1.7533742503977268,0.5154507994485168,1.672543794926189,4.395976381875314,0.5154507994485168,1.034871877633807,-0.358145440323592,-0.8659042062818543,-2.0219053307591675,-0.9851699540474232,1.7276430481413345,-1.251977290120192
-0.1401098514754074,0.4870285058378622,3.719786198478163,-0.30417319438364177,1.672543794926189,2.103311910014095,-0.30417319438364177,1.034871877633807,-0.358145440323592,-0.8659042062818543,1.5129284694496405,-0.07922038380196421,0.4446794137736925,-0.9989390213668488
1.8868661946544836,0.4870285058378622,1.7533742503977268,1.1301687948226358,0.4350476606087318,-0.18935256184712382,1.1301687948226358,1.034871877633807,-0.358145440323592,-0.8659042062818543,1.5129284694496405,-0.06589759600423688,1.7276430481413345,0.9410210390754489
-0.1401098514754074,-2.053267905293714,-0.21303769768270914,-0.5090791928416813,1.672543794926189,-0.18935256184712382,-0.5090791928416813,-0.966303193286565,-0.358145440323592,1.2667544949459906,-0.2544884306547635,-0.07922038380196421,-0.8382842205939496,-0.9145929317824011
-0.1401098514754074,0.4870285058378622,-0.21303769768270914,-0.5090791928416813,-0.8024484737087255,-0.18935256184712382,-0.5090791928416813,-0.966303193286565,-0.358145440323592,0.5558682612033757,-0.2544884306547635,-0.06589759600423688,0.4446794137736925,-0.4085163942757147
-0.1401098514754074,0.4870285058378622,-0.21303769768270914,-0.5090791928416813,1.672543794926189,-0.18935256184712382,-0.5090791928416813,-0.966303193286565,-0.358145440323592,0.5558682612033757,-0.2544884306547635,-0.5321951689246937,-0.8382842205939496,-0.9145929317824011
-0.1401098514754074,0.4870285058378622,-0.21303769768270914,-0.713985191299721,1.672543794926189,-0.18935256184712382,-0.713985191299721,-0.966303193286565,-0.358145440323592,-0.8659042062818543,-0.2544884306547635,-0.05257480820650953,-0.8382842205939496,-0.9989390213668488
-0.1401098514754074,0.4870285058378622,-0.21303769768270914,0.9252627963645961,-0.8024484737087255,-0.18935256184712382,0.9252627963645961,1.034871877633807,2.792161751651698,2.6885269624312205,1.5129284694496405,-0.06589759600423688,0.4446794137736925,-0.4928624838601624
-0.1401098514754074,-2.053267905293714,1.7533742503977268,-0.30417319438364177,1.672543794926189,-0.18935256184712382,-0.30417319438364177,-0.966303193286565,-0.358145440323592,0.5558682612033757,-0.2544884306547635,-0.07922038380196421,1.7276430481413345,-0.9145929317824011
-0.1401098514754074,0.4870285058378622,-0.21303769768270914,0.9252627963645961,-0.8024484737087255,-0.18935256184712382,0.9252627963645961,1.034871877633807,-0.358145440323592,-0.8659042062818543,-0.2544884306547635,-0.06589759600423688,1.7276430481413345,-0.4928624838601624
-0.1401098514754074,0.4870285058378622,-0.21303769768270914,-0.713985191299721,1.672543794926189,-0.18935256184712382,-0.713985191299721,-0.966303193286565,-0.358145440323592,-0.8659042062818543,1.5129284694496405,-0.06589759600423688,0.4446794137736925,-1.1676312005357443
-0.1401098514754074,0.4870285058378622,-0.21303769768270914,-0.713985191299721,-0.8024484737087255,-0.18935256184712382,-0.713985191299721,1.034871877633807,2.792161751651698,-0.8659042062818543,-0.2544884306547635,-0.06589759600423688,-0.8382842205939496,-0.07113203593792379
-0.1401098514754074,0.4870285058378622,-0.21303769768270914,-0.713985191299721,1.672543794926189,-0.18935256184712382,-0.713985191299721,-0.966303193286565,-0.358145440323592,-0.8659042062818543,1.5129284694496405,-0.05257480820650953,1.7276430481413345,-1.0832851109512964
-0.1401098514754074,0.4870285058378622,-0.21303769768270914,-0.713985191299721,0.4350476606087318,-0.18935256184712382,-0.713985191299721,-0.966303193286565,-0.358145440323592,0.5558682612033757,-0.2544884306547635,-0.06589759600423688,-0.8382842205939496,2.037520203673269
-0.1401098514754074,0.4870285058378622,-0.21303769768270914,2.564510784028913,-0.8024484737087255,2.103311910014095,2.564510784028913,-0.966303193286565,-0.358145440323592,-0.8659042062818543,1.5129284694496405,-0.06589759600423688,1.7276430481413345,-0.4928624838601624
-0.1401098514754074,-2.053267905293714,-0.21303769768270914,-0.0992671959256021,0.4350476606087318,-0.18935256184712382,-0.0992671959256021,-0.966303193286565,-0.358145440323592,-0.8659042062818543,-0.2544884306547635,-0.05257480820650953,-0.8382842205939496,1.4470975765821352
-0.1401098514754074,0.4870285058378622,-0.21303769768270914,-0.5090791928416813,-0.8024484737087255,-0.18935256184712382,-0.5090791928416813,-0.966303193286565,-0.358145440323592,0.5558682612033757,-0.2544884306547635,-0.06589759600423688,-0.8382842205939496,-0.5772085734446102
-0.1401098514754074,0.4870285058378622,-0.21303769768270914,-0.713985191299721,1.672543794926189,-0.18935256184712382,-0.713985191299721,1.034871877633807,-0.358145440323592,-0.8659042062818543,1.5129284694496405,-0.06589759600423688,-0.8382842205939496,-0.9989390213668488
-0.1401098514754074,0.4870285058378622,-0.21303769768270914,-0.713985191299721,0.4350476606087318,-0.18935256184712382,-0.713985191299721,1.034871877633807,-0.358145440323592,0.5558682612033757,-0.2544884306547635,-0.06589759600423688,-0.8382842205939496,0.9410210390754489
-0.1401098514754074,0.4870285058378622,-0.21303769768270914,0.3105448009904772,-0.8024484737087255,-0.18935256184712382,0.3105448009904772,1.034871877633807,2.792161751651698,1.2667544949459906,1.5129284694496405,-0.06589759600423688,0.4446794137736925,0.013214053646523933
-0.1401098514754074,0.4870285058378622,-0.21303769768270914,1.539980791738715,-0.8024484737087255,-0.18935256184712382,1.539980791738715,1.034871877633807,-0.358145440323592,-0.8659042062818543,1.5129284694496405,-0.06589759600423688,0.4446794137736925,-0.6615546630290579
-0.1401098514754074,0.4870285058378622,-0.21303769768270914,-0.713985191299721,1.672543794926189,-0.18935256184712382,-0.713985191299721,1.034871877633807,-0.358145440323592,2.6885269624312205,1.5129284694496405,-0.06589759600423688,-0.8382842205939496,-1.251977290120192
-0.1401098514754074,0.4870285058378622,-0.21303769768270914,-0.0992671959256021,1.672543794926189,-0.18935256184712382,-0.0992671959256021,1.034871877633807,-0.358145440323592,-0.8659042062818543,1.5129284694496405,0.6135645816798574,1.7276430481413345,-1.0832851109512964
-0.1401098514754074,0.4870285058378622,-0.21303769768270914,-0.713985191299721,1.672543794926189,-0.18935256184712382,-0.713985191299721,-0.966303193286565,-0.358145440323592,2.6885269624312205,-0.2544884306547635,-0.05257480820650953,-0.8382842205939496,-0.9145929317824011
-0.1401098514754074,0.4870285058378622,-0.21303769768270914,0.10563880253243754,-0.8024484737087255,-0.18935256184712382,0.10563880253243754,1.034871877633807,-0.358145440323592,-0.8659042062818543,-0.2544884306547635,-0.06589759600423688,-0.8382842205939496,-0.23982421510681926
-0.1401098514754074,0.4870285058378622,-0.21303769768270914,-0.713985191299721,0.4350476606087318,-0.18935256184712382,-0.713985191299721,-0.966303193286565,-0.358145440323592,0.5558682612033757,-0.2544884306547635,-0.06589759600423688,-0.8382842205939496,0.9410210390754489
-0.1401098514754074,0.4870285058378622,-0.21303769768270914,-0.30417319438364177,0.4350476606087318,-0.18935256184712382,-0.30417319438364177,1.034871877633807,-0.358145440323592,1.2667544949459906,-0.2544884306547635,-0.09254317159969154,-0.8382842205939496,5.158325518297835
-0.1401098514754074,0.4870285058378622,-0.21303769768270914,1.7448867901967549,-0.8024484737087255,-0.18935256184712382,1.7448867901967549,1.034871877633807,-0.358145440323592,-0.8659042062818543,1.5129284694496405,-0.06589759600423688,1.7276430481413345,-0.23982421510681926
-0.1401098514754074,0.4870285058378622,-0.21303769768270914,-0.713985191299721,1.672543794926189,-0.18935256184712382,-0.713985191299721,-0.966303193286565,-0.358145440323592,0.5558682612033757,1.5129284694496405,-0.06589759600423688,1.7276430481413345,-0.9145929317824011
-0.1401098514754074,-2.053267905293714,-0.21303769768270914,0.5154507994485168,0.4350476606087318,-0.18935256184712382,0.5154507994485168,-0.966303193286565,-0.358145440323592,0.5558682612033757,-0.2544884306547635,-0.2257710495769649,-0.8382842205939496,1.4470975765821352
-0.1401098514754074,0.4870285058378622,-0.21303769768270914,0.9252627963645961,0.4350476606087318,-0.18935256184712382,0.9252627963645961,1.034871877633807,-0.358145440323592,0.5558682612033757,-0.2544884306547635,-0.05257480820650953,0.4446794137736925,1.194059307828792
1.8868661946544836,0.4870285058378622,-0.21303769768270914,1.539980791738715,-0.8024484737087255,-0.18935256184712382,1.539980791738715,1.034871877633807,-0.358145440323592,0.5558682612033757,-2.0219053307591675,1.9325205736548638,1.7276430481413345,-0.23982421510681926
-0.1401098514754074,-2.053267905293714,1.7533742503977268,-0.713985191299721,-0.8024484737087255,-0.18935256184712382,-0.713985191299721,-0.966303193286565,-0.358145440323592,-0.8659042062818543,-0.2544884306547635,-0.06589759600423688,-0.8382842205939496,-0.8302468421979533
-0.1401098514754074,0.4870285058378622,-0.21303769768270914,0.3105448009904772,-0.8024484737087255,-0.18935256184712382,0.3105448009904772,-0.966303193286565,-0.358145440323592,-0.8659042062818543,-0.2544884306547635,-0.06589759600423688,-0.8382842205939496,-0.07113203593792379
-0.1401098514754074,0.4870285058378622,1.7533742503977268,0.5154507994485168,1.672543794926189,-0.18935256184712382,0.5154507994485168,1.034871877633807,2.792161751651698,-0.8659042062818543,-2.0219053307591675,-0.06589759600423688,1.7276430481413345,-0.9989390213668488
-0.1401098514754074,0.4870285058378622,-0.21303769768270914,0.3105448009904772,-0.8024484737087255,-0.18935256184712382,0.3105448009904772,-0.966303193286565,-0.358145440323592,-0.8659042062818543,-0.2544884306547635,-0.05257480820650953,-0.8382842205939496,-0.15547812552237153
-0.1401098514754074,0.4870285058378622,-0.21303769768270914,-0.5090791928416813,1.672543794926189,-0.18935256184712382,-0.5090791928416813,-0.966303193286565,-0.358145440323592,0.5558682612033757,1.5129284694496405,-4.062733935322438,-0.8382842205939496,-1.1676312005357443
-0.1401098514754074,0.4870285058378622,-0.21303769768270914,0.9252627963645961,-0.8024484737087255,-0.18935256184712382,0.9252627963645961,-0.966303193286565,-0.358145440323592,0.5558682612033757,-0.2544884306547635,-0.47890401773378427,-0.8382842205939496,0.2662523223998671
-0.1401098514754074,0.4870285058378622,-0.21303769768270914,1.1301687948226358,1.672543794926189,2.103311910014095,1.1301687948226358,1.034871877633807,2.792161751651698,2.6885269624312205,-2.0219053307591675,-0.06589759600423688,1.7276430481413345,-0.9145929317824011
-0.1401098514754074,0.4870285058378622,-0.21303769768270914,-0.713985191299721,-0.8024484737087255,-0.18935256184712382,-0.713985191299721,-0.966303193286565,-0.358145440323592,0.5558682612033757,-0.2544884306547635,-0.05257480820650953,-0.8382842205939496,0.18190623281541937
-0.1401098514754074,0.4870285058378622,-0.21303769768270914,-0.30417319438364177,-0.8024484737087255,-0.18935256184712382,-0.30417319438364177,-0.966303193286565,-0.358145440323592,-0.8659042062818543,1.5129284694496405,-0.05257480820650953,1.7276430481413345,-0.23982421510681926
-0.1401098514754074,-2.053267905293714,-0.21303769768270914,-0.30417319438364177,-0.8024484737087255,-0.18935256184712382,-0.30417319438364177,-0.966303193286565,-0.358145440323592,0.5558682612033757,-0.2544884306547635,-0.00854614825704895,-0.8382842205939496,0.013214053646523933
-0.1401098514754074,0.4870285058378622,-0.21303769768270914,-0.713985191299721,-0.8024484737087255,-0.18935256184712382,-0.713985191299721,1.034871877633807,-0.358145440323592,0.5558682612033757,-0.2544884306547635,-0.06589759600423688,-0.8382842205939496,0.4349445015687626
-0.1401098514754074,0.4870285058378622,1.7533742503977268,3.5890407763191114,-0.8024484737087255,29.615285572348718,3.5890407763191114,1.034871877633807,-0.358145440323592,-0.8659042062818543,-2.0219053307591675,-0.05257480820650953,1.7276430481413345,-0.8302468421979533
-0.1401098514754074,0.4870285058378622,-0.21303769768270914,-0.30417319438364177,0.4350476606087318,-0.18935256184712382,-0.30417319438364177,-0.966303193286565,-0.358145440323592,0.5558682612033757,-0.2544884306547635,-0.23909383737469223,-0.8382842205939496,0.9410210390754489
-0.1401098514754074,0.4870285058378622,-0.21303769768270914,-0.30417319438364177,0.4350476606087318,-0.18935256184712382,-0.30417319438364177,-0.966303193286565,-0.358145440323592,2.6885269624312205,-0.2544884306547635,-0.06589759600423688,-0.8382842205939496,1.4470975765821352
-0.1401098514754074,0.4870285058378622,-0.21303769768270914,-0.5090791928416813,-0.8024484737087255,-0.18935256184712382,-0.5090791928416813,-0.966303193286565,-0.358145440323592,1.2667544949459906,-0.2544884306547635,-1.4647903147656074,-0.8382842205939496,-0.8302468421979533
-0.1401098514754074,0.4870285058378622,-0.21303769768270914,0.10563880253243754,-0.8024484737087255,-0.18935256184712382,0.10563880253243754,-0.966303193286565,-0.358145440323592,-0.8659042062818543,-2.0219053307591675,-2.317448733820157,0.4446794137736925,-0.8302468421979533
-0.1401098514754074,0.4870285058378622,-0.21303769768270914,1.9497927886547946,-0.8024484737087255,-0.18935256184712382,1.9497927886547946,1.034871877633807,2.792161751651698,-0.8659042062818543,-2.0219053307591675,-0.06589759600423688,1.7276430481413345,-0.6615546630290579
1.8868661946544836,0.4870285058378622,3.719786198478163,2.3596047855708737,-0.8024484737087255,-0.18935256184712382,2.3596047855708737,1.034871877633807,-0.358145440323592,-0.8659042062818543,-2.0219053307591675,-0.06589759600423688,1.7276430481413345,-0.4085163942757147
-0.1401098514754074,-2.053267905293714,-0.21303769768270914,-0.713985191299721,-0.8024484737087255,-0.18935256184712382,-0.713985191299721,1.034871877633807,-0.358145440323592,0.5558682612033757,-0.2544884306547635,-0.06589759600423688,1.7276430481413345,-0.07113203593792379
-0.1401098514754074,0.4870285058378622,-0.21303769768270914,-0.30417319438364177,-0.8024484737087255,-0.18935256184712382,-0.30417319438364177,-0.966303193286565,-0.358145440323592,0.5558682612033757,-0.2544884306547635,-0.6787458346996944,-0.8382842205939496,0.5192905911532103
-0.1401098514754074,0.4870285058378622,-0.21303769768270914,0.10563880253243754,0.4350476606087318,-0.18935256184712382,0.10563880253243754,-0.966303193286565,-0.358145440323592,0.5558682612033757,-0.2544884306547635,-0.06589759600423688,-0.8382842205939496,2.206212382842165
-0.1401098514754074,0.4870285058378622,-0.21303769768270914,-0.30417319438364177,0.4350476606087318,-0.18935256184712382,-0.30417319438364177,-0.966303193286565,-0.358145440323592,1.2667544949459906,-0.2544884306547635,-0.06589759600423688,-0.8382842205939496,0.8566749494910012
-0.1401098514754074,0.4870285058378622,-0.21303769768270914,-0.5090791928416813,0.4350476606087318,-0.18935256184712382,-0.5090791928416813,-0.966303193286565,-0.358145440323592,0.5558682612033757,-0.2544884306547635,3.7177741385503267,-0.8382842205939496,1.531443666166583
-0.1401098514754074,0.4870285058378622,-0.21303769768270914,0.10563880253243754,-0.8024484737087255,-0.18935256184712382,0.10563880253243754,-0.966303193286565,-0.358145440323592,-0.8659042062818543,-0.2544884306547635,-0.06589759600423688,-0.8382842205939496,-0.07113203593792379
-0.1401098514754074,0.4870285058378622,-0.21303769768270914,0.9252627963645961,-0.8024484737087255,-0.18935256184712382,0.9252627963645961,1.034871877633807,-0.358145440323592,0.5558682612033757,-0.2544884306547635,-0.8919104394633318,1.7276430481413345,0.18190623281541937
-0.1401098514754074,0.4870285058378622,-0.21303769768270914,-0.0992671959256021,-0.8024484737087255,-0.18935256184712382,-0.0992671959256021,-0.966303193286565,-0.358145440323592,-0.8659042062818543,-0.2544884306547635,-0.06589759600423688,-0.8382842205939496,-0.5772085734446102
-0.1401098514754074,0.4870285058378622,-0.21303769768270914,0.7203567979065565,-0.8024484737087255,-0.18935256184712382,0.7203567979065565,-0.966303193286565,-0.358145440323592,-0.8659042062818543,-0.2544884306547635,-0.06589759600423688,1.7276430481413345,0.5192905911532103
-0.1401098514754074,-2.053267905293714,-0.21303769768270914,-0.0992671959256021,-0.8024484737087255,-0.18935256184712382,-0.0992671959256021,1.034871877633807,-0.358145440323592,-0.8659042062818543,-0.2544884306547635,-0.06589759600423688,0.4446794137736925,-0.15547812552237153
-0.1401098514754074,0.4870285058378622,-0.21303769768270914,-0.713985191299721,-0.8024484737087255,-0.18935256184712382,-0.713985191299721,1.034871877633807,-0.358145440323592,-0.8659042062818543,-0.2544884306547635,-0.05257480820650953,0.4446794137736925,0.603636680737658
-0.1401098514754074,0.4870285058378622,-0.21303769768270914,-0.30417319438364177,-0.8024484737087255,-0.18935256184712382,-0.30417319438364177,1.034871877633807,-0.358145440323592,-0.8659042062818543,-0.2544884306547635,-0.00854614825704895,-0.8382842205939496,-0.4085163942757147
-0.1401098514754074,0.4870285058378622,-0.21303769768270914,0.7203567979065565,-0.8024484737087255,-0.18935256184712382,0.7203567979065565,1.034871877633807,-0.358145440323592,-0.8659042062818543,1.5129284694496405,-0.06589759600423688,0.4446794137736925,0.6879827703221058
-0.1401098514754074,0.4870285058378622,-0.21303769768270914,0.10563880253243754,-0.8024484737087255,-0.18935256184712382,0.10563880253243754,-0.966303193286565,-0.358145440323592,-0.8659042062818543,1.5129284694496405,-0.00854614825704895,1.7276430481413345,0.09756014323097166
-0.1401098514754074,-2.053267905293714,-0.21303769768270914,0.3105448009904772,-0.8024484737087255,-0.18935256184712382,0.3105448009904772,1.034871877633807,2.792161751651698,0.5558682612033757,-0.2544884306547635,-2.290803158224702,0.4446794137736925,-0.4085163942757147
-0.1401098514754074,0.4870285058378622,-0.21303769768270914,-0.0992671959256021,-0.8024484737087255,-0.18935256184712382,-0.0992671959256021,1.034871877633807,-0.358145440323592,-0.8659042062818543,-0.2544884306547635,-0.33235335195878357,-0.8382842205939496,-0.7459007526135056
-0.1401098514754074,0.4870285058378622,-0.21303769768270914,1.7448867901967549,-0.8024484737087255,-0.18935256184712382,1.7448867901967549,1.034871877633807,-0.358145440323592,-0.8659042062818543,-2.0219053307591675,-0.05257480820650953,1.7276430481413345,0.18190623281541937
-0.1401098514754074,-2.053267905293714,-0.21303769768270914,-0.30417319438364177,1.672543794926189,-0.18935256184712382,-0.30417319438364177,1.034871877633807,-0.358145440323592,-0.8659042062818543,-0.2544884306547635,-0.05257480820650953,0.4446794137736925,-0.9145929317824011
-0.1401098514754074,0.4870285058378622,-0.21303769768270914,-0.713985191299721,0.4350476606087318,-0.18935256184712382,-0.713985191299721,-0.966303193286565,-0.358145440323592,0.5558682612033757,-0.2544884306547635,-0.06589759600423688,-0.8382842205939496,1.531443666166583
-0.1401098514754074,-2.053267905293714,-0.21303769768270914,-0.5090791928416813,-0.8024484737087255,-0.18935256184712382,-0.5090791928416813,1.034871877633807,-0.358145440323592,-0.8659042062818543,-0.2544884306547635,-0.06589759600423688,0.4446794137736925,-0.7459007526135056
-0.1401098514754074,0.4870285058378622,-0.21303769768270914,-0.713985191299721,-0.8024484737087255,-0.18935256184712382,-0.713985191299721,1.034871877633807,-0.358145440323592,-0.8659042062818543,-0.2544884306547635,-0.06589759600423688,-0.8382842205939496,-0.4928624838601624
1.8868661946544836,-2.053267905293714,-0.21303769768270914,-0.5090791928416813,1.672543794926189,-0.18935256184712382,-0.5090791928416813,-0.966303193286565,-0.358145440323592,-0.8659042062818543,-2.0219053307591675,-0.05257480820650953,1.7276430481413345,-1.251977290120192
-0.1401098514754074,0.4870285058378622,-0.21303769768270914,-0.30417319438364177,-0.8024484737087255,-0.18935256184712382,-0.30417319438364177,-0.966303193286565,-0.358145440323592,0.5558682612033757,-0.2544884306547635,-0.06589759600423688,-0.8382842205939496,-0.23982421510681926
-0.1401098514754074,0.4870285058378622,-0.21303769768270914,-0.5090791928416813,-0.8024484737087255,-0.18935256184712382,-0.5090791928416813,-0.966303193286565,-0.358145440323592,0.5558682612033757,1.5129284694496405,-0.06589759600423688,-0.8382842205939496,-0.8302468421979533
-0.1401098514754074,0.4870285058378622,-0.21303769768270914,-0.5090791928416813,-0.8024484737087255,-0.18935256184712382,-0.5090791928416813,-0.966303193286565,-0.358145440323592,1.2667544949459906,-0.2544884306547635,-0.00854614825704895,-0.8382842205939496,-0.7459007526135056
-0.1401098514754074,0.4870285058378622,-0.21303769768270914,-0.713985191299721,-0.8024484737087255,-0.18935256184712382,-0.713985191299721,-0.966303193286565,-0.358145440323592,-0.8659042062818543,-0.2544884306547635,-0.06589759600423688,-0.8382842205939496,-0.32417030469126695
-0.1401098514754074,0.4870285058378622,-0.21303769768270914,-0.30417319438364177,-0.8024484737087255,-0.18935256184712382,-0.30417319438364177,1.034871877633807,-0.358145440323592,1.2667544949459906,-0.2544884306547635,-0.06589759600423688,0.4446794137736925,-0.8302468421979533
-0.1401098514754074,0.4870285058378622,1.7533742503977268,-0.0992671959256021,-0.8024484737087255,2.103311910014095,-0.0992671959256021,1.034871877633807,2.792161751651698,-0.8659042062818543,-2.0219053307591675,-0.06589759600423688,1.7276430481413345,-0.8302468421979533
-0.1401098514754074,0.4870285058378622,-0.21303769768270914,2.3596047855708737,-0.8024484737087255,-0.18935256184712382,2.3596047855708737,1.034871877633807,2.792161751651698,-0.8659042062818543,1.5129284694496405,-0.06589759600423688,1.7276430481413345,0.6879827703221058
-0.1401098514754074,0.4870285058378622,-0.21303769768270914,0.3105448009904772,-0.8024484737087255,-0.18935256184712382,0.3105448009904772,-0.966303193286565,-0.358145440323592,-0.8659042062818543,-2.0219053307591675,-0.00854614825704895,1.7276430481413345,-0.4928624838601624
-0.1401098514754074,0.4870285058378622,-0.21303769768270914,1.539980791738715,0.4350476606087318,-0.18935256184712382,1.539980791738715,-0.966303193286565,-0.358145440323592,-0.8659042062818543,-0.2544884306547635,-0.00854614825704895,1.7276430481413345,2.5435967411799556
-0.1401098514754074,0.4870285058378622,-0.21303769768270914,0.3105448009904772,-0.8024484737087255,-0.18935256184712382,0.3105448009904772,-0.966303193286565,-0.358145440323592,-0.8659042062818543,-2.0219053307591675,-0.06589759600423688,1.7276430481413345,-0.8302468421979533
-0.1401098514754074,0.4870285058378622,-0.21303769768270914,-0.713985191299721,-0.8024484737087255,-0.18935256184712382,-0.713985191299721,-0.966303193286565,-0.358145440323592,-0.8659042062818543,-0.2544884306547635,-0.06589759600423688,-0.8382842205939496,0.09756014323097166
-0.1401098514754074,0.4870285058378622,-0.21303769768270914,-0.5090791928416813,1.672543794926189,2.103311910014095,-0.5090791928416813,-0.966303193286565,-0.358145440323592,0.5558682612033757,-0.2544884306547635,-0.06589759600423688,-0.8382842205939496,-0.9989390213668488
-0.1401098514754074,0.4870285058378622,-0.21303769768270914,1.3350747932806755,-0.8024484737087255,-0.18935256184712382,1.3350747932806755,1.034871877633807,-0.358145440323592,-0.8659042062818543,1.5129284694496405,-0.06589759600423688,0.4446794137736925,-0.5772085734446102
-0.1401098514754074,0.4870285058378622,-0.21303769768270914,-0.713985191299721,1.672543794926189,-0.18935256184712382,-0.713985191299721,1.034871877633807,2.792161751651698,-0.8659042062818543,1.5129284694496405,-0.06589759600423688,1.7276430481413345,-0.9989390213668488
-0.1401098514754074,-2.053267905293714,-0.21303769768270914,-0.713985191299721,1.672543794926189,-0.18935256184712382,-0.713985191299721,-0.966303193286565,-0.358145440323592,-0.8659042062818543,-0.2544884306547635,-0.05257480820650953,-0.8382842205939496,-0.9989390213668488
-0.1401098514754074,0.4870285058378622,-0.21303769768270914,-0.713985191299721,-0.8024484737087255,-0.18935256184712382,-0.713985191299721,1.034871877633807,-0.358145440323592,0.5558682612033757,-0.2544884306547635,-0.06589759600423688,-0.8382842205939496,-0.7459007526135056
-0.1401098514754074,0.4870285058378622,-0.21303769768270914,0.5154507994485168,-0.8024484737087255,-0.18935256184712382,0.5154507994485168,1.034871877633807,-0.358145440323592,-0.8659042062818543,-0.2544884306547635,-0.06589759600423688,-0.8382842205939496,0.35059841198431485
-0.1401098514754074,-2.053267905293714,-0.21303769768270914,-0.0992671959256021,0.4350476606087318,-0.18935256184712382,-0.0992671959256021,-0.966303193286565,-0.358145440323592,0.5558682612033757,-0.2544884306547635,-0.38564450314969295,-0.8382842205939496,1.4470975765821352
-0.1401098514754074,0.4870285058378622,-0.21303769768270914,-0.5090791928416813,-0.8024484737087255,-0.18935256184712382,-0.5090791928416813,-0.966303193286565,-0.358145440323592,1.2667544949459906,-0.2544884306547635,-0.5988091079133303,-0.8382842205939496,-0.6615546630290579
-0.1401098514754074,0.4870285058378622,-0.21303769768270914,-0.713985191299721,0.4350476606087318,-0.18935256184712382,-0.713985191299721,-0.966303193286565,-0.358145440323592,0.5558682612033757,-0.2544884306547635,-0.05257480820650953,-0.8382842205939496,2.5435967411799556
-0.1401098514754074,0.4870285058378622,-0.21303769768270914,1.9497927886547946,0.4350476606087318,-0.18935256184712382,1.9497927886547946,1.034871877633807,-0.358145440323592,-0.8659042062818543,-0.2544884306547635,-0.06589759600423688,0.4446794137736925,2.121866293257717
-0.1401098514754074,-2.053267905293714,-0.21303769768270914,-0.713985191299721,-0.8024484737087255,-0.18935256184712382,-0.713985191299721,-0.966303193286565,-0.358145440323592,-0.8659042062818543,1.5129284694496405,-0.06589759600423688,1.7276430481413345,-0.15547812552237153
-0.1401098514754074,0.4870285058378622,-0.21303769768270914,-0.713985191299721,-0.8024484737087255,-0.18935256184712382,-0.713985191299721,1.034871877633807,-0.358145440323592,1.2667544949459906,-0.2544884306547635,-0.09254317159969154,-0.8382842205939496,0.5192905911532103
-0.1401098514754074,0.4870285058378622,-0.21303769768270914,-0.713985191299721,-0.8024484737087255,-0.18935256184712382,-0.713985191299721,-0.966303193286565,-0.358145440323592,-0.8659042062818543,1.5129284694496405,-0.05257480820650953,1.7276430481413345,-0.23982421510681926
-0.1401098514754074,0.4870285058378622,-0.21303769768270914,-0.5090791928416813,-0.8024484737087255,-0.18935256184712382,-0.5090791928416813,-0.966303193286565,-0.358145440323592,-0.8659042062818543,-0.2544884306547635,-0.06589759600423688,0.4446794137736925,-0.07113203593792379
-0.1401098514754074,0.4870285058378622,-0.21303769768270914,-0.713985191299721,-0.8024484737087255,-0.18935256184712382,-0.713985191299721,-0.966303193286565,-0.358145440323592,2.6885269624312205,-0.2544884306547635,-0.06589759600423688,-0.8382842205939496,-0.4085163942757147
-0.1401098514754074,-2.053267905293714,-0.21303769768270914,-0.713985191299721,-0.8024484737087255,-0.18935256184712382,-0.713985191299721,1.034871877633807,-0.358145440323592,0.5558682612033757,-0.2544884306547635,-0.06589759600423688,-0.8382842205939496,-0.32417030469126695
-0.1401098514754074,-2.053267905293714,-0.21303769768270914,-0.713985191299721,1.672543794926189,-0.18935256184712382,-0.713985191299721,1.034871877633807,-0.358145440323592,0.5558682612033757,-2.0219053307591675,-0.06589759600423688,1.7276430481413345,-1.251977290120192
-0.1401098514754074,0.4870285058378622,-0.21303769768270914,-0.30417319438364177,1.672543794926189,-0.18935256184712382,-0.30417319438364177,1.034871877633807,-0.358145440323592,1.2667544949459906,-0.2544884306547635,-0.06589759600423688,0.4446794137736925,-0.9989390213668488
-0.1401098514754074,0.4870285058378622,-0.21303769768270914,-0.0992671959256021,-0.8024484737087255,-0.18935256184712382,-0.0992671959256021,-0.966303193286565,-0.358145440323592,1.2667544949459906,-0.2544884306547635,-0.33235335195878357,-0.8382842205939496,0.35059841198431485
-0.1401098514754074,0.4870285058378622,-0.21303769768270914,-0.30417319438364177,-0.8024484737087255,-0.18935256184712382,-0.30417319438364177,-0.966303193286565,-0.358145440323592,-0.8659042062818543,-2.0219053307591675,-0.00854614825704895,1.7276430481413345,-0.23982421510681926
-0.1401098514754074,0.4870285058378622,1.7533742503977268,-0.5090791928416813,-0.8024484737087255,-0.18935256184712382,-0.5090791928416813,1.034871877633807,-0.358145440323592,0.5558682612033757,-0.2544884306547635,-0.06589759600423688,0.4446794137736925,-0.6615546630290579
-0.1401098514754074,0.4870285058378622,-0.21303769768270914,-0.713985191299721,1.672543794926189,-0.18935256184712382,-0.713985191299721,-0.966303193286565,-0.358145440323592,-0.8659042062818543,1.5129284694496405,-0.06589759600423688,-0.8382842205939496,-1.0832851109512964
-0.1401098514754074,0.4870285058378622,-0.21303769768270914,-0.713985191299721,-0.8024484737087255,-0.18935256184712382,-0.713985191299721,-0.966303193286565,-0.358145440323592,0.5558682612033757,-0.2544884306547635,-0.06589759600423688,-0.8382842205939496,-0.5772085734446102
-0.1401098514754074,0.4870285058378622,-0.21303769768270914,0.5154507994485168,-0.8024484737087255,-0.18935256184712382,0.5154507994485168,-0.966303193286565,-0.358145440323592,-0.8659042062818543,-0.2544884306547635,9.300022225798081,-0.8382842205939496,-0.4928624838601624
-0.1401098514754074,0.4870285058378622,-0.21303769768270914,-0.30417319438364177,-0.8024484737087255,-0.18935256184712382,-0.30417319438364177,-0.966303193286565,-0.358145440323592,-0.8659042062818543,-0.2544884306547635,-0.06589759600423688,-0.8382842205939496,-0.15547812552237153
-0.1401098514754074,0.4870285058378622,-0.21303769768270914,-0.5090791928416813,-0.8024484737087255,-0.18935256184712382,-0.5090791928416813,-0.966303193286565,-0.358145440323592,-0.8659042062818543,-0.2544884306547635,-0.05257480820650953,-0.8382842205939496,0.603636680737658
-0.1401098514754074,0.4870285058378622,-0.21303769768270914,1.9497927886547946,0.4350476606087318,-0.18935256184712382,1.9497927886547946,1.034871877633807,-0.358145440323592,2.6885269624312205,1.5129284694496405,-0.06589759600423688,0.4446794137736925,1.4470975765821352
-0.1401098514754074,0.4870285058378622,-0.21303769768270914,-0.713985191299721,-0.8024484737087255,-0.18935256184712382,-0.713985191299721,1.034871877633807,2.792161751651698,-0.8659042062818543,-0.2544884306547635,-0.06589759600423688,-0.8382842205939496,0.6879827703221058
-0.1401098514754074,-2.053267905293714,-0.21303769768270914,-0.713985191299721,0.4350476606087318,-0.18935256184712382,-0.713985191299721,-0.966303193286565,-0.358145440323592,0.5558682612033757,-0.2544884306547635,-0.11918874719514622,-0.8382842205939496,1.8688280245043738
-0.1401098514754074,-2.053267905293714,-0.21303769768270914,1.1301687948226358,-0.8024484737087255,-0.18935256184712382,1.1301687948226358,1.034871877633807,-0.358145440323592,-0.8659042062818543,1.5129284694496405,-0.06589759600423688,0.4446794137736925,-0.4928624838601624
-0.1401098514754074,0.4870285058378622,-0.21303769768270914,0.3105448009904772,-0.8024484737087255,-0.18935256184712382,0.3105448009904772,-0.966303193286565,-0.358145440323592,0.5558682612033757,-0.2544884306547635,-0.6787458346996944,-0.8382842205939496,0.7723288599065534
-0.1401098514754074,-2.053267905293714,-0.21303769768270914,0.10563880253243754,-0.8024484737087255,-0.18935256184712382,0.10563880253243754,1.034871877633807,-0.358145440323592,0.5558682612033757,-0.2544884306547635,-0.06589759600423688,-0.8382842205939496,0.4349445015687626
-0.1401098514754074,0.4870285058378622,-0.21303769768270914,-0.713985191299721,-0.8024484737087255,-0.18935256184712382,-0.713985191299721,-0.966303193286565,-0.358145440323592,1.2667544949459906,-0.2544884306547635,-0.05257480820650953,-0.8382842205939496,0.2662523223998671
-0.1401098514754074,0.4870285058378622,-0.21303769768270914,-0.30417319438364177,-0.8024484737087255,-0.18935256184712382,-0.30417319438364177,1.034871877633807,-0.358145440323592,-0.8659042062818543,-0.2544884306547635,-0.06589759600423688,-0.8382842205939496,-0.4928624838601624
-0.1401098514754074,-2.053267905293714,-0.21303769768270914,-0.5090791928416813,0.4350476606087318,-0.18935256184712382,-0.5090791928416813,-0.966303193286565,-0.358145440323592,0.5558682612033757,-0.2544884306547635,-0.06589759600423688,-0.8382842205939496,1.531443666166583
-0.1401098514754074,0.4870285058378622,-0.21303769768270914,0.7203567979065565,0.4350476606087318,-0.18935256184712382,0.7203567979065565,-0.966303193286565,-0.358145440323592,0.5558682612033757,-0.2544884306547635,-0.05257480820650953,-0.8382842205939496,1.6157897557510308
-0.1401098514754074,0.4870285058378622,-0.21303769768270914,-0.713985191299721,0.4350476606087318,-0.18935256184712382,-0.713985191299721,-0.966303193286565,-0.358145440323592,0.5558682612033757,-0.2544884306547635,-0.06589759600423688,-0.8382842205939496,2.8809810995177467
-0.1401098514754074,0.4870285058378622,-0.21303769768270914,-0.713985191299721,-0.8024484737087255,-0.18935256184712382,-0.713985191299721,-0.966303193286565,-0.358145440323592,-0.8659042062818543,-0.2544884306547635,-0.06589759600423688,-0.8382842205939496,-0.4928624838601624
-0.1401098514754074,-2.053267905293714,-0.21303769768270914,-0.713985191299721,1.672543794926189,-0.18935256184712382,-0.713985191299721,-0.966303193286565,-0.358145440323592,-0.8659042062818543,1.5129284694496405,-0.06589759600423688,0.4446794137736925,-1.251977290120192
-0.1401098514754074,0.4870285058378622,-0.21303769768270914,-0.713985191299721,-0.8024484737087255,-0.18935256184712382,-0.713985191299721,-0.966303193286565,-0.358145440323592,2.6885269624312205,-0.2544884306547635,-0.07922038380196421,-0.8382842205939496,0.2662523223998671
-0.1401098514754074,0.4870285058378622,-0.21303769768270914,-0.30417319438364177,-0.8024484737087255,-0.18935256184712382,-0.30417319438364177,1.034871877633807,-0.358145440323592,0.5558682612033757,-0.2544884306547635,-0.06589759600423688,0.4446794137736925,0.603636680737658
-0.1401098514754074,-2.053267905293714,-0.21303769768270914,-0.5090791928416813,-0.8024484737087255,-0.18935256184712382,-0.5090791928416813,1.034871877633807,-0.358145440323592,-0.8659042062818543,-0.2544884306547635,-0.06589759600423688,-0.8382842205939496,-0.7459007526135056
5.940818286914266,0.4870285058378622,-0.21303769768270914,1.9497927886547946,-0.8024484737087255,-0.18935256184712382,1.9497927886547946,-0.966303193286565,-0.358145440323592,-0.8659042062818543,1.5129284694496405,-0.06589759600423688,1.7276430481413345,0.013214053646523933
-0.1401098514754074,0.4870285058378622,-0.21303769768270914,-0.713985191299721,-0.8024484737087255,-0.18935256184712382,-0.713985191299721,-0.966303193286565,-0.358145440323592,0.5558682612033757,-0.2544884306547635,-0.06589759600423688,-0.8382842205939496,0.603636680737658
-0.1401098514754074,0.4870285058378622,-0.21303769768270914,3.7939467747771514,-0.8024484737087255,-0.18935256184712382,3.7939467747771514,1.034871877633807,-0.358145440323592,-0.8659042062818543,-0.2544884306547635,-0.06589759600423688,0.4446794137736925,-0.07113203593792379
-0.1401098514754074,0.4870285058378622,-0.21303769768270914,0.3105448009904772,-0.8024484737087255,-0.18935256184712382,0.3105448009904772,1.034871877633807,-0.358145440323592,2.6885269624312205,-0.2544884306547635,-0.06589759600423688,1.7276430481413345,-0.4085163942757147
-0.1401098514754074,0.4870285058378622,-0.21303769768270914,-0.5090791928416813,0.4350476606087318,-0.18935256184712382,-0.5090791928416813,-0.966303193286565,-0.358145440323592,0.5558682612033757,-0.2544884306547635,-0.06589759600423688,-0.8382842205939496,1.7844819349199261
-0.1401098514754074,0.4870285058378622,-0.21303769768270914,-0.713985191299721,1.672543794926189,-0.18935256184712382,-0.713985191299721,1.034871877633807,-0.358145440323592,-0.8659042062818543,1.5129284694496405,-0.05257480820650953,-0.8382842205939496,-1.251977290120192
-0.1401098514754074,0.4870285058378622,-0.21303769768270914,-0.713985191299721,-0.8024484737087255,-0.18935256184712382,-0.713985191299721,-0.966303193286565,-0.358145440323592,-0.8659042062818543,-0.2544884306547635,-0.09254317159969154,-0.8382842205939496,0.4349445015687626
-0.1401098514754074,0.4870285058378622,1.7533742503977268,0.5154507994485168,1.672543794926189,-0.18935256184712382,0.5154507994485168,1.034871877633807,-0.358145440323592,-0.8659042062818543,-2.0219053307591675,-0.05257480820650953,1.7276430481413345,-0.9145929317824011
-0.1401098514754074,0.4870285058378622,-0.21303769768270914,-0.30417319438364177,-0.8024484737087255,-0.18935256184712382,-0.30417319438364177,1.034871877633807,2.792161751651698,-0.1550179725392393,1.5129284694496405,-0.06589759600423688,-0.8382842205939496,-0.7459007526135056
-0.1401098514754074,0.4870285058378622,-0.21303769768270914,0.7203567979065565,0.4350476606087318,-0.18935256184712382,0.7203567979065565,1.034871877633807,2.792161751651698,0.5558682612033757,-0.2544884306547635,-0.06589759600423688,-0.8382842205939496,1.3627514869976876
-0.1401098514754074,0.4870285058378622,-0.21303769768270914,-0.713985191299721,-0.8024484737087255,-0.18935256184712382,-0.713985191299721,-0.966303193286565,-0.358145440323592,0.5558682612033757,-0.2544884306547635,-0.06589759600423688,-0.8382842205939496,0.35059841198431485
-0.1401098514754074,0.4870285058378622,-0.21303769768270914,-0.0992671959256021,-0.8024484737087255,-0.18935256184712382,-0.0992671959256021,-0.966303193286565,-0.358145440323592,0.5558682612033757,-0.2544884306547635,-0.06589759600423688,-0.8382842205939496,-0.4085163942757147
-0.1401098514754074,0.4870285058378622,-0.21303769768270914,-0.30417319438364177,0.4350476606087318,-0.18935256184712382,-0.30417319438364177,-0.966303193286565,-0.358145440323592,-0.8659042062818543,-0.2544884306547635,-0.06589759600423688,-0.8382842205939496,1.531443666166583
-0.1401098514754074,-2.053267905293714,-0.21303769768270914,-0.713985191299721,-0.8024484737087255,-0.18935256184712382,-0.713985191299721,-0.966303193286565,-0.358145440323592,2.6885269624312205,-0.2544884306547635,-0.06589759600423688,-0.8382842205939496,-0.6615546630290579
-0.1401098514754074,0.4870285058378622,-0.21303769768270914,-0.713985191299721,1.672543794926189,-0.18935256184712382,-0.713985191299721,-0.966303193286565,-0.358145440323592,-0.8659042062818543,-0.2544884306547635,-0.06589759600423688,-0.8382842205939496,-0.9989390213668488
1.8868661946544836,0.4870285058378622,1.7533742503977268,1.1301687948226358,-0.8024484737087255,-0.18935256184712382,1.1301687948226358,1.034871877633807,-0.358145440323592,0.5558682612033757,1.5129284694496405,-0.06589759600423688,1.7276430481413345,-0.4928624838601624
-0.1401098514754074,0.4870285058378622,-0.21303769768270914,3.998852773235191,0.4350476606087318,-0.18935256184712382,3.998852773235191,1.034871877633807,-0.358145440323592,2.6885269624312205,-0.2544884306547635,-0.06589759600423688,-0.8382842205939496,2.3749045620110603
-0.1401098514754074,0.4870285058378622,-0.21303769768270914,-0.713985191299721,1.672543794926189,-0.18935256184712382,-0.713985191299721,1.034871877633807,-0.358145440323592,-0.8659042062818543,1.5129284694496405,-0.06589759600423688,0.4446794137736925,-1.0832851109512964
-0.1401098514754074,-2.053267905293714,-0.21303769768270914,-0.713985191299721,-0.8024484737087255,-0.18935256184712382,-0.713985191299721,-0.966303193286565,-0.358145440323592,2.6885269624312205,-0.2544884306547635,-0.06589759600423688,-0.8382842205939496,0.35059841198431485
-0.1401098514754074,0.4870285058378622,-0.21303769768270914,0.10563880253243754,1.672543794926189,-0.18935256184712382,0.10563880253243754,-0.966303193286565,-0.358145440323592,0.5558682612033757,-0.2544884306547635,-0.06589759600423688,1.7276430481413345,-0.9145929317824011
-0.1401098514754074,0.4870285058378622,-0.21303769768270914,-0.30417319438364177,1.672543794926189,-0.18935256184712382,-0.30417319438364177,1.034871877633807,-0.358145440323592,-0.8659042062818543,1.5129284694496405,-0.05257480820650953,1.7276430481413345,-1.1676312005357443
-0.1401098514754074,0.4870285058378622,-0.21303769768270914,-0.713985191299721,-0.8024484737087255,-0.18935256184712382,-0.713985191299721,-0.966303193286565,-0.358145440323592,-0.8659042062818543,-0.2544884306547635,-0.06589759600423688,-0.8382842205939496,-0.6615546630290579
-0.1401098514754074,0.4870285058378622,-0.21303769768270914,-0.5090791928416813,-0.8024484737087255,-0.18935256184712382,-0.5090791928416813,-0.966303193286565,-0.358145440323592,0.5558682612033757,-0.2544884306547635,-0.06589759600423688,-0.8382842205939496,0.7723288599065534
-0.1401098514754074,0.4870285058378622,-0.21303769768270914,-0.5090791928416813,-0.8024484737087255,-0.18935256184712382,-0.5090791928416813,-0.966303193286565,-0.358145440323592,-0.8659042062818543,-0.2544884306547635,-0.06589759600423688,-0.8382842205939496,-0.4085163942757147
-0.1401098514754074,-2.053267905293714,-0.21303769768270914,-0.713985191299721,-0.8024484737087255,-0.18935256184712382,-0.713985191299721,-0.966303193286565,-0.358145440323592,-0.8659042062818543,-0.2544884306547635,-0.00854614825704895,-0.8382842205939496,-0.4928624838601624
-0.1401098514754074,-2.053267905293714,-0.21303769768270914,-0.5090791928416813,-0.8024484737087255,-0.18935256184712382,-0.5090791928416813,1.034871877633807,-0.358145440323592,0.5558682612033757,-0.2544884306547635,-0.09254317159969154,-0.8382842205939496,0.7723288599065534
1.8868661946544836,0.4870285058378622,-0.21303769768270914,-0.5090791928416813,-0.8024484737087255,-0.18935256184712382,-0.5090791928416813,1.034871877633807,-0.358145440323592,-0.8659042062818543,-0.2544884306547635,-0.05257480820650953,0.4446794137736925,-0.6615546630290579
-0.1401098514754074,0.4870285058378622,-0.21303769768270914,1.1301687948226358,-0.8024484737087255,-0.18935256184712382,1.1301687948226358,1.034871877633807,-0.358145440323592,0.5558682612033757,1.5129284694496405,-0.06589759600423688,0.4446794137736925,-0.4085163942757147
-0.1401098514754074,-2.053267905293714,-0.21303769768270914,-0.5090791928416813,-0.8024484737087255,-0.18935256184712382,-0.5090791928416813,-0.966303193286565,-0.358145440323592,-0.8659042062818543,-0.2544884306547635,-0.06589759600423688,-0.8382842205939496,-0.4085163942757147
-0.1401098514754074,0.4870285058378622,-0.21303769768270914,-0.5090791928416813,-0.8024484737087255,-0.18935256184712382,-0.5090791928416813,-0.966303193286565,-0.358145440323592,0.5558682612033757,-0.2544884306547635,-0.09254317159969154,-0.8382842205939496,0.603636680737658
-0.1401098514754074,-2.053267905293714,-0.21303769768270914,-0.0992671959256021,1.672543794926189,-0.18935256184712382,-0.0992671959256021,1.034871877633807,-0.358145440323592,0.5558682612033757,-0.2544884306547635,-0.06589759600423688,1.7276430481413345,-1.0832851109512964
-0.1401098514754074,0.4870285058378622,-0.21303769768270914,-0.5090791928416813,0.4350476606087318,-0.18935256184712382,-0.5090791928416813,-0.966303193286565,-0.358145440323592,0.5558682612033757,-0.2544884306547635,-0.33235335195878357,-0.8382842205939496,1.531443666166583
-0.1401098514754074,-2.053267905293714,-0.21303769768270914,-0.713985191299721,0.4350476606087318,-0.18935256184712382,-0.713985191299721,1.034871877633807,-0.358145440323592,2.6885269624312205,-0.2544884306547635,-0.06589759600423688,-0.8382842205939496,1.9531741140888217
-0.1401098514754074,0.4870285058378622,-0.21303769768270914,-0.713985191299721,-0.8024484737087255,-0.18935256184712382,-0.713985191299721,1.034871877633807,-0.358145440323592,-0.8659042062818543,-0.2544884306547635,-0.06589759600423688,-0.8382842205939496,0.7723288599065534
-0.1401098514754074,0.4870285058378622,-0.21303769768270914,-0.713985191299721,0.4350476606087318,-0.18935256184712382,-0.713985191299721,-0.966303193286565,-0.358145440323592,-0.8659042062818543,-0.2544884306547635,-0.05257480820650953,-0.8382842205939496,1.4470975765821352
-0.1401098514754074,0.4870285058378622,-0.21303769768270914,-0.713985191299721,-0.8024484737087255,-0.18935256184712382,-0.713985191299721,-0.966303193286565,-0.358145440323592,-0.8659042062818543,1.5129284694496405,-0.06589759600423688,1.7276430481413345,0.2662523223998671
-0.1401098514754074,-2.053267905293714,-0.21303769768270914,-0.713985191299721,1.672543794926189,-0.18935256184712382,-0.713985191299721,-0.966303193286565,-0.358145440323592,0.5558682612033757,1.5129284694496405,-0.06589759600423688,1.7276430481413345,-0.9145929317824011
-0.1401098514754074,0.4870285058378622,-0.21303769768270914,0.3105448009904772,-0.8024484737087255,-0.18935256184712382,0.3105448009904772,1.034871877633807,-0.358145440323592,0.5558682612033757,-0.2544884306547635,3.571223472775326,0.4446794137736925,-0.23982421510681926
-0.1401098514754074,-2.053267905293714,-0.21303769768270914,-0.5090791928416813,-0.8024484737087255,-0.18935256184712382,-0.5090791928416813,-0.966303193286565,-0.358145440323592,-0.8659042062818543,-0.2544884306547635,-0.585486320115603,-0.8382842205939496,-0.4928624838601624
-0.1401098514754074,0.4870285058378622,-0.21303769768270914,-0.713985191299721,-0.8024484737087255,-0.18935256184712382,-0.713985191299721,-0.966303193286565,-0.358145440323592,0.5558682612033757,-0.2544884306547635,-0.06589759600423688,-0.8382842205939496,-0.23982421510681926
-0.1401098514754074,0.4870285058378622,-0.21303769768270914,-0.713985191299721,1.672543794926189,-0.18935256184712382,-0.713985191299721,1.034871877633807,-0.358145440323592,-0.8659042062818543,-2.0219053307591675,-0.06589759600423688,1.7276430481413345,-1.1676312005357443
-0.1401098514754074,0.4870285058378622,-0.21303769768270914,-0.30417319438364177,-0.8024484737087255,2.103311910014095,-0.30417319438364177,-0.966303193286565,-0.358145440323592,0.5558682612033757,-0.2544884306547635,3.8510020165276,-0.8382842205939496,-0.23982421510681926
-0.1401098514754074,0.4870285058378622,-0.21303769768270914,-0.5090791928416813,0.4350476606087318,-0.18935256184712382,-0.5090791928416813,-0.966303193286565,-0.358145440323592,0.5558682612033757,-0.2544884306547635,-0.05257480820650953,-0.8382842205939496,1.7844819349199261
-0.1401098514754074,-2.053267905293714,-0.21303769768270914,-0.5090791928416813,1.672543794926189,-0.18935256184712382,-0.5090791928416813,-0.966303193286565,-0.358145440323592,-0.8659042062818543,1.5129284694496405,-0.06589759600423688,1.7276430481413345,-0.9145929317824011
-0.1401098514754074,0.4870285058378622,-0.21303769768270914,-0.713985191299721,1.672543794926189,-0.18935256184712382,-0.713985191299721,1.034871877633807,2.792161751651698,1.2667544949459906,-0.2544884306547635,-0.06589759600423688,-0.8382842205939496,-0.9989390213668488
-0.1401098514754074,0.4870285058378622,-0.21303769768270914,-0.30417319438364177,0.4350476606087318,-0.18935256184712382,-0.30417319438364177,-0.966303193286565,-0.358145440323592,0.5558682612033757,-0.2544884306547635,-0.06589759600423688,-0.8382842205939496,1.4470975765821352
-0.1401098514754074,0.4870285058378622,-0.21303769768270914,-0.5090791928416813,1.672543794926189,-0.18935256184712382,-0.5090791928416813,-0.966303193286565,-0.358145440323592,1.2667544949459906,-0.2544884306547635,-0.11918874719514622,-0.8382842205939496,-0.9989390213668488
-0.1401098514754074,0.4870285058378622,-0.21303769768270914,-0.30417319438364177,-0.8024484737087255,-0.18935256184712382,-0.30417319438364177,-0.966303193286565,-0.358145440323592,0.5558682612033757,-0.2544884306547635,-0.06589759600423688,-0.8382842205939496,0.35059841198431485
-0.1401098514754074,-2.053267905293714,-0.21303769768270914,-0.713985191299721,1.672543794926189,-0.18935256184712382,-0.713985191299721,-0.966303193286565,-0.358145440323592,0.5558682612033757,1.5129284694496405,-0.06589759600423688,0.4446794137736925,-0.9989390213668488
-0.1401098514754074,-2.053267905293714,-0.21303769768270914,1.3350747932806755,-0.8024484737087255,2.103311910014095,1.3350747932806755,1.034871877633807,-0.358145440323592,0.5558682612033757,-0.2544884306547635,-0.06589759600423688,-0.8382842205939496,-0.4928624838601624
-0.1401098514754074,0.4870285058378622,-0.21303769768270914,-0.713985191299721,-0.8024484737087255,-0.18935256184712382,-0.713985191299721,-0.966303193286565,-0.358145440323592,-0.8659042062818543,-0.2544884306547635,-0.06589759600423688,-0.8382842205939496,-0.4085163942757147
-0.1401098514754074,0.4870285058378622,-0.21303769768270914,-0.0992671959256021,-0.8024484737087255,-0.18935256184712382,-0.0992671959256021,1.034871877633807,-0.358145440323592,-0.8659042062818543,-0.2544884306547635,-0.06589759600423688,-0.8382842205939496,0.5192905911532103
-0.1401098514754074,-2.053267905293714,-0.21303769768270914,-0.0992671959256021,-0.8024484737087255,-0.18935256184712382,-0.0992671959256021,-0.966303193286565,-0.358145440323592,-0.8659042062818543,-0.2544884306547635,-0.06589759600423688,-0.8382842205939496,-0.5772085734446102
-0.1401098514754074,0.4870285058378622,3.719786198478163,-0.713985191299721,1.672543794926189,-0.18935256184712382,-0.713985191299721,1.034871877633807,-0.358145440323592,-0.8659042062818543,1.5129284694496405,-0.06589759600423688,-0.8382842205939496,-1.0832851109512964
-0.1401098514754074,0.4870285058378622,-0.21303769768270914,-0.713985191299721,-0.8024484737087255,-0.18935256184712382,-0.713985191299721,1.034871877633807,-0.358145440323592,-0.8659042062818543,-0.2544884306547635,-0.00854614825704895,1.7276430481413345,-0.32417030469126695
-0.1401098514754074,0.4870285058378622,-0.21303769768270914,-0.0992671959256021,-0.8024484737087255,-0.18935256184712382,-0.0992671959256021,1.034871877633807,-0.358145440323592,0.5558682612033757,1.5129284694496405,-1.2516257100019699,0.4446794137736925,-0.15547812552237153
-0.1401098514754074,0.4870285058378622,-0.21303769768270914,0.7203567979065565,-0.8024484737087255,-0.18935256184712382,0.7203567979065565,1.034871877633807,-0.358145440323592,0.5558682612033757,-2.0219053307591675,-0.06589759600423688,1.7276430481413345,-0.5772085734446102
-0.1401098514754074,0.4870285058378622,-0.21303769768270914,0.5154507994485168,-0.8024484737087255,-0.18935256184712382,0.5154507994485168,1.034871877633807,2.792161751651698,1.2667544949459906,-0.2544884306547635,-0.00854614825704895,0.4446794137736925,-0.4085163942757147
-0.1401098514754074,0.4870285058378622,-0.21303769768270914,-0.5090791928416813,1.672543794926189,-0.18935256184712382,-0.5090791928416813,-0.966303193286565,-0.358145440323592,2.6885269624312205,1.5129284694496405,13.030402809161735,-0.8382842205939496,-1.1676312005357443
-0.1401098514754074,0.4870285058378622,-0.21303769768270914,0.5154507994485168,0.4350476606087318,-0.18935256184712382,0.5154507994485168,1.034871877633807,-0.358145440323592,-0.8659042062818543,1.5129284694496405,4.876856676952605,1.7276430481413345,1.8688280245043738
-0.1401098514754074,-2.053267905293714,-0.21303769768270914,-0.713985191299721,1.672543794926189,-0.18935256184712382,-0.713985191299721,1.034871877633807,-0.358145440323592,-0.8659042062818543,1.5129284694496405,-0.06589759600423688,0.4446794137736925,-1.251977290120192
1.8868661946544836,0.4870285058378622,-0.21303769768270914,-0.5090791928416813,1.672543794926189,-0.18935256184712382,-0.5090791928416813,1.034871877633807,-0.358145440323592,-0.8659042062818543,-2.0219053307591675,-0.06589759600423688,1.7276430481413345,-1.1676312005357443
-0.1401098514754074,0.4870285058378622,-0.21303769768270914,-0.30417319438364177,-0.8024484737087255,-0.18935256184712382,-0.30417319438364177,-0.966303193286565,-0.358145440323592,-0.8659042062818543,-0.2544884306547635,-0.06589759600423688,-0.8382842205939496,-0.8302468421979533
-0.1401098514754074,0.4870285058378622,-0.21303769768270914,-0.30417319438364177,-0.8024484737087255,-0.18935256184712382,-0.30417319438364177,-0.966303193286565,-0.358145440323592,-0.8659042062818543,-0.2544884306547635,-0.06589759600423688,-0.8382842205939496,-0.6615546630290579
-0.1401098514754074,0.4870285058378622,-0.21303769768270914,1.7448867901967549,-0.8024484737087255,-0.18935256184712382,1.7448867901967549,1.034871877633807,-0.358145440323592,-0.8659042062818543,1.5129284694496405,-0.06589759600423688,1.7276430481413345,-0.6615546630290579
-0.1401098514754074,0.4870285058378622,-0.21303769768270914,-0.713985191299721,-0.8024484737087255,-0.18935256184712382,-0.713985191299721,1.034871877633807,2.792161751651698,-0.8659042062818543,-0.2544884306547635,-0.06589759600423688,-0.8382842205939496,0.18190623281541937
-0.1401098514754074,0.4870285058378622,-0.21303769768270914,-0.5090791928416813,-0.8024484737087255,-0.18935256184712382,-0.5090791928416813,-0.966303193286565,-0.358145440323592,1.2667544949459906,-0.2544884306547635,-1.6246637683383354,-0.8382842205939496,0.603636680737658
-0.1401098514754074,0.4870285058378622,-0.21303769768270914,-0.713985191299721,1.672543794926189,-0.18935256184712382,-0.713985191299721,-0.966303193286565,-0.358145440323592,1.2667544949459906,1.5129284694496405,-0.05257480820650953,0.4446794137736925,-1.1676312005357443
-0.1401098514754074,0.4870285058378622,-0.21303769768270914,-0.713985191299721,-0.8024484737087255,-0.18935256184712382,-0.713985191299721,-0.966303193286565,-0.358145440323592,0.5558682612033757,1.5129284694496405,-0.06589759600423688,-0.8382842205939496,-0.5772085734446102
-0.1401098514754074,0.4870285058378622,-0.21303769768270914,-0.0992671959256021,-0.8024484737087255,-0.18935256184712382,-0.0992671959256021,1.034871877633807,2.792161751651698,-0.8659042062818543,-0.2544884306547635,-0.06589759600423688,-0.8382842205939496,0.09756014323097166
-0.1401098514754074,0.4870285058378622,-0.21303769768270914,-0.5090791928416813,-0.8024484737087255,-0.18935256184712382,-0.5090791928416813,-0.966303193286565,-0.358145440323592,0.5558682612033757,-0.2544884306547635,-0.06589759600423688,0.4446794137736925,0.18190623281541937
-0.1401098514754074,0.4870285058378622,-0.21303769768270914,-0.713985191299721,1.672543794926189,-0.18935256184712382,-0.713985191299721,-0.966303193286565,-0.358145440323592,-0.1550179725392393,-0.2544884306547635,-0.05257480820650953,-0.8382842205939496,-0.9145929317824011
-0.1401098514754074,0.4870285058378622,-0.21303769768270914,-0.5090791928416813,-0.8024484737087255,-0.18935256184712382,-0.5090791928416813,-0.966303193286565,-0.358145440323592,0.5558682612033757,-0.2544884306547635,-0.06589759600423688,-0.8382842205939496,0.013214053646523933
-0.1401098514754074,0.4870285058378622,-0.21303769768270914,-0.713985191299721,0.4350476606087318,-0.18935256184712382,-0.713985191299721,1.034871877633807,2.792161751651698,-0.8659042062818543,-0.2544884306547635,-0.05257480820650953,-0.8382842205939496,1.531443666166583
-0.1401098514754074,0.4870285058378622,-0.21303769768270914,-0.30417319438364177,0.4350476606087318,-0.18935256184712382,-0.30417319438364177,-0.966303193286565,-0.358145440323592,0.5558682612033757,-0.2544884306547635,-0.06589759600423688,-0.8382842205939496,0.9410210390754489
-0.1401098514754074,0.4870285058378622,-0.21303769768270914,-0.5090791928416813,-0.8024484737087255,-0.18935256184712382,-0.5090791928416813,1.034871877633807,-0.358145440323592,-0.8659042062818543,-0.2544884306547635,-0.06589759600423688,-0.8382842205939496,0.603636680737658
-0.1401098514754074,0.4870285058378622,-0.21303769768270914,-0.713985191299721,-0.8024484737087255,-0.18935256184712382,-0.713985191299721,-0.966303193286565,-0.358145440323592,1.2667544949459906,-0.2544884306547635,-0.06589759600423688,-0.8382842205939496,-0.5772085734446102
-0.1401098514754074,0.4870285058378622,-0.21303769768270914,1.539980791738715,0.4350476606087318,-0.18935256184712382,1.539980791738715,1.034871877633807,-0.358145440323592,0.5558682612033757,-0.2544884306547635,-1.6779549195292447,0.4446794137736925,0.9410210390754489
-0.1401098514754074,-2.053267905293714,-0.21303769768270914,-0.5090791928416813,-0.8024484737087255,-0.18935256184712382,-0.5090791928416813,-0.966303193286565,-0.358145440323592,0.5558682612033757,-0.2544884306547635,-0.00854614825704895,-0.8382842205939496,0.5192905911532103
-0.1401098514754074,0.4870285058378622,-0.21303769768270914,-0.5090791928416813,-0.8024484737087255,-0.18935256184712382,-0.5090791928416813,-0.966303193286565,-0.358145440323592,1.2667544949459906,-0.2544884306547635,-1.2516257100019699,-0.8382842205939496,-0.15547812552237153
-0.1401098514754074,0.4870285058378622,-0.21303769768270914,-0.30417319438364177,0.4350476606087318,-0.18935256184712382,-0.30417319438364177,1.034871877633807,2.792161751651698,0.5558682612033757,-0.2544884306547635,-0.06589759600423688,-0.8382842205939496,1.2784053974132399
-0.1401098514754074,0.4870285058378622,-0.21303769768270914,0.5154507994485168,-0.8024484737087255,-0.18935256184712382,0.5154507994485168,1.034871877633807,2.792161751651698,-0.8659042062818543,-0.2544884306547635,-0.06589759600423688,0.4446794137736925,0.18190623281541937
-0.1401098514754074,-2.053267905293714,-0.21303769768270914,-0.0992671959256021,-0.8024484737087255,-0.18935256184712382,-0.0992671959256021,-0.966303193286565,-0.358145440323592,-0.8659042062818543,-0.2544884306547635,-0.2657394129701469,0.4446794137736925,-0.5772085734446102
-0.1401098514754074,0.4870285058378622,1.7533742503977268,-0.5090791928416813,1.672543794926189,-0.18935256184712382,-0.5090791928416813,-0.966303193286565,-0.358145440323592,-0.8659042062818543,1.5129284694496405,-0.06589759600423688,1.7276430481413345,-1.1676312005357443
-0.1401098514754074,-2.053267905293714,-0.21303769768270914,-0.0992671959256021,0.4350476606087318,-0.18935256184712382,-0.0992671959256021,-0.966303193286565,-0.358145440323592,-0.8659042062818543,-0.2544884306547635,-0.2923849885656016,-0.8382842205939496,1.9531741140888217
-0.1401098514754074,0.4870285058378622,-0.21303769768270914,-0.713985191299721,0.4350476606087318,-0.18935256184712382,-0.713985191299721,-0.966303193286565,-0.358145440323592,0.5558682612033757,-0.2544884306547635,-0.10586595939741889,-0.8382842205939496,1.6157897557510308
-0.1401098514754074,0.4870285058378622,-0.21303769768270914,-0.713985191299721,1.672543794926189,-0.18935256184712382,-0.713985191299721,1.034871877633807,-0.358145440323592,-0.8659042062818543,-0.2544884306547635,-0.05257480820650953,-0.8382842205939496,-0.9989390213668488
-0.1401098514754074,0.4870285058378622,-0.21303769768270914,-0.30417319438364177,-0.8024484737087255,-0.18935256184712382,-0.30417319438364177,-0.966303193286565,-0.358145440323592,-0.8659042062818543,1.5129284694496405,-1.3315624367883339,1.7276430481413345,-0.8302468421979533
-0.1401098514754074,0.4870285058378622,-0.21303769768270914,0.10563880253243754,-0.8024484737087255,-0.18935256184712382,0.10563880253243754,1.034871877633807,-0.358145440323592,-0.8659042062818543,1.5129284694496405,-0.06589759600423688,0.4446794137736925,-0.4928624838601624
1.8868661946544836,0.4870285058378622,-0.21303769768270914,2.3596047855708737,-0.8024484737087255,-0.18935256184712382,2.3596047855708737,-0.966303193286565,-0.358145440323592,-0.8659042062818543,1.5129284694496405,-0.06589759600423688,1.7276430481413345,0.4349445015687626
-0.1401098514754074,0.4870285058378622,-0.21303769768270914,-0.5090791928416813,-0.8024484737087255,-0.18935256184712382,-0.5090791928416813,-0.966303193286565,-0.358145440323592,-0.8659042062818543,-0.2544884306547635,-0.05257480820650953,-0.8382842205939496,0.09756014323097166
-0.1401098514754074,0.4870285058378622,-0.21303769768270914,-0.713985191299721,-0.8024484737087255,-0.18935256184712382,-0.713985191299721,-0.966303193286565,-0.358145440323592,-0.8659042062818543,-0.2544884306547635,-0.06589759600423688,-0.8382842205939496,0.7723288599065534
-0.1401098514754074,0.4870285058378622,-0.21303769768270914,-0.5090791928416813,-0.8024484737087255,-0.18935256184712382,-0.5090791928416813,-0.966303193286565,-0.358145440323592,-0.8659042062818543,-0.2544884306547635,-0.00854614825704895,-0.8382842205939496,-0.8302468421979533
-0.1401098514754074,0.4870285058378622,-0.21303769768270914,0.5154507994485168,1.672543794926189,-0.18935256184712382,0.5154507994485168,1.034871877633807,2.792161751651698,-0.8659042062818543,1.5129284694496405,-0.05257480820650953,0.4446794137736925,-0.9989390213668488
-0.1401098514754074,-2.053267905293714,-0.21303769768270914,-0.30417319438364177,1.672543794926189,-0.18935256184712382,-0.30417319438364177,-0.966303193286565,-0.358145440323592,-0.8659042062818543,1.5129284694496405,-0.05257480820650953,0.4446794137736925,-0.9145929317824011
-0.1401098514754074,0.4870285058378622,-0.21303769768270914,0.3105448009904772,-0.8024484737087255,-0.18935256184712382,0.3105448009904772,-0.966303193286565,-0.358145440323592,-0.8659042062818543,-2.0219053307591675,-0.06589759600423688,1.7276430481413345,-0.5772085734446102
-0.1401098514754074,-2.053267905293714,-0.21303769768270914,-0.713985191299721,0.4350476606087318,-0.18935256184712382,-0.713985191299721,1.034871877633807,-0.358145440323592,0.5558682612033757,1.5129284694496405,-0.07922038380196421,0.4446794137736925,1.7001358453354785
-0.1401098514754074,0.4870285058378622,-0.21303769768270914,-0.30417319438364177,-0.8024484737087255,-0.18935256184712382,-0.30417319438364177,-0.966303193286565,-0.358145440323592,-0.8659042062818543,-0.2544884306547635,-0.06589759600423688,-0.8382842205939496,-0.4928624838601624
-0.1401098514754074,0.4870285058378622,-0.21303769768270914,-0.30417319438364177,0.4350476606087318,-0.18935256184712382,-0.30417319438364177,1.034871877633807,-0.358145440323592,0.5558682612033757,-0.2544884306547635,-0.9052332272610591,-0.8382842205939496,1.3627514869976876
-0.1401098514754074,-2.053267905293714,-0.21303769768270914,-0.5090791928416813,-0.8024484737087255,-0.18935256184712382,-0.5090791928416813,-0.966303193286565,-0.358145440323592,-0.8659042062818543,-0.2544884306547635,-0.06589759600423688,-0.8382842205939496,-0.6615546630290579
1.8868661946544836,0.4870285058378622,-0.21303769768270914,-0.30417319438364177,-0.8024484737087255,-0.18935256184712382,-0.30417319438364177,1.034871877633807,-0.358145440323592,1.2667544949459906,1.5129284694496405,0.14726700875940052,0.4446794137736925,-0.23982421510681926
-0.1401098514754074,-2.053267905293714,-0.21303769768270914,-0.0992671959256021,-0.8024484737087255,-0.18935256184712382,-0.0992671959256021,1.034871877633807,-0.358145440323592,0.5558682612033757,-0.2544884306547635,-1.6646321317315174,0.4446794137736925,-0.6615546630290579
-0.1401098514754074,-2.053267905293714,-0.21303769768270914,-0.5090791928416813,1.672543794926189,-0.18935256184712382,-0.5090791928416813,-0.966303193286565,-0.358145440323592,0.5558682612033757,1.5129284694496405,-0.5988091079133303,0.4446794137736925,-1.251977290120192
-0.1401098514754074,0.4870285058378622,3.719786198478163,-0.0992671959256021,1.672543794926189,-0.18935256184712382,-0.0992671959256021,-0.966303193286565,-0.358145440323592,0.5558682612033757,-0.2544884306547635,-0.06589759600423688,0.4446794137736925,-0.9145929317824011
-0.1401098514754074,0.4870285058378622,-0.21303769768270914,-0.0992671959256021,-0.8024484737087255,-0.18935256184712382,-0.0992671959256021,-0.966303193286565,-0.358145440323592,0.5558682612033757,-2.0219053307591675,-0.05257480820650953,0.4446794137736925,-0.32417030469126695
-0.1401098514754074,0.4870285058378622,-0.21303769768270914,0.9252627963645961,-0.8024484737087255,-0.18935256184712382,0.9252627963645961,1.034871877633807,-0.358145440323592,-0.8659042062818543,-0.2544884306547635,-0.06589759600423688,0.4446794137736925,0.18190623281541937
-0.1401098514754074,0.4870285058378622,-0.21303769768270914,0.9252627963645961,-0.8024484737087255,-0.18935256184712382,0.9252627963645961,-0.966303193286565,-0.358145440323592,-0.8659042062818543,-0.2544884306547635,-0.05257480820650953,0.4446794137736925,0.18190623281541937
-0.1401098514754074,0.4870285058378622,-0.21303769768270914,-0.713985191299721,0.4350476606087318,-0.18935256184712382,-0.713985191299721,-0.966303193286565,-0.358145440323592,1.2667544949459906,-0.2544884306547635,-0.05257480820650953,-0.8382842205939496,1.6157897557510308
-0.1401098514754074,0.4870285058378622,-0.21303769768270914,-0.5090791928416813,1.672543794926189,-0.18935256184712382,-0.5090791928416813,-0.966303193286565,-0.358145440323592,1.2667544949459906,1.5129284694496405,-0.00854614825704895,1.7276430481413345,-0.9145929317824011
-0.1401098514754074,0.4870285058378622,-0.21303769768270914,1.539980791738715,0.4350476606087318,-0.18935256184712382,1.539980791738715,1.034871877633807,-0.358145440323592,-0.8659042062818543,-0.2544884306547635,-0.06589759600423688,0.4446794137736925,1.194059307828792
-0.1401098514754074,-2.053267905293714,1.7533742503977268,-0.0992671959256021,-0.8024484737087255,-0.18935256184712382,-0.0992671959256021,-0.966303193286565,-0.358145440323592,0.5558682612033757,-0.2544884306547635,-0.05257480820650953,-0.8382842205939496,0.09756014323097166
-0.1401098514754074,0.4870285058378622,-0.21303769768270914,0.3105448009904772,-0.8024484737087255,-0.18935256184712382,0.3105448009904772,1.034871877633807,-0.358145440323592,-0.8659042062818543,-2.0219053307591675,-0.06589759600423688,1.7276430481413345,-0.4928624838601624
-0.1401098514754074,0.4870285058378622,-0.21303769768270914,-0.5090791928416813,0.4350476606087318,-0.18935256184712382,-0.5090791928416813,-0.966303193286565,-0.358145440323592,-0.8659042062818543,-0.2544884306547635,-0.06589759600423688,-0.8382842205939496,0.8566749494910012
-0.1401098514754074,0.4870285058378622,-0.21303769768270914,-0.713985191299721,0.4350476606087318,-0.18935256184712382,-0.713985191299721,-0.966303193286565,-0.358145440323592,0.5558682612033757,-0.2544884306547635,-0.05257480820650953,-0.8382842205939496,1.6157897557510308
-0.1401098514754074,-2.053267905293714,-0.21303769768270914,-0.713985191299721,-0.8024484737087255,-0.18935256184712382,-0.713985191299721,-0.966303193286565,-0.358145440323592,0.5558682612033757,-0.2544884306547635,-0.06589759600423688,-0.8382842205939496,-0.15547812552237153
-0.1401098514754074,0.4870285058378622,-0.21303769768270914,1.9497927886547946,0.4350476606087318,-0.18935256184712382,1.9497927886547946,1.034871877633807,-0.358145440323592,-0.8659042062818543,-0.2544884306547635,-0.585486320115603,0.4446794137736925,0.9410210390754489
-0.1401098514754074,-2.053267905293714,-0.21303769768270914,-0.5090791928416813,-0.8024484737087255,-0.18935256184712382,-0.5090791928416813,-0.966303193286565,-0.358145440323592,0.5558682612033757,-0.2544884306547635,-0.13251153499287355,0.4446794137736925,0.7723288599065534
-0.1401098514754074,0.4870285058378622,-0.21303769768270914,-0.713985191299721,-0.8024484737087255,-0.18935256184712382,-0.713985191299721,1.034871877633807,-0.358145440323592,1.2667544949459906,-0.2544884306547635,-0.06589759600423688,-0.8382842205939496,0.09756014323097166
3.913842240784374,0.4870285058378622,-0.21303769768270914,2.9743227809449926,-0.8024484737087255,-0.18935256184712382,2.9743227809449926,1.034871877633807,-0.358145440323592,-0.8659042062818543,-2.0219053307591675,-0.06589759600423688,1.7276430481413345,0.5192905911532103
-0.1401098514754074,-2.053267905293714,-0.21303769768270914,-0.713985191299721,1.672543794926189,-0.18935256184712382,-0.713985191299721,1.034871877633807,2.792161751651698,-0.8659042062818543,1.5129284694496405,-0.05257480820650953,0.4446794137736925,-1.0832851109512964
-0.1401098514754074,0.4870285058378622,-0.21303769768270914,-0.713985191299721,1.672543794926189,-0.18935256184712382,-0.713985191299721,-0.966303193286565,-0.358145440323592,-0.8659042062818543,1.5129284694496405,-0.06589759600423688,1.7276430481413345,-0.9989390213668488
-0.1401098514754074,0.4870285058378622,-0.21303769768270914,-0.5090791928416813,-0.8024484737087255,-0.18935256184712382,-0.5090791928416813,-0.966303193286565,-0.358145440323592,0.5558682612033757,-0.2544884306547635,-0.05257480820650953,-0.8382842205939496,0.603636680737658
-0.1401098514754074,0.4870285058378622,-0.21303769768270914,-0.713985191299721,-0.8024484737087255,-0.18935256184712382,-0.713985191299721,-0.966303193286565,-0.358145440323592,-0.8659042062818543,1.5129284694496405,-0.06589759600423688,1.7276430481413345,-0.4928624838601624
-0.1401098514754074,-2.053267905293714,-0.21303769768270914,-0.5090791928416813,-0.8024484737087255,-0.18935256184712382,-0.5090791928416813,-0.966303193286565,-0.358145440323592,-0.8659042062818543,-0.2544884306547635,-0.1858026861837829,-0.8382842205939496,-0.8302468421979533
-0.1401098514754074,-2.053267905293714,-0.21303769768270914,-0.713985191299721,-0.8024484737087255,-0.18935256184712382,-0.713985191299721,1.034871877633807,-0.358145440323592,0.5558682612033757,-0.2544884306547635,-0.05257480820650953,-0.8382842205939496,-0.8302468421979533
-0.1401098514754074,-2.053267905293714,1.7533742503977268,-0.5090791928416813,-0.8024484737087255,-0.18935256184712382,-0.5090791928416813,-0.966303193286565,-0.358145440323592,0.5558682612033757,-0.2544884306547635,-0.05257480820650953,-0.8382842205939496,-0.4085163942757147
-0.1401098514754074,0.4870285058378622,-0.21303769768270914,-0.0992671959256021,0.4350476606087318,-0.18935256184712382,-0.0992671959256021,-0.966303193286565,-0.358145440323592,-0.8659042062818543,-0.2544884306547635,-0.06589759600423688,-0.8382842205939496,0.9410210390754489
-0.1401098514754074,0.4870285058378622,-0.21303769768270914,0.5154507994485168,-0.8024484737087255,-0.18935256184712382,0.5154507994485168,1.034871877633807,-0.358145440323592,-0.8659042062818543,1.5129284694496405,-0.06589759600423688,1.7276430481413345,-0.7459007526135056
-0.1401098514754074,0.4870285058378622,-0.21303769768270914,-0.713985191299721,1.672543794926189,-0.18935256184712382,-0.713985191299721,-0.966303193286565,-0.358145440323592,-0.8659042062818543,1.5129284694496405,-0.05257480820650953,-0.8382842205939496,-1.1676312005357443
-0.1401098514754074,0.4870285058378622,-0.21303769768270914,-0.30417319438364177,-0.8024484737087255,-0.18935256184712382,-0.30417319438364177,-0.966303193286565,-0.358145440323592,0.5558682612033757,-0.2544884306547635,-0.23909383737469223,-0.8382842205939496,-0.15547812552237153
-0.1401098514754074,0.4870285058378622,-0.21303769768270914,-0.30417319438364177,1.672543794926189,-0.18935256184712382,-0.30417319438364177,1.034871877633807,-0.358145440323592,-0.8659042062818543,-0.2544884306547635,-0.06589759600423688,-0.8382842205939496,-0.9145929317824011
-0.1401098514754074,0.4870285058378622,-0.21303769768270914,0.3105448009904772,-0.8024484737087255,-0.18935256184712382,0.3105448009904772,1.034871877633807,2.792161751651698,-0.8659042062818543,-0.2544884306547635,-0.06589759600423688,0.4446794137736925,0.09756014323097166
-0.1401098514754074,-2.053267905293714,-0.21303769768270914,-0.5090791928416813,-0.8024484737087255,-0.18935256184712382,-0.5090791928416813,1.034871877633807,-0.358145440323592,0.5558682612033757,-0.2544884306547635,-0.13251153499287355,-0.8382842205939496,-0.4928624838601624
-0.1401098514754074,0.4870285058378622,-0.21303769768270914,-0.5090791928416813,1.672543794926189,-0.18935256184712382,-0.5090791928416813,1.034871877633807,-0.358145440323592,0.5558682612033757,-0.2544884306547635,-0.06589759600423688,-0.8382842205939496,-0.9145929317824011
-0.1401098514754074,0.4870285058378622,-0.21303769768270914,0.10563880253243754,0.4350476606087318,-0.18935256184712382,0.10563880253243754,-0.966303193286565,-0.358145440323592,0.5558682612033757,-0.2544884306547635,-0.05257480820650953,-0.8382842205939496,1.531443666166583
-0.1401098514754074,-2.053267905293714,-0.21303769768270914,-0.713985191299721,-0.8024484737087255,-0.18935256184712382,-0.713985191299721,-0.966303193286565,-0.358145440323592,-0.8659042062818543,-0.2544884306547635,-0.06589759600423688,-0.8382842205939496,-0.5772085734446102
-0.1401098514754074,0.4870285058378622,-0.21303769768270914,-0.713985191299721,-0.8024484737087255,-0.18935256184712382,-0.713985191299721,1.034871877633807,-0.358145440323592,0.5558682612033757,-0.2544884306547635,-0.06589759600423688,-0.8382842205939496,0.18190623281541937
-0.1401098514754074,0.4870285058378622,-0.21303769768270914,-0.713985191299721,-0.8024484737087255,-0.18935256184712382,-0.713985191299721,-0.966303193286565,-0.358145440323592,0.5558682612033757,-0.2544884306547635,-0.06589759600423688,-0.8382842205939496,0.6879827703221058
-0.1401098514754074,0.4870285058378622,-0.21303769768270914,-0.0992671959256021,1.672543794926189,-0.18935256184712382,-0.0992671959256021,1.034871877633807,-0.358145440323592,-0.8659042062818543,-0.2544884306547635,-0.06589759600423688,-0.8382842205939496,-0.9145929317824011
-0.1401098514754074,0.4870285058378622,-0.21303769768270914,-0.0992671959256021,0.4350476606087318,-0.18935256184712382,-0.0992671959256021,-0.966303193286565,-0.358145440323592,0.5558682612033757,-0.2544884306547635,-0.06589759600423688,-0.8382842205939496,0.8566749494910012
-0.1401098514754074,0.4870285058378622,-0.21303769768270914,-0.5090791928416813,1.672543794926189,-0.18935256184712382,-0.5090791928416813,1.034871877633807,-0.358145440323592,-0.8659042062818543,1.5129284694496405,-0.06589759600423688,-0.8382842205939496,-0.9145929317824011
-0.1401098514754074,0.4870285058378622,-0.21303769768270914,-0.713985191299721,-0.8024484737087255,-0.18935256184712382,-0.713985191299721,1.034871877633807,-0.358145440323592,0.5558682612033757,-0.2544884306547635,-0.06589759600423688,1.7276430481413345,0.6879827703221058
-0.1401098514754074,0.4870285058378622,-0.21303769768270914,-0.5090791928416813,-0.8024484737087255,-0.18935256184712382,-0.5090791928416813,-0.966303193286565,-0.358145440323592,2.6885269624312205,-0.2544884306547635,-0.00854614825704895,-0.8382842205939496,0.35059841198431485
-0.1401098514754074,0.4870285058378622,-0.21303769768270914,-0.713985191299721,1.672543794926189,-0.18935256184712382,-0.713985191299721,1.034871877633807,2.792161751651698,-0.8659042062818543,-0.2544884306547635,-0.06589759600423688,-0.8382842205939496,-0.9989390213668488
-0.1401098514754074,0.4870285058378622,1.7533742503977268,-0.0992671959256021,1.672543794926189,4.395976381875314,-0.0992671959256021,1.034871877633807,-0.358145440323592,0.5558682612033757,1.5129284694496405,-0.06589759600423688,1.7276430481413345,-1.1676312005357443
3.913842240784374,0.4870285058378622,-0.21303769768270914,-0.30417319438364177,1.672543794926189,-0.18935256184712382,-0.30417319438364177,1.034871877633807,-0.358145440323592,-0.8659042062818543,-2.0219053307591675,-0.7986509248792404,1.7276430481413345,-1.251977290120192
-0.1401098514754074,-2.053267905293714,-0.21303769768270914,-0.30417319438364177,-0.8024484737087255,-0.18935256184712382,-0.30417319438364177,1.034871877633807,-0.358145440323592,-0.8659042062818543,-0.2544884306547635,-0.06589759600423688,-0.8382842205939496,-0.4928624838601624
-0.1401098514754074,-2.053267905293714,-0.21303769768270914,-0.0992671959256021,0.4350476606087318,-0.18935256184712382,-0.0992671959256021,-0.966303193286565,-0.358145440323592,0.5558682612033757,-0.2544884306547635,-0.00854614825704895,-0.8382842205939496,1.8688280245043738
-0.1401098514754074,0.4870285058378622,1.7533742503977268,-0.713985191299721,1.672543794926189,-0.18935256184712382,-0.713985191299721,1.034871877633807,-0.358145440323592,1.2667544949459906,-0.2544884306547635,-0.06589759600423688,-0.8382842205939496,-1.0832851109512964
-0.1401098514754074,0.4870285058378622,-0.21303769768270914,-0.30417319438364177,0.4350476606087318,-0.18935256184712382,-0.30417319438364177,-0.966303193286565,-0.358145440323592,-0.8659042062818543,-0.2544884306547635,-0.00854614825704895,-0.8382842205939496,1.8688280245043738
-0.1401098514754074,0.4870285058378622,-0.21303769768270914,-0.5090791928416813,0.4350476606087318,-0.18935256184712382,-0.5090791928416813,-0.966303193286565,-0.358145440323592,0.5558682612033757,-0.2544884306547635,-0.06589759600423688,-0.8382842205939496,1.6157897557510308
-0.1401098514754074,-2.053267905293714,-0.21303769768270914,0.5154507994485168,-0.8024484737087255,2.103311910014095,0.5154507994485168,-0.966303193286565,-0.358145440323592,-0.8659042062818543,-0.2544884306547635,-0.9185560150587865,0.4446794137736925,0.5192905911532103
-0.1401098514754074,0.4870285058378622,-0.21303769768270914,-0.0992671959256021,-0.8024484737087255,-0.18935256184712382,-0.0992671959256021,1.034871877633807,-0.358145440323592,-0.8659042062818543,-0.2544884306547635,-0.05257480820650953,-0.8382842205939496,-0.7459007526135056
-0.1401098514754074,0.4870285058378622,-0.21303769768270914,-0.713985191299721,-0.8024484737087255,-0.18935256184712382,-0.713985191299721,1.034871877633807,-0.358145440323592,0.5558682612033757,-0.2544884306547635,-0.06589759600423688,-0.8382842205939496,0.18190623281541937
-0.1401098514754074,0.4870285058378622,-0.21303769768270914,0.3105448009904772,-0.8024484737087255,2.103311910014095,0.3105448009904772,-0.966303193286565,-0.358145440323592,-0.8659042062818543,-0.2544884306547635,-0.06589759600423688,0.4446794137736925,-0.7459007526135056
-0.1401098514754074,0.4870285058378622,-0.21303769768270914,0.10563880253243754,-0.8024484737087255,-0.18935256184712382,0.10563880253243754,1.034871877633807,2.792161751651698,-0.8659042062818543,-0.2544884306547635,-0.06589759600423688,-0.8382842205939496,-0.5772085734446102
-0.1401098514754074,0.4870285058378622,-0.21303769768270914,-0.713985191299721,1.672543794926189,-0.18935256184712382,-0.713985191299721,1.034871877633807,-0.358145440323592,-0.8659042062818543,-0.2544884306547635,-0.07922038380196421,-0.8382842205939496,-0.9989390213668488
-0.1401098514754074,0.4870285058378622,-0.21303769768270914,-0.713985191299721,0.4350476606087318,-0.18935256184712382,-0.713985191299721,-0.966303193286565,-0.358145440323592,2.6885269624312205,-0.2544884306547635,-0.06589759600423688,-0.8382842205939496,1.1097132182443443
-0.1401098514754074,-2.053267905293714,-0.21303769768270914,-0.713985191299721,0.4350476606087318,-0.18935256184712382,-0.713985191299721,-0.966303193286565,-0.358145440323592,0.5558682612033757,-0.2544884306547635,-0.05257480820650953,-0.8382842205939496,1.0253671286598967
-0.1401098514754074,0.4870285058378622,-0.21303769768270914,-0.713985191299721,-0.8024484737087255,-0.18935256184712382,-0.713985191299721,1.034871877633807,-0.358145440323592,-0.8659042062818543,-0.2544884306547635,-0.06589759600423688,-0.8382842205939496,-0.15547812552237153
-0.1401098514754074,-2.053267905293714,-0.21303769768270914,1.3350747932806755,-0.8024484737087255,-0.18935256184712382,1.3350747932806755,1.034871877633807,2.792161751651698,0.5558682612033757,1.5129284694496405,0.2405265233434919,1.7276430481413345,-0.07113203593792379
-0.1401098514754074,0.4870285058378622,-0.21303769768270914,-0.713985191299721,-0.8024484737087255,-0.18935256184712382,-0.713985191299721,-0.966303193286565,-0.358145440323592,-0.8659042062818543,1.5129284694496405,-0.06589759600423688,-0.8382842205939496,-0.8302468421979533
-0.1401098514754074,-2.053267905293714,-0.21303769768270914,0.3105448009904772,0.4350476606087318,-0.18935256184712382,0.3105448009904772,-0.966303193286565,-0.358145440323592,-0.8659042062818543,-0.2544884306547635,-0.10586595939741889,-0.8382842205939496,2.796635009933299
-0.1401098514754074,0.4870285058378622,-0.21303769768270914,3.7939467747771514,0.4350476606087318,-0.18935256184712382,3.7939467747771514,-0.966303193286565,-0.358145440323592,-0.8659042062818543,-0.2544884306547635,-0.06589759600423688,0.4446794137736925,2.8809810995177467
-0.1401098514754074,0.4870285058378622,-0.21303769768270914,1.1301687948226358,-0.8024484737087255,-0.18935256184712382,1.1301687948226358,1.034871877633807,-0.358145440323592,-0.8659042062818543,-0.2544884306547635,-0.06589759600423688,0.4446794137736925,-0.32417030469126695
-0.1401098514754074,-2.053267905293714,-0.21303769768270914,-0.713985191299721,-0.8024484737087255,-0.18935256184712382,-0.713985191299721,-0.966303193286565,-0.358145440323592,-0.8659042062818543,1.5129284694496405,-0.06589759600423688,0.4446794137736925,-0.32417030469126695
-0.1401098514754074,0.4870285058378622,-0.21303769768270914,0.5154507994485168,-0.8024484737087255,-0.18935256184712382,0.5154507994485168,1.034871877633807,2.792161751651698,0.5558682612033757,-0.2544884306547635,-0.06589759600423688,0.4446794137736925,-0.32417030469126695
-0.1401098514754074,0.4870285058378622,-0.21303769768270914,-0.30417319438364177,-0.8024484737087255,-0.18935256184712382,-0.30417319438364177,1.034871877633807,-0.358145440323592,-0.8659042062818543,-0.2544884306547635,-0.06589759600423688,0.4446794137736925,-0.5772085734446102
-0.1401098514754074,0.4870285058378622,-0.21303769768270914,-0.713985191299721,1.672543794926189,-0.18935256184712382,-0.713985191299721,-0.966303193286565,-0.358145440323592,-0.8659042062818543,1.5129284694496405,-0.05257480820650953,0.4446794137736925,-1.1676312005357443
-0.1401098514754074,0.4870285058378622,-0.21303769768270914,-0.5090791928416813,-0.8024484737087255,-0.18935256184712382,-0.5090791928416813,-0.966303193286565,-0.358145440323592,-0.8659042062818543,-0.2544884306547635,-0.06589759600423688,-0.8382842205939496,0.5192905911532103
-0.1401098514754074,0.4870285058378622,-0.21303769768270914,-0.713985191299721,0.4350476606087318,-0.18935256184712382,-0.713985191299721,-0.966303193286565,-0.358145440323592,0.5558682612033757,-0.2544884306547635,-0.06589759600423688,-0.8382842205939496,1.3627514869976876
-0.1401098514754074,0.4870285058378622,-0.21303769768270914,1.9497927886547946,0.4350476606087318,-0.18935256184712382,1.9497927886547946,1.034871877633807,-0.358145440323592,-0.8659042062818543,-0.2544884306547635,-0.06589759600423688,0.4446794137736925,2.459250651595508
-0.1401098514754074,-2.053267905293714,-0.21303769768270914,0.10563880253243754,-0.8024484737087255,-0.18935256184712382,0.10563880253243754,1.034871877633807,2.792161751651698,-0.8659042062818543,-0.2544884306547635,-0.06589759600423688,1.7276430481413345,-0.7459007526135056
-0.1401098514754074,0.4870285058378622,-0.21303769768270914,-0.30417319438364177,-0.8024484737087255,-0.18935256184712382,-0.30417319438364177,-0.966303193286565,-0.358145440323592,-0.8659042062818543,-0.2544884306547635,-0.4389356543406023,-0.8382842205939496,-0.7459007526135056
-0.1401098514754074,0.4870285058378622,-0.21303769768270914,-0.713985191299721,-0.8024484737087255,-0.18935256184712382,-0.713985191299721,1.034871877633807,2.792161751651698,0.5558682612033757,1.5129284694496405,-0.06589759600423688,0.4446794137736925,-0.6615546630290579
-0.1401098514754074,0.4870285058378622,-0.21303769768270914,1.539980791738715,-0.8024484737087255,-0.18935256184712382,1.539980791738715,1.034871877633807,-0.358145440323592,0.5558682612033757,-0.2544884306547635,-0.06589759600423688,1.7276430481413345,0.18190623281541937
-0.1401098514754074,0.4870285058378622,-0.21303769768270914,-0.5090791928416813,0.4350476606087318,-0.18935256184712382,-0.5090791928416813,-0.966303193286565,-0.358145440323592,-0.8659042062818543,-0.2544884306547635,-0.06589759600423688,-0.8382842205939496,1.1097132182443443
-0.1401098514754074,0.4870285058378622,-0.21303769768270914,-0.713985191299721,1.672543794926189,-0.18935256184712382,-0.713985191299721,1.034871877633807,-0.358145440323592,-0.8659042062818543,1.5129284694496405,-0.06589759600423688,1.7276430481413345,-1.1676312005357443
-0.1401098514754074,0.4870285058378622,-0.21303769768270914,-0.30417319438364177,-0.8024484737087255,-0.18935256184712382,-0.30417319438364177,-0.966303193286565,-0.358145440323592,0.5558682612033757,-0.2544884306547635,-0.05257480820650953,1.7276430481413345,-0.8302468421979533
-0.1401098514754074,-2.053267905293714,-0.21303769768270914,-0.713985191299721,0.4350476606087318,-0.18935256184712382,-0.713985191299721,-0.966303193286565,-0.358145440323592,0.5558682612033757,-0.2544884306547635,-0.05257480820650953,-0.8382842205939496,2.2905584724266124
-0.1401098514754074,-2.053267905293714,-0.21303769768270914,0.3105448009904772,0.4350476606087318,-0.18935256184712382,0.3105448009904772,-0.966303193286565,-0.358145440323592,-0.8659042062818543,-0.2544884306547635,-0.06589759600423688,0.4446794137736925,1.531443666166583
-0.1401098514754074,0.4870285058378622,-0.21303769768270914,0.10563880253243754,-0.8024484737087255,-0.18935256184712382,0.10563880253243754,1.034871877633807,2.792161751651698,-0.8659042062818543,-0.2544884306547635,4.983438979334424,-0.8382842205939496,-0.07113203593792379
-0.1401098514754074,0.4870285058378622,-0.21303769768270914,-0.713985191299721,0.4350476606087318,-0.18935256184712382,-0.713985191299721,1.034871877633807,-0.358145440323592,0.5558682612033757,-0.2544884306547635,-0.05257480820650953,-0.8382842205939496,1.2784053974132399
-0.1401098514754074,0.4870285058378622,-0.21303769768270914,-0.713985191299721,-0.8024484737087255,-0.18935256184712382,-0.713985191299721,-0.966303193286565,-0.358145440323592,0.5558682612033757,-0.2544884306547635,-0.06589759600423688,-0.8382842205939496,-0.32417030469126695
-0.1401098514754074,0.4870285058378622,-0.21303769768270914,1.3350747932806755,-0.8024484737087255,-0.18935256184712382,1.3350747932806755,1.034871877633807,-0.358145440323592,-0.8659042062818543,1.5129284694496405,-0.05257480820650953,1.7276430481413345,-0.15547812552237153
-0.1401098514754074,-2.053267905293714,-0.21303769768270914,-0.713985191299721,-0.8024484737087255,-0.18935256184712382,-0.713985191299721,-0.966303193286565,-0.358145440323592,0.5558682612033757,-0.2544884306547635,-0.05257480820650953,-0.8382842205939496,0.18190623281541937
-0.1401098514754074,0.4870285058378622,1.7533742503977268,-0.5090791928416813,1.672543794926189,-0.18935256184712382,-0.5090791928416813,1.034871877633807,-0.358145440323592,-0.8659042062818543,-2.0219053307591675,-0.1858026861837829,1.7276430481413345,-0.9989390213668488
-0.1401098514754074,0.4870285058378622,-0.21303769768270914,-0.713985191299721,1.672543794926189,-0.18935256184712382,-0.713985191299721,1.034871877633807,2.792161751651698,-0.8659042062818543,-0.2544884306547635,-0.06589759600423688,-0.8382842205939496,-0.9989390213668488
-0.1401098514754074,0.4870285058378622,-0.21303769768270914,-0.713985191299721,1.672543794926189,-0.18935256184712382,-0.713985191299721,-0.966303193286565,-0.358145440323592,0.5558682612033757,1.5129284694496405,-0.06589759600423688,0.4446794137736925,-1.1676312005357443
-0.1401098514754074,0.4870285058378622,-0.21303769768270914,-0.30417319438364177,1.672543794926189,-0.18935256184712382,-0.30417319438364177,1.034871877633807,-0.358145440323592,-0.8659042062818543,-2.0219053307591675,-0.06589759600423688,0.4446794137736925,-1.1676312005357443
-0.1401098514754074,0.4870285058378622,-0.21303769768270914,-0.713985191299721,0.4350476606087318,-0.18935256184712382,-0.713985191299721,-0.966303193286565,-0.358145440323592,-0.8659042062818543,-0.2544884306547635,-0.06589759600423688,-0.8382842205939496,1.6157897557510308
-0.1401098514754074,0.4870285058378622,-0.21303769768270914,-0.5090791928416813,0.4350476606087318,-0.18935256184712382,-0.5090791928416813,1.034871877633807,-0.358145440323592,-0.8659042062818543,-0.2544884306547635,-0.06589759600423688,0.4446794137736925,0.9410210390754489
-0.1401098514754074,0.4870285058378622,-0.21303769768270914,-0.713985191299721,-0.8024484737087255,-0.18935256184712382,-0.713985191299721,-0.966303193286565,-0.358145440323592,0.5558682612033757,-0.2544884306547635,-0.05257480820650953,-0.8382842205939496,0.603636680737658
-0.1401098514754074,-2.053267905293714,-0.21303769768270914,-0.5090791928416813,-0.8024484737087255,-0.18935256184712382,-0.5090791928416813,-0.966303193286565,-0.358145440323592,1.2667544949459906,-0.2544884306547635,-0.06589759600423688,-0.8382842205939496,0.18190623281541937
-0.1401098514754074,0.4870285058378622,-0.21303769768270914,0.7203567979065565,-0.8024484737087255,-0.18935256184712382,0.7203567979065565,1.034871877633807,-0.358145440323592,0.5558682612033757,-2.0219053307591675,-0.06589759600423688,1.7276430481413345,-0.8302468421979533
-0.1401098514754074,0.4870285058378622,-0.21303769768270914,-0.713985191299721,0.4350476606087318,-0.18935256184712382,-0.713985191299721,-0.966303193286565,-0.358145440323592,2.6885269624312205,-0.2544884306547635,-0.06589759600423688,-0.8382842205939496,2.206212382842165
-0.1401098514754074,-2.053267905293714,-0.21303769768270914,2.3596047855708737,-0.8024484737087255,-0.18935256184712382,2.3596047855708737,1.034871877633807,-0.358145440323592,-0.8659042062818543,-0.2544884306547635,-0.05257480820650953,1.7276430481413345,-0.4085163942757147
-0.1401098514754074,0.4870285058378622,-0.21303769768270914,-0.30417319438364177,-0.8024484737087255,-0.18935256184712382,-0.30417319438364177,-0.966303193286565,-0.358145440323592,0.5558682612033757,1.5129284694496405,-0.625454683508785,-0.8382842205939496,0.603636680737658
-0.1401098514754074,-2.053267905293714,-0.21303769768270914,0.5154507994485168,-0.8024484737087255,2.103311910014095,0.5154507994485168,-0.966303193286565,-0.358145440323592,-0.8659042062818543,-0.2544884306547635,-0.05257480820650953,0.4446794137736925,0.35059841198431485
1.8868661946544836,0.4870285058378622,-0.21303769768270914,0.3105448009904772,1.672543794926189,4.395976381875314,0.3105448009904772,1.034871877633807,-0.358145440323592,-0.8659042062818543,-2.0219053307591675,-0.06589759600423688,1.7276430481413345,-1.251977290120192
-0.1401098514754074,0.4870285058378622,-0.21303769768270914,-0.713985191299721,1.672543794926189,-0.18935256184712382,-0.713985191299721,1.034871877633807,-0.358145440323592,-0.8659042062818543,-0.2544884306547635,-0.06589759600423688,0.4446794137736925,-0.9145929317824011
-0.1401098514754074,0.4870285058378622,-0.21303769768270914,-0.30417319438364177,-0.8024484737087255,-0.18935256184712382,-0.30417319438364177,1.034871877633807,-0.358145440323592,-0.8659042062818543,1.5129284694496405,-0.06589759600423688,0.4446794137736925,-0.6615546630290579
-0.1401098514754074,0.4870285058378622,-0.21303769768270914,-0.5090791928416813,0.4350476606087318,-0.18935256184712382,-0.5090791928416813,-0.966303193286565,-0.358145440323592,1.2667544949459906,-0.2544884306547635,-0.06589759600423688,-0.8382842205939496,1.3627514869976876
-0.1401098514754074,0.4870285058378622,-0.21303769768270914,-0.713985191299721,-0.8024484737087255,-0.18935256184712382,-0.713985191299721,-0.966303193286565,-0.358145440323592,1.2667544949459906,-0.2544884306547635,-0.06589759600423688,-0.8382842205939496,-0.8302468421979533
-0.1401098514754074,-2.053267905293714,-0.21303769768270914,-0.713985191299721,0.4350476606087318,-0.18935256184712382,-0.713985191299721,-0.966303193286565,-0.358145440323592,1.2667544949459906,-0.2544884306547635,-0.06589759600423688,-0.8382842205939496,1.7001358453354785
-0.1401098514754074,-2.053267905293714,-0.21303769768270914,-0.5090791928416813,1.672543794926189,-0.18935256184712382,-0.5090791928416813,-0.966303193286565,-0.358145440323592,1.2667544949459906,1.5129284694496405,-0.10586595939741889,-0.8382842205939496,-1.0832851109512964
-0.1401098514754074,-2.053267905293714,-0.21303769768270914,-0.713985191299721,-0.8024484737087255,-0.18935256184712382,-0.713985191299721,-0.966303193286565,-0.358145440323592,-0.8659042062818543,-0.2544884306547635,-0.06589759600423688,-0.8382842205939496,-0.23982421510681926
-0.1401098514754074,0.4870285058378622,-0.21303769768270914,-0.713985191299721,0.4350476606087318,-0.18935256184712382,-0.713985191299721,-0.966303193286565,-0.358145440323592,0.5558682612033757,-0.2544884306547635,-0.06589759600423688,-0.8382842205939496,1.7844819349199261
-0.1401098514754074,0.4870285058378622,-0.21303769768270914,0.7203567979065565,-0.8024484737087255,-0.18935256184712382,0.7203567979065565,-0.966303193286565,-0.358145440323592,-0.8659042062818543,-0.2544884306547635,-0.06589759600423688,0.4446794137736925,0.18190623281541937
-0.1401098514754074,0.4870285058378622,-0.21303769768270914,-0.713985191299721,0.4350476606087318,-0.18935256184712382,-0.713985191299721,-0.966303193286565,-0.358145440323592,2.6885269624312205,-0.2544884306547635,-0.06589759600423688,-0.8382842205939496,0.8566749494910012
20.1296506098235,0.4870285058378622,-0.21303769768270914,2.1546987871128342,-0.8024484737087255,-0.18935256184712382,2.1546987871128342,1.034871877633807,-0.358145440323592,-0.8659042062818543,1.5129284694496405,-0.06589759600423688,0.4446794137736925,0.09756014323097166
-0.1401098514754074,0.4870285058378622,-0.21303769768270914,-0.713985191299721,1.672543794926189,-0.18935256184712382,-0.713985191299721,1.034871877633807,2.792161751651698,0.5558682612033757,-2.0219053307591675,-0.06589759600423688,1.7276430481413345,-1.251977290120192
-0.1401098514754074,0.4870285058378622,-0.21303769768270914,-0.713985191299721,0.4350476606087318,-0.18935256184712382,-0.713985191299721,1.034871877633807,-0.358145440323592,0.5558682612033757,-0.2544884306547635,-0.05257480820650953,-0.8382842205939496,1.531443666166583
-0.1401098514754074,0.4870285058378622,-0.21303769768270914,0.10563880253243754,1.672543794926189,-0.18935256184712382,0.10563880253243754,1.034871877633807,-0.358145440323592,2.6885269624312205,1.5129284694496405,-0.585486320115603,0.4446794137736925,-0.9145929317824011
-0.1401098514754074,0.4870285058378622,-0.21303769768270914,-0.5090791928416813,-0.8024484737087255,-0.18935256184712382,-0.5090791928416813,-0.966303193286565,-0.358145440323592,-0.8659042062818543,-0.2544884306547635,-0.00854614825704895,-0.8382842205939496,0.35059841198431485
-0.1401098514754074,0.4870285058378622,1.7533742503977268,0.3105448009904772,-0.8024484737087255,-0.18935256184712382,0.3105448009904772,1.034871877633807,-0.358145440323592,-0.8659042062818543,-0.2544884306547635,-0.06589759600423688,0.4446794137736925,-0.6615546630290579
-0.1401098514754074,0.4870285058378622,-0.21303769768270914,-0.0992671959256021,1.672543794926189,-0.18935256184712382,-0.0992671959256021,-0.966303193286565,-0.358145440323592,0.5558682612033757,-0.2544884306547635,-0.05257480820650953,0.4446794137736925,-0.9145929317824011
-0.1401098514754074,0.4870285058378622,-0.21303769768270914,3.1792287794030325,0.4350476606087318,-0.18935256184712382,3.1792287794030325,-0.966303193286565,-0.358145440323592,-0.8659042062818543,-0.2544884306547635,-0.00854614825704895,-0.8382842205939496,1.4470975765821352
-0.1401098514754074,0.4870285058378622,-0.21303769768270914,-0.713985191299721,-0.8024484737087255,-0.18935256184712382,-0.713985191299721,1.034871877633807,2.792161751651698,-0.8659042062818543,-0.2544884306547635,-0.06589759600423688,-0.8382842205939496,-0.6615546630290579
-0.1401098514754074,0.4870285058378622,-0.21303769768270914,-0.0992671959256021,-0.8024484737087255,-0.18935256184712382,-0.0992671959256021,1.034871877633807,2.792161751651698,-0.8659042062818543,-0.2544884306547635,3.930938743313964,-0.8382842205939496,-0.5772085734446102
-0.1401098514754074,0.4870285058378622,-0.21303769768270914,-0.713985191299721,-0.8024484737087255,-0.18935256184712382,-0.713985191299721,-0.966303193286565,-0.358145440323592,1.2667544949459906,-0.2544884306547635,-0.06589759600423688,-0.8382842205939496,-0.07113203593792379
-0.1401098514754074,-2.053267905293714,-0.21303769768270914,-0.713985191299721,-0.8024484737087255,-0.18935256184712382,-0.713985191299721,-0.966303193286565,-0.358145440323592,-0.8659042062818543,-0.2544884306547635,-0.06589759600423688,-0.8382842205939496,0.6879827703221058
-0.1401098514754074,-2.053267905293714,-0.21303769768270914,-0.0992671959256021,-0.8024484737087255,-0.18935256184712382,-0.0992671959256021,-0.966303193286565,-0.358145440323592,-0.8659042062818543,1.5129284694496405,-0.7320369858906037,0.4446794137736925,-0.4085163942757147
-0.1401098514754074,0.4870285058378622,-0.21303769768270914,-0.5090791928416813,-0.8024484737087255,-0.18935256184712382,-0.5090791928416813,-0.966303193286565,-0.358145440323592,-0.8659042062818543,-0.2544884306547635,-0.06589759600423688,-0.8382842205939496,-0.6615546630290579
-0.1401098514754074,0.4870285058378622,-0.21303769768270914,-0.5090791928416813,-0.8024484737087255,-0.18935256184712382,-0.5090791928416813,-0.966303193286565,-0.358145440323592,-0.8659042062818543,-0.2544884306547635,-0.06589759600423688,-0.8382842205939496,-0.23982421510681926
-0.1401098514754074,-2.053267905293714,-0.21303769768270914,-0.713985191299721,-0.8024484737087255,-0.18935256184712382,-0.713985191299721,-0.966303193286565,-0.358145440323592,-0.8659042062818543,-0.2544884306547635,-0.05257480820650953,-0.8382842205939496,0.2662523223998671
-0.1401098514754074,0.4870285058378622,-0.21303769768270914,-0.5090791928416813,1.672543794926189,-0.18935256184712382,-0.5090791928416813,1.034871877633807,2.792161751651698,-0.8659042062818543,-2.0219053307591675,-0.06589759600423688,0.4446794137736925,-1.1676312005357443
-0.1401098514754074,0.4870285058378622,-0.21303769768270914,1.1301687948226358,-0.8024484737087255,-0.18935256184712382,1.1301687948226358,1.034871877633807,2.792161751651698,0.5558682612033757,1.5129284694496405,-0.06589759600423688,0.4446794137736925,-0.7459007526135056
1.8868661946544836,0.4870285058378622,-0.21303769768270914,-0.30417319438364177,1.672543794926189,-0.18935256184712382,-0.30417319438364177,-0.966303193286565,-0.358145440323592,-0.8659042062818543,-2.0219053307591675,-4.129347874311075,1.7276430481413345,-1.1676312005357443
-0.1401098514754074,0.4870285058378622,-0.21303769768270914,-0.713985191299721,0.4350476606087318,-0.18935256184712382,-0.713985191299721,1.034871877633807,-0.358145440323592,-0.8659042062818543,-0.2544884306547635,-0.00854614825704895,-0.8382842205939496,1.194059307828792
1.8868661946544836,0.4870285058378622,1.7533742503977268,-0.5090791928416813,1.672543794926189,-0.18935256184712382,-0.5090791928416813,1.034871877633807,2.792161751651698,-0.8659042062818543,-2.0219053307591675,-0.7320369858906037,1.7276430481413345,-1.251977290120192
-0.1401098514754074,0.4870285058378622,-0.21303769768270914,-0.713985191299721,1.672543794926189,-0.18935256184712382,-0.713985191299721,-0.966303193286565,-0.358145440323592,-0.8659042062818543,1.5129284694496405,-0.06589759600423688,-0.8382842205939496,-1.0832851109512964
-0.1401098514754074,0.4870285058378622,1.7533742503977268,0.10563880253243754,-0.8024484737087255,2.103311910014095,0.10563880253243754,1.034871877633807,-0.358145440323592,-0.8659042062818543,-0.2544884306547635,-0.06589759600423688,-0.8382842205939496,-0.4928624838601624
-0.1401098514754074,0.4870285058378622,-0.21303769768270914,-0.5090791928416813,1.672543794926189,-0.18935256184712382,-0.5090791928416813,-0.966303193286565,-0.358145440323592,0.5558682612033757,1.5129284694496405,-0.11918874719514622,-0.8382842205939496,-1.1676312005357443
-0.1401098514754074,0.4870285058378622,-0.21303769768270914,-0.713985191299721,0.4350476606087318,-0.18935256184712382,-0.713985191299721,-0.966303193286565,-0.358145440323592,-0.8659042062818543,-0.2544884306547635,-0.06589759600423688,-0.8382842205939496,0.8566749494910012
-0.1401098514754074,0.4870285058378622,-0.21303769768270914,1.539980791738715,-0.8024484737087255,-0.18935256184712382,1.539980791738715,1.034871877633807,-0.358145440323592,-0.8659042062818543,-2.0219053307591675,-0.06589759600423688,1.7276430481413345,-0.6615546630290579
-0.1401098514754074,0.4870285058378622,-0.21303769768270914,-0.5090791928416813,-0.8024484737087255,-0.18935256184712382,-0.5090791928416813,-0.966303193286565,-0.358145440323592,0.5558682612033757,-2.0219053307591675,6.688755817443523,1.7276430481413345,-0.6615546630290579
-0.1401098514754074,0.4870285058378622,-0.21303769768270914,-0.713985191299721,1.672543794926189,-0.18935256184712382,-0.713985191299721,1.034871877633807,-0.358145440323592,-0.8659042062818543,1.5129284694496405,-0.06589759600423688,0.4446794137736925,-1.1676312005357443
-0.1401098514754074,0.4870285058378622,-0.21303769768270914,-0.5090791928416813,-0.8024484737087255,-0.18935256184712382,-0.5090791928416813,-0.966303193286565,-0.358145440323592,-0.8659042062818543,-0.2544884306547635,-0.23909383737469223,-0.8382842205939496,-0.32417030469126695
-0.1401098514754074,0.4870285058378622,-0.21303769768270914,3.5890407763191114,-0.8024484737087255,-0.18935256184712382,3.5890407763191114,1.034871877633807,-0.358145440323592,-0.8659042062818543,-0.2544884306547635,-0.05257480820650953,0.4446794137736925,-0.6615546630290579
-0.1401098514754074,0.4870285058378622,-0.21303769768270914,-0.713985191299721,-0.8024484737087255,-0.18935256184712382,-0.713985191299721,-0.966303193286565,-0.358145440323592,0.5558682612033757,-0.2544884306547635,-0.05257480820650953,0.4446794137736925,-0.6615546630290579
-0.1401098514754074,0.4870285058378622,1.7533742503977268,0.10563880253243754,-0.8024484737087255,-0.18935256184712382,0.10563880253243754,-0.966303193286565,-0.358145440323592,-0.8659042062818543,-0.2544884306547635,-0.06589759600423688,-0.8382842205939496,-0.5772085734446102
-0.1401098514754074,0.4870285058378622,-0.21303769768270914,2.769416782486953,-0.8024484737087255,2.103311910014095,2.769416782486953,1.034871877633807,2.792161751651698,-0.8659042062818543,-0.2544884306547635,-0.06589759600423688,0.4446794137736925,0.013214053646523933
-0.1401098514754074,0.4870285058378622,-0.21303769768270914,1.9497927886547946,-0.8024484737087255,-0.18935256184712382,1.9497927886547946,1.034871877633807,-0.358145440323592,-0.8659042062818543,-0.2544884306547635,-0.06589759600423688,1.7276430481413345,-0.4928624838601624
-0.1401098514754074,-2.053267905293714,-0.21303769768270914,-0.5090791928416813,-0.8024484737087255,-0.18935256184712382,-0.5090791928416813,-0.966303193286565,-0.358145440323592,0.5558682612033757,-0.2544884306547635,-0.05257480820650953,-0.8382842205939496,0.5192905911532103
-0.1401098514754074,0.4870285058378622,-0.21303769768270914,-0.713985191299721,-0.8024484737087255,-0.18935256184712382,-0.713985191299721,-0.966303193286565,-0.358145440323592,-0.8659042062818543,-0.2544884306547635,-0.06589759600423688,-0.8382842205939496,-0.23982421510681926
-0.1401098514754074,0.4870285058378622,-0.21303769768270914,5.0233827655253895,0.4350476606087318,-0.18935256184712382,5.0233827655253895,1.034871877633807,2.792161751651698,-0.8659042062818543,1.5129284694496405,-0.05257480820650953,1.7276430481413345,1.8688280245043738
-0.1401098514754074,0.4870285058378622,-0.21303769768270914,-0.713985191299721,-0.8024484737087255,-0.18935256184712382,-0.713985191299721,1.034871877633807,-0.358145440323592,2.6885269624312205,-0.2544884306547635,-0.06589759600423688,-0.8382842205939496,-0.6615546630290579
-0.1401098514754074,0.4870285058378622,-0.21303769768270914,-0.5090791928416813,-0.8024484737087255,-0.18935256184712382,-0.5090791928416813,-0.966303193286565,-0.358145440323592,-0.8659042062818543,-0.2544884306547635,-0.2124482617792376,-0.8382842205939496,0.603636680737658
-0.1401098514754074,0.4870285058378622,-0.21303769768270914,-0.5090791928416813,0.4350476606087318,-0.18935256184712382,-0.5090791928416813,-0.966303193286565,-0.358145440323592,-0.8659042062818543,-0.2544884306547635,-0.06589759600423688,-0.8382842205939496,1.7844819349199261
-0.1401098514754074,-2.053267905293714,3.719786198478163,1.3350747932806755,-0.8024484737087255,6.688640853736533,1.3350747932806755,1.034871877633807,-0.358145440323592,-0.8659042062818543,-2.0219053307591675,-0.05257480820650953,1.7276430481413345,-0.4085163942757147
-0.1401098514754074,0.4870285058378622,-0.21303769768270914,-0.0992671959256021,1.672543794926189,2.103311910014095,-0.0992671959256021,1.034871877633807,-0.358145440323592,1.2667544949459906,1.5129284694496405,-0.3456761397565109,0.4446794137736925,-1.1676312005357443
-0.1401098514754074,0.4870285058378622,-0.21303769768270914,-0.5090791928416813,-0.8024484737087255,-0.18935256184712382,-0.5090791928416813,1.034871877633807,2.792161751651698,-0.8659042062818543,1.5129284694496405,-0.4522584421383296,1.7276430481413345,-0.7459007526135056
-0.1401098514754074,0.4870285058378622,-0.21303769768270914,0.3105448009904772,-0.8024484737087255,-0.18935256184712382,0.3105448009904772,1.034871877633807,-0.358145440323592,0.5558682612033757,1.5129284694496405,-0.06589759600423688,0.4446794137736925,-0.6615546630290579
-0.1401098514754074,0.4870285058378622,-0.21303769768270914,1.539980791738715,1.672543794926189,-0.18935256184712382,1.539980791738715,1.034871877633807,-0.358145440323592,-0.8659042062818543,-0.2544884306547635,-0.47890401773378427,0.4446794137736925,-0.9145929317824011
3.913842240784374,0.4870285058378622,-0.21303769768270914,0.3105448009904772,-0.8024484737087255,-0.18935256184712382,0.3105448009904772,-0.966303193286565,-0.358145440323592,-0.8659042062818543,-2.0219053307591675,-0.9052332272610591,1.7276430481413345,0.09756014323097166
-0.1401098514754074,-2.053267905293714,-0.21303769768270914,-0.713985191299721,0.4350476606087318,-0.18935256184712382,-0.713985191299721,-0.966303193286565,-0.358145440323592,0.5558682612033757,-0.2544884306547635,-0.06589759600423688,-0.8382842205939496,1.4470975765821352
-0.1401098514754074,0.4870285058378622,-0.21303769768270914,0.9252627963645961,-0.8024484737087255,-0.18935256184712382,0.9252627963645961,1.034871877633807,2.792161751651698,-0.8659042062818543,1.5129284694496405,-0.05257480820650953,1.7276430481413345,-0.4928624838601624
-0.1401098514754074,0.4870285058378622,-0.21303769768270914,-0.713985191299721,1.672543794926189,-0.18935256184712382,-0.713985191299721,-0.966303193286565,-0.358145440323592,1.2667544949459906,1.5129284694496405,-0.05257480820650953,-0.8382842205939496,-1.1676312005357443
-0.1401098514754074,-2.053267905293714,-0.21303769768270914,-0.5090791928416813,-0.8024484737087255,-0.18935256184712382,-0.5090791928416813,-0.966303193286565,-0.358145440323592,0.5558682612033757,-0.2544884306547635,-0.05257480820650953,-0.8382842205939496,-0.15547812552237153
-0.1401098514754074,0.4870285058378622,-0.21303769768270914,-0.713985191299721,1.672543794926189,-0.18935256184712382,-0.713985191299721,1.034871877633807,-0.358145440323592,1.2667544949459906,1.5129284694496405,-0.05257480820650953,0.4446794137736925,-1.1676312005357443
-0.1401098514754074,-2.053267905293714,-0.21303769768270914,-0.713985191299721,0.4350476606087318,-0.18935256184712382,-0.713985191299721,1.034871877633807,2.792161751651698,0.5558682612033757,-0.2544884306547635,-0.05257480820650953,-0.8382842205939496,1.6157897557510308
-0.1401098514754074,0.4870285058378622,1.7533742503977268,0.9252627963645961,1.672543794926189,2.103311910014095,0.9252627963645961,1.034871877633807,-0.358145440323592,-0.8659042062818543,1.5129284694496405,-0.05257480820650953,1.7276430481413345,-0.9989390213668488
-0.1401098514754074,0.4870285058378622,-0.21303769768270914,-0.713985191299721,0.4350476606087318,-0.18935256184712382,-0.713985191299721,-0.966303193286565,-0.358145440323592,0.5558682612033757,-0.2544884306547635,-0.06589759600423688,-0.8382842205939496,0.9410210390754489
-0.1401098514754074,0.4870285058378622,-0.21303769768270914,-0.713985191299721,-0.8024484737087255,-0.18935256184712382,-0.713985191299721,-0.966303193286565,-0.358145440323592,2.6885269624312205,-0.2544884306547635,-0.06589759600423688,-0.8382842205939496,0.09756014323097166
-0.1401098514754074,-2.053267905293714,-0.21303769768270914,-0.713985191299721,-0.8024484737087255,-0.18935256184712382,-0.713985191299721,-0.966303193286565,-0.358145440323592,0.5558682612033757,-0.2544884306547635,-0.11918874719514622,-0.8382842205939496,-0.32417030469126695
1.8868661946544836,0.4870285058378622,-0.21303769768270914,0.5154507994485168,-0.8024484737087255,-0.18935256184712382,0.5154507994485168,1.034871877633807,-0.358145440323592,-0.8659042062818543,-2.0219053307591675,-0.06589759600423688,0.4446794137736925,-0.6615546630290579
-0.1401098514754074,-2.053267905293714,-0.21303769768270914,-0.30417319438364177,0.4350476606087318,-0.18935256184712382,-0.30417319438364177,-0.966303193286565,-0.358145440323592,0.5558682612033757,-0.2544884306547635,-0.06589759600423688,-0.8382842205939496,1.8688280245043738
-0.1401098514754074,-2.053267905293714,-0.21303769768270914,-0.5090791928416813,-0.8024484737087255,-0.18935256184712382,-0.5090791928416813,-0.966303193286565,-0.358145440323592,-0.8659042062818543,-2.0219053307591675,-1.9177650998883367,1.7276430481413345,-0.7459007526135056
-0.1401098514754074,-2.053267905293714,-0.21303769768270914,-0.713985191299721,-0.8024484737087255,-0.18935256184712382,-0.713985191299721,-0.966303193286565,-0.358145440323592,0.5558682612033757,-0.2544884306547635,-0.05257480820650953,-0.8382842205939496,-0.32417030469126695
-0.1401098514754074,0.4870285058378622,-0.21303769768270914,-0.713985191299721,0.4350476606087318,-0.18935256184712382,-0.713985191299721,-0.966303193286565,-0.358145440323592,1.2667544949459906,-0.2544884306547635,-0.09254317159969154,-0.8382842205939496,1.194059307828792
-0.1401098514754074,0.4870285058378622,-0.21303769768270914,-0.713985191299721,1.672543794926189,-0.18935256184712382,-0.713985191299721,-0.966303193286565,-0.358145440323592,-0.8659042062818543,1.5129284694496405,-0.06589759600423688,0.4446794137736925,-0.9989390213668488
-0.1401098514754074,0.4870285058378622,-0.21303769768270914,0.10563880253243754,-0.8024484737087255,-0.18935256184712382,0.10563880253243754,1.034871877633807,-0.358145440323592,-0.8659042062818543,-0.2544884306547635,-0.06589759600423688,-0.8382842205939496,-0.5772085734446102
-0.1401098514754074,-2.053267905293714,-0.21303769768270914,0.3105448009904772,0.4350476606087318,-0.18935256184712382,0.3105448009904772,-0.966303193286565,-0.358145440323592,0.5558682612033757,-0.2544884306547635,-0.09254317159969154,-0.8382842205939496,2.8809810995177467
-0.1401098514754074,0.4870285058378622,-0.21303769768270914,-0.713985191299721,-0.8024484737087255,-0.18935256184712382,-0.713985191299721,1.034871877633807,2.792161751651698,-0.8659042062818543,-0.2544884306547635,-0.06589759600423688,0.4446794137736925,0.09756014323097166
-0.1401098514754074,0.4870285058378622,-0.21303769768270914,2.1546987871128342,-0.8024484737087255,-0.18935256184712382,2.1546987871128342,1.034871877633807,-0.358145440323592,-0.8659042062818543,1.5129284694496405,-0.06589759600423688,0.4446794137736925,0.603636680737658
-0.1401098514754074,-2.053267905293714,-0.21303769768270914,-0.713985191299721,-0.8024484737087255,-0.18935256184712382,-0.713985191299721,-0.966303193286565,-0.358145440323592,-0.8659042062818543,-0.2544884306547635,-0.06589759600423688,-0.8382842205939496,-0.7459007526135056
-0.1401098514754074,0.4870285058378622,-0.21303769768270914,-0.5090791928416813,-0.8024484737087255,-0.18935256184712382,-0.5090791928416813,-0.966303193286565,-0.358145440323592,-0.8659042062818543,-0.2544884306547635,-0.06589759600423688,0.4446794137736925,-0.6615546630290579
-0.1401098514754074,-2.053267905293714,-0.21303769768270914,-0.5090791928416813,-0.8024484737087255,-0.18935256184712382,-0.5090791928416813,-0.966303193286565,-0.358145440323592,-0.8659042062818543,-0.2544884306547635,-0.05257480820650953,-0.8382842205939496,-0.6615546630290579
-0.1401098514754074,0.4870285058378622,-0.21303769768270914,-0.30417319438364177,-0.8024484737087255,-0.18935256184712382,-0.30417319438364177,-0.966303193286565,-0.358145440323592,1.9776407286886057,-0.2544884306547635,-0.06589759600423688,0.4446794137736925,0.4349445015687626
-0.1401098514754074,0.4870285058378622,-0.21303769768270914,-0.0992671959256021,0.4350476606087318,-0.18935256184712382,-0.0992671959256021,1.034871877633807,-0.358145440323592,-0.8659042062818543,-0.2544884306547635,-0.4122900787451476,-0.8382842205939496,1.7844819349199261
-0.1401098514754074,-2.053267905293714,-0.21303769768270914,-0.0992671959256021,-0.8024484737087255,-0.18935256184712382,-0.0992671959256021,1.034871877633807,-0.358145440323592,-0.8659042062818543,-0.2544884306547635,-0.06589759600423688,-0.8382842205939496,-0.5772085734446102
-0.1401098514754074,-2.053267905293714,-0.21303769768270914,0.5154507994485168,-0.8024484737087255,-0.18935256184712382,0.5154507994485168,-0.966303193286565,-0.358145440323592,0.5558682612033757,-2.0219053307591675,-0.06589759600423688,1.7276430481413345,-0.6615546630290579
-0.1401098514754074,0.4870285058378622,-0.21303769768270914,-0.713985191299721,-0.8024484737087255,-0.18935256184712382,-0.713985191299721,1.034871877633807,-0.358145440323592,-0.8659042062818543,-0.2544884306547635,-0.05257480820650953,-0.8382842205939496,0.603636680737658
-0.1401098514754074,0.4870285058378622,-0.21303769768270914,2.9743227809449926,0.4350476606087318,-0.18935256184712382,2.9743227809449926,-0.966303193286565,-0.358145440323592,1.2667544949459906,-0.2544884306547635,-0.05257480820650953,-0.8382842205939496,1.531443666166583
-0.1401098514754074,-2.053267905293714,-0.21303769768270914,-0.713985191299721,1.672543794926189,-0.18935256184712382,-0.713985191299721,-0.966303193286565,-0.358145440323592,1.2667544949459906,-0.2544884306547635,-0.06589759600423688,-0.8382842205939496,-1.0832851109512964
-0.1401098514754074,0.4870285058378622,-0.21303769768270914,0.5154507994485168,-0.8024484737087255,-0.18935256184712382,0.5154507994485168,1.034871877633807,-0.358145440323592,-0.8659042062818543,1.5129284694496405,-0.06589759600423688,1.7276430481413345,-0.5772085734446102
-0.1401098514754074,-2.053267905293714,-0.21303769768270914,-0.30417319438364177,1.672543794926189,-0.18935256184712382,-0.30417319438364177,1.034871877633807,2.792161751651698,-0.8659042062818543,1.5129284694496405,-0.07922038380196421,0.4446794137736925,-0.9989390213668488
-0.1401098514754074,0.4870285058378622,-0.21303769768270914,-0.713985191299721,0.4350476606087318,-0.18935256184712382,-0.713985191299721,-0.966303193286565,-0.358145440323592,0.5558682612033757,-0.2544884306547635,-0.05257480820650953,-0.8382842205939496,0.9410210390754489
-0.1401098514754074,0.4870285058378622,-0.21303769768270914,-0.713985191299721,0.4350476606087318,-0.18935256184712382,-0.713985191299721,1.034871877633807,-0.358145440323592,0.5558682612033757,-0.2544884306547635,-0.1458343227906009,-0.8382842205939496,2.8809810995177467
-0.1401098514754074,-2.053267905293714,-0.21303769768270914,-0.5090791928416813,-0.8024484737087255,-0.18935256184712382,-0.5090791928416813,1.034871877633807,-0.358145440323592,1.2667544949459906,-0.2544884306547635,-0.06589759600423688,-0.8382842205939496,-0.5772085734446102
-0.1401098514754074,0.4870285058378622,-0.21303769768270914,-0.5090791928416813,-0.8024484737087255,-0.18935256184712382,-0.5090791928416813,1.034871877633807,2.792161751651698,0.5558682612033757,-0.2544884306547635,-0.06589759600423688,-0.8382842205939496,-0.32417030469126695
-0.1401098514754074,0.4870285058378622,-0.21303769768270914,-0.713985191299721,0.4350476606087318,-0.18935256184712382,-0.713985191299721,-0.966303193286565,-0.358145440323592,0.5558682612033757,-0.2544884306547635,-0.05257480820650953,-0.8382842205939496,2.3749045620110603
-0.1401098514754074,-2.053267905293714,-0.21303769768270914,-0.5090791928416813,-0.8024484737087255,-0.18935256184712382,-0.5090791928416813,-0.966303193286565,-0.358145440323592,0.5558682612033757,-0.2544884306547635,-0.06589759600423688,-0.8382842205939496,-0.23982421510681926
-0.1401098514754074,0.4870285058378622,-0.21303769768270914,1.7448867901967549,-0.8024484737087255,-0.18935256184712382,1.7448867901967549,-0.966303193286565,-0.358145440323592,-0.8659042062818543,-0.2544884306547635,-0.00854614825704895,1.7276430481413345,0.7723288599065534
-0.1401098514754074,0.4870285058378622,-0.21303769768270914,-0.713985191299721,-0.8024484737087255,-0.18935256184712382,-0.713985191299721,1.034871877633807,2.792161751651698,2.6885269624312205,-0.2544884306547635,-0.06589759600423688,-0.8382842205939496,-0.15547812552237153
-0.1401098514754074,0.4870285058378622,-0.21303769768270914,1.539980791738715,1.672543794926189,-0.18935256184712382,1.539980791738715,1.034871877633807,2.792161751651698,-0.8659042062818543,-2.0219053307591675,-0.05257480820650953,1.7276430481413345,-1.0832851109512964
-0.1401098514754074,-2.053267905293714,-0.21303769768270914,-0.713985191299721,-0.8024484737087255,-0.18935256184712382,-0.713985191299721,-0.966303193286565,-0.358145440323592,-0.8659042062818543,-0.2544884306547635,-0.00854614825704895,0.4446794137736925,0.18190623281541937
-0.1401098514754074,-2.053267905293714,5.686198146558598,-0.30417319438364177,1.672543794926189,-0.18935256184712382,-0.30417319438364177,1.034871877633807,-0.358145440323592,-0.8659042062818543,-2.0219053307591675,-0.06589759600423688,1.7276430481413345,-1.251977290120192
-0.1401098514754074,0.4870285058378622,-0.21303769768270914,-0.0992671959256021,1.672543794926189,4.395976381875314,-0.0992671959256021,1.034871877633807,-0.358145440323592,0.5558682612033757,1.5129284694496405,-0.06589759600423688,1.7276430481413345,-1.0832851109512964
-0.1401098514754074,0.4870285058378622,1.7533742503977268,-0.713985191299721,1.672543794926189,-0.18935256184712382,-0.713985191299721,1.034871877633807,-0.358145440323592,1.9776407286886057,1.5129284694496405,-0.06589759600423688,0.4446794137736925,-1.1676312005357443
-0.1401098514754074,0.4870285058378622,-0.21303769768270914,-0.713985191299721,1.672543794926189,-0.18935256184712382,-0.713985191299721,-0.966303193286565,-0.358145440323592,1.2667544949459906,1.5129284694496405,-0.05257480820650953,-0.8382842205939496,-1.1676312005357443
-0.1401098514754074,0.4870285058378622,-0.21303769768270914,2.564510784028913,0.4350476606087318,-0.18935256184712382,2.564510784028913,1.034871877633807,-0.358145440323592,-0.8659042062818543,-0.2544884306547635,-0.06589759600423688,0.4446794137736925,1.9531741140888217
-0.1401098514754074,0.4870285058378622,-0.21303769768270914,-0.30417319438364177,0.4350476606087318,-0.18935256184712382,-0.30417319438364177,-0.966303193286565,-0.358145440323592,-0.8659042062818543,-0.2544884306547635,-0.05257480820650953,-0.8382842205939496,2.037520203673269
-0.1401098514754074,0.4870285058378622,-0.21303769768270914,0.3105448009904772,1.672543794926189,-0.18935256184712382,0.3105448009904772,1.034871877633807,2.792161751651698,2.6885269624312205,-2.0219053307591675,-0.06589759600423688,1.7276430481413345,-0.9989390213668488
-0.1401098514754074,0.4870285058378622,-0.21303769768270914,2.3596047855708737,-0.8024484737087255,-0.18935256184712382,2.3596047855708737,-0.966303193286565,-0.358145440323592,-0.8659042062818543,1.5129284694496405,-0.06589759600423688,1.7276430481413345,-0.7459007526135056
-0.1401098514754074,0.4870285058378622,-0.21303769768270914,-0.5090791928416813,-0.8024484737087255,-0.18935256184712382,-0.5090791928416813,1.034871877633807,2.792161751651698,0.5558682612033757,-0.2544884306547635,-0.06589759600423688,-0.8382842205939496,0.09756014323097166
-0.1401098514754074,0.4870285058378622,-0.21303769768270914,-0.5090791928416813,-0.8024484737087255,-0.18935256184712382,-0.5090791928416813,1.034871877633807,-0.358145440323592,-0.8659042062818543,-2.0219053307591675,-0.06589759600423688,1.7276430481413345,-0.8302468421979533
-0.1401098514754074,-2.053267905293714,-0.21303769768270914,-0.713985191299721,-0.8024484737087255,-0.18935256184712382,-0.713985191299721,1.034871877633807,2.792161751651698,1.2667544949459906,-0.2544884306547635,-0.06589759600423688,-0.8382842205939496,-0.4928624838601624
-0.1401098514754074,0.4870285058378622,-0.21303769768270914,0.3105448009904772,-0.8024484737087255,-0.18935256184712382,0.3105448009904772,1.034871877633807,-0.358145440323592,-0.8659042062818543,-0.2544884306547635,-0.06589759600423688,1.7276430481413345,-0.15547812552237153
-0.1401098514754074,-2.053267905293714,-0.21303769768270914,-0.0992671959256021,-0.8024484737087255,-0.18935256184712382,-0.0992671959256021,1.034871877633807,2.792161751651698,-0.8659042062818543,1.5129284694496405,-0.06589759600423688,1.7276430481413345,-0.6615546630290579
-0.1401098514754074,0.4870285058378622,-0.21303769768270914,-0.5090791928416813,0.4350476606087318,-0.18935256184712382,-0.5090791928416813,-0.966303193286565,-0.358145440323592,0.5558682612033757,-0.2544884306547635,-0.06589759600423688,-0.8382842205939496,1.3627514869976876
-0.1401098514754074,0.4870285058378622,-0.21303769768270914,7.072442750105785,0.4350476606087318,-0.18935256184712382,7.072442750105785,1.034871877633807,2.792161751651698,-0.8659042062818543,-2.0219053307591675,-0.06589759600423688,1.7276430481413345,0.8566749494910012
-0.1401098514754074,0.4870285058378622,-0.21303769768270914,-0.713985191299721,-0.8024484737087255,-0.18935256184712382,-0.713985191299721,-0.966303193286565,-0.358145440323592,-0.8659042062818543,-0.2544884306547635,-0.06589759600423688,1.7276430481413345,-0.7459007526135056
-0.1401098514754074,0.4870285058378622,-0.21303769768270914,-0.713985191299721,-0.8024484737087255,-0.18935256184712382,-0.713985191299721,-0.966303193286565,-0.358145440323592,1.2667544949459906,-0.2544884306547635,-0.00854614825704895,-0.8382842205939496,-0.5772085734446102
-0.1401098514754074,0.4870285058378622,-0.21303769768270914,-0.5090791928416813,-0.8024484737087255,-0.18935256184712382,-0.5090791928416813,1.034871877633807,-0.358145440323592,1.2667544949459906,-0.2544884306547635,-0.06589759600423688,0.4446794137736925,-0.6615546630290579
-0.1401098514754074,-2.053267905293714,-0.21303769768270914,0.10563880253243754,-0.8024484737087255,-0.18935256184712382,0.10563880253243754,1.034871877633807,-0.358145440323592,1.2667544949459906,-0.2544884306547635,-0.05257480820650953,-0.8382842205939496,0.4349445015687626
-0.1401098514754074,0.4870285058378622,-0.21303769768270914,-0.713985191299721,1.672543794926189,-0.18935256184712382,-0.713985191299721,-0.966303193286565,-0.358145440323592,0.5558682612033757,1.5129284694496405,-0.06589759600423688,-0.8382842205939496,-1.1676312005357443
-0.1401098514754074,0.4870285058378622,-0.21303769768270914,-0.5090791928416813,-0.8024484737087255,-0.18935256184712382,-0.5090791928416813,-0.966303193286565,-0.358145440323592,-0.8659042062818543,-0.2544884306547635,-0.05257480820650953,-0.8382842205939496,0.013214053646523933
-0.1401098514754074,0.4870285058378622,-0.21303769768270914,-0.713985191299721,0.4350476606087318,-0.18935256184712382,-0.713985191299721,1.034871877633807,2.792161751651698,-0.8659042062818543,-0.2544884306547635,-0.06589759600423688,-0.8382842205939496,1.3627514869976876
-0.1401098514754074,0.4870285058378622,-0.21303769768270914,-0.30417319438364177,-0.8024484737087255,-0.18935256184712382,-0.30417319438364177,1.034871877633807,2.792161751651698,-0.8659042062818543,-0.2544884306547635,-0.05257480820650953,0.4446794137736925,0.2662523223998671
-0.1401098514754074,0.4870285058378622,-0.21303769768270914,-0.30417319438364177,-0.8024484737087255,-0.18935256184712382,-0.30417319438364177,1.034871877633807,-0.358145440323592,0.5558682612033757,-0.2544884306547635,-0.2257710495769649,-0.8382842205939496,-0.8302468421979533
-0.1401098514754074,-2.053267905293714,-0.21303769768270914,-0.5090791928416813,1.672543794926189,2.103311910014095,-0.5090791928416813,1.034871877633807,-0.358145440323592,-0.8659042062818543,-2.0219053307591675,-0.06589759600423688,0.4446794137736925,-1.1676312005357443
-0.1401098514754074,-2.053267905293714,-0.21303769768270914,-0.30417319438364177,-0.8024484737087255,-0.18935256184712382,-0.30417319438364177,-0.966303193286565,-0.358145440323592,0.5558682612033757,-0.2544884306547635,-0.06589759600423688,-0.8382842205939496,-0.15547812552237153
-0.1401098514754074,0.4870285058378622,-0.21303769768270914,-0.5090791928416813,-0.8024484737087255,-0.18935256184712382,-0.5090791928416813,-0.966303193286565,-0.358145440323592,-0.8659042062818543,-0.2544884306547635,-0.06589759600423688,-0.8382842205939496,0.5192905911532103
-0.1401098514754074,0.4870285058378622,-0.21303769768270914,-0.713985191299721,0.4350476606087318,-0.18935256184712382,-0.713985191299721,-0.966303193286565,-0.358145440323592,0.5558682612033757,-0.2544884306547635,-0.05257480820650953,-0.8382842205939496,1.7844819349199261
-0.1401098514754074,0.4870285058378622,1.7533742503977268,-0.5090791928416813,1.672543794926189,-0.18935256184712382,-0.5090791928416813,-0.966303193286565,-0.358145440323592,-0.8659042062818543,-0.2544884306547635,-0.06589759600423688,0.4446794137736925,-0.9989390213668488
-0.1401098514754074,-2.053267905293714,-0.21303769768270914,-0.713985191299721,0.4350476606087318,-0.18935256184712382,-0.713985191299721,-0.966303193286565,-0.358145440323592,0.5558682612033757,-0.2544884306547635,-0.05257480820650953,0.4446794137736925,2.121866293257717
-0.1401098514754074,-2.053267905293714,-0.21303769768270914,-0.5090791928416813,1.672543794926189,-0.18935256184712382,-0.5090791928416813,1.034871877633807,-0.358145440323592,-0.8659042062818543,1.5129284694496405,-0.06589759600423688,0.4446794137736925,-1.0832851109512964
-0.1401098514754074,0.4870285058378622,-0.21303769768270914,-0.30417319438364177,-0.8024484737087255,-0.18935256184712382,-0.30417319438364177,-0.966303193286565,-0.358145440323592,-0.8659042062818543,-0.2544884306547635,-0.2257710495769649,-0.8382842205939496,0.18190623281541937
-0.1401098514754074,0.4870285058378622,-0.21303769768270914,0.9252627963645961,-0.8024484737087255,-0.18935256184712382,0.9252627963645961,-0.966303193286565,-0.358145440323592,-0.8659042062818543,-0.2544884306547635,-0.05257480820650953,0.4446794137736925,-0.15547812552237153
-0.1401098514754074,0.4870285058378622,-0.21303769768270914,-0.713985191299721,0.4350476606087318,-0.18935256184712382,-0.713985191299721,-0.966303193286565,-0.358145440323592,2.6885269624312205,-0.2544884306547635,-0.06589759600423688,-0.8382842205939496,1.531443666166583
-0.1401098514754074,0.4870285058378622,-0.21303769768270914,2.564510784028913,0.4350476606087318,-0.18935256184712382,2.564510784028913,1.034871877633807,-0.358145440323592,-0.8659042062818543,-2.0219053307591675,-0.6787458346996944,1.7276430481413345,1.9531741140888217
-0.1401098514754074,0.4870285058378622,5.686198146558598,-0.713985191299721,1.672543794926189,-0.18935256184712382,-0.713985191299721,1.034871877633807,-0.358145440323592,-0.8659042062818543,-2.0219053307591675,-0.06589759600423688,0.4446794137736925,-1.251977290120192
-0.1401098514754074,0.4870285058378622,-0.21303769768270914,-0.5090791928416813,-0.8024484737087255,-0.18935256184712382,-0.5090791928416813,-0.966303193286565,-0.358145440323592,0.5558682612033757,-0.2544884306547635,-0.06589759600423688,-0.8382842205939496,0.6879827703221058
-0.1401098514754074,0.4870285058378622,-0.21303769768270914,-0.5090791928416813,0.4350476606087318,-0.18935256184712382,-0.5090791928416813,-0.966303193286565,-0.358145440323592,0.5558682612033757,-0.2544884306547635,-0.625454683508785,-0.8382842205939496,1.0253671286598967
-0.1401098514754074,0.4870285058378622,-0.21303769768270914,-0.5090791928416813,1.672543794926189,-0.18935256184712382,-0.5090791928416813,-0.966303193286565,-0.358145440323592,-0.8659042062818543,1.5129284694496405,-0.06589759600423688,-0.8382842205939496,-1.1676312005357443
-0.1401098514754074,0.4870285058378622,-0.21303769768270914,-0.0992671959256021,0.4350476606087318,-0.18935256184712382,-0.0992671959256021,-0.966303193286565,-0.358145440323592,0.5558682612033757,-0.2544884306547635,-0.05257480820650953,-0.8382842205939496,1.194059307828792
-0.1401098514754074,0.4870285058378622,-0.21303769768270914,-0.713985191299721,1.672543794926189,-0.18935256184712382,-0.713985191299721,1.034871877633807,-0.358145440323592,0.5558682612033757,1.5129284694496405,-0.05257480820650953,-0.8382842205939496,-1.0832851109512964
-0.1401098514754074,0.4870285058378622,-0.21303769768270914,-0.30417319438364177,-0.8024484737087255,-0.18935256184712382,-0.30417319438364177,1.034871877633807,2.792161751651698,0.5558682612033757,-0.2544884306547635,-0.06589759600423688,-0.8382842205939496,-0.5772085734446102
-0.1401098514754074,0.4870285058378622,-0.21303769768270914,-0.5090791928416813,-0.8024484737087255,-0.18935256184712382,-0.5090791928416813,-0.966303193286565,-0.358145440323592,-0.8659042062818543,-0.2544884306547635,-0.05257480820650953,-0.8382842205939496,-0.8302468421979533
-0.1401098514754074,0.4870285058378622,-0.21303769768270914,-0.713985191299721,1.672543794926189,-0.18935256184712382,-0.713985191299721,1.034871877633807,-0.358145440323592,-0.8659042062818543,-2.0219053307591675,-0.06589759600423688,1.7276430481413345,-1.251977290120192
-0.1401098514754074,-2.053267905293714,-0.21303769768270914,-0.30417319438364177,0.4350476606087318,-0.18935256184712382,-0.30417319438364177,1.034871877633807,-0.358145440323592,0.5558682612033757,-0.2544884306547635,-0.06589759600423688,-0.8382842205939496,1.194059307828792
-0.1401098514754074,0.4870285058378622,-0.21303769768270914,-0.5090791928416813,-0.8024484737087255,-0.18935256184712382,-0.5090791928416813,-0.966303193286565,-0.358145440323592,0.5558682612033757,-2.0219053307591675,-0.05257480820650953,1.7276430481413345,-0.8302468421979533
-0.1401098514754074,0.4870285058378622,-0.21303769768270914,-0.713985191299721,1.672543794926189,-0.18935256184712382,-0.713985191299721,-0.966303193286565,-0.358145440323592,1.2667544949459906,1.5129284694496405,-0.06589759600423688,-0.8382842205939496,-1.1676312005357443
-0.1401098514754074,0.4870285058378622,-0.21303769768270914,2.3596047855708737,0.4350476606087318,-0.18935256184712382,2.3596047855708737,1.034871877633807,-0.358145440323592,-0.8659042062818543,-0.2544884306547635,-0.5588407445201483,-0.8382842205939496,2.121866293257717
-0.1401098514754074,0.4870285058378622,-0.21303769768270914,-0.5090791928416813,1.672543794926189,-0.18935256184712382,-0.5090791928416813,-0.966303193286565,-0.358145440323592,0.5558682612033757,-0.2544884306547635,-0.545517956722421,-0.8382842205939496,-0.9145929317824011
-0.1401098514754074,0.4870285058378622,-0.21303769768270914,-0.5090791928416813,-0.8024484737087255,-0.18935256184712382,-0.5090791928416813,1.034871877633807,2.792161751651698,0.5558682612033757,-0.2544884306547635,-0.06589759600423688,-0.8382842205939496,0.603636680737658
-0.1401098514754074,0.4870285058378622,-0.21303769768270914,-0.713985191299721,-0.8024484737087255,-0.18935256184712382,-0.713985191299721,1.034871877633807,-0.358145440323592,1.2667544949459906,-0.2544884306547635,-0.05257480820650953,-0.8382842205939496,-0.6615546630290579
-0.1401098514754074,-2.053267905293714,-0.21303769768270914,-0.713985191299721,-0.8024484737087255,-0.18935256184712382,-0.713985191299721,-0.966303193286565,-0.358145440323592,-0.8659042062818543,-0.2544884306547635,-0.06589759600423688,-0.8382842205939496,0.013214053646523933
-0.1401098514754074,0.4870285058378622,-0.21303769768270914,1.539980791738715,-0.8024484737087255,-0.18935256184712382,1.539980791738715,1.034871877633807,2.792161751651698,-0.8659042062818543,-0.2544884306547635,-0.06589759600423688,-0.8382842205939496,0.4349445015687626
-0.1401098514754074,-2.053267905293714,-0.21303769768270914,-0.30417319438364177,0.4350476606087318,-0.18935256184712382,-0.30417319438364177,-0.966303193286565,-0.358145440323592,0.5558682612033757,-0.2544884306547635,-0.06589759600423688,-0.8382842205939496,1.194059307828792
-0.1401098514754074,0.4870285058378622,-0.21303769768270914,-0.713985191299721,-0.8024484737087255,-0.18935256184712382,-0.713985191299721,-0.966303193286565,-0.358145440323592,0.5558682612033757,-0.2544884306547635,-0.05257480820650953,-0.8382842205939496,0.4349445015687626
-0.1401098514754074,0.4870285058378622,-0.21303769768270914,-0.30417319438364177,-0.8024484737087255,-0.18935256184712382,-0.30417319438364177,-0.966303193286565,-0.358145440323592,-0.8659042062818543,-0.2544884306547635,-0.06589759600423688,-0.8382842205939496,-0.7459007526135056
-0.1401098514754074,0.4870285058378622,-0.21303769768270914,0.9252627963645961,-0.8024484737087255,-0.18935256184712382,0.9252627963645961,1.034871877633807,-0.358145440323592,-0.8659042062818543,-0.2544884306547635,-0.06589759600423688,0.4446794137736925,-0.07113203593792379
-0.1401098514754074,0.4870285058378622,-0.21303769768270914,0.7203567979065565,-0.8024484737087255,6.688640853736533,0.7203567979065565,1.034871877633807,-0.358145440323592,-0.8659042062818543,-0.2544884306547635,-0.06589759600423688,-0.8382842205939496,-0.23982421510681926
-0.1401098514754074,0.4870285058378622,-0.21303769768270914,0.10563880253243754,-0.8024484737087255,-0.18935256184712382,0.10563880253243754,-0.966303193286565,-0.358145440323592,0.5558682612033757,-0.2544884306547635,-0.00854614825704895,0.4446794137736925,0.09756014323097166
-0.1401098514754074,0.4870285058378622,-0.21303769768270914,0.7203567979065565,-0.8024484737087255,-0.18935256184712382,0.7203567979065565,1.034871877633807,2.792161751651698,-0.8659042062818543,-2.0219053307591675,-0.05257480820650953,1.7276430481413345,-0.23982421510681926
-0.1401098514754074,0.4870285058378622,-0.21303769768270914,-0.713985191299721,-0.8024484737087255,-0.18935256184712382,-0.713985191299721,-0.966303193286565,-0.358145440323592,0.5558682612033757,-0.2544884306547635,10.245940159436723,-0.8382842205939496,-0.7459007526135056
-0.1401098514754074,0.4870285058378622,-0.21303769768270914,-0.5090791928416813,-0.8024484737087255,-0.18935256184712382,-0.5090791928416813,1.034871877633807,-0.358145440323592,-0.8659042062818543,-0.2544884306547635,-0.06589759600423688,0.4446794137736925,-0.23982421510681926
-0.1401098514754074,0.4870285058378622,-0.21303769768270914,-0.0992671959256021,0.4350476606087318,-0.18935256184712382,-0.0992671959256021,1.034871877633807,2.792161751651698,0.5558682612033757,1.5129284694496405,-0.05257480820650953,-0.8382842205939496,1.2784053974132399
-0.1401098514754074,0.4870285058378622,-0.21303769768270914,-0.5090791928416813,1.672543794926189,-0.18935256184712382,-0.5090791928416813,1.034871877633807,2.792161751651698,-0.8659042062818543,-2.0219053307591675,-0.06589759600423688,1.7276430481413345,-1.1676312005357443
-0.1401098514754074,0.4870285058378622,-0.21303769768270914,-0.713985191299721,-0.8024484737087255,-0.18935256184712382,-0.713985191299721,-0.966303193286565,-0.358145440323592,0.5558682612033757,-0.2544884306547635,-0.06589759600423688,-0.8382842205939496,-0.07113203593792379
-0.1401098514754074,0.4870285058378622,3.719786198478163,-0.5090791928416813,1.672543794926189,2.103311910014095,-0.5090791928416813,-0.966303193286565,-0.358145440323592,0.5558682612033757,-2.0219053307591675,-0.06589759600423688,1.7276430481413345,-1.1676312005357443
-0.1401098514754074,0.4870285058378622,-0.21303769768270914,-0.30417319438364177,-0.8024484737087255,-0.18935256184712382,-0.30417319438364177,1.034871877633807,2.792161751651698,0.5558682612033757,-0.2544884306547635,-0.05257480820650953,-0.8382842205939496,0.013214053646523933
-0.1401098514754074,-2.053267905293714,-0.21303769768270914,-0.713985191299721,1.672543794926189,-0.18935256184712382,-0.713985191299721,1.034871877633807,2.792161751651698,0.5558682612033757,-2.0219053307591675,-0.05257480820650953,1.7276430481413345,-1.251977290120192
-0.1401098514754074,-2.053267905293714,-0.21303769768270914,-0.713985191299721,0.4350476606087318,-0.18935256184712382,-0.713985191299721,1.034871877633807,2.792161751651698,0.5558682612033757,-0.2544884306547635,-0.06589759600423688,-0.8382842205939496,1.3627514869976876
1.8868661946544836,0.4870285058378622,-0.21303769768270914,-0.5090791928416813,-0.8024484737087255,-0.18935256184712382,-0.5090791928416813,1.034871877633807,-0.358145440323592,1.2667544949459906,-0.2544884306547635,0.99992542781395,0.4446794137736925,-0.7459007526135056
-0.1401098514754074,0.4870285058378622,-0.21303769768270914,-0.5090791928416813,-0.8024484737087255,-0.18935256184712382,-0.5090791928416813,-0.966303193286565,-0.358145440323592,0.5558682612033757,1.5129284694496405,-0.46558122993605694,0.4446794137736925,-0.7459007526135056
-0.1401098514754074,0.4870285058378622,-0.21303769768270914,0.3105448009904772,0.4350476606087318,-0.18935256184712382,0.3105448009904772,1.034871877633807,-0.358145440323592,0.5558682612033757,-0.2544884306547635,-0.15915711058832824,0.4446794137736925,1.2784053974132399
-0.1401098514754074,0.4870285058378622,-0.21303769768270914,-0.713985191299721,-0.8024484737087255,-0.18935256184712382,-0.713985191299721,-0.966303193286565,-0.358145440323592,-0.8659042062818543,-0.2544884306547635,-0.05257480820650953,0.4446794137736925,0.2662523223998671
-0.1401098514754074,-2.053267905293714,-0.21303769768270914,-0.713985191299721,1.672543794926189,-0.18935256184712382,-0.713985191299721,1.034871877633807,-0.358145440323592,-0.8659042062818543,-2.0219053307591675,-0.06589759600423688,1.7276430481413345,-1.0832851109512964
-0.1401098514754074,0.4870285058378622,-0.21303769768270914,-0.0992671959256021,-0.8024484737087255,-0.18935256184712382,-0.0992671959256021,1.034871877633807,2.792161751651698,-0.8659042062818543,1.5129284694496405,-0.05257480820650953,-0.8382842205939496,-0.7459007526135056
-0.1401098514754074,0.4870285058378622,3.719786198478163,0.5154507994485168,-0.8024484737087255,-0.18935256184712382,0.5154507994485168,-0.966303193286565,-0.358145440323592,0.5558682612033757,-2.0219053307591675,1.0265710034094047,1.7276430481413345,-0.7459007526135056
-0.1401098514754074,0.4870285058378622,1.7533742503977268,2.564510784028913,-0.8024484737087255,-0.18935256184712382,2.564510784028913,1.034871877633807,-0.358145440323592,-0.8659042062818543,-2.0219053307591675,-0.06589759600423688,1.7276430481413345,-0.4928624838601624
-0.1401098514754074,-2.053267905293714,1.7533742503977268,-0.5090791928416813,1.672543794926189,-0.18935256184712382,-0.5090791928416813,-0.966303193286565,-0.358145440323592,0.5558682612033757,-0.2544884306547635,-0.3456761397565109,-0.8382842205939496,-1.0832851109512964
-0.1401098514754074,0.4870285058378622,-0.21303769768270914,-0.5090791928416813,0.4350476606087318,-0.18935256184712382,-0.5090791928416813,-0.966303193286565,-0.358145440323592,1.2667544949459906,-0.2544884306547635,-1.131720619822424,-0.8382842205939496,2.206212382842165
-0.1401098514754074,0.4870285058378622,-0.21303769768270914,0.7203567979065565,-0.8024484737087255,-0.18935256184712382,0.7203567979065565,-0.966303193286565,-0.358145440323592,-0.8659042062818543,-2.0219053307591675,-0.06589759600423688,0.4446794137736925,0.2662523223998671
-0.1401098514754074,0.4870285058378622,-0.21303769768270914,0.9252627963645961,-0.8024484737087255,-0.18935256184712382,0.9252627963645961,1.034871877633807,-0.358145440323592,-0.8659042062818543,1.5129284694496405,-0.05257480820650953,1.7276430481413345,-0.6615546630290579
-0.1401098514754074,0.4870285058378622,-0.21303769768270914,-0.713985191299721,0.4350476606087318,-0.18935256184712382,-0.713985191299721,-0.966303193286565,-0.358145440323592,0.5558682612033757,-0.2544884306547635,-0.05257480820650953,-0.8382842205939496,1.0253671286598967
1.8868661946544836,-2.053267905293714,-0.21303769768270914,-0.5090791928416813,1.672543794926189,2.103311910014095,-0.5090791928416813,1.034871877633807,2.792161751651698,0.5558682612033757,-2.0219053307591675,1.8126154834753179,0.4446794137736925,-1.3363233797046397
-0.1401098514754074,0.4870285058378622,-0.21303769768270914,-0.5090791928416813,0.4350476606087318,-0.18935256184712382,-0.5090791928416813,-0.966303193286565,-0.358145440323592,-0.8659042062818543,-0.2544884306547635,-0.05257480820650953,0.4446794137736925,1.3627514869976876
-0.1401098514754074,-2.053267905293714,-0.21303769768270914,-0.5090791928416813,0.4350476606087318,-0.18935256184712382,-0.5090791928416813,-0.966303193286565,-0.358145440323592,0.5558682612033757,-0.2544884306547635,-1.4647903147656074,-0.8382842205939496,0.8566749494910012
-0.1401098514754074,0.4870285058378622,-0.21303769768270914,-0.713985191299721,1.672543794926189,-0.18935256184712382,-0.713985191299721,1.034871877633807,2.792161751651698,2.6885269624312205,1.5129284694496405,-0.06589759600423688,-0.8382842205939496,-1.1676312005357443
-0.1401098514754074,-2.053267905293714,-0.21303769768270914,-0.713985191299721,-0.8024484737087255,-0.18935256184712382,-0.713985191299721,-0.966303193286565,-0.358145440323592,0.5558682612033757,-0.2544884306547635,-0.05257480820650953,-0.8382842205939496,0.6879827703221058
-0.1401098514754074,0.4870285058378622,1.7533742503977268,4.61357076860931,-0.8024484737087255,-0.18935256184712382,4.61357076860931,1.034871877633807,-0.358145440323592,-0.8659042062818543,-2.0219053307591675,-0.06589759600423688,1.7276430481413345,0.18190623281541937
-0.1401098514754074,0.4870285058378622,-0.21303769768270914,-0.713985191299721,-0.8024484737087255,-0.18935256184712382,-0.713985191299721,-0.966303193286565,-0.358145440323592,0.5558682612033757,-0.2544884306547635,-0.05257480820650953,0.4446794137736925,-0.32417030469126695
-0.1401098514754074,0.4870285058378622,-0.21303769768270914,-0.713985191299721,-0.8024484737087255,-0.18935256184712382,-0.713985191299721,-0.966303193286565,-0.358145440323592,0.5558682612033757,-0.2544884306547635,-0.06589759600423688,-0.8382842205939496,-0.4085163942757147
-0.1401098514754074,0.4870285058378622,-0.21303769768270914,0.10563880253243754,-0.8024484737087255,-0.18935256184712382,0.10563880253243754,1.034871877633807,2.792161751651698,1.2667544949459906,-0.2544884306547635,-0.05257480820650953,-0.8382842205939496,0.18190623281541937
-0.1401098514754074,0.4870285058378622,-0.21303769768270914,2.9743227809449926,0.4350476606087318,-0.18935256184712382,2.9743227809449926,1.034871877633807,-0.358145440323592,0.5558682612033757,-0.2544884306547635,-0.6787458346996944,-0.8382842205939496,1.7001358453354785
-0.1401098514754074,0.4870285058378622,-0.21303769768270914,-0.713985191299721,0.4350476606087318,-0.18935256184712382,-0.713985191299721,1.034871877633807,-0.358145440323592,0.5558682612033757,-0.2544884306547635,-0.06589759600423688,1.7276430481413345,1.1097132182443443
-0.1401098514754074,0.4870285058378622,-0.21303769768270914,-0.713985191299721,1.672543794926189,-0.18935256184712382,-0.713985191299721,1.034871877633807,-0.358145440323592,2.6885269624312205,1.5129284694496405,-0.06589759600423688,1.7276430481413345,-0.9989390213668488
-0.1401098514754074,0.4870285058378622,-0.21303769768270914,-0.5090791928416813,-0.8024484737087255,-0.18935256184712382,-0.5090791928416813,1.034871877633807,-0.358145440323592,-0.8659042062818543,-2.0219053307591675,-0.05257480820650953,1.7276430481413345,-0.7459007526135056
-0.1401098514754074,0.4870285058378622,-0.21303769768270914,-0.5090791928416813,1.672543794926189,-0.18935256184712382,-0.5090791928416813,1.034871877633807,2.792161751651698,2.6885269624312205,1.5129284694496405,-0.06589759600423688,-0.8382842205939496,-0.9145929317824011
-0.1401098514754074,0.4870285058378622,-0.21303769768270914,-0.5090791928416813,-0.8024484737087255,-0.18935256184712382,-0.5090791928416813,1.034871877633807,-0.358145440323592,-0.8659042062818543,-0.2544884306547635,-0.06589759600423688,0.4446794137736925,-0.7459007526135056
-0.1401098514754074,0.4870285058378622,-0.21303769768270914,-0.713985191299721,0.4350476606087318,-0.18935256184712382,-0.713985191299721,-0.966303193286565,-0.358145440323592,0.5558682612033757,-0.2544884306547635,-0.06589759600423688,-0.8382842205939496,1.6157897557510308
-0.1401098514754074,0.4870285058378622,-0.21303769768270914,1.1301687948226358,-0.8024484737087255,-0.18935256184712382,1.1301687948226358,1.034871877633807,-0.358145440323592,0.5558682612033757,-0.2544884306547635,-0.05257480820650953,-0.8382842205939496,0.09756014323097166
-0.1401098514754074,0.4870285058378622,-0.21303769768270914,1.1301687948226358,-0.8024484737087255,-0.18935256184712382,1.1301687948226358,1.034871877633807,-0.358145440323592,0.5558682612033757,-2.0219053307591675,-0.15915711058832824,1.7276430481413345,-0.5772085734446102
-0.1401098514754074,0.4870285058378622,-0.21303769768270914,0.5154507994485168,0.4350476606087318,-0.18935256184712382,0.5154507994485168,1.034871877633807,-0.358145440323592,0.5558682612033757,-0.2544884306547635,-3.5964363624019815,-0.8382842205939496,1.6157897557510308
-0.1401098514754074,0.4870285058378622,1.7533742503977268,-0.5090791928416813,-0.8024484737087255,-0.18935256184712382,-0.5090791928416813,1.034871877633807,-0.358145440323592,-0.8659042062818543,-2.0219053307591675,8.20755362638444,1.7276430481413345,-0.8302468421979533
-0.1401098514754074,0.4870285058378622,-0.21303769768270914,-0.30417319438364177,-0.8024484737087255,-0.18935256184712382,-0.30417319438364177,1.034871877633807,-0.358145440323592,1.2667544949459906,-0.2544884306547635,-0.2124482617792376,-0.8382842205939496,0.6879827703221058
-0.1401098514754074,0.4870285058378622,-0.21303769768270914,-0.713985191299721,1.672543794926189,-0.18935256184712382,-0.713985191299721,1.034871877633807,-0.358145440323592,0.5558682612033757,1.5129284694496405,-0.06589759600423688,-0.8382842205939496,-0.9989390213668488
-0.1401098514754074,0.4870285058378622,-0.21303769768270914,-0.5090791928416813,1.672543794926189,-0.18935256184712382,-0.5090791928416813,-0.966303193286565,-0.358145440323592,-0.8659042062818543,-0.2544884306547635,-0.06589759600423688,-0.8382842205939496,-0.9145929317824011
-0.1401098514754074,0.4870285058378622,-0.21303769768270914,-0.5090791928416813,-0.8024484737087255,-0.18935256184712382,-0.5090791928416813,-0.966303193286565,-0.358145440323592,0.5558682612033757,-0.2544884306547635,-0.06589759600423688,-0.8382842205939496,-0.4928624838601624
-0.1401098514754074,0.4870285058378622,-0.21303769768270914,-0.0992671959256021,1.672543794926189,-0.18935256184712382,-0.0992671959256021,1.034871877633807,2.792161751651698,1.2667544949459906,-2.0219053307591675,3.2647993534275974,0.4446794137736925,-0.9989390213668488
-0.1401098514754074,-2.053267905293714,-0.21303769768270914,-0.30417319438364177,-0.8024484737087255,-0.18935256184712382,-0.30417319438364177,-0.966303193286565,-0.358145440323592,-0.8659042062818543,-0.2544884306547635,-0.06589759600423688,0.4446794137736925,0.4349445015687626
-0.1401098514754074,0.4870285058378622,-0.21303769768270914,-0.5090791928416813,-0.8024484737087255,-0.18935256184712382,-0.5090791928416813,-0.966303193286565,-0.358145440323592,0.5558682612033757,-0.2544884306547635,-0.06589759600423688,-0.8382842205939496,0.4349445015687626
-0.1401098514754074,0.4870285058378622,-0.21303769768270914,-0.713985191299721,-0.8024484737087255,-0.18935256184712382,-0.713985191299721,-0.966303193286565,-0.358145440323592,-0.8659042062818543,-0.2544884306547635,-0.06589759600423688,-0.8382842205939496,0.603636680737658
-0.1401098514754074,0.4870285058378622,-0.21303769768270914,-0.713985191299721,-0.8024484737087255,-0.18935256184712382,-0.713985191299721,-0.966303193286565,-0.358145440323592,0.5558682612033757,-0.2544884306547635,-0.06589759600423688,-0.8382842205939496,-0.6615546630290579
-0.1401098514754074,0.4870285058378622,-0.21303769768270914,-0.30417319438364177,-0.8024484737087255,-0.18935256184712382,-0.30417319438364177,-0.966303193286565,-0.358145440323592,2.6885269624312205,-0.2544884306547635,-0.06589759600423688,-0.8382842205939496,-0.4085163942757147
-0.1401098514754074,0.4870285058378622,-0.21303769768270914,-0.713985191299721,-0.8024484737087255,-0.18935256184712382,-0.713985191299721,-0.966303193286565,-0.358145440323592,2.6885269624312205,-0.2544884306547635,-0.06589759600423688,-0.8382842205939496,0.18190623281541937
-0.1401098514754074,0.4870285058378622,-0.21303769768270914,-0.713985191299721,1.672543794926189,-0.18935256184712382,-0.713985191299721,-0.966303193286565,-0.358145440323592,-0.8659042062818543,1.5129284694496405,-0.06589759600423688,0.4446794137736925,-0.9989390213668488
-0.1401098514754074,0.4870285058378622,-0.21303769768270914,-0.5090791928416813,-0.8024484737087255,-0.18935256184712382,-0.5090791928416813,1.034871877633807,-0.358145440323592,0.5558682612033757,-0.2544884306547635,-0.06589759600423688,-0.8382842205939496,0.18190623281541937
-0.1401098514754074,0.4870285058378622,-0.21303769768270914,0.3105448009904772,-0.8024484737087255,-0.18935256184712382,0.3105448009904772,-0.966303193286565,-0.358145440323592,-0.8659042062818543,-0.2544884306547635,-0.06589759600423688,-0.8382842205939496,0.2662523223998671
-0.1401098514754074,0.4870285058378622,-0.21303769768270914,-0.5090791928416813,-0.8024484737087255,-0.18935256184712382,-0.5090791928416813,-0.966303193286565,-0.358145440323592,0.5558682612033757,-0.2544884306547635,-0.05257480820650953,0.4446794137736925,-0.4928624838601624
-0.1401098514754074,0.4870285058378622,1.7533742503977268,-0.0992671959256021,1.672543794926189,2.103311910014095,-0.0992671959256021,1.034871877633807,-0.358145440323592,-0.8659042062818543,1.5129284694496405,-0.06589759600423688,1.7276430481413345,-1.0832851109512964
-0.1401098514754074,-2.053267905293714,-0.21303769768270914,0.7203567979065565,0.4350476606087318,-0.18935256184712382,0.7203567979065565,-0.966303193286565,-0.358145440323592,0.5558682612033757,-0.2544884306547635,-1.3582080123837887,0.4446794137736925,1.6157897557510308
-0.1401098514754074,-2.053267905293714,-0.21303769768270914,-0.5090791928416813,1.672543794926189,2.103311910014095,-0.5090791928416813,-0.966303193286565,-0.358145440323592,-0.8659042062818543,1.5129284694496405,3.864324804325327,0.4446794137736925,-1.0832851109512964
-0.1401098514754074,0.4870285058378622,-0.21303769768270914,1.3350747932806755,-0.8024484737087255,-0.18935256184712382,1.3350747932806755,1.034871877633807,-0.358145440323592,0.5558682612033757,1.5129284694496405,0.04068470637758183,0.4446794137736925,-0.7459007526135056
-0.1401098514754074,0.4870285058378622,-0.21303769768270914,-0.5090791928416813,0.4350476606087318,-0.18935256184712382,-0.5090791928416813,-0.966303193286565,-0.358145440323592,0.5558682612033757,-0.2544884306547635,-0.06589759600423688,-0.8382842205939496,3.5557498161933285
-0.1401098514754074,0.4870285058378622,-0.21303769768270914,-0.713985191299721,0.4350476606087318,-0.18935256184712382,-0.713985191299721,1.034871877633807,-0.358145440323592,0.5558682612033757,-0.2544884306547635,-0.06589759600423688,-0.8382842205939496,1.7001358453354785
-0.1401098514754074,0.4870285058378622,-0.21303769768270914,-0.713985191299721,1.672543794926189,-0.18935256184712382,-0.713985191299721,-0.966303193286565,-0.358145440323592,-0.8659042062818543,1.5129284694496405,-0.06589759600423688,-0.8382842205939496,-1.0832851109512964
-0.1401098514754074,0.4870285058378622,-0.21303769768270914,-0.713985191299721,-0.8024484737087255,-0.18935256184712382,-0.713985191299721,-0.966303193286565,-0.358145440323592,0.5558682612033757,-0.2544884306547635,-0.06589759600423688,-0.8382842205939496,-0.15547812552237153
-0.1401098514754074,0.4870285058378622,-0.21303769768270914,0.5154507994485168,-0.8024484737087255,-0.18935256184712382,0.5154507994485168,1.034871877633807,-0.358145440323592,-0.8659042062818543,-0.2544884306547635,-0.06589759600423688,0.4446794137736925,-0.6615546630290579
-0.1401098514754074,-2.053267905293714,-0.21303769768270914,-0.713985191299721,0.4350476606087318,-0.18935256184712382,-0.713985191299721,-0.966303193286565,-0.358145440323592,-0.8659042062818543,-0.2544884306547635,-0.07922038380196421,-0.8382842205939496,1.0253671286598967
-0.1401098514754074,0.4870285058378622,-0.21303769768270914,0.3105448009904772,0.4350476606087318,-0.18935256184712382,0.3105448009904772,1.034871877633807,-0.358145440323592,-0.8659042062818543,-0.2544884306547635,-0.06589759600423688,-0.8382842205939496,0.9410210390754489
-0.1401098514754074,0.4870285058378622,-0.21303769768270914,-0.30417319438364177,1.672543794926189,-0.18935256184712382,-0.30417319438364177,1.034871877633807,-0.358145440323592,-0.8659042062818543,-0.2544884306547635,-0.3456761397565109,-0.8382842205939496,-1.0832851109512964
-0.1401098514754074,0.4870285058378622,-0.21303769768270914,-0.5090791928416813,-0.8024484737087255,-0.18935256184712382,-0.5090791928416813,1.034871877633807,-0.358145440323592,-0.8659042062818543,-0.2544884306547635,-0.06589759600423688,-0.8382842205939496,-0.8302468421979533
-0.1401098514754074,0.4870285058378622,-0.21303769768270914,0.10563880253243754,-0.8024484737087255,-0.18935256184712382,0.10563880253243754,-0.966303193286565,-0.358145440323592,-0.8659042062818543,1.5129284694496405,-0.05257480820650953,0.4446794137736925,-0.5772085734446102
-0.1401098514754074,-2.053267905293714,-0.21303769768270914,-0.5090791928416813,0.4350476606087318,-0.18935256184712382,-0.5090791928416813,-0.966303193286565,-0.358145440323592,0.5558682612033757,-0.2544884306547635,-0.07922038380196421,-0.8382842205939496,1.6157897557510308
-0.1401098514754074,0.4870285058378622,-0.21303769768270914,0.10563880253243754,-0.8024484737087255,-0.18935256184712382,0.10563880253243754,-0.966303193286565,-0.358145440323592,-0.8659042062818543,-0.2544884306547635,-0.06589759600423688,-0.8382842205939496,0.18190623281541937
-0.1401098514754074,0.4870285058378622,-0.21303769768270914,-0.713985191299721,-0.8024484737087255,-0.18935256184712382,-0.713985191299721,-0.966303193286565,-0.358145440323592,0.5558682612033757,-0.2544884306547635,-0.06589759600423688,-0.8382842205939496,-0.8302468421979533
-0.1401098514754074,0.4870285058378622,1.7533742503977268,-0.30417319438364177,1.672543794926189,-0.18935256184712382,-0.30417319438364177,1.034871877633807,-0.358145440323592,-0.8659042062818543,-0.2544884306547635,-0.05257480820650953,-0.8382842205939496,-0.9145929317824011
-0.1401098514754074,0.4870285058378622,-0.21303769768270914,-0.5090791928416813,1.672543794926189,-0.18935256184712382,-0.5090791928416813,1.034871877633807,-0.358145440323592,-0.8659042062818543,-2.0219053307591675,-0.05257480820650953,1.7276430481413345,-1.0832851109512964
-0.1401098514754074,0.4870285058378622,-0.21303769768270914,0.10563880253243754,0.4350476606087318,-0.18935256184712382,0.10563880253243754,-0.966303193286565,-0.358145440323592,-0.8659042062818543,-0.2544884306547635,-0.9318788028565138,-0.8382842205939496,2.037520203673269
-0.1401098514754074,0.4870285058378622,-0.21303769768270914,-0.30417319438364177,-0.8024484737087255,-0.18935256184712382,-0.30417319438364177,-0.966303193286565,-0.358145440323592,-0.8659042062818543,-0.2544884306547635,-0.06589759600423688,-0.8382842205939496,-0.4085163942757147
-0.1401098514754074,0.4870285058378622,-0.21303769768270914,-0.5090791928416813,0.4350476606087318,-0.18935256184712382,-0.5090791928416813,-0.966303193286565,-0.358145440323592,1.2667544949459906,-0.2544884306547635,-0.07922038380196421,-0.8382842205939496,2.459250651595508
-0.1401098514754074,0.4870285058378622,1.7533742503977268,-0.5090791928416813,1.672543794926189,-0.18935256184712382,-0.5090791928416813,1.034871877633807,-0.358145440323592,-0.8659042062818543,-2.0219053307591675,-0.06589759600423688,1.7276430481413345,-1.251977290120192
-0.1401098514754074,-2.053267905293714,-0.21303769768270914,0.3105448009904772,-0.8024484737087255,-0.18935256184712382,0.3105448009904772,1.034871877633807,-0.358145440323592,0.5558682612033757,-2.0219053307591675,-0.05257480820650953,1.7276430481413345,-0.4085163942757147
-0.1401098514754074,0.4870285058378622,-0.21303769768270914,2.3596047855708737,-0.8024484737087255,-0.18935256184712382,2.3596047855708737,-0.966303193286565,-0.358145440323592,-0.8659042062818543,-0.2544884306547635,-0.06589759600423688,1.7276430481413345,0.2662523223998671
-0.1401098514754074,0.4870285058378622,-0.21303769768270914,0.10563880253243754,-0.8024484737087255,-0.18935256184712382,0.10563880253243754,-0.966303193286565,-0.358145440323592,-0.8659042062818543,-0.2544884306547635,-0.1858026861837829,-0.8382842205939496,-0.4085163942757147
-0.1401098514754074,0.4870285058378622,-0.21303769768270914,-0.5090791928416813,-0.8024484737087255,-0.18935256184712382,-0.5090791928416813,1.034871877633807,-0.358145440323592,0.5558682612033757,-0.2544884306547635,-0.06589759600423688,-0.8382842205939496,-0.5772085734446102
-0.1401098514754074,0.4870285058378622,-0.21303769768270914,-0.713985191299721,0.4350476606087318,-0.18935256184712382,-0.713985191299721,-0.966303193286565,-0.358145440323592,1.2667544949459906,-0.2544884306547635,-0.05257480820650953,-0.8382842205939496,1.531443666166583
-0.1401098514754074,0.4870285058378622,-0.21303769768270914,3.5890407763191114,0.4350476606087318,-0.18935256184712382,3.5890407763191114,1.034871877633807,-0.358145440323592,0.5558682612033757,-0.2544884306547635,-0.49222680553151166,-0.8382842205939496,1.8688280245043738
-0.1401098514754074,0.4870285058378622,-0.21303769768270914,-0.30417319438364177,1.672543794926189,2.103311910014095,-0.30417319438364177,-0.966303193286565,-0.358145440323592,1.2667544949459906,1.5129284694496405,-0.06589759600423688,1.7276430481413345,-0.9989390213668488
-0.1401098514754074,0.4870285058378622,-0.21303769768270914,-0.5090791928416813,-0.8024484737087255,-0.18935256184712382,-0.5090791928416813,-0.966303193286565,-0.358145440323592,-0.8659042062818543,-2.0219053307591675,-0.05257480820650953,0.4446794137736925,-0.4085163942757147
-0.1401098514754074,-2.053267905293714,-0.21303769768270914,-0.30417319438364177,1.672543794926189,-0.18935256184712382,-0.30417319438364177,1.034871877633807,2.792161751651698,-0.8659042062818543,1.5129284694496405,1.6260964543071348,1.7276430481413345,-0.9989390213668488
-0.1401098514754074,0.4870285058378622,-0.21303769768270914,-0.5090791928416813,1.672543794926189,-0.18935256184712382,-0.5090791928416813,-0.966303193286565,-0.358145440323592,-0.8659042062818543,1.5129284694496405,-0.3456761397565109,-0.8382842205939496,-1.251977290120192
-0.1401098514754074,0.4870285058378622,-0.21303769768270914,-0.5090791928416813,1.672543794926189,-0.18935256184712382,-0.5090791928416813,-0.966303193286565,-0.358145440323592,-0.8659042062818543,1.5129284694496405,-0.06589759600423688,0.4446794137736925,-1.1676312005357443
-0.1401098514754074,-2.053267905293714,-0.21303769768270914,-0.713985191299721,-0.8024484737087255,-0.18935256184712382,-0.713985191299721,-0.966303193286565,-0.358145440323592,2.6885269624312205,-0.2544884306547635,-0.06589759600423688,-0.8382842205939496,0.35059841198431485
5.940818286914266,-2.053267905293714,-0.21303769768270914,2.769416782486953,-0.8024484737087255,-0.18935256184712382,2.769416782486953,1.034871877633807,-0.358145440323592,-0.8659042062818543,1.5129284694496405,-0.15915711058832824,1.7276430481413345,0.603636680737658
-0.1401098514754074,0.4870285058378622,-0.21303769768270914,-0.30417319438364177,1.672543794926189,4.395976381875314,-0.30417319438364177,1.034871877633807,-0.358145440323592,-0.8659042062818543,-2.0219053307591675,-0.06589759600423688,1.7276430481413345,-1.3363233797046397
-0.1401098514754074,-2.053267905293714,-0.21303769768270914,-0.5090791928416813,1.672543794926189,-0.18935256184712382,-0.5090791928416813,-0.966303193286565,-0.358145440323592,0.5558682612033757,-0.2544884306547635,-0.06589759600423688,0.4446794137736925,-0.9145929317824011
-0.1401098514754074,0.4870285058378622,-0.21303769768270914,0.7203567979065565,-0.8024484737087255,-0.18935256184712382,0.7203567979065565,1.034871877633807,-0.358145440323592,-0.8659042062818543,1.5129284694496405,-0.06589759600423688,1.7276430481413345,-0.8302468421979533
-0.1401098514754074,0.4870285058378622,-0.21303769768270914,2.769416782486953,0.4350476606087318,-0.18935256184712382,2.769416782486953,-0.966303193286565,-0.358145440323592,-0.8659042062818543,-0.2544884306547635,-2.5705817019769763,-0.8382842205939496,2.037520203673269
-0.1401098514754074,0.4870285058378622,-0.21303769768270914,-0.30417319438364177,0.4350476606087318,-0.18935256184712382,-0.30417319438364177,-0.966303193286565,-0.358145440323592,0.5558682612033757,-0.2544884306547635,-0.06589759600423688,-0.8382842205939496,2.121866293257717
-0.1401098514754074,0.4870285058378622,-0.21303769768270914,-0.30417319438364177,-0.8024484737087255,-0.18935256184712382,-0.30417319438364177,1.034871877633807,2.792161751651698,1.2667544949459906,-0.2544884306547635,-3.5564679990087993,0.4446794137736925,-0.5772085734446102
-0.1401098514754074,-2.053267905293714,-0.21303769768270914,-0.0992671959256021,-0.8024484737087255,-0.18935256184712382,-0.0992671959256021,-0.966303193286565,-0.358145440323592,-0.8659042062818543,-0.2544884306547635,-0.06589759600423688,0.4446794137736925,-0.4928624838601624
-0.1401098514754074,0.4870285058378622,9.61902204271947,-0.713985191299721,1.672543794926189,-0.18935256184712382,-0.713985191299721,-0.966303193286565,-0.358145440323592,0.5558682612033757,1.5129284694496405,-0.06589759600423688,-0.8382842205939496,-1.251977290120192
-0.1401098514754074,-2.053267905293714,-0.21303769768270914,-0.713985191299721,1.672543794926189,-0.18935256184712382,-0.713985191299721,-0.966303193286565,-0.358145440323592,-0.8659042062818543,1.5129284694496405,-0.1458343227906009,-0.8382842205939496,-1.0832851109512964
-0.1401098514754074,0.4870285058378622,-0.21303769768270914,0.7203567979065565,-0.8024484737087255,-0.18935256184712382,0.7203567979065565,-0.966303193286565,-0.358145440323592,-0.8659042062818543,-0.2544884306547635,-0.06589759600423688,-0.8382842205939496,-0.4928624838601624
-0.1401098514754074,0.4870285058378622,-0.21303769768270914,-0.5090791928416813,-0.8024484737087255,-0.18935256184712382,-0.5090791928416813,-0.966303193286565,-0.358145440323592,-0.8659042062818543,-0.2544884306547635,-0.06589759600423688,-0.8382842205939496,0.35059841198431485
-0.1401098514754074,-2.053267905293714,-0.21303769768270914,0.10563880253243754,0.4350476606087318,-0.18935256184712382,0.10563880253243754,-0.966303193286565,-0.358145440323592,-0.8659042062818543,-0.2544884306547635,-0.7986509248792404,0.4446794137736925,0.9410210390754489
-0.1401098514754074,0.4870285058378622,-0.21303769768270914,-0.30417319438364177,-0.8024484737087255,-0.18935256184712382,-0.30417319438364177,1.034871877633807,-0.358145440323592,0.5558682612033757,-0.2544884306547635,-0.06589759600423688,0.4446794137736925,-0.6615546630290579
-0.1401098514754074,0.4870285058378622,1.7533742503977268,-0.5090791928416813,1.672543794926189,-0.18935256184712382,-0.5090791928416813,1.034871877633807,2.792161751651698,-0.8659042062818543,-2.0219053307591675,0.32046325012985594,0.4446794137736925,-1.0832851109512964
-0.1401098514754074,0.4870285058378622,-0.21303769768270914,-0.713985191299721,-0.8024484737087255,-0.18935256184712382,-0.713985191299721,-0.966303193286565,-0.358145440323592,0.5558682612033757,-0.2544884306547635,-0.06589759600423688,-0.8382842205939496,0.09756014323097166
-0.1401098514754074,0.4870285058378622,-0.21303769768270914,-0.713985191299721,-0.8024484737087255,-0.18935256184712382,-0.713985191299721,-0.966303193286565,-0.358145440323592,0.5558682612033757,-0.2544884306547635,-0.06589759600423688,-0.8382842205939496,-0.6615546630290579
1.8868661946544836,0.4870285058378622,-0.21303769768270914,-0.30417319438364177,-0.8024484737087255,-0.18935256184712382,-0.30417319438364177,1.034871877633807,-0.358145440323592,1.2667544949459906,-0.2544884306547635,-0.06589759600423688,-0.8382842205939496,0.09756014323097166
-0.1401098514754074,0.4870285058378622,-0.21303769768270914,-0.5090791928416813,-0.8024484737087255,-0.18935256184712382,-0.5090791928416813,1.034871877633807,-0.358145440323592,0.5558682612033757,-0.2544884306547635,-0.05257480820650953,-0.8382842205939496,0.18190623281541937
-0.1401098514754074,0.4870285058378622,-0.21303769768270914,0.7203567979065565,-0.8024484737087255,-0.18935256184712382,0.7203567979065565,1.034871877633807,-0.358145440323592,0.5558682612033757,1.5129284694496405,1.0265710034094047,1.7276430481413345,-0.7459007526135056
-0.1401098514754074,0.4870285058378622,-0.21303769768270914,1.9497927886547946,-0.8024484737087255,-0.18935256184712382,1.9497927886547946,1.034871877633807,2.792161751651698,2.6885269624312205,1.5129284694496405,-0.06589759600423688,1.7276430481413345,-0.4085163942757147
-0.1401098514754074,-2.053267905293714,-0.21303769768270914,-0.30417319438364177,-0.8024484737087255,-0.18935256184712382,-0.30417319438364177,-0.966303193286565,-0.358145440323592,2.6885269624312205,-0.2544884306547635,6.555527939466249,-0.8382842205939496,0.603636680737658
-0.1401098514754074,0.4870285058378622,3.719786198478163,-0.5090791928416813,1.672543794926189,-0.18935256184712382,-0.5090791928416813,-0.966303193286565,-0.358145440323592,-0.8659042062818543,1.5129284694496405,-0.06589759600423688,-0.8382842205939496,-1.251977290120192
-0.1401098514754074,0.4870285058378622,1.7533742503977268,-0.713985191299721,1.672543794926189,-0.18935256184712382,-0.713985191299721,-0.966303193286565,-0.358145440323592,1.2667544949459906,1.5129284694496405,-0.05257480820650953,0.4446794137736925,-1.0832851109512964
-0.1401098514754074,-2.053267905293714,-0.21303769768270914,0.3105448009904772,0.4350476606087318,-0.18935256184712382,0.3105448009904772,-0.966303193286565,-0.358145440323592,0.5558682612033757,-0.2544884306547635,-0.06589759600423688,-0.8382842205939496,0.8566749494910012
1.8868661946544836,0.4870285058378622,-0.21303769768270914,0.3105448009904772,1.672543794926189,-0.18935256184712382,0.3105448009904772,1.034871877633807,2.792161751651698,-0.8659042062818543,1.5129284694496405,0.26717209893894656,1.7276430481413345,-0.9989390213668488
-0.1401098514754074,0.4870285058378622,-0.21303769768270914,-0.30417319438364177,-0.8024484737087255,-0.18935256184712382,-0.30417319438364177,-0.966303193286565,-0.358145440323592,0.5558682612033757,-0.2544884306547635,-0.06589759600423688,0.4446794137736925,-0.8302468421979533
-0.1401098514754074,0.4870285058378622,-0.21303769768270914,-0.30417319438364177,-0.8024484737087255,-0.18935256184712382,-0.30417319438364177,1.034871877633807,-0.358145440323592,-0.8659042062818543,-0.2544884306547635,-0.06589759600423688,0.4446794137736925,-0.6615546630290579
-0.1401098514754074,0.4870285058378622,-0.21303769768270914,-0.5090791928416813,0.4350476606087318,-0.18935256184712382,-0.5090791928416813,-0.966303193286565,-0.358145440323592,0.5558682612033757,-0.2544884306547635,-0.06589759600423688,-0.8382842205939496,1.531443666166583
-0.1401098514754074,0.4870285058378622,-0.21303769768270914,-0.5090791928416813,-0.8024484737087255,-0.18935256184712382,-0.5090791928416813,1.034871877633807,-0.358145440323592,-0.8659042062818543,1.5129284694496405,-0.06589759600423688,0.4446794137736925,0.6879827703221058
-0.1401098514754074,-2.053267905293714,-0.21303769768270914,-0.30417319438364177,-0.8024484737087255,-0.18935256184712382,-0.30417319438364177,-0.966303193286565,-0.358145440323592,0.5558682612033757,-0.2544884306547635,-0.06589759600423688,-0.8382842205939496,-0.32417030469126695
-0.1401098514754074,0.4870285058378622,-0.21303769768270914,-0.30417319438364177,-0.8024484737087255,-0.18935256184712382,-0.30417319438364177,1.034871877633807,2.792161751651698,0.5558682612033757,-0.2544884306547635,-0.05257480820650953,-0.8382842205939496,-0.5772085734446102
-0.1401098514754074,0.4870285058378622,-0.21303769768270914,-0.5090791928416813,-0.8024484737087255,-0.18935256184712382,-0.5090791928416813,1.034871877633807,-0.358145440323592,0.5558682612033757,-0.2544884306547635,-0.17247989838605557,0.4446794137736925,0.18190623281541937
-0.1401098514754074,0.4870285058378622,-0.21303769768270914,-0.5090791928416813,-0.8024484737087255,-0.18935256184712382,-0.5090791928416813,-0.966303193286565,-0.358145440323592,2.6885269624312205,-0.2544884306547635,-0.2524166251724196,-0.8382842205939496,-0.23982421510681926
-0.1401098514754074,-2.053267905293714,-0.21303769768270914,-0.713985191299721,0.4350476606087318,-0.18935256184712382,-0.713985191299721,-0.966303193286565,-0.358145440323592,0.5558682612033757,-0.2544884306547635,-0.06589759600423688,-0.8382842205939496,1.7001358453354785
-0.1401098514754074,0.4870285058378622,-0.21303769768270914,-0.713985191299721,0.4350476606087318,-0.18935256184712382,-0.713985191299721,-0.966303193286565,-0.358145440323592,-0.8659042062818543,-0.2544884306547635,-0.06589759600423688,-0.8382842205939496,1.4470975765821352
-0.1401098514754074,-2.053267905293714,-0.21303769768270914,-0.5090791928416813,-0.8024484737087255,-0.18935256184712382,-0.5090791928416813,-0.966303193286565,-0.358145440323592,-0.8659042062818543,-0.2544884306547635,-0.06589759600423688,-0.8382842205939496,0.09756014323097166
-0.1401098514754074,-2.053267905293714,-0.21303769768270914,-0.5090791928416813,0.4350476606087318,-0.18935256184712382,-0.5090791928416813,-0.966303193286565,-0.358145440323592,0.5558682612033757,-0.2544884306547635,-0.665423046901967,-0.8382842205939496,2.6279428307644035
-0.1401098514754074,0.4870285058378622,-0.21303769768270914,0.3105448009904772,-0.8024484737087255,-0.18935256184712382,0.3105448009904772,-0.966303193286565,-0.358145440323592,-0.8659042062818543,-0.2544884306547635,-0.05257480820650953,1.7276430481413345,-0.4928624838601624
-0.1401098514754074,-2.053267905293714,-0.21303769768270914,-0.5090791928416813,-0.8024484737087255,-0.18935256184712382,-0.5090791928416813,-0.966303193286565,-0.358145440323592,0.5558682612033757,-0.2544884306547635,-0.11918874719514622,-0.8382842205939496,-0.15547812552237153
-0.1401098514754074,0.4870285058378622,-0.21303769768270914,-0.0992671959256021,-0.8024484737087255,-0.18935256184712382,-0.0992671959256021,-0.966303193286565,-0.358145440323592,0.5558682612033757,-0.2544884306547635,-0.06589759600423688,-0.8382842205939496,-0.4085163942757147
-0.1401098514754074,0.4870285058378622,-0.21303769768270914,2.1546987871128342,-0.8024484737087255,-0.18935256184712382,2.1546987871128342,-0.966303193286565,-0.358145440323592,0.5558682612033757,-0.2544884306547635,-0.06589759600423688,1.7276430481413345,-0.5772085734446102
-0.1401098514754074,0.4870285058378622,-0.21303769768270914,0.3105448009904772,1.672543794926189,-0.18935256184712382,0.3105448009904772,1.034871877633807,2.792161751651698,-0.8659042062818543,-2.0219053307591675,-0.6521002591042396,1.7276430481413345,-0.9989390213668488
-0.1401098514754074,0.4870285058378622,-0.21303769768270914,3.384134777861072,-0.8024484737087255,-0.18935256184712382,3.384134777861072,1.034871877633807,-0.358145440323592,-0.8659042062818543,-2.0219053307591675,-0.05257480820650953,1.7276430481413345,-0.7459007526135056
-0.1401098514754074,0.4870285058378622,-0.21303769768270914,-0.5090791928416813,-0.8024484737087255,-0.18935256184712382,-0.5090791928416813,1.034871877633807,2.792161751651698,0.5558682612033757,-0.2544884306547635,-0.06589759600423688,-0.8382842205939496,0.5192905911532103
-0.1401098514754074,0.4870285058378622,-0.21303769768270914,-0.713985191299721,-0.8024484737087255,-0.18935256184712382,-0.713985191299721,-0.966303193286565,-0.358145440323592,-0.8659042062818543,-0.2544884306547635,-0.06589759600423688,-0.8382842205939496,-0.4085163942757147
-0.1401098514754074,0.4870285058378622,-0.21303769768270914,-0.713985191299721,1.672543794926189,-0.18935256184712382,-0.713985191299721,-0.966303193286565,-0.358145440323592,-0.8659042062818543,1.5129284694496405,-0.07922038380196421,0.4446794137736925,-1.1676312005357443
-0.1401098514754074,0.4870285058378622,-0.21303769768270914,-0.713985191299721,-0.8024484737087255,-0.18935256184712382,-0.713985191299721,-0.966303193286565,-0.358145440323592,0.5558682612033757,-0.2544884306547635,-0.06589759600423688,-0.8382842205939496,0.4349445015687626
-0.1401098514754074,-2.053267905293714,-0.21303769768270914,-0.713985191299721,0.4350476606087318,-0.18935256184712382,-0.713985191299721,1.034871877633807,2.792161751651698,0.5558682612033757,-0.2544884306547635,-0.09254317159969154,-0.8382842205939496,1.2784053974132399
1.8868661946544836,0.4870285058378622,-0.21303769768270914,0.9252627963645961,-0.8024484737087255,-0.18935256184712382,0.9252627963645961,1.034871877633807,-0.358145440323592,0.5558682612033757,-0.2544884306547635,-0.07922038380196421,-0.8382842205939496,-0.23982421510681926
-0.1401098514754074,0.4870285058378622,-0.21303769768270914,-0.5090791928416813,1.672543794926189,-0.18935256184712382,-0.5090791928416813,-0.966303193286565,-0.358145440323592,0.5558682612033757,1.5129284694496405,-0.5321951689246937,-0.8382842205939496,-1.0832851109512964
-0.1401098514754074,0.4870285058378622,-0.21303769768270914,-0.713985191299721,-0.8024484737087255,-0.18935256184712382,-0.713985191299721,-0.966303193286565,-0.358145440323592,0.5558682612033757,-0.2544884306547635,-0.05257480820650953,-0.8382842205939496,-0.4928624838601624
-0.1401098514754074,0.4870285058378622,-0.21303769768270914,0.5154507994485168,1.672543794926189,-0.18935256184712382,0.5154507994485168,1.034871877633807,-0.358145440323592,2.6885269624312205,1.5129284694496405,-0.06589759600423688,1.7276430481413345,-0.9989390213668488
-0.1401098514754074,0.4870285058378622,-0.21303769768270914,1.9497927886547946,0.4350476606087318,-0.18935256184712382,1.9497927886547946,-0.966303193286565,-0.358145440323592,0.5558682612033757,-0.2544884306547635,-0.06589759600423688,-0.8382842205939496,3.049673278686642
1.8868661946544836,0.4870285058378622,-0.21303769768270914,2.9743227809449926,-0.8024484737087255,-0.18935256184712382,2.9743227809449926,1.034871877633807,-0.358145440323592,-0.8659042062818543,-2.0219053307591675,-0.05257480820650953,0.4446794137736925,0.5192905911532103
-0.1401098514754074,0.4870285058378622,-0.21303769768270914,-0.713985191299721,-0.8024484737087255,-0.18935256184712382,-0.713985191299721,-0.966303193286565,-0.358145440323592,-0.8659042062818543,-0.2544884306547635,-0.05257480820650953,-0.8382842205939496,-0.5772085734446102
-0.1401098514754074,0.4870285058378622,-0.21303769768270914,-0.713985191299721,1.672543794926189,-0.18935256184712382,-0.713985191299721,1.034871877633807,-0.358145440323592,-0.8659042062818543,1.5129284694496405,-0.05257480820650953,1.7276430481413345,-1.1676312005357443
-0.1401098514754074,0.4870285058378622,-0.21303769768270914,0.10563880253243754,-0.8024484737087255,-0.18935256184712382,0.10563880253243754,1.034871877633807,2.792161751651698,-0.8659042062818543,1.5129284694496405,3.0916031120571423,1.7276430481413345,-0.15547812552237153
-0.1401098514754074,0.4870285058378622,-0.21303769768270914,-0.30417319438364177,-0.8024484737087255,-0.18935256184712382,-0.30417319438364177,1.034871877633807,-0.358145440323592,1.2667544949459906,-0.2544884306547635,-0.05257480820650953,0.4446794137736925,-0.23982421510681926
-0.1401098514754074,0.4870285058378622,-0.21303769768270914,-0.713985191299721,0.4350476606087318,-0.18935256184712382,-0.713985191299721,1.034871877633807,-0.358145440323592,2.6885269624312205,-0.2544884306547635,-0.06589759600423688,-0.8382842205939496,1.3627514869976876
-0.1401098514754074,0.4870285058378622,1.7533742503977268,1.1301687948226358,-0.8024484737087255,4.395976381875314,1.1301687948226358,-0.966303193286565,-0.358145440323592,0.5558682612033757,-2.0219053307591675,-0.05257480820650953,1.7276430481413345,-0.8302468421979533
-0.1401098514754074,0.4870285058378622,-0.21303769768270914,0.3105448009904772,0.4350476606087318,-0.18935256184712382,0.3105448009904772,-0.966303193286565,-0.358145440323592,0.5558682612033757,-0.2544884306547635,-0.06589759600423688,-0.8382842205939496,2.3749045620110603
-0.1401098514754074,0.4870285058378622,-0.21303769768270914,0.9252627963645961,-0.8024484737087255,-0.18935256184712382,0.9252627963645961,1.034871877633807,-0.358145440323592,-0.8659042062818543,1.5129284694496405,-0.06589759600423688,-0.8382842205939496,0.4349445015687626
-0.1401098514754074,-2.053267905293714,-0.21303769768270914,-0.713985191299721,1.672543794926189,-0.18935256184712382,-0.713985191299721,-0.966303193286565,-0.358145440323592,-0.8659042062818543,-2.0219053307591675,-0.13251153499287355,1.7276430481413345,-1.0832851109512964
-0.1401098514754074,0.4870285058378622,-0.21303769768270914,-0.713985191299721,-0.8024484737087255,-0.18935256184712382,-0.713985191299721,1.034871877633807,-0.358145440323592,0.5558682612033757,-0.2544884306547635,-0.05257480820650953,-0.8382842205939496,-0.6615546630290579
-0.1401098514754074,0.4870285058378622,-0.21303769768270914,-0.5090791928416813,-0.8024484737087255,-0.18935256184712382,-0.5090791928416813,-0.966303193286565,-0.358145440323592,-0.8659042062818543,1.5129284694496405,-0.05257480820650953,0.4446794137736925,-0.5772085734446102
-0.1401098514754074,0.4870285058378622,-0.21303769768270914,-0.713985191299721,1.672543794926189,-0.18935256184712382,-0.713985191299721,1.034871877633807,-0.358145440323592,1.2667544949459906,-2.0219053307591675,-0.00854614825704895,1.7276430481413345,-1.1676312005357443
-0.1401098514754074,0.4870285058378622,-0.21303769768270914,0.3105448009904772,-0.8024484737087255,2.103311910014095,0.3105448009904772,-0.966303193286565,-0.358145440323592,2.6885269624312205,-0.2544884306547635,-0.05257480820650953,-0.8382842205939496,-0.32417030469126695
-0.1401098514754074,0.4870285058378622,-0.21303769768270914,2.769416782486953,-0.8024484737087255,4.395976381875314,2.769416782486953,1.034871877633807,2.792161751651698,-0.8659042062818543,-0.2544884306547635,-0.05257480820650953,0.4446794137736925,-0.6615546630290579
-0.1401098514754074,0.4870285058378622,-0.21303769768270914,-0.5090791928416813,0.4350476606087318,-0.18935256184712382,-0.5090791928416813,-0.966303193286565,-0.358145440323592,-0.8659042062818543,-0.2544884306547635,-0.06589759600423688,-0.8382842205939496,2.121866293257717
-0.1401098514754074,-2.053267905293714,-0.21303769768270914,-0.713985191299721,0.4350476606087318,-0.18935256184712382,-0.713985191299721,-0.966303193286565,-0.358145440323592,-0.8659042062818543,-0.2544884306547635,-0.06589759600423688,-0.8382842205939496,2.459250651595508
-0.1401098514754074,0.4870285058378622,-0.21303769768270914,-0.713985191299721,1.672543794926189,-0.18935256184712382,-0.713985191299721,-0.966303193286565,-0.358145440323592,0.5558682612033757,1.5129284694496405,-0.06589759600423688,1.7276430481413345,-1.0832851109512964
-0.1401098514754074,0.4870285058378622,1.7533742503977268,2.1546987871128342,-0.8024484737087255,-0.18935256184712382,2.1546987871128342,-0.966303193286565,-0.358145440323592,0.5558682612033757,-2.0219053307591675,-1.091752256429242,1.7276430481413345,-0.15547812552237153
-0.1401098514754074,-2.053267905293714,-0.21303769768270914,-0.713985191299721,-0.8024484737087255,-0.18935256184712382,-0.713985191299721,1.034871877633807,-0.358145440323592,2.6885269624312205,-0.2544884306547635,-0.06589759600423688,-0.8382842205939496,0.18190623281541937
-0.1401098514754074,0.4870285058378622,-0.21303769768270914,4.40866477015127,-0.8024484737087255,-0.18935256184712382,4.40866477015127,1.034871877633807,2.792161751651698,-0.8659042062818543,-2.0219053307591675,0.18723537215258254,1.7276430481413345,-0.6615546630290579
-0.1401098514754074,-2.053267905293714,-0.21303769768270914,-0.0992671959256021,0.4350476606087318,-0.18935256184712382,-0.0992671959256021,1.034871877633807,-0.358145440323592,0.5558682612033757,-0.2544884306547635,0.680178520668494,0.4446794137736925,1.2784053974132399
-0.1401098514754074,0.4870285058378622,-0.21303769768270914,-0.5090791928416813,-0.8024484737087255,-0.18935256184712382,-0.5090791928416813,-0.966303193286565,-0.358145440323592,0.5558682612033757,-0.2544884306547635,-0.17247989838605557,-0.8382842205939496,0.18190623281541937
-0.1401098514754074,0.4870285058378622,-0.21303769768270914,-0.5090791928416813,0.4350476606087318,-0.18935256184712382,-0.5090791928416813,-0.966303193286565,-0.358145440323592,-0.8659042062818543,-0.2544884306547635,1.2530583959707695,-0.8382842205939496,1.7844819349199261
1.8868661946544836,0.4870285058378622,-0.21303769768270914,-0.5090791928416813,-0.8024484737087255,-0.18935256184712382,-0.5090791928416813,-0.966303193286565,-0.358145440323592,0.5558682612033757,-0.2544884306547635,-0.06589759600423688,-0.8382842205939496,0.35059841198431485
-0.1401098514754074,-2.053267905293714,-0.21303769768270914,-0.713985191299721,-0.8024484737087255,-0.18935256184712382,-0.713985191299721,-0.966303193286565,-0.358145440323592,0.5558682612033757,-0.2544884306547635,-0.07922038380196421,-0.8382842205939496,-0.15547812552237153
-0.1401098514754074,0.4870285058378622,-0.21303769768270914,0.3105448009904772,-0.8024484737087255,-0.18935256184712382,0.3105448009904772,1.034871877633807,2.792161751651698,-0.8659042062818543,1.5129284694496405,-0.42561286654287495,1.7276430481413345,-0.6615546630290579
-0.1401098514754074,0.4870285058378622,-0.21303769768270914,-0.713985191299721,1.672543794926189,-0.18935256184712382,-0.713985191299721,1.034871877633807,-0.358145440323592,0.5558682612033757,1.5129284694496405,-0.06589759600423688,0.4446794137736925,-1.251977290120192
-0.1401098514754074,-2.053267905293714,-0.21303769768270914,-0.713985191299721,0.4350476606087318,-0.18935256184712382,-0.713985191299721,-0.966303193286565,-0.358145440323592,0.5558682612033757,-0.2544884306547635,-0.06589759600423688,-0.8382842205939496,1.7001358453354785
-0.1401098514754074,0.4870285058378622,-0.21303769768270914,0.7203567979065565,-0.8024484737087255,-0.18935256184712382,0.7203567979065565,1.034871877633807,2.792161751651698,-0.8659042062818543,1.5129284694496405,-0.06589759600423688,0.4446794137736925,-0.15547812552237153
-0.1401098514754074,-2.053267905293714,-0.21303769768270914,0.7203567979065565,0.4350476606087318,-0.18935256184712382,0.7203567979065565,-0.966303193286565,-0.358145440323592,-0.8659042062818543,-0.2544884306547635,-0.06589759600423688,1.7276430481413345,0.9410210390754489
-0.1401098514754074,0.4870285058378622,-0.21303769768270914,0.10563880253243754,-0.8024484737087255,-0.18935256184712382,0.10563880253243754,1.034871877633807,2.792161751651698,-0.8659042062818543,1.5129284694496405,-0.06589759600423688,0.4446794137736925,0.18190623281541937
1.8868661946544836,0.4870285058378622,5.686198146558598,-0.30417319438364177,1.672543794926189,-0.18935256184712382,-0.30417319438364177,1.034871877633807,-0.358145440323592,0.5558682612033757,-2.0219053307591675,-0.05257480820650953,1.7276430481413345,-1.1676312005357443
-0.1401098514754074,-2.053267905293714,-0.21303769768270914,-0.30417319438364177,-0.8024484737087255,-0.18935256184712382,-0.30417319438364177,-0.966303193286565,-0.358145440323592,-0.8659042062818543,-0.2544884306547635,-0.06589759600423688,-0.8382842205939496,-0.5772085734446102
-0.1401098514754074,-2.053267905293714,-0.21303769768270914,-0.713985191299721,-0.8024484737087255,-0.18935256184712382,-0.713985191299721,1.034871877633807,-0.358145440323592,-0.8659042062818543,-0.2544884306547635,-0.06589759600423688,1.7276430481413345,-0.6615546630290579
-0.1401098514754074,0.4870285058378622,-0.21303769768270914,1.3350747932806755,-0.8024484737087255,-0.18935256184712382,1.3350747932806755,-0.966303193286565,-0.358145440323592,-0.8659042062818543,1.5129284694496405,1.1731216691844053,0.4446794137736925,-0.4085163942757147
-0.1401098514754074,0.4870285058378622,-0.21303769768270914,-0.5090791928416813,0.4350476606087318,-0.18935256184712382,-0.5090791928416813,-0.966303193286565,-0.358145440323592,-0.8659042062818543,-0.2544884306547635,-0.06589759600423688,-0.8382842205939496,1.2784053974132399
-0.1401098514754074,0.4870285058378622,-0.21303769768270914,0.3105448009904772,0.4350476606087318,-0.18935256184712382,0.3105448009904772,-0.966303193286565,-0.358145440323592,-0.8659042062818543,-0.2544884306547635,-0.05257480820650953,0.4446794137736925,2.037520203673269
-0.1401098514754074,0.4870285058378622,-0.21303769768270914,0.7203567979065565,-0.8024484737087255,2.103311910014095,0.7203567979065565,1.034871877633807,2.792161751651698,2.6885269624312205,-0.2544884306547635,-0.06589759600423688,1.7276430481413345,-0.15547812552237153
-0.1401098514754074,0.4870285058378622,-0.21303769768270914,0.10563880253243754,1.672543794926189,8.981305325597752,0.10563880253243754,-0.966303193286565,-0.358145440323592,0.5558682612033757,-2.0219053307591675,-0.06589759600423688,1.7276430481413345,-1.251977290120192
-0.1401098514754074,0.4870285058378622,-0.21303769768270914,-0.5090791928416813,-0.8024484737087255,-0.18935256184712382,-0.5090791928416813,1.034871877633807,-0.358145440323592,0.5558682612033757,-0.2544884306547635,-0.3057077763633289,-0.8382842205939496,0.09756014323097166
-0.1401098514754074,-2.053267905293714,-0.21303769768270914,-0.5090791928416813,-0.8024484737087255,-0.18935256184712382,-0.5090791928416813,1.034871877633807,-0.358145440323592,0.5558682612033757,-0.2544884306547635,-0.07922038380196421,-0.8382842205939496,-0.8302468421979533
-0.1401098514754074,0.4870285058378622,-0.21303769768270914,-0.30417319438364177,-0.8024484737087255,-0.18935256184712382,-0.30417319438364177,-0.966303193286565,-0.358145440323592,-0.8659042062818543,-0.2544884306547635,-0.2524166251724196,-0.8382842205939496,0.4349445015687626
-0.1401098514754074,0.4870285058378622,-0.21303769768270914,2.769416782486953,0.4350476606087318,-0.18935256184712382,2.769416782486953,1.034871877633807,-0.358145440323592,-0.8659042062818543,1.5129284694496405,-0.06589759600423688,1.7276430481413345,0.9410210390754489
-0.1401098514754074,-2.053267905293714,-0.21303769768270914,-0.5090791928416813,1.672543794926189,2.103311910014095,-0.5090791928416813,-0.966303193286565,-0.358145440323592,-0.8659042062818543,1.5129284694496405,-0.05257480820650953,0.4446794137736925,-0.9989390213668488
-0.1401098514754074,0.4870285058378622,-0.21303769768270914,0.10563880253243754,-0.8024484737087255,-0.18935256184712382,0.10563880253243754,1.034871877633807,-0.358145440323592,-0.8659042062818543,-2.0219053307591675,-0.05257480820650953,1.7276430481413345,-0.8302468421979533
-0.1401098514754074,-2.053267905293714,-0.21303769768270914,-0.713985191299721,1.672543794926189,-0.18935256184712382,-0.713985191299721,1.034871877633807,-0.358145440323592,0.5558682612033757,-0.2544884306547635,-0.06589759600423688,0.4446794137736925,-0.9989390213668488
-0.1401098514754074,-2.053267905293714,-0.21303769768270914,0.3105448009904772,0.4350476606087318,-0.18935256184712382,0.3105448009904772,-0.966303193286565,-0.358145440323592,-0.8659042062818543,-0.2544884306547635,-0.00854614825704895,-0.8382842205939496,1.2784053974132399
-0.1401098514754074,0.4870285058378622,3.719786198478163,-0.5090791928416813,1.672543794926189,2.103311910014095,-0.5090791928416813,1.034871877633807,-0.358145440323592,-0.8659042062818543,-0.2544884306547635,-0.06589759600423688,-0.8382842205939496,-0.9989390213668488
-0.1401098514754074,0.4870285058378622,-0.21303769768270914,-0.0992671959256021,1.672543794926189,-0.18935256184712382,-0.0992671959256021,1.034871877633807,-0.358145440323592,0.5558682612033757,1.5129284694496405,-0.06589759600423688,1.7276430481413345,-0.9989390213668488
-0.1401098514754074,0.4870285058378622,-0.21303769768270914,-0.5090791928416813,-0.8024484737087255,-0.18935256184712382,-0.5090791928416813,-0.966303193286565,-0.358145440323592,1.2667544949459906,-0.2544884306547635,-0.06589759600423688,-0.8382842205939496,0.18190623281541937
-0.1401098514754074,0.4870285058378622,-0.21303769768270914,-0.713985191299721,-0.8024484737087255,-0.18935256184712382,-0.713985191299721,1.034871877633807,-0.358145440323592,-0.8659042062818543,-2.0219053307591675,-0.06589759600423688,1.7276430481413345,-0.32417030469126695
-0.1401098514754074,0.4870285058378622,-0.21303769768270914,2.3596047855708737,0.4350476606087318,-0.18935256184712382,2.3596047855708737,-0.966303193286565,-0.358145440323592,1.2667544949459906,1.5129284694496405,-0.00854614825704895,0.4446794137736925,0.9410210390754489
-0.1401098514754074,0.4870285058378622,-0.21303769768270914,2.9743227809449926,0.4350476606087318,-0.18935256184712382,2.9743227809449926,-0.966303193286565,-0.358145440323592,-0.8659042062818543,1.5129284694496405,-0.00854614825704895,1.7276430481413345,1.8688280245043738
-0.1401098514754074,0.4870285058378622,-0.21303769768270914,-0.30417319438364177,1.672543794926189,-0.18935256184712382,-0.30417319438364177,1.034871877633807,2.792161751651698,-0.8659042062818543,-2.0219053307591675,-0.06589759600423688,1.7276430481413345,-1.0832851109512964
-0.1401098514754074,0.4870285058378622,-0.21303769768270914,-0.30417319438364177,1.672543794926189,2.103311910014095,-0.30417319438364177,1.034871877633807,-0.358145440323592,-0.8659042062818543,1.5129284694496405,-0.2657394129701469,1.7276430481413345,-1.251977290120192
-0.1401098514754074,0.4870285058378622,-0.21303769768270914,-0.713985191299721,-0.8024484737087255,-0.18935256184712382,-0.713985191299721,-0.966303193286565,-0.358145440323592,0.5558682612033757,-0.2544884306547635,-0.06589759600423688,-0.8382842205939496,0.35059841198431485
-0.1401098514754074,0.4870285058378622,-0.21303769768270914,2.1546987871128342,0.4350476606087318,-0.18935256184712382,2.1546987871128342,1.034871877633807,2.792161751651698,0.5558682612033757,-0.2544884306547635,-0.06589759600423688,-0.8382842205939496,1.6157897557510308
-0.1401098514754074,0.4870285058378622,-0.21303769768270914,-0.5090791928416813,-0.8024484737087255,-0.18935256184712382,-0.5090791928416813,1.034871877633807,-0.358145440323592,0.5558682612033757,1.5129284694496405,-0.06589759600423688,1.7276430481413345,-0.4085163942757147
-0.1401098514754074,0.4870285058378622,-0.21303769768270914,1.539980791738715,-0.8024484737087255,-0.18935256184712382,1.539980791738715,1.034871877633807,-0.358145440323592,-0.8659042062818543,-0.2544884306547635,-0.06589759600423688,0.4446794137736925,-0.15547812552237153
-0.1401098514754074,0.4870285058378622,-0.21303769768270914,-0.713985191299721,-0.8024484737087255,-0.18935256184712382,-0.713985191299721,-0.966303193286565,-0.358145440323592,0.5558682612033757,-0.2544884306547635,-0.06589759600423688,-0.8382842205939496,-0.4928624838601624
-0.1401098514754074,0.4870285058378622,-0.21303769768270914,0.5154507994485168,-0.8024484737087255,-0.18935256184712382,0.5154507994485168,-0.966303193286565,-0.358145440323592,0.5558682612033757,-0.2544884306547635,-0.38564450314969295,-0.8382842205939496,0.09756014323097166
-0.1401098514754074,0.4870285058378622,-0.21303769768270914,4.61357076860931,-0.8024484737087255,2.103311910014095,4.61357076860931,1.034871877633807,-0.358145440323592,1.2667544949459906,1.5129284694496405,-0.06589759600423688,1.7276430481413345,0.09756014323097166
-0.1401098514754074,0.4870285058378622,-0.21303769768270914,-0.713985191299721,0.4350476606087318,-0.18935256184712382,-0.713985191299721,-0.966303193286565,-0.358145440323592,0.5558682612033757,-0.2544884306547635,-0.06589759600423688,-0.8382842205939496,2.3749045620110603
-0.1401098514754074,0.4870285058378622,3.719786198478163,-0.5090791928416813,1.672543794926189,2.103311910014095,-0.5090791928416813,1.034871877633807,-0.358145440323592,-0.8659042062818543,-2.0219053307591675,-0.05257480820650953,0.4446794137736925,-1.251977290120192
-0.1401098514754074,0.4870285058378622,-0.21303769768270914,2.1546987871128342,-0.8024484737087255,-0.18935256184712382,2.1546987871128342,1.034871877633807,-0.358145440323592,0.5558682612033757,-0.2544884306547635,-0.06589759600423688,0.4446794137736925,0.5192905911532103
-0.1401098514754074,0.4870285058378622,-0.21303769768270914,-0.0992671959256021,-0.8024484737087255,-0.18935256184712382,-0.0992671959256021,1.034871877633807,-0.358145440323592,0.5558682612033757,1.5129284694496405,-0.06589759600423688,0.4446794137736925,-0.5772085734446102
-0.1401098514754074,0.4870285058378622,-0.21303769768270914,-0.5090791928416813,1.672543794926189,-0.18935256184712382,-0.5090791928416813,1.034871877633807,-0.358145440323592,-0.8659042062818543,-2.0219053307591675,-0.06589759600423688,1.7276430481413345,-1.1676312005357443
-0.1401098514754074,0.4870285058378622,-0.21303769768270914,-0.713985191299721,-0.8024484737087255,-0.18935256184712382,-0.713985191299721,-0.966303193286565,-0.358145440323592,-0.8659042062818543,-0.2544884306547635,-0.06589759600423688,0.4446794137736925,-0.32417030469126695
-0.1401098514754074,-2.053267905293714,-0.21303769768270914,-0.5090791928416813,-0.8024484737087255,-0.18935256184712382,-0.5090791928416813,-0.966303193286565,-0.358145440323592,-0.8659042062818543,-0.2544884306547635,-0.06589759600423688,-0.8382842205939496,-0.7459007526135056
-0.1401098514754074,0.4870285058378622,-0.21303769768270914,-0.713985191299721,0.4350476606087318,-0.18935256184712382,-0.713985191299721,-0.966303193286565,-0.358145440323592,0.5558682612033757,-0.2544884306547635,-0.06589759600423688,-0.8382842205939496,2.6279428307644035
3.913842240784374,0.4870285058378622,1.7533742503977268,2.1546987871128342,-0.8024484737087255,-0.18935256184712382,2.1546987871128342,1.034871877633807,-0.358145440323592,-0.8659042062818543,-2.0219053307591675,0.4936594915003113,1.7276430481413345,0.5192905911532103
-0.1401098514754074,-2.053267905293714,-0.21303769768270914,-0.5090791928416813,-0.8024484737087255,-0.18935256184712382,-0.5090791928416813,1.034871877633807,-0.358145440323592,1.2667544949459906,-0.2544884306547635,-0.06589759600423688,-0.8382842205939496,-0.4928624838601624
-0.1401098514754074,0.4870285058378622,-0.21303769768270914,-0.713985191299721,-0.8024484737087255,-0.18935256184712382,-0.713985191299721,-0.966303193286565,-0.358145440323592,0.5558682612033757,-0.2544884306547635,-0.06589759600423688,-0.8382842205939496,-0.8302468421979533
-0.1401098514754074,0.4870285058378622,-0.21303769768270914,-0.5090791928416813,1.672543794926189,-0.18935256184712382,-0.5090791928416813,1.034871877633807,2.792161751651698,-0.8659042062818543,-2.0219053307591675,0.4003999769162199,1.7276430481413345,-1.1676312005357443
-0.1401098514754074,-2.053267905293714,-0.21303769768270914,0.10563880253243754,1.672543794926189,-0.18935256184712382,0.10563880253243754,1.034871877633807,-0.358145440323592,-0.8659042062818543,-2.0219053307591675,-0.06589759600423688,1.7276430481413345,-0.9145929317824011
-0.1401098514754074,0.4870285058378622,-0.21303769768270914,-0.5090791928416813,-0.8024484737087255,-0.18935256184712382,-0.5090791928416813,-0.966303193286565,-0.358145440323592,2.6885269624312205,-0.2544884306547635,-0.06589759600423688,-0.8382842205939496,0.2662523223998671
-0.1401098514754074,-2.053267905293714,-0.21303769768270914,-0.30417319438364177,0.4350476606087318,-0.18935256184712382,-0.30417319438364177,-0.966303193286565,-0.358145440323592,0.5558682612033757,-0.2544884306547635,-0.06589759600423688,1.7276430481413345,0.9410210390754489
-0.1401098514754074,0.4870285058378622,-0.21303769768270914,-0.5090791928416813,0.4350476606087318,-0.18935256184712382,-0.5090791928416813,-0.966303193286565,-0.358145440323592,0.5558682612033757,-0.2544884306547635,-0.06589759600423688,-0.8382842205939496,1.9531741140888217
-0.1401098514754074,-2.053267905293714,-0.21303769768270914,-0.30417319438364177,-0.8024484737087255,-0.18935256184712382,-0.30417319438364177,1.034871877633807,-0.358145440323592,0.5558682612033757,-0.2544884306547635,-0.06589759600423688,0.4446794137736925,-0.15547812552237153
-0.1401098514754074,0.4870285058378622,-0.21303769768270914,-0.713985191299721,-0.8024484737087255,-0.18935256184712382,-0.713985191299721,-0.966303193286565,-0.358145440323592,-0.8659042062818543,-0.2544884306547635,-0.06589759600423688,0.4446794137736925,-0.32417030469126695
-0.1401098514754074,0.4870285058378622,-0.21303769768270914,-0.30417319438364177,-0.8024484737087255,-0.18935256184712382,-0.30417319438364177,1.034871877633807,2.792161751651698,-0.8659042062818543,1.5129284694496405,-0.06589759600423688,0.4446794137736925,-0.7459007526135056
1.8868661946544836,0.4870285058378622,3.719786198478163,0.3105448009904772,1.672543794926189,6.688640853736533,0.3105448009904772,1.034871877633807,-0.358145440323592,0.5558682612033757,-2.0219053307591675,-0.46558122993605694,1.7276430481413345,-1.3363233797046397
-0.1401098514754074,0.4870285058378622,-0.21303769768270914,-0.5090791928416813,-0.8024484737087255,-0.18935256184712382,-0.5090791928416813,-0.966303193286565,-0.358145440323592,0.5558682612033757,-0.2544884306547635,-0.06589759600423688,0.4446794137736925,-0.07113203593792379
-0.1401098514754074,0.4870285058378622,-0.21303769768270914,-0.713985191299721,-0.8024484737087255,-0.18935256184712382,-0.713985191299721,-0.966303193286565,-0.358145440323592,0.5558682612033757,-0.2544884306547635,-0.06589759600423688,-0.8382842205939496,0.09756014323097166
-0.1401098514754074,0.4870285058378622,-0.21303769768270914,-0.5090791928416813,0.4350476606087318,-0.18935256184712382,-0.5090791928416813,1.034871877633807,2.792161751651698,-0.8659042062818543,-0.2544884306547635,-0.06589759600423688,-0.8382842205939496,1.0253671286598967
-0.1401098514754074,0.4870285058378622,-0.21303769768270914,-0.713985191299721,-0.8024484737087255,-0.18935256184712382,-0.713985191299721,1.034871877633807,-0.358145440323592,0.5558682612033757,-0.2544884306547635,-0.06589759600423688,1.7276430481413345,-0.4085163942757147
-0.1401098514754074,0.4870285058378622,-0.21303769768270914,-0.713985191299721,1.672543794926189,-0.18935256184712382,-0.713985191299721,1.034871877633807,-0.358145440323592,-0.8659042062818543,1.5129284694496405,-0.06589759600423688,-0.8382842205939496,-1.1676312005357443
-0.1401098514754074,0.4870285058378622,-0.21303769768270914,0.10563880253243754,0.4350476606087318,-0.18935256184712382,0.10563880253243754,1.034871877633807,-0.358145440323592,-0.8659042062818543,-0.2544884306547635,-0.3989672909474203,-0.8382842205939496,1.3627514869976876
-0.1401098514754074,0.4870285058378622,-0.21303769768270914,1.1301687948226358,-0.8024484737087255,2.103311910014095,1.1301687948226358,-0.966303193286565,-0.358145440323592,-0.8659042062818543,1.5129284694496405,-0.06589759600423688,1.7276430481413345,0.5192905911532103
-0.1401098514754074,0.4870285058378622,-0.21303769768270914,0.9252627963645961,-0.8024484737087255,2.103311910014095,0.9252627963645961,1.034871877633807,-0.358145440323592,-0.8659042062818543,-2.0219053307591675,-0.05257480820650953,1.7276430481413345,0.013214053646523933
-0.1401098514754074,0.4870285058378622,-0.21303769768270914,-0.0992671959256021,-0.8024484737087255,-0.18935256184712382,-0.0992671959256021,1.034871877633807,-0.358145440323592,0.5558682612033757,-0.2544884306547635,-0.06589759600423688,0.4446794137736925,0.5192905911532103
-0.1401098514754074,0.4870285058378622,-0.21303769768270914,1.1301687948226358,-0.8024484737087255,-0.18935256184712382,1.1301687948226358,-0.966303193286565,-0.358145440323592,1.2667544949459906,-0.2544884306547635,-0.06589759600423688,0.4446794137736925,0.18190623281541937
-0.1401098514754074,0.4870285058378622,-0.21303769768270914,3.5890407763191114,0.4350476606087318,-0.18935256184712382,3.5890407763191114,1.034871877633807,-0.358145440323592,-0.8659042062818543,-0.2544884306547635,-0.06589759600423688,0.4446794137736925,1.9531741140888217
-0.1401098514754074,-2.053267905293714,-0.21303769768270914,-0.5090791928416813,1.672543794926189,-0.18935256184712382,-0.5090791928416813,1.034871877633807,-0.358145440323592,-0.8659042062818543,-0.2544884306547635,-0.19912547398151023,-0.8382842205939496,-1.1676312005357443
-0.1401098514754074,0.4870285058378622,-0.21303769768270914,-0.713985191299721,1.672543794926189,-0.18935256184712382,-0.713985191299721,-0.966303193286565,-0.358145440323592,1.2667544949459906,1.5129284694496405,-0.05257480820650953,-0.8382842205939496,-0.9989390213668488
-0.1401098514754074,-2.053267905293714,3.719786198478163,1.3350747932806755,-0.8024484737087255,-0.18935256184712382,1.3350747932806755,1.034871877633807,2.792161751651698,1.2667544949459906,-0.2544884306547635,-0.06589759600423688,-0.8382842205939496,0.35059841198431485
-0.1401098514754074,0.4870285058378622,-0.21303769768270914,-0.30417319438364177,-0.8024484737087255,-0.18935256184712382,-0.30417319438364177,1.034871877633807,-0.358145440323592,-0.8659042062818543,-0.2544884306547635,-0.06589759600423688,0.4446794137736925,-0.4085163942757147
1.8868661946544836,0.4870285058378622,-0.21303769768270914,-0.0992671959256021,1.672543794926189,4.395976381875314,-0.0992671959256021,1.034871877633807,2.792161751651698,-0.8659042062818543,-2.0219053307591675,-2.7171323677519768,1.7276430481413345,-1.3363233797046397
-0.1401098514754074,0.4870285058378622,-0.21303769768270914,-0.0992671959256021,-0.8024484737087255,-0.18935256184712382,-0.0992671959256021,-0.966303193286565,-0.358145440323592,-0.8659042062818543,1.5129284694496405,-1.45146752696788,0.4446794137736925,-0.07113203593792379
-0.1401098514754074,0.4870285058378622,-0.21303769768270914,0.9252627963645961,-0.8024484737087255,-0.18935256184712382,0.9252627963645961,1.034871877633807,-0.358145440323592,0.5558682612033757,1.5129284694496405,0.4137227647139473,-0.8382842205939496,0.6879827703221058
-0.1401098514754074,0.4870285058378622,-0.21303769768270914,-0.0992671959256021,-0.8024484737087255,-0.18935256184712382,-0.0992671959256021,-0.966303193286565,-0.358145440323592,1.2667544949459906,-0.2544884306547635,-0.06589759600423688,-0.8382842205939496,-0.32417030469126695
-0.1401098514754074,0.4870285058378622,-0.21303769768270914,-0.0992671959256021,-0.8024484737087255,-0.18935256184712382,-0.0992671959256021,-0.966303193286565,-0.358145440323592,-0.8659042062818543,-0.2544884306547635,-0.06589759600423688,-0.8382842205939496,-0.6615546630290579
-0.1401098514754074,-2.053267905293714,-0.21303769768270914,-0.30417319438364177,0.4350476606087318,-0.18935256184712382,-0.30417319438364177,-0.966303193286565,-0.358145440323592,1.2667544949459906,-0.2544884306547635,-0.00854614825704895,-0.8382842205939496,1.0253671286598967
-0.1401098514754074,0.4870285058378622,-0.21303769768270914,-0.713985191299721,-0.8024484737087255,-0.18935256184712382,-0.713985191299721,-0.966303193286565,-0.358145440323592,1.2667544949459906,-0.2544884306547635,-0.06589759600423688,-0.8382842205939496,-0.4085163942757147
-0.1401098514754074,0.4870285058378622,-0.21303769768270914,-0.713985191299721,-0.8024484737087255,-0.18935256184712382,-0.713985191299721,-0.966303193286565,-0.358145440323592,0.5558682612033757,-0.2544884306547635,-0.06589759600423688,-0.8382842205939496,0.09756014323097166
-0.1401098514754074,0.4870285058378622,-0.21303769768270914,-0.713985191299721,-0.8024484737087255,-0.18935256184712382,-0.713985191299721,-0.966303193286565,-0.358145440323592,-0.8659042062818543,-0.2544884306547635,-0.06589759600423688,-0.8382842205939496,0.6879827703221058
-0.1401098514754074,0.4870285058378622,-0.21303769768270914,-0.5090791928416813,-0.8024484737087255,-0.18935256184712382,-0.5090791928416813,-0.966303193286565,-0.358145440323592,-0.8659042062818543,-0.2544884306547635,-0.06589759600423688,-0.8382842205939496,-0.4085163942757147
-0.1401098514754074,0.4870285058378622,-0.21303769768270914,-0.30417319438364177,-0.8024484737087255,-0.18935256184712382,-0.30417319438364177,-0.966303193286565,-0.358145440323592,0.5558682612033757,-0.2544884306547635,-0.07922038380196421,-0.8382842205939496,-0.4928624838601624
-0.1401098514754074,0.4870285058378622,-0.21303769768270914,2.564510784028913,-0.8024484737087255,2.103311910014095,2.564510784028913,1.034871877633807,2.792161751651698,-0.8659042062818543,-2.0219053307591675,-0.06589759600423688,1.7276430481413345,0.2662523223998671
-0.1401098514754074,0.4870285058378622,-0.21303769768270914,1.1301687948226358,0.4350476606087318,-0.18935256184712382,1.1301687948226358,1.034871877633807,-0.358145440323592,-0.8659042062818543,-0.2544884306547635,-0.05257480820650953,0.4446794137736925,2.3749045620110603
-0.1401098514754074,0.4870285058378622,-0.21303769768270914,-0.713985191299721,-0.8024484737087255,-0.18935256184712382,-0.713985191299721,1.034871877633807,-0.358145440323592,1.2667544949459906,-0.2544884306547635,-0.06589759600423688,-0.8382842205939496,-0.23982421510681926
-0.1401098514754074,0.4870285058378622,-0.21303769768270914,-0.713985191299721,1.672543794926189,-0.18935256184712382,-0.713985191299721,1.034871877633807,2.792161751651698,-0.8659042062818543,1.5129284694496405,-0.06589759600423688,0.4446794137736925,-1.251977290120192
-0.1401098514754074,-2.053267905293714,-0.21303769768270914,-0.5090791928416813,1.672543794926189,-0.18935256184712382,-0.5090791928416813,-0.966303193286565,-0.358145440323592,-0.8659042062818543,1.5129284694496405,-0.42561286654287495,0.4446794137736925,-1.0832851109512964
-0.1401098514754074,0.4870285058378622,-0.21303769768270914,-0.713985191299721,0.4350476606087318,-0.18935256184712382,-0.713985191299721,1.034871877633807,-0.358145440323592,0.5558682612033757,-0.2544884306547635,-0.06589759600423688,-0.8382842205939496,1.0253671286598967
-0.1401098514754074,0.4870285058378622,-0.21303769768270914,-0.5090791928416813,1.672543794926189,2.103311910014095,-0.5090791928416813,1.034871877633807,-0.358145440323592,-0.8659042062818543,-2.0219053307591675,-0.06589759600423688,1.7276430481413345,-1.251977290120192
-0.1401098514754074,0.4870285058378622,-0.21303769768270914,-0.5090791928416813,-0.8024484737087255,-0.18935256184712382,-0.5090791928416813,-0.966303193286565,-0.358145440323592,-0.8659042062818543,-0.2544884306547635,2.45210929776623,-0.8382842205939496,-0.8302468421979533
-0.1401098514754074,0.4870285058378622,-0.21303769768270914,-0.713985191299721,-0.8024484737087255,-0.18935256184712382,-0.713985191299721,1.034871877633807,2.792161751651698,-0.8659042062818543,-0.2544884306547635,-0.05257480820650953,-0.8382842205939496,-0.8302468421979533
-0.1401098514754074,-2.053267905293714,-0.21303769768270914,1.539980791738715,-0.8024484737087255,2.103311910014095,1.539980791738715,1.034871877633807,-0.358145440323592,-0.8659042062818543,1.5129284694496405,-0.06589759600423688,1.7276430481413345,0.7723288599065534
-0.1401098514754074,-2.053267905293714,-0.21303769768270914,-0.0992671959256021,-0.8024484737087255,-0.18935256184712382,-0.0992671959256021,-0.966303193286565,-0.358145440323592,0.5558682612033757,-0.2544884306547635,-0.06589759600423688,-0.8382842205939496,0.2662523223998671
-0.1401098514754074,0.4870285058378622,-0.21303769768270914,1.3350747932806755,0.4350476606087318,-0.18935256184712382,1.3350747932806755,-0.966303193286565,-0.358145440323592,-0.8659042062818543,-0.2544884306547635,-0.00854614825704895,1.7276430481413345,2.121866293257717
-0.1401098514754074,0.4870285058378622,-0.21303769768270914,0.10563880253243754,-0.8024484737087255,-0.18935256184712382,0.10563880253243754,1.034871877633807,-0.358145440323592,-0.8659042062818543,1.5129284694496405,-1.411499163574698,1.7276430481413345,-0.8302468421979533
-0.1401098514754074,0.4870285058378622,-0.21303769768270914,-0.30417319438364177,1.672543794926189,-0.18935256184712382,-0.30417319438364177,-0.966303193286565,-0.358145440323592,0.5558682612033757,1.5129284694496405,-0.31903056416105624,0.4446794137736925,-0.9989390213668488
-0.1401098514754074,0.4870285058378622,-0.21303769768270914,-0.5090791928416813,-0.8024484737087255,-0.18935256184712382,-0.5090791928416813,-0.966303193286565,-0.358145440323592,-0.8659042062818543,-0.2544884306547635,-0.06589759600423688,1.7276430481413345,0.013214053646523933
-0.1401098514754074,0.4870285058378622,-0.21303769768270914,2.3596047855708737,-0.8024484737087255,-0.18935256184712382,2.3596047855708737,-0.966303193286565,-0.358145440323592,-0.8659042062818543,1.5129284694496405,-0.05257480820650953,1.7276430481413345,-0.32417030469126695
1.8868661946544836,0.4870285058378622,-0.21303769768270914,3.1792287794030325,0.4350476606087318,-0.18935256184712382,3.1792287794030325,1.034871877633807,-0.358145440323592,-0.8659042062818543,-0.2544884306547635,-0.06589759600423688,1.7276430481413345,1.3627514869976876
-0.1401098514754074,0.4870285058378622,-0.21303769768270914,-0.5090791928416813,1.672543794926189,2.103311910014095,-0.5090791928416813,1.034871877633807,2.792161751651698,0.5558682612033757,1.5129284694496405,1.4795457885321341,0.4446794137736925,-1.1676312005357443
-0.1401098514754074,0.4870285058378622,-0.21303769768270914,-0.713985191299721,0.4350476606087318,-0.18935256184712382,-0.713985191299721,-0.966303193286565,-0.358145440323592,1.2667544949459906,-0.2544884306547635,-0.05257480820650953,-0.8382842205939496,1.8688280245043738
-0.1401098514754074,0.4870285058378622,-0.21303769768270914,-0.713985191299721,-0.8024484737087255,-0.18935256184712382,-0.713985191299721,-0.966303193286565,-0.358145440323592,0.5558682612033757,-0.2544884306547635,-0.06589759600423688,-0.8382842205939496,0.7723288599065534
1.8868661946544836,0.4870285058378622,-0.21303769768270914,-0.5090791928416813,1.672543794926189,-0.18935256184712382,-0.5090791928416813,1.034871877633807,-0.358145440323592,0.5558682612033757,1.5129284694496405,-0.06589759600423688,-0.8382842205939496,-1.1676312005357443
-0.1401098514754074,0.4870285058378622,-0.21303769768270914,3.998852773235191,-0.8024484737087255,-0.18935256184712382,3.998852773235191,1.034871877633807,-0.358145440323592,-0.8659042062818543,-0.2544884306547635,-0.06589759600423688,1.7276430481413345,0.18190623281541937
-0.1401098514754074,0.4870285058378622,-0.21303769768270914,2.1546987871128342,0.4350476606087318,-0.18935256184712382,2.1546987871128342,1.034871877633807,-0.358145440323592,0.5558682612033757,-0.2544884306547635,-0.42561286654287495,-0.8382842205939496,1.8688280245043738
-0.1401098514754074,0.4870285058378622,-0.21303769768270914,0.3105448009904772,1.672543794926189,-0.18935256184712382,0.3105448009904772,1.034871877633807,-0.358145440323592,-0.8659042062818543,1.5129284694496405,-0.06589759600423688,1.7276430481413345,-0.9145929317824011
-0.1401098514754074,0.4870285058378622,-0.21303769768270914,-0.30417319438364177,-0.8024484737087255,-0.18935256184712382,-0.30417319438364177,-0.966303193286565,-0.358145440323592,-0.8659042062818543,-0.2544884306547635,-0.06589759600423688,-0.8382842205939496,-0.5772085734446102
-0.1401098514754074,0.4870285058378622,-0.21303769768270914,-0.713985191299721,-0.8024484737087255,-0.18935256184712382,-0.713985191299721,1.034871877633807,-0.358145440323592,-0.8659042062818543,-0.2544884306547635,-0.05257480820650953,0.4446794137736925,-0.7459007526135056
-0.1401098514754074,0.4870285058378622,-0.21303769768270914,0.3105448009904772,-0.8024484737087255,-0.18935256184712382,0.3105448009904772,-0.966303193286565,-0.358145440323592,1.2667544949459906,1.5129284694496405,-0.00854614825704895,0.4446794137736925,0.013214053646523933
-0.1401098514754074,0.4870285058378622,-0.21303769768270914,-0.5090791928416813,0.4350476606087318,-0.18935256184712382,-0.5090791928416813,-0.966303193286565,-0.358145440323592,0.5558682612033757,-0.2544884306547635,-0.06589759600423688,-0.8382842205939496,1.4470975765821352
-0.1401098514754074,0.4870285058378622,-0.21303769768270914,-0.713985191299721,0.4350476606087318,-0.18935256184712382,-0.713985191299721,-0.966303193286565,-0.358145440323592,0.5558682612033757,-0.2544884306547635,-0.06589759600423688,-0.8382842205939496,2.796635009933299
-0.1401098514754074,0.4870285058378622,-0.21303769768270914,-0.713985191299721,1.672543794926189,-0.18935256184712382,-0.713985191299721,1.034871877633807,-0.358145440323592,-0.8659042062818543,-2.0219053307591675,-0.05257480820650953,0.4446794137736925,-1.251977290120192
-0.1401098514754074,0.4870285058378622,-0.21303769768270914,-0.30417319438364177,-0.8024484737087255,-0.18935256184712382,-0.30417319438364177,1.034871877633807,-0.358145440323592,-0.8659042062818543,-2.0219053307591675,-0.05257480820650953,1.7276430481413345,-0.15547812552237153
-0.1401098514754074,0.4870285058378622,-0.21303769768270914,-0.5090791928416813,0.4350476606087318,-0.18935256184712382,-0.5090791928416813,1.034871877633807,-0.358145440323592,0.5558682612033757,-0.2544884306547635,-0.11918874719514622,-0.8382842205939496,2.206212382842165
-0.1401098514754074,0.4870285058378622,-0.21303769768270914,-0.30417319438364177,-0.8024484737087255,-0.18935256184712382,-0.30417319438364177,-0.966303193286565,-0.358145440323592,-0.8659042062818543,-0.2544884306547635,-0.06589759600423688,0.4446794137736925,-0.8302468421979533
-0.1401098514754074,0.4870285058378622,-0.21303769768270914,-0.713985191299721,0.4350476606087318,-0.18935256184712382,-0.713985191299721,-0.966303193286565,-0.358145440323592,2.6885269624312205,-0.2544884306547635,-0.06589759600423688,-0.8382842205939496,1.0253671286598967
-0.1401098514754074,0.4870285058378622,-0.21303769768270914,0.3105448009904772,-0.8024484737087255,2.103311910014095,0.3105448009904772,-0.966303193286565,-0.358145440323592,-0.8659042062818543,-0.2544884306547635,-0.1858026861837829,-0.8382842205939496,-0.23982421510681926
-0.1401098514754074,0.4870285058378622,-0.21303769768270914,1.3350747932806755,-0.8024484737087255,-0.18935256184712382,1.3350747932806755,1.034871877633807,2.792161751651698,-0.8659042062818543,-0.2544884306547635,-0.06589759600423688,0.4446794137736925,0.603636680737658
-0.1401098514754074,0.4870285058378622,-0.21303769768270914,0.3105448009904772,-0.8024484737087255,-0.18935256184712382,0.3105448009904772,1.034871877633807,-0.358145440323592,0.5558682612033757,-0.2544884306547635,-0.19912547398151023,-0.8382842205939496,0.2662523223998671
-0.1401098514754074,-2.053267905293714,-0.21303769768270914,-0.30417319438364177,1.672543794926189,-0.18935256184712382,-0.30417319438364177,-0.966303193286565,-0.358145440323592,0.5558682612033757,1.5129284694496405,-0.06589759600423688,0.4446794137736925,-0.9145929317824011
-0.1401098514754074,0.4870285058378622,-0.21303769768270914,-0.0992671959256021,0.4350476606087318,-0.18935256184712382,-0.0992671959256021,1.034871877633807,-0.358145440323592,0.5558682612033757,-0.2544884306547635,-0.06589759600423688,-0.8382842205939496,1.531443666166583
-0.1401098514754074,-2.053267905293714,-0.21303769768270914,-0.713985191299721,0.4350476606087318,-0.18935256184712382,-0.713985191299721,-0.966303193286565,-0.358145440323592,0.5558682612033757,-0.2544884306547635,-0.06589759600423688,-0.8382842205939496,1.6157897557510308
-0.1401098514754074,-2.053267905293714,-0.21303769768270914,-0.713985191299721,-0.8024484737087255,-0.18935256184712382,-0.713985191299721,-0.966303193286565,-0.358145440323592,1.2667544949459906,-0.2544884306547635,-0.09254317159969154,-0.8382842205939496,-0.4928624838601624
-0.1401098514754074,0.4870285058378622,-0.21303769768270914,-0.30417319438364177,0.4350476606087318,-0.18935256184712382,-0.30417319438364177,1.034871877633807,2.792161751651698,0.5558682612033757,-0.2544884306547635,-0.625454683508785,-0.8382842205939496,1.1097132182443443
-0.1401098514754074,0.4870285058378622,-0.21303769768270914,0.9252627963645961,-0.8024484737087255,-0.18935256184712382,0.9252627963645961,1.034871877633807,2.792161751651698,-0.8659042062818543,1.5129284694496405,-0.06589759600423688,1.7276430481413345,-0.5772085734446102
-0.1401098514754074,0.4870285058378622,-0.21303769768270914,-0.713985191299721,0.4350476606087318,-0.18935256184712382,-0.713985191299721,1.034871877633807,2.792161751651698,-0.8659042062818543,-0.2544884306547635,-0.06589759600423688,0.4446794137736925,1.4470975765821352
-0.1401098514754074,0.4870285058378622,-0.21303769768270914,0.10563880253243754,-0.8024484737087255,-0.18935256184712382,0.10563880253243754,-0.966303193286565,-0.358145440323592,1.2667544949459906,-0.2544884306547635,-0.05257480820650953,-0.8382842205939496,-0.8302468421979533
-0.1401098514754074,0.4870285058378622,-0.21303769768270914,-0.30417319438364177,0.4350476606087318,-0.18935256184712382,-0.30417319438364177,-0.966303193286565,-0.358145440323592,0.5558682612033757,-0.2544884306547635,-0.00854614825704895,-0.8382842205939496,1.0253671286598967
-0.1401098514754074,0.4870285058378622,-0.21303769768270914,-0.5090791928416813,0.4350476606087318,-0.18935256184712382,-0.5090791928416813,-0.966303193286565,-0.358145440323592,-0.8659042062818543,-0.2544884306547635,-0.05257480820650953,-0.8382842205939496,1.194059307828792
-0.1401098514754074,0.4870285058378622,-0.21303769768270914,-0.5090791928416813,-0.8024484737087255,-0.18935256184712382,-0.5090791928416813,1.034871877633807,-0.358145440323592,-0.8659042062818543,-0.2544884306547635,-0.06589759600423688,0.4446794137736925,-0.4085163942757147
-0.1401098514754074,0.4870285058378622,-0.21303769768270914,-0.5090791928416813,1.672543794926189,-0.18935256184712382,-0.5090791928416813,1.034871877633807,-0.358145440323592,0.5558682612033757,1.5129284694496405,-0.19912547398151023,-0.8382842205939496,-1.0832851109512964
-0.1401098514754074,0.4870285058378622,-0.21303769768270914,2.1546987871128342,-0.8024484737087255,-0.18935256184712382,2.1546987871128342,1.034871877633807,2.792161751651698,-0.8659042062818543,-0.2544884306547635,-0.06589759600423688,1.7276430481413345,-0.15547812552237153
-0.1401098514754074,0.4870285058378622,-0.21303769768270914,-0.5090791928416813,0.4350476606087318,-0.18935256184712382,-0.5090791928416813,1.034871877633807,-0.358145440323592,0.5558682612033757,-0.2544884306547635,1.3063495471616788,-0.8382842205939496,1.6157897557510308
1.8868661946544836,0.4870285058378622,-0.21303769768270914,0.3105448009904772,0.4350476606087318,-0.18935256184712382,0.3105448009904772,-0.966303193286565,-0.358145440323592,-0.8659042062818543,-0.2544884306547635,0.33378603792758327,-0.8382842205939496,1.2784053974132399
-0.1401098514754074,0.4870285058378622,-0.21303769768270914,-0.713985191299721,1.672543794926189,-0.18935256184712382,-0.713985191299721,-0.966303193286565,-0.358145440323592,0.5558682612033757,1.5129284694496405,-0.06589759600423688,-0.8382842205939496,-1.251977290120192
-0.1401098514754074,0.4870285058378622,-0.21303769768270914,0.7203567979065565,0.4350476606087318,-0.18935256184712382,0.7203567979065565,-0.966303193286565,-0.358145440323592,0.5558682612033757,-0.2544884306547635,-0.06589759600423688,-0.8382842205939496,3.13401936827109
-0.1401098514754074,0.4870285058378622,-0.21303769768270914,1.9497927886547946,0.4350476606087318,-0.18935256184712382,1.9497927886547946,1.034871877633807,-0.358145440323592,-0.8659042062818543,-0.2544884306547635,-0.05257480820650953,-0.8382842205939496,1.0253671286598967
-0.1401098514754074,0.4870285058378622,-0.21303769768270914,-0.713985191299721,-0.8024484737087255,-0.18935256184712382,-0.713985191299721,1.034871877633807,-0.358145440323592,1.2667544949459906,-0.2544884306547635,-0.06589759600423688,-0.8382842205939496,0.7723288599065534
-0.1401098514754074,0.4870285058378622,-0.21303769768270914,0.10563880253243754,-0.8024484737087255,-0.18935256184712382,0.10563880253243754,1.034871877633807,-0.358145440323592,0.5558682612033757,-0.2544884306547635,-0.05257480820650953,-0.8382842205939496,0.18190623281541937
-0.1401098514754074,-2.053267905293714,-0.21303769768270914,0.7203567979065565,-0.8024484737087255,-0.18935256184712382,0.7203567979065565,1.034871877633807,-0.358145440323592,-0.8659042062818543,-2.0219053307591675,-1.411499163574698,1.7276430481413345,-0.8302468421979533
-0.1401098514754074,0.4870285058378622,-0.21303769768270914,-0.5090791928416813,-0.8024484737087255,-0.18935256184712382,-0.5090791928416813,-0.966303193286565,-0.358145440323592,-0.8659042062818543,-0.2544884306547635,-1.2516257100019699,-0.8382842205939496,-0.5772085734446102
-0.1401098514754074,-2.053267905293714,-0.21303769768270914,1.1301687948226358,-0.8024484737087255,-0.18935256184712382,1.1301687948226358,1.034871877633807,-0.358145440323592,0.5558682612033757,-0.2544884306547635,-0.3057077763633289,-0.8382842205939496,-0.4085163942757147
-0.1401098514754074,0.4870285058378622,-0.21303769768270914,-0.713985191299721,0.4350476606087318,-0.18935256184712382,-0.713985191299721,-0.966303193286565,-0.358145440323592,-0.8659042062818543,1.5129284694496405,-0.00854614825704895,1.7276430481413345,1.2784053974132399
3.913842240784374,0.4870285058378622,-0.21303769768270914,1.3350747932806755,1.672543794926189,2.103311910014095,1.3350747932806755,-0.966303193286565,-0.358145440323592,-0.8659042062818543,1.5129284694496405,-3.396594545436071,1.7276430481413345,-0.9145929317824011
-0.1401098514754074,0.4870285058378622,-0.21303769768270914,0.10563880253243754,-0.8024484737087255,-0.18935256184712382,0.10563880253243754,-0.966303193286565,-0.358145440323592,-0.8659042062818543,-0.2544884306547635,-0.06589759600423688,0.4446794137736925,0.5192905911532103
1.8868661946544836,0.4870285058378622,-0.21303769768270914,1.7448867901967549,1.672543794926189,-0.18935256184712382,1.7448867901967549,1.034871877633807,-0.358145440323592,-0.8659042062818543,-2.0219053307591675,-0.05257480820650953,1.7276430481413345,-1.0832851109512964
-0.1401098514754074,0.4870285058378622,1.7533742503977268,1.1301687948226358,-0.8024484737087255,-0.18935256184712382,1.1301687948226358,1.034871877633807,-0.358145440323592,1.2667544949459906,1.5129284694496405,-0.05257480820650953,0.4446794137736925,-0.7459007526135056
-0.1401098514754074,0.4870285058378622,-0.21303769768270914,0.3105448009904772,-0.8024484737087255,-0.18935256184712382,0.3105448009904772,1.034871877633807,-0.358145440323592,0.5558682612033757,1.5129284694496405,-0.06589759600423688,1.7276430481413345,-0.8302468421979533
-0.1401098514754074,0.4870285058378622,-0.21303769768270914,-0.5090791928416813,-0.8024484737087255,-0.18935256184712382,-0.5090791928416813,-0.966303193286565,-0.358145440323592,1.2667544949459906,-0.2544884306547635,-0.00854614825704895,-0.8382842205939496,-0.15547812552237153
-0.1401098514754074,0.4870285058378622,-0.21303769768270914,-0.0992671959256021,1.672543794926189,-0.18935256184712382,-0.0992671959256021,-0.966303193286565,-0.358145440323592,-0.8659042062818543,1.5129284694496405,-0.05257480820650953,0.4446794137736925,-0.9145929317824011
-0.1401098514754074,0.4870285058378622,-0.21303769768270914,-0.713985191299721,-0.8024484737087255,-0.18935256184712382,-0.713985191299721,-0.966303193286565,-0.358145440323592,1.2667544949459906,-0.2544884306547635,-0.06589759600423688,-0.8382842205939496,0.6879827703221058
-0.1401098514754074,0.4870285058378622,-0.21303769768270914,-0.30417319438364177,-0.8024484737087255,-0.18935256184712382,-0.30417319438364177,-0.966303193286565,-0.358145440323592,-0.8659042062818543,-0.2544884306547635,-0.06589759600423688,-0.8382842205939496,-0.4928624838601624
-0.1401098514754074,0.4870285058378622,-0.21303769768270914,-0.30417319438364177,1.672543794926189,-0.18935256184712382,-0.30417319438364177,1.034871877633807,-0.358145440323592,0.5558682612033757,1.5129284694496405,-0.06589759600423688,0.4446794137736925,-1.1676312005357443
-0.1401098514754074,-2.053267905293714,-0.21303769768270914,-0.5090791928416813,0.4350476606087318,-0.18935256184712382,-0.5090791928416813,-0.966303193286565,-0.358145440323592,0.5558682612033757,-0.2544884306547635,-0.05257480820650953,-0.8382842205939496,1.1097132182443443
-0.1401098514754074,0.4870285058378622,1.7533742503977268,-0.713985191299721,1.672543794926189,-0.18935256184712382,-0.713985191299721,1.034871877633807,2.792161751651698,2.6885269624312205,1.5129284694496405,-0.06589759600423688,1.7276430481413345,-1.251977290120192
-0.1401098514754074,0.4870285058378622,-0.21303769768270914,1.7448867901967549,-0.8024484737087255,4.395976381875314,1.7448867901967549,1.034871877633807,-0.358145440323592,-0.8659042062818543,1.5129284694496405,-0.05257480820650953,1.7276430481413345,-0.4928624838601624
-0.1401098514754074,0.4870285058378622,-0.21303769768270914,-0.5090791928416813,1.672543794926189,-0.18935256184712382,-0.5090791928416813,1.034871877633807,2.792161751651698,-0.8659042062818543,-2.0219053307591675,-0.06589759600423688,0.4446794137736925,-0.9989390213668488
-0.1401098514754074,0.4870285058378622,-0.21303769768270914,0.5154507994485168,-0.8024484737087255,-0.18935256184712382,0.5154507994485168,1.034871877633807,-0.358145440323592,-0.8659042062818543,-0.2544884306547635,-0.06589759600423688,1.7276430481413345,-0.4928624838601624
-0.1401098514754074,0.4870285058378622,-0.21303769768270914,1.1301687948226358,-0.8024484737087255,-0.18935256184712382,1.1301687948226358,1.034871877633807,-0.358145440323592,-0.8659042062818543,1.5129284694496405,-0.05257480820650953,0.4446794137736925,0.09756014323097166
-0.1401098514754074,-2.053267905293714,-0.21303769768270914,-0.5090791928416813,-0.8024484737087255,-0.18935256184712382,-0.5090791928416813,1.034871877633807,-0.358145440323592,0.5558682612033757,1.5129284694496405,-0.06589759600423688,0.4446794137736925,-0.4928624838601624
-0.1401098514754074,-2.053267905293714,-0.21303769768270914,0.10563880253243754,-0.8024484737087255,-0.18935256184712382,0.10563880253243754,1.034871877633807,-0.358145440323592,0.5558682612033757,-0.2544884306547635,-0.07922038380196421,-0.8382842205939496,0.35059841198431485
-0.1401098514754074,0.4870285058378622,-0.21303769768270914,0.5154507994485168,-0.8024484737087255,-0.18935256184712382,0.5154507994485168,1.034871877633807,-0.358145440323592,-0.8659042062818543,-0.2544884306547635,-0.06589759600423688,1.7276430481413345,-0.4928624838601624
-0.1401098514754074,0.4870285058378622,-0.21303769768270914,-0.713985191299721,-0.8024484737087255,-0.18935256184712382,-0.713985191299721,-0.966303193286565,-0.358145440323592,-0.8659042062818543,-0.2544884306547635,-0.05257480820650953,0.4446794137736925,0.603636680737658
3.913842240784374,0.4870285058378622,-0.21303769768270914,2.9743227809449926,-0.8024484737087255,-0.18935256184712382,2.9743227809449926,-0.966303193286565,-0.358145440323592,-0.8659042062818543,-2.0219053307591675,-0.06589759600423688,1.7276430481413345,0.18190623281541937
-0.1401098514754074,0.4870285058378622,-0.21303769768270914,-0.30417319438364177,-0.8024484737087255,-0.18935256184712382,-0.30417319438364177,-0.966303193286565,-0.358145440323592,0.5558682612033757,-0.2544884306547635,-1.65130934393379,0.4446794137736925,0.35059841198431485
-0.1401098514754074,0.4870285058378622,-0.21303769768270914,2.3596047855708737,0.4350476606087318,-0.18935256184712382,2.3596047855708737,-0.966303193286565,-0.358145440323592,-0.8659042062818543,-0.2544884306547635,-0.06589759600423688,1.7276430481413345,1.2784053974132399
-0.1401098514754074,0.4870285058378622,-0.21303769768270914,-0.713985191299721,0.4350476606087318,-0.18935256184712382,-0.713985191299721,-0.966303193286565,-0.358145440323592,0.5558682612033757,-0.2544884306547635,-0.05257480820650953,-0.8382842205939496,1.8688280245043738
-0.1401098514754074,0.4870285058378622,-0.21303769768270914,0.3105448009904772,-0.8024484737087255,-0.18935256184712382,0.3105448009904772,-0.966303193286565,-0.358145440323592,0.5558682612033757,-0.2544884306547635,-1.45146752696788,0.4446794137736925,0.18190623281541937
-0.1401098514754074,0.4870285058378622,-0.21303769768270914,-0.5090791928416813,-0.8024484737087255,-0.18935256184712382,-0.5090791928416813,-0.966303193286565,-0.358145440323592,-0.8659042062818543,-0.2544884306547635,-0.06589759600423688,-0.8382842205939496,0.013214053646523933
-0.1401098514754074,0.4870285058378622,-0.21303769768270914,0.9252627963645961,-0.8024484737087255,-0.18935256184712382,0.9252627963645961,1.034871877633807,-0.358145440323592,0.5558682612033757,-2.0219053307591675,-0.10586595939741889,1.7276430481413345,-0.23982421510681926
-0.1401098514754074,0.4870285058378622,-0.21303769768270914,-0.713985191299721,0.4350476606087318,-0.18935256184712382,-0.713985191299721,-0.966303193286565,-0.358145440323592,1.2667544949459906,-0.2544884306547635,-0.05257480820650953,-0.8382842205939496,0.8566749494910012
-0.1401098514754074,0.4870285058378622,-0.21303769768270914,-0.713985191299721,-0.8024484737087255,-0.18935256184712382,-0.713985191299721,-0.966303193286565,-0.358145440323592,-0.8659042062818543,-0.2544884306547635,-0.06589759600423688,-0.8382842205939496,-0.7459007526135056
-0.1401098514754074,0.4870285058378622,-0.21303769768270914,-0.5090791928416813,1.672543794926189,-0.18935256184712382,-0.5090791928416813,-0.966303193286565,-0.358145440323592,0.5558682612033757,-0.2544884306547635,-0.2124482617792376,0.4446794137736925,-1.0832851109512964
-0.1401098514754074,0.4870285058378622,-0.21303769768270914,-0.5090791928416813,1.672543794926189,-0.18935256184712382,-0.5090791928416813,1.034871877633807,2.792161751651698,-0.8659042062818543,1.5129284694496405,-0.06589759600423688,-0.8382842205939496,-1.251977290120192
-0.1401098514754074,0.4870285058378622,-0.21303769768270914,-0.713985191299721,1.672543794926189,-0.18935256184712382,-0.713985191299721,1.034871877633807,-0.358145440323592,-0.8659042062818543,1.5129284694496405,-0.06589759600423688,-0.8382842205939496,-1.0832851109512964
-0.1401098514754074,0.4870285058378622,1.7533742503977268,-0.713985191299721,1.672543794926189,-0.18935256184712382,-0.713985191299721,1.034871877633807,2.792161751651698,0.5558682612033757,1.5129284694496405,-0.06589759600423688,-0.8382842205939496,-1.1676312005357443
-0.1401098514754074,0.4870285058378622,-0.21303769768270914,-0.5090791928416813,-0.8024484737087255,-0.18935256184712382,-0.5090791928416813,1.034871877633807,-0.358145440323592,0.5558682612033757,-0.2544884306547635,-0.33235335195878357,-0.8382842205939496,-0.5772085734446102
-0.1401098514754074,0.4870285058378622,-0.21303769768270914,0.7203567979065565,-0.8024484737087255,2.103311910014095,0.7203567979065565,-0.966303193286565,-0.358145440323592,-0.8659042062818543,-0.2544884306547635,-0.06589759600423688,-0.8382842205939496,-0.4085163942757147
-0.1401098514754074,0.4870285058378622,-0.21303769768270914,0.3105448009904772,-0.8024484737087255,-0.18935256184712382,0.3105448009904772,1.034871877633807,-0.358145440323592,-0.8659042062818543,-0.2544884306547635,-0.05257480820650953,0.4446794137736925,-0.15547812552237153
-0.1401098514754074,0.4870285058378622,-0.21303769768270914,1.539980791738715,-0.8024484737087255,-0.18935256184712382,1.539980791738715,-0.966303193286565,-0.358145440323592,1.2667544949459906,1.5129284694496405,-0.05257480820650953,0.4446794137736925,-0.5772085734446102
-0.1401098514754074,0.4870285058378622,-0.21303769768270914,0.5154507994485168,-0.8024484737087255,-0.18935256184712382,0.5154507994485168,-0.966303193286565,-0.358145440323592,-0.8659042062818543,1.5129284694496405,11.151889729682182,0.4446794137736925,-0.6615546630290579
-0.1401098514754074,-2.053267905293714,-0.21303769768270914,-0.713985191299721,1.672543794926189,-0.18935256184712382,-0.713985191299721,1.034871877633807,-0.358145440323592,-0.8659042062818543,1.5129284694496405,-0.06589759600423688,1.7276430481413345,-1.1676312005357443
-0.1401098514754074,0.4870285058378622,-0.21303769768270914,-0.713985191299721,-0.8024484737087255,-0.18935256184712382,-0.713985191299721,-0.966303193286565,-0.358145440323592,0.5558682612033757,-0.2544884306547635,-0.05257480820650953,-0.8382842205939496,0.5192905911532103
-0.1401098514754074,0.4870285058378622,-0.21303769768270914,-0.713985191299721,0.4350476606087318,-0.18935256184712382,-0.713985191299721,-0.966303193286565,-0.358145440323592,0.5558682612033757,-0.2544884306547635,-0.06589759600423688,0.4446794137736925,1.7001358453354785
-0.1401098514754074,0.4870285058378622,-0.21303769768270914,-0.0992671959256021,1.672543794926189,-0.18935256184712382,-0.0992671959256021,1.034871877633807,2.792161751651698,-0.8659042062818543,-2.0219053307591675,0.21388094774803723,0.4446794137736925,-1.0832851109512964
-0.1401098514754074,0.4870285058378622,-0.21303769768270914,0.10563880253243754,0.4350476606087318,-0.18935256184712382,0.10563880253243754,1.034871877633807,2.792161751651698,-0.8659042062818543,-0.2544884306547635,-0.7187141980928764,-0.8382842205939496,1.7844819349199261
-0.1401098514754074,-2.053267905293714,-0.21303769768270914,-0.5090791928416813,-0.8024484737087255,-0.18935256184712382,-0.5090791928416813,-0.966303193286565,-0.358145440323592,2.6885269624312205,-0.2544884306547635,-0.06589759600423688,-0.8382842205939496,0.09756014323097166
-0.1401098514754074,0.4870285058378622,-0.21303769768270914,-0.713985191299721,-0.8024484737087255,-0.18935256184712382,-0.713985191299721,-0.966303193286565,-0.358145440323592,1.2667544949459906,-0.2544884306547635,-0.06589759600423688,0.4446794137736925,0.013214053646523933
-0.1401098514754074,0.4870285058378622,-0.21303769768270914,-0.713985191299721,1.672543794926189,-0.18935256184712382,-0.713985191299721,-0.966303193286565,-0.358145440323592,0.5558682612033757,-0.2544884306547635,-0.06589759600423688,-0.8382842205939496,-0.9989390213668488
-0.1401098514754074,0.4870285058378622,-0.21303769768270914,0.7203567979065565,-0.8024484737087255,-0.18935256184712382,0.7203567979065565,1.034871877633807,-0.358145440323592,-0.8659042062818543,-2.0219053307591675,-0.05257480820650953,1.7276430481413345,-0.6615546630290579
-0.1401098514754074,0.4870285058378622,-0.21303769768270914,-0.713985191299721,0.4350476606087318,-0.18935256184712382,-0.713985191299721,1.034871877633807,-0.358145440323592,0.5558682612033757,-0.2544884306547635,-0.13251153499287355,0.4446794137736925,1.1097132182443443
-0.1401098514754074,0.4870285058378622,-0.21303769768270914,-0.713985191299721,-0.8024484737087255,-0.18935256184712382,-0.713985191299721,-0.966303193286565,-0.358145440323592,0.5558682612033757,-0.2544884306547635,-0.05257480820650953,-0.8382842205939496,0.2662523223998671
-0.1401098514754074,0.4870285058378622,-0.21303769768270914,1.1301687948226358,-0.8024484737087255,-0.18935256184712382,1.1301687948226358,1.034871877633807,2.792161751651698,0.5558682612033757,-0.2544884306547635,-0.05257480820650953,-0.8382842205939496,-0.7459007526135056
-0.1401098514754074,-2.053267905293714,-0.21303769768270914,-0.713985191299721,-0.8024484737087255,-0.18935256184712382,-0.713985191299721,-0.966303193286565,-0.358145440323592,0.5558682612033757,-0.2544884306547635,-0.09254317159969154,0.4446794137736925,-0.4928624838601624
-0.1401098514754074,0.4870285058378622,-0.21303769768270914,-0.30417319438364177,-0.8024484737087255,-0.18935256184712382,-0.30417319438364177,-0.966303193286565,-0.358145440323592,0.5558682612033757,1.5129284694496405,-0.05257480820650953,-0.8382842205939496,-0.7459007526135056
-0.1401098514754074,0.4870285058378622,-0.21303769768270914,-0.713985191299721,-0.8024484737087255,-0.18935256184712382,-0.713985191299721,-0.966303193286565,-0.358145440323592,0.5558682612033757,-0.2544884306547635,-0.1458343227906009,-0.8382842205939496,-0.4085163942757147
-0.1401098514754074,0.4870285058378622,-0.21303769768270914,-0.713985191299721,0.4350476606087318,-0.18935256184712382,-0.713985191299721,-0.966303193286565,-0.358145440323592,1.2667544949459906,-0.2544884306547635,-0.05257480820650953,-0.8382842205939496,1.2784053974132399
-0.1401098514754074,0.4870285058378622,-0.21303769768270914,-0.713985191299721,-0.8024484737087255,-0.18935256184712382,-0.713985191299721,1.034871877633807,-0.358145440323592,0.5558682612033757,1.5129284694496405,-0.06589759600423688,-0.8382842205939496,0.09756014323097166
-0.1401098514754074,0.4870285058378622,-0.21303769768270914,-0.30417319438364177,0.4350476606087318,-0.18935256184712382,-0.30417319438364177,-0.966303193286565,-0.358145440323592,-0.8659042062818543,-0.2544884306547635,-0.06589759600423688,-0.8382842205939496,1.4470975765821352
-0.1401098514754074,0.4870285058378622,-0.21303769768270914,-0.5090791928416813,1.672543794926189,-0.18935256184712382,-0.5090791928416813,1.034871877633807,-0.358145440323592,1.2667544949459906,-0.2544884306547635,-0.3057077763633289,-0.8382842205939496,-1.0832851109512964
-0.1401098514754074,-2.053267905293714,-0.21303769768270914,-0.713985191299721,1.672543794926189,-0.18935256184712382,-0.713985191299721,-0.966303193286565,-0.358145440323592,-0.8659042062818543,-0.2544884306547635,-0.06589759600423688,-0.8382842205939496,-0.9145929317824011
-0.1401098514754074,0.4870285058378622,-0.21303769768270914,0.10563880253243754,1.672543794926189,-0.18935256184712382,0.10563880253243754,-0.966303193286565,-0.358145440323592,-0.8659042062818543,1.5129284694496405,-0.2124482617792376,0.4446794137736925,-1.0832851109512964
-0.1401098514754074,-2.053267905293714,-0.21303769768270914,0.10563880253243754,0.4350476606087318,-0.18935256184712382,0.10563880253243754,-0.966303193286565,-0.358145440323592,-0.8659042062818543,1.5129284694496405,-0.06589759600423688,0.4446794137736925,1.0253671286598967
-0.1401098514754074,0.4870285058378622,-0.21303769768270914,-0.5090791928416813,0.4350476606087318,-0.18935256184712382,-0.5090791928416813,-0.966303193286565,-0.358145440323592,0.5558682612033757,-0.2544884306547635,-0.00854614825704895,-0.8382842205939496,0.8566749494910012
-0.1401098514754074,-2.053267905293714,-0.21303769768270914,-0.30417319438364177,-0.8024484737087255,-0.18935256184712382,-0.30417319438364177,-0.966303193286565,-0.358145440323592,1.2667544949459906,-0.2544884306547635,-0.9052332272610591,-0.8382842205939496,-0.15547812552237153
7.967794333044156,0.4870285058378622,-0.21303769768270914,1.9497927886547946,-0.8024484737087255,-0.18935256184712382,1.9497927886547946,1.034871877633807,-0.358145440323592,-0.8659042062818543,-2.0219053307591675,-0.15915711058832824,1.7276430481413345,-0.8302468421979533
-0.1401098514754074,0.4870285058378622,1.7533742503977268,-0.5090791928416813,-0.8024484737087255,-0.18935256184712382,-0.5090791928416813,-0.966303193286565,-0.358145440323592,1.2667544949459906,-0.2544884306547635,-0.06589759600423688,-0.8382842205939496,-0.8302468421979533
-0.1401098514754074,0.4870285058378622,-0.21303769768270914,-0.30417319438364177,0.4350476606087318,-0.18935256184712382,-0.30417319438364177,1.034871877633807,-0.358145440323592,-0.8659042062818543,-0.2544884306547635,-0.05257480820650953,0.4446794137736925,0.9410210390754489
-0.1401098514754074,0.4870285058378622,-0.21303769768270914,-0.5090791928416813,1.672543794926189,-0.18935256184712382,-0.5090791928416813,1.034871877633807,-0.358145440323592,-0.8659042062818543,-2.0219053307591675,-0.05257480820650953,1.7276430481413345,-1.1676312005357443
-0.1401098514754074,0.4870285058378622,-0.21303769768270914,-0.713985191299721,-0.8024484737087255,-0.18935256184712382,-0.713985191299721,1.034871877633807,-0.358145440323592,0.5558682612033757,-0.2544884306547635,-0.05257480820650953,-0.8382842205939496,-0.6615546630290579
-0.1401098514754074,0.4870285058378622,-0.21303769768270914,-0.713985191299721,0.4350476606087318,-0.18935256184712382,-0.713985191299721,-0.966303193286565,-0.358145440323592,-0.8659042062818543,-0.2544884306547635,-0.06589759600423688,-0.8382842205939496,1.8688280245043738
-0.1401098514754074,-2.053267905293714,-0.21303769768270914,0.7203567979065565,0.4350476606087318,2.103311910014095,0.7203567979065565,1.034871877633807,-0.358145440323592,0.5558682612033757,-0.2544884306547635,-0.06589759600423688,-0.8382842205939496,0.8566749494910012
-0.1401098514754074,0.4870285058378622,-0.21303769768270914,1.3350747932806755,-0.8024484737087255,-0.18935256184712382,1.3350747932806755,1.034871877633807,-0.358145440323592,-0.8659042062818543,1.5129284694496405,-0.06589759600423688,1.7276430481413345,0.09756014323097166
-0.1401098514754074,0.4870285058378622,1.7533742503977268,-0.5090791928416813,1.672543794926189,-0.18935256184712382,-0.5090791928416813,-0.966303193286565,-0.358145440323592,0.5558682612033757,1.5129284694496405,-0.06589759600423688,0.4446794137736925,-1.0832851109512964
-0.1401098514754074,0.4870285058378622,-0.21303769768270914,-0.0992671959256021,-0.8024484737087255,-0.18935256184712382,-0.0992671959256021,1.034871877633807,-0.358145440323592,0.5558682612033757,-0.2544884306547635,-0.06589759600423688,0.4446794137736925,-0.7459007526135056
-0.1401098514754074,0.4870285058378622,-0.21303769768270914,-0.713985191299721,-0.8024484737087255,-0.18935256184712382,-0.713985191299721,-0.966303193286565,-0.358145440323592,0.5558682612033757,-0.2544884306547635,-0.06589759600423688,-0.8382842205939496,0.603636680737658
-0.1401098514754074,0.4870285058378622,-0.21303769768270914,-0.5090791928416813,1.672543794926189,-0.18935256184712382,-0.5090791928416813,1.034871877633807,-0.358145440323592,0.5558682612033757,1.5129284694496405,-0.06589759600423688,0.4446794137736925,-1.1676312005357443
-0.1401098514754074,0.4870285058378622,-0.21303769768270914,-0.5090791928416813,0.4350476606087318,-0.18935256184712382,-0.5090791928416813,-0.966303193286565,-0.358145440323592,-0.8659042062818543,-0.2544884306547635,-0.06589759600423688,-0.8382842205939496,1.9531741140888217
-0.1401098514754074,-2.053267905293714,-0.21303769768270914,-0.713985191299721,0.4350476606087318,-0.18935256184712382,-0.713985191299721,-0.966303193286565,-0.358145440323592,0.5558682612033757,-0.2544884306547635,-0.07922038380196421,-0.8382842205939496,2.037520203673269
-0.1401098514754074,0.4870285058378622,-0.21303769768270914,-0.713985191299721,1.672543794926189,-0.18935256184712382,-0.713985191299721,-0.966303193286565,-0.358145440323592,-0.8659042062818543,-0.2544884306547635,-0.05257480820650953,-0.8382842205939496,-0.9145929317824011
-0.1401098514754074,-2.053267905293714,-0.21303769768270914,-0.713985191299721,-0.8024484737087255,-0.18935256184712382,-0.713985191299721,1.034871877633807,-0.358145440323592,0.5558682612033757,-0.2544884306547635,-0.06589759600423688,-0.8382842205939496,0.603636680737658
-0.1401098514754074,0.4870285058378622,-0.21303769768270914,-0.30417319438364177,-0.8024484737087255,-0.18935256184712382,-0.30417319438364177,1.034871877633807,-0.358145440323592,-0.8659042062818543,-2.0219053307591675,-0.06589759600423688,1.7276430481413345,-0.6615546630290579
-0.1401098514754074,0.4870285058378622,-0.21303769768270914,-0.713985191299721,-0.8024484737087255,-0.18935256184712382,-0.713985191299721,1.034871877633807,2.792161751651698,0.5558682612033757,-0.2544884306547635,-0.06589759600423688,-0.8382842205939496,0.7723288599065534
-0.1401098514754074,0.4870285058378622,-0.21303769768270914,0.3105448009904772,0.4350476606087318,-0.18935256184712382,0.3105448009904772,1.034871877633807,-0.358145440323592,-0.8659042062818543,-0.2544884306547635,-0.06589759600423688,-0.8382842205939496,1.1097132182443443
-0.1401098514754074,0.4870285058378622,-0.21303769768270914,-0.713985191299721,1.672543794926189,-0.18935256184712382,-0.713985191299721,-0.966303193286565,-0.358145440323592,0.5558682612033757,-0.2544884306547635,-0.05257480820650953,-0.8382842205939496,-0.9145929317824011
-0.1401098514754074,0.4870285058378622,-0.21303769768270914,0.10563880253243754,-0.8024484737087255,-0.18935256184712382,0.10563880253243754,-0.966303193286565,-0.358145440323592,1.2667544949459906,-0.2544884306547635,-0.00854614825704895,0.4446794137736925,0.18190623281541937
-0.1401098514754074,0.4870285058378622,-0.21303769768270914,4.61357076860931,0.4350476606087318,-0.18935256184712382,4.61357076860931,1.034871877633807,-0.358145440323592,-0.8659042062818543,-0.2544884306547635,-0.00854614825704895,0.4446794137736925,1.531443666166583
-0.1401098514754074,0.4870285058378622,-0.21303769768270914,0.3105448009904772,0.4350476606087318,-0.18935256184712382,0.3105448009904772,1.034871877633807,-0.358145440323592,-0.8659042062818543,-0.2544884306547635,-0.06589759600423688,1.7276430481413345,1.1097132182443443
-0.1401098514754074,-2.053267905293714,-0.21303769768270914,-0.713985191299721,-0.8024484737087255,-0.18935256184712382,-0.713985191299721,-0.966303193286565,-0.358145440323592,1.2667544949459906,-0.2544884306547635,-0.05257480820650953,-0.8382842205939496,-0.8302468421979533
-0.1401098514754074,0.4870285058378622,-0.21303769768270914,-0.713985191299721,-0.8024484737087255,-0.18935256184712382,-0.713985191299721,1.034871877633807,-0.358145440323592,0.5558682612033757,-0.2544884306547635,-0.05257480820650953,0.4446794137736925,-0.32417030469126695
-0.1401098514754074,0.4870285058378622,-0.21303769768270914,-0.5090791928416813,-0.8024484737087255,-0.18935256184712382,-0.5090791928416813,-0.966303193286565,-0.358145440323592,-0.8659042062818543,-0.2544884306547635,-0.06589759600423688,0.4446794137736925,-0.6615546630290579
-0.1401098514754074,0.4870285058378622,-0.21303769768270914,-0.30417319438364177,1.672543794926189,-0.18935256184712382,-0.30417319438364177,1.034871877633807,-0.358145440323592,-0.8659042062818543,-0.2544884306547635,-0.06589759600423688,-0.8382842205939496,-0.9989390213668488
-0.1401098514754074,0.4870285058378622,-0.21303769768270914,3.5890407763191114,-0.8024484737087255,-0.18935256184712382,3.5890407763191114,1.034871877633807,-0.358145440323592,-0.8659042062818543,1.5129284694496405,-0.13251153499287355,0.4446794137736925,-0.15547812552237153
-0.1401098514754074,-2.053267905293714,-0.21303769768270914,-0.713985191299721,1.672543794926189,-0.18935256184712382,-0.713985191299721,-0.966303193286565,-0.358145440323592,-0.8659042062818543,1.5129284694496405,-0.10586595939741889,0.4446794137736925,-1.1676312005357443
-0.1401098514754074,0.4870285058378622,-0.21303769768270914,-0.713985191299721,-0.8024484737087255,-0.18935256184712382,-0.713985191299721,-0.966303193286565,-0.358145440323592,-0.8659042062818543,-0.2544884306547635,-0.05257480820650953,-0.8382842205939496,-0.32417030469126695
-0.1401098514754074,-2.053267905293714,-0.21303769768270914,-0.713985191299721,-0.8024484737087255,-0.18935256184712382,-0.713985191299721,-0.966303193286565,-0.358145440323592,0.5558682612033757,-0.2544884306547635,-0.05257480820650953,-0.8382842205939496,0.4349445015687626
-0.1401098514754074,0.4870285058378622,-0.21303769768270914,2.1546987871128342,1.672543794926189,8.981305325597752,2.1546987871128342,1.034871877633807,2.792161751651698,-0.8659042062818543,-2.0219053307591675,-0.06589759600423688,1.7276430481413345,-0.9145929317824011
-0.1401098514754074,0.4870285058378622,-0.21303769768270914,-0.0992671959256021,1.672543794926189,-0.18935256184712382,-0.0992671959256021,1.034871877633807,-0.358145440323592,-0.8659042062818543,-2.0219053307591675,-0.06589759600423688,1.7276430481413345,-0.9989390213668488
-0.1401098514754074,0.4870285058378622,5.686198146558598,1.7448867901967549,-0.8024484737087255,-0.18935256184712382,1.7448867901967549,1.034871877633807,2.792161751651698,-0.8659042062818543,-0.2544884306547635,-0.05257480820650953,0.4446794137736925,0.5192905911532103
-0.1401098514754074,-2.053267905293714,-0.21303769768270914,0.10563880253243754,-0.8024484737087255,-0.18935256184712382,0.10563880253243754,1.034871877633807,-0.358145440323592,0.5558682612033757,-0.2544884306547635,-0.1858026861837829,1.7276430481413345,0.603636680737658
-0.1401098514754074,0.4870285058378622,-0.21303769768270914,0.9252627963645961,-0.8024484737087255,-0.18935256184712382,0.9252627963645961,1.034871877633807,-0.358145440323592,-0.8659042062818543,-0.2544884306547635,-0.05257480820650953,-0.8382842205939496,0.5192905911532103
-0.1401098514754074,0.4870285058378622,-0.21303769768270914,-0.30417319438364177,-0.8024484737087255,-0.18935256184712382,-0.30417319438364177,-0.966303193286565,-0.358145440323592,1.2667544949459906,-0.2544884306547635,-0.3989672909474203,-0.8382842205939496,-0.4928624838601624
-0.1401098514754074,-2.053267905293714,-0.21303769768270914,-0.713985191299721,1.672543794926189,-0.18935256184712382,-0.713985191299721,-0.966303193286565,-0.358145440323592,0.5558682612033757,1.5129284694496405,-0.06589759600423688,0.4446794137736925,-1.1676312005357443
-0.1401098514754074,0.4870285058378622,-0.21303769768270914,2.769416782486953,-0.8024484737087255,-0.18935256184712382,2.769416782486953,1.034871877633807,-0.358145440323592,-0.8659042062818543,-0.2544884306547635,-0.06589759600423688,0.4446794137736925,0.603636680737658
-0.1401098514754074,0.4870285058378622,1.7533742503977268,0.3105448009904772,-0.8024484737087255,-0.18935256184712382,0.3105448009904772,1.034871877633807,-0.358145440323592,0.5558682612033757,1.5129284694496405,-0.06589759600423688,0.4446794137736925,-0.07113203593792379
-0.1401098514754074,-2.053267905293714,-0.21303769768270914,-0.713985191299721,1.672543794926189,-0.18935256184712382,-0.713985191299721,1.034871877633807,-0.358145440323592,1.2667544949459906,1.5129284694496405,-0.06589759600423688,0.4446794137736925,-1.1676312005357443
