job,sex,"property_if not A121/A122 : car or other, not in attribute 6",property_if not A121 : building society savings agreement/ life insurance,purpose_(vacation - does not exist?),credit_history,purpose_furniture/equipment,purpose_business,duration_in_month,savings,credit_amount,foreign_worker,purpose_education,property_unknown / no property,age,purpose_car (used),property_real estate,purpose_repairs,purpose_car (new),present_emp_since,personal_status,purpose_domestic appliances,account_check_status,purpose_retraining,purpose_radio/television,housing
0.14656787024195714,0.652427708225426,-0.7018100265975343,-0.5421256172169757,-0.2294157338705605,0.7419491891959532,-0.0929813591060608,-0.3306814747123078,2.277974536710896,-1.241305870625249,0.14108597586889796,0.20412414523193206,-0.15294382258037553,-0.4341140500939411,1.053459045888203,-0.34899122022605644,1.5866908771712596,-0.1203858530857698,-0.568552036113998,1.3307353132150186,-0.8465967650815867,1.6623600272549444,-1.0458250331675945,-0.08481889296799727,-0.4685212856658194,0.5799708796235029
0.14656787024195714,0.652427708225426,-0.7018100265975343,-0.5421256172169757,-0.2294157338705605,0.7419491891959532,-0.0929813591060608,-0.3306814747123078,-0.64985969628758,-0.2190539771691616,-0.8675070096713494,0.20412414523193206,-0.15294382258037553,-0.4341140500939411,-1.139072169538186,-0.34899122022605644,1.5866908771712596,-0.1203858530857698,-0.568552036113998,-1.180086032473696,-0.8465967650815867,1.6623600272549444,1.0458250331675945,-0.08481889296799727,-0.4685212856658194,0.5799708796235029
0.14656787024195714,0.652427708225426,1.4248870236980242,-0.5421256172169757,-0.2294157338705605,-0.39951110187474415,-0.0929813591060608,-0.3306814747123078,1.2741456568257044,-0.2190539771691616,0.47591191135054534,0.20412414523193206,-0.15294382258037553,-0.4341140500939411,-0.40822843106272305,-0.34899122022605644,-0.6302424841458696,-0.1203858530857698,-0.568552036113998,1.3307353132150186,-0.8465967650815867,1.6623600272549444,2.091650066335189,-0.08481889296799727,-0.4685212856658194,0.5799708796235029
0.14656787024195714,-1.5327368647783928,1.4248870236980242,-0.5421256172169757,-0.2294157338705605,0.7419491891959532,-0.0929813591060608,-0.3306814747123078,0.7722312168831085,-0.2190539771691616,-0.13837209542137088,0.20412414523193206,-0.15294382258037553,-0.4341140500939411,-0.22551749644385727,-0.34899122022605644,-0.6302424841458696,-0.1203858530857698,-0.568552036113998,-0.3431455839107911,0.9574146064773498,1.6623600272549444,-1.0458250331675945,-0.08481889296799727,-0.4685212856658194,0.5799708796235029
-1.4318553477483524,0.652427708225426,-0.7018100265975343,1.844590936568452,-0.2294157338705605,-0.39951110187474415,-0.0929813591060608,-0.3306814747123078,-0.7335121029446794,-0.2190539771691616,-0.7152453831450584,0.20412414523193206,-0.15294382258037553,-0.4341140500939411,-1.3217831041570518,-0.34899122022605644,-0.6302424841458696,-0.1203858530857698,-0.568552036113998,-0.3431455839107911,-0.8465967650815867,-0.6015544067498438,0.0,-0.08481889296799727,2.1343747458109554,0.5799708796235029
-1.4318553477483524,-1.5327368647783928,-0.7018100265975343,-0.5421256172169757,-0.2294157338705605,0.7419491891959532,-0.0929813591060608,-0.3306814747123078,-0.8171645096017787,0.8031979162869259,-0.7657498538601671,0.20412414523193206,-0.15294382258037553,-0.4341140500939411,1.9670137189825319,-0.34899122022605644,1.5866908771712596,-0.1203858530857698,-0.568552036113998,-2.0170264810366008,0.9574146064773498,1.6623600272549444,-1.0458250331675945,-0.08481889296799727,-0.4685212856658194,0.5799708796235029
0.14656787024195714,0.652427708225426,1.4248870236980242,-0.5421256172169757,-0.2294157338705605,-0.39951110187474415,-0.0929813591060608,-0.3306814747123078,-0.7335121029446794,-0.2190539771691616,-0.7253462772880801,0.20412414523193206,-0.15294382258037553,-0.4341140500939411,-0.9563612349193203,-0.34899122022605644,-0.6302424841458696,-0.1203858530857698,-0.568552036113998,-0.3431455839107911,-0.8465967650815867,1.6623600272549444,-1.0458250331675945,-0.08481889296799727,-0.4685212856658194,0.5799708796235029
1.7249910882322665,-1.5327368647783928,-0.7018100265975343,-0.5421256172169757,-0.2294157338705605,-0.39951110187474415,-0.0929813591060608,-0.3306814747123078,0.27031677694051254,-0.2190539771691616,-0.1952363883746786,0.20412414523193206,-0.15294382258037553,2.303542121669652,-0.5909393656815888,2.865401597645516,-0.6302424841458696,-0.1203858530857698,-0.568552036113998,-1.180086032473696,0.9574146064773498,-0.6015544067498438,-1.0458250331675945,-0.08481889296799727,-0.4685212856658194,0.5799708796235029
-1.4318553477483524,-1.5327368647783928,1.4248870236980242,-0.5421256172169757,-0.2294157338705605,-0.39951110187474415,-0.0929813591060608,-0.3306814747123078,0.019359556969214552,-0.2190539771691616,0.14894222686902597,0.20412414523193206,-0.15294382258037553,-0.4341140500939411,-0.8650057676098875,-0.34899122022605644,-0.6302424841458696,-0.1203858530857698,-0.568552036113998,0.4937948646521137,0.9574146064773498,-0.6015544067498438,0.0,-0.08481889296799727,2.1343747458109554,-0.9071339399239409
0.14656787024195714,0.652427708225426,1.4248870236980242,-0.5421256172169757,-0.2294157338705605,-0.39951110187474415,-0.0929813591060608,-0.3306814747123078,4.28563229648128,0.8031979162869259,0.8956601790716721,0.20412414523193206,-0.15294382258037553,-0.4341140500939411,-1.0477167022287532,-0.34899122022605644,-0.6302424841458696,-0.1203858530857698,-0.568552036113998,-0.3431455839107911,1.859420292256818,1.6623600272549444,1.0458250331675945,-0.08481889296799727,-0.4685212856658194,0.5799708796235029
1.7249910882322665,0.652427708225426,1.4248870236980242,-0.5421256172169757,-0.2294157338705605,-0.39951110187474415,-0.0929813591060608,-0.3306814747123078,0.27031677694051254,-0.2190539771691616,-0.5154721434275168,0.20412414523193206,-0.15294382258037553,-0.4341140500939411,-0.4995838983721559,-0.34899122022605644,-0.6302424841458696,-0.1203858530857698,-0.568552036113998,-2.0170264810366008,-0.8465967650815867,1.6623600272549444,0.0,-0.08481889296799727,-0.4685212856658194,0.5799708796235029
0.14656787024195714,0.652427708225426,-0.7018100265975343,-0.5421256172169757,-0.2294157338705605,-0.39951110187474415,-0.0929813591060608,-0.3306814747123078,0.27031677694051254,-0.2190539771691616,-0.10358012670651813,0.20412414523193206,-0.15294382258037553,2.303542121669652,2.515146522839129,2.865401597645516,-0.6302424841458696,-0.1203858530857698,-0.568552036113998,-0.3431455839107911,-0.8465967650815867,-0.6015544067498438,0.0,-0.08481889296799727,-0.4685212856658194,0.5799708796235029
0.14656787024195714,0.652427708225426,-0.7018100265975343,1.844590936568452,-0.2294157338705605,0.7419491891959532,-0.0929813591060608,-0.3306814747123078,0.27031677694051254,-1.241305870625249,0.31467171225267937,0.20412414523193206,-0.15294382258037553,-0.4341140500939411,0.6880371766504715,2.865401597645516,-0.6302424841458696,-0.1203858530857698,-0.568552036113998,0.4937948646521137,-0.8465967650815867,-0.6015544067498438,-1.0458250331675945,-0.08481889296799727,-0.4685212856658194,0.5799708796235029
0.14656787024195714,-1.5327368647783928,1.4248870236980242,-0.5421256172169757,-0.2294157338705605,-1.5409713929454416,-0.0929813591060608,3.0240581238183513,2.277974536710896,-0.2190539771691616,1.6775442071796531,0.20412414523193206,-0.15294382258037553,-0.4341140500939411,0.13990437279387424,-0.34899122022605644,-0.6302424841458696,-0.1203858530857698,-0.568552036113998,0.4937948646521137,0.9574146064773498,-0.6015544067498438,0.0,-0.08481889296799727,-0.4685212856658194,-0.9071339399239409
0.14656787024195714,-1.5327368647783928,-0.7018100265975343,1.844590936568452,4.358898943540649,-0.39951110187474415,-0.0929813591060608,-0.3306814747123078,-0.7335121029446794,-1.241305870625249,-0.7485409230979819,0.20412414523193206,-0.15294382258037553,-0.4341140500939411,-1.139072169538186,-0.34899122022605644,-0.6302424841458696,-0.1203858530857698,-0.568552036113998,-0.3431455839107911,0.9574146064773498,-0.6015544067498438,0.0,-0.08481889296799727,-0.4685212856658194,-0.9071339399239409
-1.4318553477483524,-1.5327368647783928,-0.7018100265975343,-0.5421256172169757,4.358898943540649,-1.5409713929454416,-0.0929813591060608,-0.3306814747123078,0.27031677694051254,-0.2190539771691616,-0.5102346427607648,0.20412414523193206,-0.15294382258037553,2.303542121669652,-0.1341620291344244,-0.34899122022605644,-0.6302424841458696,-0.1203858530857698,-0.568552036113998,0.4937948646521137,0.9574146064773498,-0.6015544067498438,1.0458250331675945,-0.08481889296799727,-0.4685212856658194,-2.394238759471385
0.14656787024195714,0.652427708225426,1.4248870236980242,-0.5421256172169757,-0.2294157338705605,-0.39951110187474415,-0.0929813591060608,-0.3306814747123078,-0.7335121029446794,-0.2190539771691616,1.0763539520746168,0.20412414523193206,-0.15294382258037553,-0.4341140500939411,-0.31687296375329016,-0.34899122022605644,-0.6302424841458696,-0.1203858530857698,1.7588539596742978,0.4937948646521137,-0.8465967650815867,-0.6015544067498438,1.0458250331675945,-0.08481889296799727,-0.4685212856658194,0.5799708796235029
-1.4318553477483524,-1.5327368647783928,1.4248870236980242,-0.5421256172169757,-0.2294157338705605,-2.6824316840161386,-0.0929813591060608,3.0240581238183513,0.7722312168831085,0.8031979162869259,0.40370922358746386,0.20412414523193206,-0.15294382258037553,-0.4341140500939411,-0.8650057676098875,-0.34899122022605644,-0.6302424841458696,-0.1203858530857698,-0.568552036113998,-0.3431455839107911,0.9574146064773498,-0.6015544067498438,1.0458250331675945,-0.08481889296799727,-0.4685212856658194,-0.9071339399239409
0.14656787024195714,0.652427708225426,1.4248870236980242,-0.5421256172169757,-0.2294157338705605,0.7419491891959532,-0.0929813591060608,-0.3306814747123078,-0.23159766300208343,2.847701703199101,-0.6056319763337481,0.20412414523193206,-0.15294382258037553,-0.4341140500939411,0.9621035785787702,-0.34899122022605644,-0.6302424841458696,-0.1203858530857698,-0.568552036113998,1.3307353132150186,-0.8465967650815867,1.6623600272549444,-1.0458250331675945,-0.08481889296799727,-0.4685212856658194,0.5799708796235029
0.14656787024195714,0.652427708225426,-0.7018100265975343,-0.5421256172169757,-0.2294157338705605,-0.39951110187474415,-0.0929813591060608,-0.3306814747123078,-0.7335121029446794,-0.2190539771691616,-0.6999069883352845,0.20412414523193206,-0.15294382258037553,-0.4341140500939411,-0.8650057676098875,-0.34899122022605644,1.5866908771712596,-0.1203858530857698,1.7588539596742978,-1.180086032473696,-0.8465967650815867,-0.6015544067498438,2.091650066335189,-0.08481889296799727,-0.4685212856658194,0.5799708796235029
0.14656787024195714,0.652427708225426,-0.7018100265975343,1.844590936568452,-0.2294157338705605,-0.39951110187474415,-0.0929813591060608,-0.3306814747123078,1.2741456568257044,-0.2190539771691616,0.7400315878310404,0.20412414523193206,-0.15294382258037553,-0.4341140500939411,-0.5909393656815888,-0.34899122022605644,-0.6302424841458696,-0.1203858530857698,-0.568552036113998,0.4937948646521137,-0.8465967650815867,-0.6015544067498438,0.0,-0.08481889296799727,2.1343747458109554,0.5799708796235029
0.14656787024195714,0.652427708225426,1.4248870236980242,-0.5421256172169757,-0.2294157338705605,0.7419491891959532,-0.0929813591060608,-0.3306814747123078,-0.4825548829733814,1.8254498097430136,-0.31457658213852835,0.20412414523193206,-0.15294382258037553,-0.4341140500939411,0.048548905484441365,2.865401597645516,-0.6302424841458696,-0.1203858530857698,-0.568552036113998,-0.3431455839107911,-0.8465967650815867,-0.6015544067498438,2.091650066335189,-0.08481889296799727,-0.4685212856658194,0.5799708796235029
0.14656787024195714,-1.5327368647783928,1.4248870236980242,-0.5421256172169757,-0.2294157338705605,-0.39951110187474415,-0.0929813591060608,-0.3306814747123078,-0.9008169162588779,-0.2190539771691616,-0.6871873438588868,0.20412414523193206,-0.15294382258037553,-0.4341140500939411,2.606501990148562,-0.34899122022605644,-0.6302424841458696,-0.1203858530857698,1.7588539596742978,-0.3431455839107911,0.9574146064773498,-0.6015544067498438,-1.0458250331675945,-0.08481889296799727,-0.4685212856658194,0.5799708796235029
0.14656787024195714,0.652427708225426,-0.7018100265975343,1.844590936568452,-0.2294157338705605,1.8834094802666506,-0.0929813591060608,3.0240581238183513,-0.23159766300208343,-1.241305870625249,-0.2895114003762151,0.20412414523193206,-0.15294382258037553,-0.4341140500939411,0.5966817093410386,-0.34899122022605644,-0.6302424841458696,-0.1203858530857698,-0.568552036113998,1.3307353132150186,-0.8465967650815867,-0.6015544067498438,1.0458250331675945,-0.08481889296799727,-0.4685212856658194,0.5799708796235029
-1.4318553477483524,-1.5327368647783928,-0.7018100265975343,-0.5421256172169757,-0.2294157338705605,-0.39951110187474415,-0.0929813591060608,-0.3306814747123078,-0.7335121029446794,-0.2190539771691616,-0.7380659217644779,0.20412414523193206,-0.15294382258037553,-0.4341140500939411,-1.0477167022287532,-0.34899122022605644,1.5866908771712596,-0.1203858530857698,1.7588539596742978,-0.3431455839107911,0.9574146064773498,-0.6015544067498438,0.0,-0.08481889296799727,-0.4685212856658194,0.5799708796235029
0.14656787024195714,-1.5327368647783928,-0.7018100265975343,-0.5421256172169757,-0.2294157338705605,-0.39951110187474415,-0.0929813591060608,-0.3306814747123078,3.2818034165960883,0.8031979162869259,2.597473788575598,0.20412414523193206,-0.15294382258037553,-0.4341140500939411,-1.3217831041570518,-0.34899122022605644,1.5866908771712596,-0.1203858530857698,-0.568552036113998,0.4937948646521137,0.9574146064773498,1.6623600272549444,-1.0458250331675945,-0.08481889296799727,-0.4685212856658194,0.5799708796235029
1.7249910882322665,0.652427708225426,1.4248870236980242,-0.5421256172169757,-0.2294157338705605,0.7419491891959532,-0.0929813591060608,-0.3306814747123078,-0.7335121029446794,-0.2190539771691616,-0.5016301773796721,0.20412414523193206,-0.15294382258037553,-0.4341140500939411,-0.1341620291344244,2.865401597645516,-0.6302424841458696,-0.1203858530857698,-0.568552036113998,-2.0170264810366008,-0.8465967650815867,-0.6015544067498438,1.0458250331675945,-0.08481889296799727,-0.4685212856658194,0.5799708796235029
0.14656787024195714,0.652427708225426,1.4248870236980242,-0.5421256172169757,-0.2294157338705605,1.8834094802666506,-0.0929813591060608,-0.3306814747123078,1.2741456568257044,-0.2190539771691616,2.8709461448181504,0.20412414523193206,-0.15294382258037553,-0.4341140500939411,0.8707481112693373,-0.34899122022605644,-0.6302424841458696,-0.1203858530857698,1.7588539596742978,1.3307353132150186,-0.8465967650815867,-0.6015544067498438,-1.0458250331675945,-0.08481889296799727,-0.4685212856658194,0.5799708796235029
-1.4318553477483524,-1.5327368647783928,1.4248870236980242,-0.5421256172169757,-0.2294157338705605,0.7419491891959532,-0.0929813591060608,-0.3306814747123078,-1.2354265428872753,0.8031979162869259,-1.0620427487221389,0.20412414523193206,-0.15294382258037553,-0.4341140500939411,1.5102363824353675,-0.34899122022605644,-0.6302424841458696,-0.1203858530857698,1.7588539596742978,-0.3431455839107911,0.9574146064773498,-0.6015544067498438,-1.0458250331675945,-0.08481889296799727,-0.4685212856658194,0.5799708796235029
0.14656787024195714,0.652427708225426,-0.7018100265975343,-0.5421256172169757,-0.2294157338705605,-0.39951110187474415,-0.0929813591060608,-0.3306814747123078,-0.7335121029446794,-0.2190539771691616,-0.9135221941006708,0.20412414523193206,-0.15294382258037553,-0.4341140500939411,-0.8650057676098875,-0.34899122022605644,1.5866908771712596,-0.1203858530857698,1.7588539596742978,0.4937948646521137,-0.8465967650815867,-0.6015544067498438,0.0,-0.08481889296799727,-0.4685212856658194,0.5799708796235029
0.14656787024195714,-1.5327368647783928,1.4248870236980242,-0.5421256172169757,-0.2294157338705605,0.7419491891959532,-0.0929813591060608,-0.3306814747123078,-0.7335121029446794,1.8254498097430136,-0.6729712706205598,0.20412414523193206,-0.15294382258037553,-0.4341140500939411,0.13990437279387424,-0.34899122022605644,-0.6302424841458696,-0.1203858530857698,-0.568552036113998,0.4937948646521137,0.9574146064773498,-0.6015544067498438,-1.0458250331675945,-0.08481889296799727,2.1343747458109554,-0.9071339399239409
0.14656787024195714,-1.5327368647783928,1.4248870236980242,-0.5421256172169757,-0.2294157338705605,-2.6824316840161386,-0.0929813591060608,-0.3306814747123078,1.2741456568257044,-0.2190539771691616,0.22563420091789493,0.20412414523193206,-0.15294382258037553,-0.4341140500939411,0.5966817093410386,-0.34899122022605644,-0.6302424841458696,-0.1203858530857698,-0.568552036113998,-0.3431455839107911,0.9574146064773498,1.6623600272549444,1.0458250331675945,-0.08481889296799727,-0.4685212856658194,0.5799708796235029
0.14656787024195714,0.652427708225426,-0.7018100265975343,1.844590936568452,-0.2294157338705605,-0.39951110187474415,-0.0929813591060608,-0.3306814747123078,-0.23159766300208343,-1.241305870625249,1.612449556035735,0.20412414523193206,-0.15294382258037553,-0.4341140500939411,1.4188809151259345,2.865401597645516,-0.6302424841458696,-0.1203858530857698,-0.568552036113998,1.3307353132150186,-0.8465967650815867,-0.6015544067498438,0.0,-0.08481889296799727,-0.4685212856658194,-2.394238759471385
0.14656787024195714,0.652427708225426,-0.7018100265975343,-0.5421256172169757,-0.2294157338705605,1.8834094802666506,-0.0929813591060608,-0.3306814747123078,-0.7335121029446794,-0.2190539771691616,-0.6351864443818488,0.20412414523193206,-0.15294382258037553,-0.4341140500939411,0.5053262420316058,2.865401597645516,1.5866908771712596,-0.1203858530857698,-0.568552036113998,-0.3431455839107911,1.859420292256818,-0.6015544067498438,-1.0458250331675945,-0.08481889296799727,-0.4685212856658194,-0.9071339399239409
1.7249910882322665,0.652427708225426,-0.7018100265975343,-0.5421256172169757,-0.2294157338705605,-0.39951110187474415,-0.0929813591060608,-0.3306814747123078,0.27031677694051254,-0.2190539771691616,-0.10881762737327016,0.20412414523193206,-0.15294382258037553,2.303542121669652,-0.1341620291344244,2.865401597645516,-0.6302424841458696,-0.1203858530857698,-0.568552036113998,0.4937948646521137,-0.8465967650815867,-0.6015544067498438,0.0,-0.08481889296799727,-0.4685212856658194,-2.394238759471385
0.14656787024195714,0.652427708225426,1.4248870236980242,-0.5421256172169757,-0.2294157338705605,0.7419491891959532,-0.0929813591060608,-0.3306814747123078,1.2741456568257044,-0.2190539771691616,-0.14248727451667603,0.20412414523193206,-0.15294382258037553,-0.4341140500939411,-0.7736503003004546,-0.34899122022605644,-0.6302424841458696,-0.1203858530857698,1.7588539596742978,-1.180086032473696,0.05540892069788158,-0.6015544067498438,1.0458250331675945,-0.08481889296799727,-0.4685212856658194,0.5799708796235029
1.7249910882322665,0.652427708225426,-0.7018100265975343,-0.5421256172169757,-0.2294157338705605,1.8834094802666506,-0.0929813591060608,-0.3306814747123078,0.019359556969214552,0.8031979162869259,-0.6022650116194075,0.20412414523193206,-0.15294382258037553,-0.4341140500939411,-0.1341620291344244,-0.34899122022605644,1.5866908771712596,-0.1203858530857698,-0.568552036113998,0.4937948646521137,-0.8465967650815867,-0.6015544067498438,-1.0458250331675945,-0.08481889296799727,2.1343747458109554,0.5799708796235029
0.14656787024195714,0.652427708225426,-0.7018100265975343,-0.5421256172169757,-0.2294157338705605,-0.39951110187474415,-0.0929813591060608,-0.3306814747123078,-1.2354265428872753,-0.2190539771691616,-0.40585873661620653,0.20412414523193206,-0.15294382258037553,-0.4341140500939411,0.5053262420316058,-0.34899122022605644,1.5866908771712596,-0.1203858530857698,-0.568552036113998,-0.3431455839107911,-0.8465967650815867,-0.6015544067498438,2.091650066335189,-0.08481889296799727,2.1343747458109554,0.5799708796235029
0.14656787024195714,-1.5327368647783928,1.4248870236980242,-0.5421256172169757,-0.2294157338705605,-0.39951110187474415,-0.0929813591060608,-0.3306814747123078,0.27031677694051254,0.8031979162869259,0.10741632872549206,0.20412414523193206,-0.15294382258037553,-0.4341140500939411,-1.139072169538186,2.865401597645516,-0.6302424841458696,-0.1203858530857698,-0.568552036113998,0.4937948646521137,0.9574146064773498,-0.6015544067498438,-1.0458250331675945,-0.08481889296799727,-0.4685212856658194,0.5799708796235029
0.14656787024195714,-1.5327368647783928,1.4248870236980242,-0.5421256172169757,-0.2294157338705605,-0.39951110187474415,-0.0929813591060608,-0.3306814747123078,-0.7335121029446794,-1.241305870625249,0.5514815638279674,0.20412414523193206,-0.15294382258037553,-0.4341140500939411,-1.4131385714664848,2.865401597645516,-0.6302424841458696,-0.1203858530857698,-0.568552036113998,-1.180086032473696,0.9574146064773498,-0.6015544067498438,-1.0458250331675945,-0.08481889296799727,-0.4685212856658194,-0.9071339399239409
-3.0102785657386617,0.652427708225426,1.4248870236980242,-0.5421256172169757,-0.2294157338705605,0.7419491891959532,-0.0929813591060608,3.0240581238183513,-0.23159766300208343,-0.2190539771691616,0.1455752621546854,0.20412414523193206,-0.15294382258037553,-0.4341140500939411,0.41397077472217286,-0.34899122022605644,-0.6302424841458696,-0.1203858530857698,-0.568552036113998,-2.0170264810366008,1.859420292256818,-0.6015544067498438,1.0458250331675945,-0.08481889296799727,-0.4685212856658194,0.5799708796235029
0.14656787024195714,0.652427708225426,-0.7018100265975343,1.844590936568452,-0.2294157338705605,-0.39951110187474415,-0.0929813591060608,-0.3306814747123078,-0.7335121029446794,0.8031979162869259,-0.9453213052916652,0.20412414523193206,-0.15294382258037553,-0.4341140500939411,-1.4131385714664848,-0.34899122022605644,-0.6302424841458696,-0.1203858530857698,-0.568552036113998,0.4937948646521137,1.859420292256818,1.6623600272549444,0.0,-0.08481889296799727,-0.4685212856658194,0.5799708796235029
-1.4318553477483524,0.652427708225426,-0.7018100265975343,-0.5421256172169757,-0.2294157338705605,0.7419491891959532,-0.0929813591060608,-0.3306814747123078,-0.7335121029446794,-0.2190539771691616,-0.7279650276214561,0.20412414523193206,-0.15294382258037553,-0.4341140500939411,2.3324355882202634,-0.34899122022605644,1.5866908771712596,-0.1203858530857698,1.7588539596742978,1.3307353132150186,-0.8465967650815867,-0.6015544067498438,-1.0458250331675945,-0.08481889296799727,-0.4685212856658194,0.5799708796235029
0.14656787024195714,0.652427708225426,-0.7018100265975343,1.844590936568452,-0.2294157338705605,0.7419491891959532,-0.0929813591060608,-0.3306814747123078,-0.39890247631628206,-0.2190539771691616,-0.21543817666072212,0.20412414523193206,-0.15294382258037553,-0.4341140500939411,0.6880371766504715,-0.34899122022605644,-0.6302424841458696,-0.1203858530857698,1.7588539596742978,1.3307353132150186,-0.8465967650815867,-0.6015544067498438,0.0,-0.08481889296799727,-0.4685212856658194,-0.9071339399239409
-1.4318553477483524,0.652427708225426,-0.7018100265975343,-0.5421256172169757,-0.2294157338705605,-0.39951110187474415,-0.0929813591060608,3.0240581238183513,-1.3190789495443747,-0.2190539771691616,0.09245204110620056,0.20412414523193206,-0.15294382258037553,-0.4341140500939411,3.5200566632428907,-0.34899122022605644,1.5866908771712596,-0.1203858530857698,-0.568552036113998,0.4937948646521137,-0.8465967650815867,-0.6015544067498438,-1.0458250331675945,-0.08481889296799727,-0.4685212856658194,0.5799708796235029
0.14656787024195714,0.652427708225426,1.4248870236980242,-0.5421256172169757,-0.2294157338705605,-0.39951110187474415,-0.0929813591060608,-0.3306814747123078,0.27031677694051254,-0.2190539771691616,0.7299306936880187,0.20412414523193206,-0.15294382258037553,-0.4341140500939411,-0.9563612349193203,-0.34899122022605644,-0.6302424841458696,-0.1203858530857698,-0.568552036113998,0.4937948646521137,-0.8465967650815867,1.6623600272549444,2.091650066335189,-0.08481889296799727,-0.4685212856658194,0.5799708796235029
0.14656787024195714,-1.5327368647783928,-0.7018100265975343,-0.5421256172169757,-0.2294157338705605,0.7419491891959532,-0.0929813591060608,-0.3306814747123078,-0.9008169162588779,-0.2190539771691616,-0.39463552090173787,0.20412414523193206,-0.15294382258037553,-0.4341140500939411,-1.139072169538186,-0.34899122022605644,1.5866908771712596,-0.1203858530857698,-0.568552036113998,-1.180086032473696,0.9574146064773498,-0.6015544067498438,-1.0458250331675945,-0.08481889296799727,2.1343747458109554,-0.9071339399239409
0.14656787024195714,0.652427708225426,-0.7018100265975343,-0.5421256172169757,-0.2294157338705605,1.8834094802666506,-0.0929813591060608,-0.3306814747123078,0.27031677694051254,-0.2190539771691616,-0.43728374061671865,0.20412414523193206,-0.15294382258037553,2.303542121669652,2.2410801209108304,-0.34899122022605644,-0.6302424841458696,-0.1203858530857698,1.7588539596742978,1.3307353132150186,-0.8465967650815867,-0.6015544067498438,-1.0458250331675945,-0.08481889296799727,-0.4685212856658194,-2.394238759471385
-1.4318553477483524,-1.5327368647783928,-0.7018100265975343,-0.5421256172169757,-0.2294157338705605,-1.5409713929454416,-0.0929813591060608,-0.3306814747123078,-0.7335121029446794,-0.2190539771691616,-0.963278450434815,0.20412414523193206,-0.15294382258037553,-0.4341140500939411,-1.0477167022287532,-0.34899122022605644,1.5866908771712596,-0.1203858530857698,-0.568552036113998,-0.3431455839107911,0.9574146064773498,1.6623600272549444,0.0,-0.08481889296799727,-0.4685212856658194,0.5799708796235029
-1.4318553477483524,-1.5327368647783928,1.4248870236980242,-0.5421256172169757,-0.2294157338705605,-0.39951110187474415,-0.0929813591060608,-0.3306814747123078,-0.23159766300208343,-0.2190539771691616,-0.8323409337660144,0.20412414523193206,-0.15294382258037553,-0.4341140500939411,-1.139072169538186,-0.34899122022605644,-0.6302424841458696,-0.1203858530857698,1.7588539596742978,-1.180086032473696,0.9574146064773498,-0.6015544067498438,0.0,-0.08481889296799727,-0.4685212856658194,0.5799708796235029
0.14656787024195714,0.652427708225426,-0.7018100265975343,1.844590936568452,-0.2294157338705605,0.7419491891959532,-0.0929813591060608,-0.3306814747123078,-0.23159766300208343,-0.2190539771691616,-0.159322098088379,0.20412414523193206,-0.15294382258037553,-0.4341140500939411,-0.40822843106272305,-0.34899122022605644,-0.6302424841458696,-0.1203858530857698,1.7588539596742978,0.4937948646521137,-0.8465967650815867,-0.6015544067498438,-1.0458250331675945,-0.08481889296799727,-0.4685212856658194,0.5799708796235029
1.7249910882322665,-1.5327368647783928,-0.7018100265975343,1.844590936568452,-0.2294157338705605,-0.39951110187474415,-0.0929813591060608,-0.3306814747123078,3.2818034165960883,0.8031979162869259,1.5739165154160595,0.20412414523193206,-0.15294382258037553,-0.4341140500939411,-1.0477167022287532,-0.34899122022605644,-0.6302424841458696,-0.1203858530857698,1.7588539596742978,-1.180086032473696,0.9574146064773498,-0.6015544067498438,1.0458250331675945,-0.08481889296799727,-0.4685212856658194,0.5799708796235029
0.14656787024195714,-1.5327368647783928,-0.7018100265975343,-0.5421256172169757,-0.2294157338705605,1.8834094802666506,-0.0929813591060608,-0.3306814747123078,-0.23159766300208343,-0.2190539771691616,-0.521083751284751,0.20412414523193206,-0.15294382258037553,-0.4341140500939411,-1.230427636847619,-0.34899122022605644,1.5866908771712596,-0.1203858530857698,-0.568552036113998,0.4937948646521137,0.9574146064773498,-0.6015544067498438,-1.0458250331675945,-0.08481889296799727,2.1343747458109554,0.5799708796235029
0.14656787024195714,0.652427708225426,-0.7018100265975343,1.844590936568452,-0.2294157338705605,-0.39951110187474415,-0.0929813591060608,-0.3306814747123078,-0.23159766300208343,-0.2190539771691616,0.08272525415366108,0.20412414523193206,-0.15294382258037553,-0.4341140500939411,1.053459045888203,-0.34899122022605644,-0.6302424841458696,-0.1203858530857698,-0.568552036113998,1.3307353132150186,-0.8465967650815867,-0.6015544067498438,-1.0458250331675945,-0.08481889296799727,2.1343747458109554,0.5799708796235029
0.14656787024195714,-1.5327368647783928,-0.7018100265975343,1.844590936568452,-0.2294157338705605,-0.39951110187474415,-0.0929813591060608,3.0240581238183513,2.277974536710896,-0.2190539771691616,0.4141842249209679,0.20412414523193206,-0.15294382258037553,-0.4341140500939411,-1.0477167022287532,-0.34899122022605644,-0.6302424841458696,-0.1203858530857698,-0.568552036113998,-1.180086032473696,0.9574146064773498,-0.6015544067498438,0.0,-0.08481889296799727,-0.4685212856658194,-0.9071339399239409
1.7249910882322665,-1.5327368647783928,-0.7018100265975343,1.844590936568452,-0.2294157338705605,-2.6824316840161386,10.754843869934366,-0.3306814747123078,2.277974536710896,-0.2190539771691616,5.695081325768939,-4.898979485566365,-0.15294382258037553,-0.4341140500939411,-0.31687296375329016,-0.34899122022605644,-0.6302424841458696,-0.1203858530857698,-0.568552036113998,-0.3431455839107911,0.9574146064773498,-0.6015544067498438,1.0458250331675945,-0.08481889296799727,-0.4685212856658194,0.5799708796235029
0.14656787024195714,-1.5327368647783928,-0.7018100265975343,1.844590936568452,-0.2294157338705605,-0.39951110187474415,-0.0929813591060608,3.0240581238183513,0.019359556969214552,-0.2190539771691616,-0.7530302093837694,0.20412414523193206,-0.15294382258037553,-0.4341140500939411,0.32261530741274,-0.34899122022605644,-0.6302424841458696,-0.1203858530857698,-0.568552036113998,1.3307353132150186,0.9574146064773498,-0.6015544067498438,1.0458250331675945,-0.08481889296799727,-0.4685212856658194,0.5799708796235029
-1.4318553477483524,0.652427708225426,-0.7018100265975343,1.844590936568452,-0.2294157338705605,-0.39951110187474415,-0.0929813591060608,-0.3306814747123078,-0.7335121029446794,-1.241305870625249,-0.7253462772880801,0.20412414523193206,-0.15294382258037553,-0.4341140500939411,1.2361699805070687,-0.34899122022605644,-0.6302424841458696,-0.1203858530857698,-0.568552036113998,1.3307353132150186,0.05540892069788158,-0.6015544067498438,0.0,-0.08481889296799727,2.1343747458109554,0.5799708796235029
0.14656787024195714,-1.5327368647783928,1.4248870236980242,-0.5421256172169757,-0.2294157338705605,-0.39951110187474415,-0.0929813591060608,-0.3306814747123078,0.27031677694051254,-0.2190539771691616,-0.59777572533362,0.20412414523193206,-0.15294382258037553,-0.4341140500939411,1.784302784363666,-0.34899122022605644,-0.6302424841458696,-0.1203858530857698,-0.568552036113998,1.3307353132150186,0.9574146064773498,1.6623600272549444,0.0,-0.08481889296799727,-0.4685212856658194,0.5799708796235029
0.14656787024195714,-1.5327368647783928,-0.7018100265975343,-0.5421256172169757,-0.2294157338705605,0.7419491891959532,-0.0929813591060608,-0.3306814747123078,-0.7335121029446794,-0.2190539771691616,0.11153150782079722,0.20412414523193206,-0.15294382258037553,-0.4341140500939411,-0.5909393656815888,-0.34899122022605644,1.5866908771712596,-0.1203858530857698,1.7588539596742978,-0.3431455839107911,0.9574146064773498,-0.6015544067498438,0.0,-0.08481889296799727,-0.4685212856658194,0.5799708796235029
-1.4318553477483524,0.652427708225426,-0.7018100265975343,1.844590936568452,-0.2294157338705605,-1.5409713929454416,-0.0929813591060608,-0.3306814747123078,0.019359556969214552,-1.241305870625249,-0.5813150089523994,0.20412414523193206,-0.15294382258037553,-0.4341140500939411,0.41397077472217286,-0.34899122022605644,-0.6302424841458696,-0.1203858530857698,1.7588539596742978,-0.3431455839107911,-0.8465967650815867,-0.6015544067498438,0.0,-0.08481889296799727,-0.4685212856658194,0.5799708796235029
1.7249910882322665,0.652427708225426,-0.7018100265975343,-0.5421256172169757,-0.2294157338705605,-0.39951110187474415,-0.0929813591060608,-0.3306814747123078,0.27031677694051254,-0.2190539771691616,1.263781654506243,0.20412414523193206,-0.15294382258037553,2.303542121669652,-0.5909393656815888,2.865401597645516,-0.6302424841458696,-0.1203858530857698,-0.568552036113998,-2.0170264810366008,-0.8465967650815867,-0.6015544067498438,0.0,-0.08481889296799727,-0.4685212856658194,-2.394238759471385
0.14656787024195714,0.652427708225426,1.4248870236980242,-0.5421256172169757,-0.2294157338705605,-0.39951110187474415,-0.0929813591060608,-0.3306814747123078,1.2741456568257044,-0.2190539771691616,0.09170382672523598,0.20412414523193206,-0.15294382258037553,-0.4341140500939411,0.5966817093410386,-0.34899122022605644,-0.6302424841458696,-0.1203858530857698,-0.568552036113998,1.3307353132150186,-0.8465967650815867,-0.6015544067498438,0.0,-0.08481889296799727,2.1343747458109554,0.5799708796235029
0.14656787024195714,-1.5327368647783928,-0.7018100265975343,1.844590936568452,-0.2294157338705605,0.7419491891959532,-0.0929813591060608,-0.3306814747123078,-1.2354265428872753,0.8031979162869259,-0.7346989570501373,0.20412414523193206,-0.15294382258037553,-0.4341140500939411,-0.7736503003004546,-0.34899122022605644,-0.6302424841458696,-0.1203858530857698,-0.568552036113998,-0.3431455839107911,0.9574146064773498,1.6623600272549444,-1.0458250331675945,-0.08481889296799727,-0.4685212856658194,0.5799708796235029
1.7249910882322665,-1.5327368647783928,1.4248870236980242,-0.5421256172169757,-0.2294157338705605,-0.39951110187474415,-0.0929813591060608,-0.3306814747123078,1.7760600967683002,-1.241305870625249,1.4863754328432042,0.20412414523193206,-0.15294382258037553,-0.4341140500939411,-0.4995838983721559,-0.34899122022605644,-0.6302424841458696,-0.1203858530857698,-0.568552036113998,0.4937948646521137,0.9574146064773498,1.6623600272549444,0.0,-0.08481889296799727,-0.4685212856658194,0.5799708796235029
-1.4318553477483524,0.652427708225426,-0.7018100265975343,-0.5421256172169757,-0.2294157338705605,0.7419491891959532,-0.0929813591060608,-0.3306814747123078,-0.8171645096017787,-0.2190539771691616,0.27613867163300376,0.20412414523193206,-0.15294382258037553,-0.4341140500939411,0.41397077472217286,-0.34899122022605644,1.5866908771712596,-0.1203858530857698,1.7588539596742978,-0.3431455839107911,-0.8465967650815867,-0.6015544067498438,0.0,-0.08481889296799727,-0.4685212856658194,0.5799708796235029
1.7249910882322665,0.652427708225426,-0.7018100265975343,1.844590936568452,-0.2294157338705605,1.8834094802666506,-0.0929813591060608,-0.3306814747123078,-1.2354265428872753,-0.2190539771691616,-0.8046570016703251,0.20412414523193206,-0.15294382258037553,-0.4341140500939411,-0.04280656182499151,-0.34899122022605644,-0.6302424841458696,-0.1203858530857698,-0.568552036113998,-2.0170264810366008,-0.8465967650815867,-0.6015544067498438,1.0458250331675945,-0.08481889296799727,2.1343747458109554,0.5799708796235029
0.14656787024195714,0.652427708225426,-0.7018100265975343,-0.5421256172169757,-0.2294157338705605,-0.39951110187474415,-0.0929813591060608,-0.3306814747123078,-0.7335121029446794,-1.241305870625249,-0.6422944810010123,0.20412414523193206,-0.15294382258037553,-0.4341140500939411,-0.9563612349193203,-0.34899122022605644,1.5866908771712596,-0.1203858530857698,-0.568552036113998,-0.3431455839107911,1.859420292256818,1.6623600272549444,1.0458250331675945,-0.08481889296799727,-0.4685212856658194,0.5799708796235029
0.14656787024195714,0.652427708225426,1.4248870236980242,-0.5421256172169757,-0.2294157338705605,-0.39951110187474415,-0.0929813591060608,-0.3306814747123078,-1.2354265428872753,-0.2190539771691616,-0.7979230722416439,0.20412414523193206,-0.15294382258037553,-0.4341140500939411,-0.6822948329910217,-0.34899122022605644,-0.6302424841458696,-0.1203858530857698,-0.568552036113998,1.3307353132150186,-0.8465967650815867,1.6623600272549444,1.0458250331675945,-0.08481889296799727,-0.4685212856658194,0.5799708796235029
0.14656787024195714,-1.5327368647783928,-0.7018100265975343,1.844590936568452,-0.2294157338705605,0.7419491891959532,-0.0929813591060608,-0.3306814747123078,-0.23159766300208343,-0.2190539771691616,-0.8050311088608074,0.20412414523193206,-0.15294382258037553,-0.4341140500939411,-1.3217831041570518,-0.34899122022605644,-0.6302424841458696,-0.1203858530857698,-0.568552036113998,-1.180086032473696,0.9574146064773498,-0.6015544067498438,0.0,-0.08481889296799727,2.1343747458109554,-0.9071339399239409
-1.4318553477483524,-1.5327368647783928,-0.7018100265975343,1.844590936568452,-0.2294157338705605,-0.39951110187474415,-0.0929813591060608,-0.3306814747123078,-0.64985969628758,-0.2190539771691616,-0.41147034447344083,0.20412414523193206,-0.15294382258037553,-0.4341140500939411,-1.139072169538186,-0.34899122022605644,-0.6302424841458696,-0.1203858530857698,-0.568552036113998,-1.180086032473696,0.9574146064773498,1.6623600272549444,1.0458250331675945,-0.08481889296799727,-0.4685212856658194,0.5799708796235029
-1.4318553477483524,0.652427708225426,1.4248870236980242,-0.5421256172169757,-0.2294157338705605,-0.39951110187474415,-0.0929813591060608,-0.3306814747123078,-0.23159766300208343,-1.241305870625249,-0.47319803090301826,0.20412414523193206,-0.15294382258037553,-0.4341140500939411,-1.139072169538186,-0.34899122022605644,-0.6302424841458696,-0.1203858530857698,-0.568552036113998,0.4937948646521137,1.859420292256818,1.6623600272549444,0.0,-0.08481889296799727,-0.4685212856658194,-0.9071339399239409
0.14656787024195714,0.652427708225426,1.4248870236980242,-0.5421256172169757,-0.2294157338705605,0.7419491891959532,-0.0929813591060608,-0.3306814747123078,0.27031677694051254,-1.241305870625249,-0.01978011603848572,0.20412414523193206,-0.15294382258037553,-0.4341140500939411,-0.40822843106272305,-0.34899122022605644,-0.6302424841458696,-0.1203858530857698,-0.568552036113998,-0.3431455839107911,-0.8465967650815867,1.6623600272549444,2.091650066335189,-0.08481889296799727,-0.4685212856658194,0.5799708796235029
1.7249910882322665,-1.5327368647783928,-0.7018100265975343,-0.5421256172169757,-0.2294157338705605,-0.39951110187474415,-0.0929813591060608,-0.3306814747123078,-0.7335121029446794,-1.241305870625249,-0.6647409124299495,0.20412414523193206,-0.15294382258037553,-0.4341140500939411,1.784302784363666,-0.34899122022605644,1.5866908771712596,-0.1203858530857698,-0.568552036113998,1.3307353132150186,0.9574146064773498,-0.6015544067498438,2.091650066335189,-0.08481889296799727,2.1343747458109554,0.5799708796235029
1.7249910882322665,0.652427708225426,-0.7018100265975343,-0.5421256172169757,-0.2294157338705605,1.8834094802666506,-0.0929813591060608,-0.3306814747123078,-0.23159766300208343,-0.2190539771691616,0.4100690458256627,0.20412414523193206,-0.15294382258037553,2.303542121669652,0.41397077472217286,-0.34899122022605644,-0.6302424841458696,-0.1203858530857698,-0.568552036113998,1.3307353132150186,0.05540892069788158,-0.6015544067498438,1.0458250331675945,-0.08481889296799727,2.1343747458109554,0.5799708796235029
0.14656787024195714,-1.5327368647783928,-0.7018100265975343,-0.5421256172169757,-0.2294157338705605,-0.39951110187474415,-0.0929813591060608,-0.3306814747123078,-0.9844693229159773,-0.2190539771691616,-0.6782087712873118,0.20412414523193206,-0.15294382258037553,-0.4341140500939411,-0.8650057676098875,-0.34899122022605644,1.5866908771712596,-0.1203858530857698,-0.568552036113998,-0.3431455839107911,0.9574146064773498,-0.6015544067498438,-1.0458250331675945,-0.08481889296799727,2.1343747458109554,-0.9071339399239409
0.14656787024195714,-1.5327368647783928,-0.7018100265975343,-0.5421256172169757,-0.2294157338705605,-0.39951110187474415,-0.0929813591060608,-0.3306814747123078,-0.4825548829733814,1.8254498097430136,0.794277130450972,0.20412414523193206,-0.15294382258037553,2.303542121669652,-0.04280656182499151,-0.34899122022605644,-0.6302424841458696,-0.1203858530857698,1.7588539596742978,1.3307353132150186,0.9574146064773498,-0.6015544067498438,-1.0458250331675945,-0.08481889296799727,-0.4685212856658194,-2.394238759471385
0.14656787024195714,-1.5327368647783928,-0.7018100265975343,-0.5421256172169757,-0.2294157338705605,-0.39951110187474415,-0.0929813591060608,-0.3306814747123078,-0.23159766300208343,-1.241305870625249,-0.7762248551936712,0.20412414523193206,-0.15294382258037553,-0.4341140500939411,-1.3217831041570518,-0.34899122022605644,1.5866908771712596,-0.1203858530857698,-0.568552036113998,-1.180086032473696,0.9574146064773498,1.6623600272549444,-1.0458250331675945,-0.08481889296799727,-0.4685212856658194,-0.9071339399239409
-1.4318553477483524,0.652427708225426,-0.7018100265975343,1.844590936568452,-0.2294157338705605,-0.39951110187474415,-0.0929813591060608,-0.3306814747123078,-0.23159766300208343,-0.2190539771691616,-0.6239632286673802,0.20412414523193206,-0.15294382258037553,-0.4341140500939411,0.6880371766504715,-0.34899122022605644,-0.6302424841458696,-0.1203858530857698,-0.568552036113998,-1.180086032473696,1.859420292256818,-0.6015544067498438,-1.0458250331675945,-0.08481889296799727,2.1343747458109554,0.5799708796235029
0.14656787024195714,0.652427708225426,-0.7018100265975343,-0.5421256172169757,-0.2294157338705605,0.7419491891959532,-0.0929813591060608,3.0240581238183513,0.27031677694051254,2.847701703199101,-0.7204828838118104,0.20412414523193206,-0.15294382258037553,-0.4341140500939411,0.048548905484441365,-0.34899122022605644,1.5866908771712596,-0.1203858530857698,-0.568552036113998,-0.3431455839107911,0.05540892069788158,-0.6015544067498438,2.091650066335189,-0.08481889296799727,-0.4685212856658194,0.5799708796235029
-1.4318553477483524,-1.5327368647783928,-0.7018100265975343,-0.5421256172169757,-0.2294157338705605,0.7419491891959532,-0.0929813591060608,-0.3306814747123078,-1.2354265428872753,2.847701703199101,-1.103942754056155,0.20412414523193206,-0.15294382258037553,-0.4341140500939411,0.5053262420316058,-0.34899122022605644,1.5866908771712596,-0.1203858530857698,1.7588539596742978,-0.3431455839107911,0.9574146064773498,-0.6015544067498438,-1.0458250331675945,-0.08481889296799727,-0.4685212856658194,0.5799708796235029
-3.0102785657386617,-1.5327368647783928,-0.7018100265975343,-0.5421256172169757,-0.2294157338705605,-0.39951110187474415,-0.0929813591060608,-0.3306814747123078,-0.7335121029446794,-1.241305870625249,1.597859375606926,0.20412414523193206,-0.15294382258037553,-0.4341140500939411,-1.0477167022287532,-0.34899122022605644,1.5866908771712596,-0.1203858530857698,1.7588539596742978,-2.0170264810366008,0.9574146064773498,-0.6015544067498438,1.0458250331675945,-0.08481889296799727,-0.4685212856658194,-0.9071339399239409
1.7249910882322665,0.652427708225426,-0.7018100265975343,1.844590936568452,-0.2294157338705605,-0.39951110187474415,-0.0929813591060608,-0.3306814747123078,1.2741456568257044,-0.2190539771691616,0.2836208154426495,0.20412414523193206,-0.15294382258037553,-0.4341140500939411,-0.4995838983721559,-0.34899122022605644,-0.6302424841458696,-0.1203858530857698,-0.568552036113998,-2.0170264810366008,-0.8465967650815867,-0.6015544067498438,0.0,-0.08481889296799727,2.1343747458109554,0.5799708796235029
0.14656787024195714,-1.5327368647783928,-0.7018100265975343,-0.5421256172169757,-0.2294157338705605,-0.39951110187474415,-0.0929813591060608,-0.3306814747123078,-0.23159766300208343,-0.2190539771691616,-0.6538918039059631,0.20412414523193206,-0.15294382258037553,-0.4341140500939411,-0.8650057676098875,-0.34899122022605644,1.5866908771712596,-0.1203858530857698,-0.568552036113998,-1.180086032473696,0.9574146064773498,1.6623600272549444,-1.0458250331675945,-0.08481889296799727,-0.4685212856658194,0.5799708796235029
0.14656787024195714,0.652427708225426,-0.7018100265975343,-0.5421256172169757,-0.2294157338705605,-1.5409713929454416,-0.0929813591060608,-0.3306814747123078,0.6049264035689098,-1.241305870625249,1.7295451066566911,0.20412414523193206,-0.15294382258037553,-0.4341140500939411,0.41397077472217286,2.865401597645516,1.5866908771712596,-0.1203858530857698,-0.568552036113998,-1.180086032473696,-0.8465967650815867,-0.6015544067498438,-1.0458250331675945,-0.08481889296799727,-0.4685212856658194,-0.9071339399239409
0.14656787024195714,-1.5327368647783928,-0.7018100265975343,-0.5421256172169757,-0.2294157338705605,-0.39951110187474415,-0.0929813591060608,-0.3306814747123078,-1.0681217295730767,-0.2190539771691616,-0.7346989570501373,0.20412414523193206,-0.15294382258037553,-0.4341140500939411,-1.0477167022287532,-0.34899122022605644,1.5866908771712596,-0.1203858530857698,-0.568552036113998,-0.3431455839107911,0.9574146064773498,-0.6015544067498438,1.0458250331675945,-0.08481889296799727,2.1343747458109554,0.5799708796235029
0.14656787024195714,-1.5327368647783928,-0.7018100265975343,1.844590936568452,-0.2294157338705605,-0.39951110187474415,-0.0929813591060608,-0.3306814747123078,1.2741456568257044,-0.2190539771691616,1.845144228515718,0.20412414523193206,-0.15294382258037553,-0.4341140500939411,-0.4995838983721559,2.865401597645516,-0.6302424841458696,-0.1203858530857698,-0.568552036113998,-0.3431455839107911,0.9574146064773498,-0.6015544067498438,-1.0458250331675945,-0.08481889296799727,-0.4685212856658194,0.5799708796235029
1.7249910882322665,0.652427708225426,1.4248870236980242,-0.5421256172169757,-0.2294157338705605,-0.39951110187474415,-0.0929813591060608,-0.3306814747123078,0.27031677694051254,0.8031979162869259,-0.48629178256989836,0.20412414523193206,-0.15294382258037553,-0.4341140500939411,-0.5909393656815888,-0.34899122022605644,-0.6302424841458696,-0.1203858530857698,-0.568552036113998,-0.3431455839107911,-0.8465967650815867,1.6623600272549444,-1.0458250331675945,-0.08481889296799727,-0.4685212856658194,-0.9071339399239409
0.14656787024195714,0.652427708225426,1.4248870236980242,-0.5421256172169757,-0.2294157338705605,-0.39951110187474415,-0.0929813591060608,-0.3306814747123078,0.27031677694051254,-0.2190539771691616,-0.6168551920482167,0.20412414523193206,-0.15294382258037553,-0.4341140500939411,-0.31687296375329016,-0.34899122022605644,-0.6302424841458696,-0.1203858530857698,-0.568552036113998,0.4937948646521137,-0.8465967650815867,1.6623600272549444,-1.0458250331675945,-0.08481889296799727,-0.4685212856658194,0.5799708796235029
1.7249910882322665,-1.5327368647783928,-0.7018100265975343,1.844590936568452,-0.2294157338705605,-0.39951110187474415,-0.0929813591060608,-0.3306814747123078,0.019359556969214552,-0.2190539771691616,-0.22254621327988558,0.20412414523193206,-0.15294382258037553,-0.4341140500939411,-0.6822948329910217,-0.34899122022605644,-0.6302424841458696,-0.1203858530857698,-0.568552036113998,-1.180086032473696,0.9574146064773498,1.6623600272549444,0.0,-0.08481889296799727,-0.4685212856658194,-0.9071339399239409
0.14656787024195714,0.652427708225426,1.4248870236980242,-0.5421256172169757,-0.2294157338705605,0.7419491891959532,-0.0929813591060608,-0.3306814747123078,0.7722312168831085,-1.241305870625249,1.6442486672267296,0.20412414523193206,-0.15294382258037553,-0.4341140500939411,2.515146522839129,2.865401597645516,-0.6302424841458696,-0.1203858530857698,-0.568552036113998,1.3307353132150186,-0.8465967650815867,-0.6015544067498438,-1.0458250331675945,-0.08481889296799727,-0.4685212856658194,0.5799708796235029
-1.4318553477483524,0.652427708225426,-0.7018100265975343,-0.5421256172169757,-0.2294157338705605,-0.39951110187474415,-0.0929813591060608,-0.3306814747123078,-0.7335121029446794,-0.2190539771691616,-0.9636525576252973,0.20412414523193206,-0.15294382258037553,-0.4341140500939411,-0.8650057676098875,-0.34899122022605644,1.5866908771712596,-0.1203858530857698,-0.568552036113998,-1.180086032473696,1.859420292256818,1.6623600272549444,1.0458250331675945,-0.08481889296799727,-0.4685212856658194,0.5799708796235029
0.14656787024195714,-1.5327368647783928,1.4248870236980242,-0.5421256172169757,-0.2294157338705605,0.7419491891959532,-0.0929813591060608,-0.3306814747123078,-0.8171645096017787,2.847701703199101,-0.7028998458591429,0.20412414523193206,-0.15294382258037553,-0.4341140500939411,0.41397077472217286,-0.34899122022605644,-0.6302424841458696,-0.1203858530857698,1.7588539596742978,-0.3431455839107911,0.9574146064773498,-0.6015544067498438,1.0458250331675945,-0.08481889296799727,-0.4685212856658194,0.5799708796235029
1.7249910882322665,-1.5327368647783928,1.4248870236980242,-0.5421256172169757,-0.2294157338705605,-0.39951110187474415,-0.0929813591060608,-0.3306814747123078,1.2741456568257044,-0.2190539771691616,2.907982756675897,0.20412414523193206,-0.15294382258037553,-0.4341140500939411,-0.8650057676098875,-0.34899122022605644,-0.6302424841458696,-0.1203858530857698,-0.568552036113998,-2.0170264810366008,0.9574146064773498,-0.6015544067498438,-1.0458250331675945,-0.08481889296799727,2.1343747458109554,0.5799708796235029
0.14656787024195714,0.652427708225426,1.4248870236980242,-0.5421256172169757,-0.2294157338705605,-0.39951110187474415,-0.0929813591060608,-0.3306814747123078,-0.9844693229159773,-0.2190539771691616,-0.644539124143906,0.20412414523193206,-0.15294382258037553,-0.4341140500939411,-1.230427636847619,-0.34899122022605644,-0.6302424841458696,-0.1203858530857698,-0.568552036113998,0.4937948646521137,-0.8465967650815867,1.6623600272549444,-1.0458250331675945,-0.08481889296799727,-0.4685212856658194,0.5799708796235029
-1.4318553477483524,0.652427708225426,1.4248870236980242,-0.5421256172169757,-0.2294157338705605,-0.39951110187474415,-0.0929813591060608,-0.3306814747123078,0.27031677694051254,-0.2190539771691616,-0.8469311141948236,0.20412414523193206,-0.15294382258037553,-0.4341140500939411,-0.7736503003004546,-0.34899122022605644,-0.6302424841458696,-0.1203858530857698,-0.568552036113998,-1.180086032473696,1.859420292256818,-0.6015544067498438,-1.0458250331675945,11.789826122551622,-0.4685212856658194,0.5799708796235029
0.14656787024195714,0.652427708225426,-0.7018100265975343,-0.5421256172169757,-0.2294157338705605,1.8834094802666506,-0.0929813591060608,-0.3306814747123078,-0.4825548829733814,-0.2190539771691616,-0.644539124143906,0.20412414523193206,-0.15294382258037553,-0.4341140500939411,-0.22551749644385727,-0.34899122022605644,1.5866908771712596,-0.1203858530857698,-0.568552036113998,-0.3431455839107911,1.859420292256818,1.6623600272549444,-1.0458250331675945,-0.08481889296799727,-0.4685212856658194,0.5799708796235029
1.7249910882322665,0.652427708225426,-0.7018100265975343,-0.5421256172169757,-0.2294157338705605,-0.39951110187474415,-0.0929813591060608,-0.3306814747123078,0.27031677694051254,-0.2190539771691616,-0.7193605622403635,0.20412414523193206,-0.15294382258037553,-0.4341140500939411,0.048548905484441365,-0.34899122022605644,1.5866908771712596,-0.1203858530857698,-0.568552036113998,1.3307353132150186,-0.8465967650815867,1.6623600272549444,-1.0458250331675945,-0.08481889296799727,-0.4685212856658194,0.5799708796235029
1.7249910882322665,0.652427708225426,-0.7018100265975343,1.844590936568452,-0.2294157338705605,-0.39951110187474415,-0.0929813591060608,-0.3306814747123078,-0.7335121029446794,-1.241305870625249,0.12200650915430128,0.20412414523193206,-0.15294382258037553,-0.4341140500939411,0.8707481112693373,-0.34899122022605644,-0.6302424841458696,-0.1203858530857698,1.7588539596742978,-1.180086032473696,-0.8465967650815867,-0.6015544067498438,-1.0458250331675945,-0.08481889296799727,-0.4685212856658194,0.5799708796235029
0.14656787024195714,0.652427708225426,-0.7018100265975343,-0.5421256172169757,-0.2294157338705605,-0.39951110187474415,-0.0929813591060608,-0.3306814747123078,0.27031677694051254,-0.2190539771691616,-0.11555155680195134,0.20412414523193206,-0.15294382258037553,2.303542121669652,1.4188809151259345,-0.34899122022605644,-0.6302424841458696,-0.1203858530857698,-0.568552036113998,1.3307353132150186,0.05540892069788158,-0.6015544067498438,2.091650066335189,-0.08481889296799727,2.1343747458109554,-2.394238759471385
1.7249910882322665,0.652427708225426,1.4248870236980242,-0.5421256172169757,-0.2294157338705605,-0.39951110187474415,-0.0929813591060608,-0.3306814747123078,1.2741456568257044,-0.2190539771691616,2.318389824475812,0.20412414523193206,-0.15294382258037553,-0.4341140500939411,-0.6822948329910217,2.865401597645516,-0.6302424841458696,-0.1203858530857698,-0.568552036113998,-1.180086032473696,1.859420292256818,-0.6015544067498438,1.0458250331675945,-0.08481889296799727,-0.4685212856658194,-0.9071339399239409
1.7249910882322665,0.652427708225426,1.4248870236980242,-0.5421256172169757,-0.2294157338705605,0.7419491891959532,-0.0929813591060608,-0.3306814747123078,0.019359556969214552,-0.2190539771691616,0.02773149715276481,0.20412414523193206,-0.15294382258037553,-0.4341140500939411,0.048548905484441365,2.865401597645516,-0.6302424841458696,-0.1203858530857698,-0.568552036113998,1.3307353132150186,-0.8465967650815867,-0.6015544067498438,-1.0458250331675945,-0.08481889296799727,-0.4685212856658194,0.5799708796235029
0.14656787024195714,-1.5327368647783928,-0.7018100265975343,1.844590936568452,-0.2294157338705605,-2.6824316840161386,-0.0929813591060608,-0.3306814747123078,-0.23159766300208343,-0.2190539771691616,-0.03249976051488349,0.20412414523193206,-0.15294382258037553,-0.4341140500939411,-0.8650057676098875,-0.34899122022605644,-0.6302424841458696,-0.1203858530857698,-0.568552036113998,-1.180086032473696,0.9574146064773498,-0.6015544067498438,0.0,-0.08481889296799727,2.1343747458109554,-0.9071339399239409
0.14656787024195714,0.652427708225426,1.4248870236980242,-0.5421256172169757,-0.2294157338705605,-0.39951110187474415,-0.0929813591060608,-0.3306814747123078,-0.23159766300208343,-1.241305870625249,1.3318691631740194,0.20412414523193206,-0.15294382258037553,-0.4341140500939411,2.9719238593862936,-0.34899122022605644,-0.6302424841458696,-0.1203858530857698,1.7588539596742978,-0.3431455839107911,-0.8465967650815867,-0.6015544067498438,-1.0458250331675945,-0.08481889296799727,-0.4685212856658194,-0.9071339399239409
0.14656787024195714,0.652427708225426,-0.7018100265975343,1.844590936568452,-0.2294157338705605,-2.6824316840161386,-0.0929813591060608,3.0240581238183513,-0.23159766300208343,-0.2190539771691616,-0.03624083241970637,0.20412414523193206,-0.15294382258037553,-0.4341140500939411,-0.40822843106272305,-0.34899122022605644,-0.6302424841458696,-0.1203858530857698,-0.568552036113998,0.4937948646521137,-0.8465967650815867,-0.6015544067498438,0.0,-0.08481889296799727,-0.4685212856658194,0.5799708796235029
0.14656787024195714,0.652427708225426,-0.7018100265975343,-0.5421256172169757,-0.2294157338705605,0.7419491891959532,-0.0929813591060608,-0.3306814747123078,-0.4825548829733814,-1.241305870625249,-0.17690513604104652,0.20412414523193206,-0.15294382258037553,-0.4341140500939411,-0.04280656182499151,-0.34899122022605644,1.5866908771712596,-0.1203858530857698,-0.568552036113998,0.4937948646521137,-0.8465967650815867,1.6623600272549444,1.0458250331675945,-0.08481889296799727,-0.4685212856658194,0.5799708796235029
0.14656787024195714,0.652427708225426,-0.7018100265975343,-0.5421256172169757,-0.2294157338705605,0.7419491891959532,-0.0929813591060608,-0.3306814747123078,0.27031677694051254,-0.2190539771691616,0.7115994413543866,0.20412414523193206,-0.15294382258037553,2.303542121669652,1.053459045888203,-0.34899122022605644,-0.6302424841458696,-0.1203858530857698,-0.568552036113998,-1.180086032473696,1.859420292256818,1.6623600272549444,-1.0458250331675945,-0.08481889296799727,-0.4685212856658194,-2.394238759471385
0.14656787024195714,0.652427708225426,1.4248870236980242,-0.5421256172169757,-0.2294157338705605,-0.39951110187474415,-0.0929813591060608,-0.3306814747123078,0.27031677694051254,-1.241305870625249,-0.035866725229224086,0.20412414523193206,-0.15294382258037553,-0.4341140500939411,-0.9563612349193203,-0.34899122022605644,-0.6302424841458696,-0.1203858530857698,-0.568552036113998,-1.180086032473696,-0.8465967650815867,1.6623600272549444,-1.0458250331675945,-0.08481889296799727,-0.4685212856658194,0.5799708796235029
0.14656787024195714,-1.5327368647783928,1.4248870236980242,-0.5421256172169757,-0.2294157338705605,-0.39951110187474415,-0.0929813591060608,-0.3306814747123078,-0.9844693229159773,-0.2190539771691616,-0.4567373145217976,0.20412414523193206,-0.15294382258037553,-0.4341140500939411,-1.5044940387759176,-0.34899122022605644,-0.6302424841458696,-0.1203858530857698,-0.568552036113998,-1.180086032473696,0.9574146064773498,-0.6015544067498438,-1.0458250331675945,-0.08481889296799727,2.1343747458109554,-0.9071339399239409
0.14656787024195714,0.652427708225426,-0.7018100265975343,-0.5421256172169757,-0.2294157338705605,0.7419491891959532,-0.0929813591060608,-0.3306814747123078,0.27031677694051254,0.8031979162869259,-0.12303370061159709,0.20412414523193206,-0.15294382258037553,-0.4341140500939411,0.048548905484441365,-0.34899122022605644,1.5866908771712596,-0.1203858530857698,-0.568552036113998,1.3307353132150186,-0.8465967650815867,1.6623600272549444,-1.0458250331675945,-0.08481889296799727,-0.4685212856658194,0.5799708796235029
0.14656787024195714,-1.5327368647783928,1.4248870236980242,-0.5421256172169757,-0.2294157338705605,0.7419491891959532,-0.0929813591060608,-0.3306814747123078,-1.2354265428872753,-0.2190539771691616,-0.6161069776672521,0.20412414523193206,-0.15294382258037553,-0.4341140500939411,-1.0477167022287532,-0.34899122022605644,-0.6302424841458696,-0.1203858530857698,-0.568552036113998,0.4937948646521137,0.9574146064773498,1.6623600272549444,-1.0458250331675945,-0.08481889296799727,-0.4685212856658194,-0.9071339399239409
-1.4318553477483524,0.652427708225426,-0.7018100265975343,-0.5421256172169757,-0.2294157338705605,-0.39951110187474415,-0.0929813591060608,-0.3306814747123078,-0.7335121029446794,-0.2190539771691616,-0.5360480389040426,0.20412414523193206,-0.15294382258037553,-0.4341140500939411,-1.0477167022287532,-0.34899122022605644,1.5866908771712596,-0.1203858530857698,-0.568552036113998,-0.3431455839107911,-0.8465967650815867,-0.6015544067498438,-1.0458250331675945,-0.08481889296799727,2.1343747458109554,-0.9071339399239409
0.14656787024195714,0.652427708225426,1.4248870236980242,-0.5421256172169757,-0.2294157338705605,-0.39951110187474415,-0.0929813591060608,3.0240581238183513,0.5212739969118105,-0.2190539771691616,0.26716009906142885,0.20412414523193206,-0.15294382258037553,-0.4341140500939411,0.048548905484441365,-0.34899122022605644,-0.6302424841458696,-0.1203858530857698,-0.568552036113998,-0.3431455839107911,-0.8465967650815867,-0.6015544067498438,1.0458250331675945,-0.08481889296799727,-0.4685212856658194,0.5799708796235029
0.14656787024195714,0.652427708225426,-0.7018100265975343,-0.5421256172169757,-0.2294157338705605,1.8834094802666506,-0.0929813591060608,-0.3306814747123078,-0.7335121029446794,-0.2190539771691616,-0.9786168452445888,0.20412414523193206,-0.15294382258037553,-0.4341140500939411,-1.4131385714664848,-0.34899122022605644,1.5866908771712596,-0.1203858530857698,-0.568552036113998,-0.3431455839107911,1.859420292256818,1.6623600272549444,1.0458250331675945,-0.08481889296799727,-0.4685212856658194,-0.9071339399239409
0.14656787024195714,0.652427708225426,1.4248870236980242,-0.5421256172169757,4.358898943540649,-0.39951110187474415,-0.0929813591060608,-0.3306814747123078,1.2741456568257044,-1.241305870625249,0.1908422322030422,0.20412414523193206,-0.15294382258037553,-0.4341140500939411,-0.7736503003004546,-0.34899122022605644,-0.6302424841458696,-0.1203858530857698,-0.568552036113998,-0.3431455839107911,1.859420292256818,-0.6015544067498438,1.0458250331675945,-0.08481889296799727,-0.4685212856658194,0.5799708796235029
1.7249910882322665,-1.5327368647783928,1.4248870236980242,-0.5421256172169757,-0.2294157338705605,0.7419491891959532,-0.0929813591060608,-0.3306814747123078,0.7722312168831085,-0.2190539771691616,0.49723602120803573,0.20412414523193206,-0.15294382258037553,-0.4341140500939411,-0.8650057676098875,-0.34899122022605644,-0.6302424841458696,-0.1203858530857698,-0.568552036113998,0.4937948646521137,0.9574146064773498,1.6623600272549444,-1.0458250331675945,-0.08481889296799727,-0.4685212856658194,-0.9071339399239409
0.14656787024195714,0.652427708225426,-0.7018100265975343,-0.5421256172169757,-0.2294157338705605,-0.39951110187474415,-0.0929813591060608,-0.3306814747123078,-0.7335121029446794,-0.2190539771691616,-0.7848293205747638,-4.898979485566365,-0.15294382258037553,-0.4341140500939411,-0.5909393656815888,-0.34899122022605644,1.5866908771712596,-0.1203858530857698,-0.568552036113998,0.4937948646521137,-0.8465967650815867,1.6623600272549444,1.0458250331675945,-0.08481889296799727,-0.4685212856658194,0.5799708796235029
0.14656787024195714,-1.5327368647783928,-0.7018100265975343,1.844590936568452,-0.2294157338705605,-0.39951110187474415,-0.0929813591060608,-0.3306814747123078,-0.4825548829733814,-0.2190539771691616,-0.5072417852369064,0.20412414523193206,-0.15294382258037553,-0.4341140500939411,0.9621035785787702,-0.34899122022605644,-0.6302424841458696,-0.1203858530857698,-0.568552036113998,-1.180086032473696,0.9574146064773498,-0.6015544067498438,0.0,-0.08481889296799727,2.1343747458109554,-0.9071339399239409
1.7249910882322665,0.652427708225426,-0.7018100265975343,-0.5421256172169757,-0.2294157338705605,-0.39951110187474415,-0.0929813591060608,-0.3306814747123078,-0.23159766300208343,-0.2190539771691616,-0.6344382300008842,0.20412414523193206,-0.15294382258037553,2.303542121669652,-0.31687296375329016,-0.34899122022605644,-0.6302424841458696,-0.1203858530857698,-0.568552036113998,-0.3431455839107911,-0.8465967650815867,1.6623600272549444,-1.0458250331675945,-0.08481889296799727,-0.4685212856658194,-2.394238759471385
-1.4318553477483524,0.652427708225426,-0.7018100265975343,-0.5421256172169757,-0.2294157338705605,-0.39951110187474415,-0.0929813591060608,-0.3306814747123078,0.27031677694051254,-0.2190539771691616,-0.30559800956695343,0.20412414523193206,-0.15294382258037553,-0.4341140500939411,2.606501990148562,-0.34899122022605644,1.5866908771712596,-0.1203858530857698,-0.568552036113998,1.3307353132150186,-0.8465967650815867,1.6623600272549444,0.0,-0.08481889296799727,-0.4685212856658194,-0.9071339399239409
0.14656787024195714,0.652427708225426,-0.7018100265975343,-0.5421256172169757,-0.2294157338705605,-0.39951110187474415,-0.0929813591060608,3.0240581238183513,-0.23159766300208343,2.847701703199101,-0.48180249628411087,0.20412414523193206,-0.15294382258037553,-0.4341140500939411,0.048548905484441365,-0.34899122022605644,1.5866908771712596,-0.1203858530857698,-0.568552036113998,-1.180086032473696,1.859420292256818,-0.6015544067498438,1.0458250331675945,-0.08481889296799727,-0.4685212856658194,0.5799708796235029
0.14656787024195714,0.652427708225426,1.4248870236980242,-0.5421256172169757,-0.2294157338705605,-0.39951110187474415,-0.0929813591060608,-0.3306814747123078,1.2741456568257044,-0.2190539771691616,0.14744579810709685,0.20412414523193206,-0.15294382258037553,-0.4341140500939411,-0.6822948329910217,-0.34899122022605644,-0.6302424841458696,-0.1203858530857698,-0.568552036113998,1.3307353132150186,-0.8465967650815867,1.6623600272549444,-1.0458250331675945,-0.08481889296799727,-0.4685212856658194,0.5799708796235029
-1.4318553477483524,0.652427708225426,-0.7018100265975343,-0.5421256172169757,-0.2294157338705605,-0.39951110187474415,-0.0929813591060608,-0.3306814747123078,-0.9844693229159773,-0.2190539771691616,-0.4051105222352419,0.20412414523193206,-0.15294382258037553,-0.4341140500939411,0.13990437279387424,-0.34899122022605644,1.5866908771712596,-0.1203858530857698,-0.568552036113998,-0.3431455839107911,-0.8465967650815867,1.6623600272549444,1.0458250331675945,-0.08481889296799727,-0.4685212856658194,0.5799708796235029
0.14656787024195714,0.652427708225426,-0.7018100265975343,1.844590936568452,-0.2294157338705605,-0.39951110187474415,-0.0929813591060608,-0.3306814747123078,0.27031677694051254,0.8031979162869259,-0.707015024954448,0.20412414523193206,-0.15294382258037553,-0.4341140500939411,-0.8650057676098875,-0.34899122022605644,-0.6302424841458696,-0.1203858530857698,-0.568552036113998,0.4937948646521137,1.859420292256818,1.6623600272549444,-1.0458250331675945,-0.08481889296799727,-0.4685212856658194,0.5799708796235029
-3.0102785657386617,0.652427708225426,-0.7018100265975343,-0.5421256172169757,-0.2294157338705605,0.7419491891959532,-0.0929813591060608,-0.3306814747123078,-1.2354265428872753,-0.2190539771691616,-0.7115043112402355,-4.898979485566365,-0.15294382258037553,-0.4341140500939411,3.5200566632428907,-0.34899122022605644,1.5866908771712596,-0.1203858530857698,1.7588539596742978,-0.3431455839107911,-0.8465967650815867,-0.6015544067498438,2.091650066335189,-0.08481889296799727,-0.4685212856658194,0.5799708796235029
0.14656787024195714,0.652427708225426,-0.7018100265975343,-0.5421256172169757,-0.2294157338705605,0.7419491891959532,-0.0929813591060608,-0.3306814747123078,1.7760600967683002,-0.2190539771691616,0.5967485338763242,0.20412414523193206,-0.15294382258037553,2.303542121669652,1.8756582516730989,2.865401597645516,-0.6302424841458696,-0.1203858530857698,-0.568552036113998,1.3307353132150186,-0.8465967650815867,-0.6015544067498438,2.091650066335189,-0.08481889296799727,-0.4685212856658194,-2.394238759471385
-3.0102785657386617,0.652427708225426,-0.7018100265975343,-0.5421256172169757,-0.2294157338705605,0.7419491891959532,-0.0929813591060608,-0.3306814747123078,-0.7335121029446794,1.8254498097430136,-0.6437909097629414,0.20412414523193206,-0.15294382258037553,2.303542121669652,2.7892129247674275,-0.34899122022605644,-0.6302424841458696,-0.1203858530857698,1.7588539596742978,-2.0170264810366008,-0.8465967650815867,-0.6015544067498438,2.091650066335189,-0.08481889296799727,-0.4685212856658194,-2.394238759471385
1.7249910882322665,0.652427708225426,-0.7018100265975343,1.844590936568452,-0.2294157338705605,1.8834094802666506,-0.0929813591060608,3.0240581238183513,0.27031677694051254,-1.241305870625249,0.565323529875812,0.20412414523193206,-0.15294382258037553,-0.4341140500939411,0.13990437279387424,-0.34899122022605644,-0.6302424841458696,-0.1203858530857698,-0.568552036113998,-0.3431455839107911,-0.8465967650815867,-0.6015544067498438,1.0458250331675945,-0.08481889296799727,-0.4685212856658194,0.5799708796235029
0.14656787024195714,0.652427708225426,-0.7018100265975343,1.844590936568452,-0.2294157338705605,-2.6824316840161386,-0.0929813591060608,-0.3306814747123078,-0.7335121029446794,-0.2190539771691616,1.1216209221229738,0.20412414523193206,-0.15294382258037553,-0.4341140500939411,-0.6822948329910217,-0.34899122022605644,-0.6302424841458696,-0.1203858530857698,-0.568552036113998,-0.3431455839107911,-0.8465967650815867,1.6623600272549444,0.0,-0.08481889296799727,-0.4685212856658194,-0.9071339399239409
0.14656787024195714,0.652427708225426,1.4248870236980242,-0.5421256172169757,-0.2294157338705605,0.7419491891959532,-0.0929813591060608,-0.3306814747123078,-0.4825548829733814,-0.2190539771691616,-0.644539124143906,0.20412414523193206,-0.15294382258037553,-0.4341140500939411,0.7793926439599044,-0.34899122022605644,-0.6302424841458696,-0.1203858530857698,-0.568552036113998,1.3307353132150186,-0.8465967650815867,-0.6015544067498438,0.0,-0.08481889296799727,2.1343747458109554,0.5799708796235029
0.14656787024195714,0.652427708225426,-0.7018100265975343,-0.5421256172169757,-0.2294157338705605,-0.39951110187474415,-0.0929813591060608,-0.3306814747123078,-0.23159766300208343,-0.2190539771691616,-0.4552408857598685,0.20412414523193206,-0.15294382258037553,2.303542121669652,1.053459045888203,-0.34899122022605644,-0.6302424841458696,-0.1203858530857698,-0.568552036113998,-0.3431455839107911,-0.8465967650815867,-0.6015544067498438,-1.0458250331675945,-0.08481889296799727,2.1343747458109554,-2.394238759471385
0.14656787024195714,0.652427708225426,-0.7018100265975343,1.844590936568452,-0.2294157338705605,0.7419491891959532,-0.0929813591060608,-0.3306814747123078,-0.7335121029446794,-0.2190539771691616,0.6143315718289918,0.20412414523193206,-0.15294382258037553,-0.4341140500939411,0.6880371766504715,-0.34899122022605644,-0.6302424841458696,-0.1203858530857698,1.7588539596742978,1.3307353132150186,-0.8465967650815867,-0.6015544067498438,0.0,-0.08481889296799727,-0.4685212856658194,-0.9071339399239409
0.14656787024195714,0.652427708225426,1.4248870236980242,-0.5421256172169757,-0.2294157338705605,-0.39951110187474415,-0.0929813591060608,-0.3306814747123078,1.2741456568257044,1.8254498097430136,-0.33739712075794787,0.20412414523193206,-0.15294382258037553,-0.4341140500939411,0.32261530741274,-0.34899122022605644,-0.6302424841458696,-0.1203858530857698,-0.568552036113998,1.3307353132150186,-0.8465967650815867,1.6623600272549444,-1.0458250331675945,-0.08481889296799727,-0.4685212856658194,0.5799708796235029
-1.4318553477483524,-1.5327368647783928,-0.7018100265975343,-0.5421256172169757,-0.2294157338705605,-0.39951110187474415,-0.0929813591060608,-0.3306814747123078,0.27031677694051254,-0.2190539771691616,0.012393102342991015,0.20412414523193206,-0.15294382258037553,-0.4341140500939411,-1.139072169538186,-0.34899122022605644,1.5866908771712596,-0.1203858530857698,-0.568552036113998,-1.180086032473696,0.9574146064773498,-0.6015544067498438,0.0,-0.08481889296799727,2.1343747458109554,-0.9071339399239409
-1.4318553477483524,0.652427708225426,1.4248870236980242,-0.5421256172169757,-0.2294157338705605,0.7419491891959532,-0.0929813591060608,-0.3306814747123078,0.27031677694051254,-0.2190539771691616,-0.7489150302884642,0.20412414523193206,-0.15294382258037553,-0.4341140500939411,2.2410801209108304,-0.34899122022605644,-0.6302424841458696,-0.1203858530857698,1.7588539596742978,1.3307353132150186,-0.8465967650815867,-0.6015544067498438,0.0,-0.08481889296799727,-0.4685212856658194,0.5799708796235029
-1.4318553477483524,0.652427708225426,-0.7018100265975343,1.844590936568452,-0.2294157338705605,-0.39951110187474415,-0.0929813591060608,-0.3306814747123078,-0.4825548829733814,-0.2190539771691616,-0.18438727985069225,0.20412414523193206,-0.15294382258037553,-0.4341140500939411,-0.7736503003004546,-0.34899122022605644,-0.6302424841458696,-0.1203858530857698,-0.568552036113998,-1.180086032473696,-0.8465967650815867,-0.6015544067498438,-1.0458250331675945,-0.08481889296799727,2.1343747458109554,0.5799708796235029
1.7249910882322665,0.652427708225426,1.4248870236980242,-0.5421256172169757,4.358898943540649,-0.39951110187474415,-0.0929813591060608,-0.3306814747123078,-0.4825548829733814,-0.2190539771691616,-0.4847953538079692,0.20412414523193206,-0.15294382258037553,-0.4341140500939411,0.41397077472217286,-0.34899122022605644,-0.6302424841458696,-0.1203858530857698,-0.568552036113998,1.3307353132150186,-0.8465967650815867,-0.6015544067498438,2.091650066335189,-0.08481889296799727,-0.4685212856658194,-0.9071339399239409
-1.4318553477483524,-1.5327368647783928,-0.7018100265975343,1.844590936568452,-0.2294157338705605,-0.39951110187474415,-0.0929813591060608,-0.3306814747123078,0.27031677694051254,-1.241305870625249,0.43027083411170625,0.20412414523193206,-0.15294382258037553,-0.4341140500939411,1.144814513197636,-0.34899122022605644,-0.6302424841458696,-0.1203858530857698,-0.568552036113998,-0.3431455839107911,0.9574146064773498,-0.6015544067498438,1.0458250331675945,-0.08481889296799727,2.1343747458109554,0.5799708796235029
0.14656787024195714,0.652427708225426,-0.7018100265975343,1.844590936568452,-0.2294157338705605,-0.39951110187474415,-0.0929813591060608,-0.3306814747123078,-0.4825548829733814,-1.241305870625249,-0.6572587686203037,0.20412414523193206,-0.15294382258037553,-0.4341140500939411,-1.139072169538186,-0.34899122022605644,-0.6302424841458696,-0.1203858530857698,-0.568552036113998,-1.180086032473696,-0.8465967650815867,1.6623600272549444,1.0458250331675945,-0.08481889296799727,-0.4685212856658194,0.5799708796235029
-3.0102785657386617,0.652427708225426,-0.7018100265975343,-0.5421256172169757,-0.2294157338705605,-0.39951110187474415,-0.0929813591060608,-0.3306814747123078,-0.9844693229159773,-1.241305870625249,-0.6179775136196636,0.20412414523193206,-0.15294382258037553,-0.4341140500939411,-0.04280656182499151,-0.34899122022605644,1.5866908771712596,-0.1203858530857698,1.7588539596742978,-1.180086032473696,-0.8465967650815867,-0.6015544067498438,1.0458250331675945,-0.08481889296799727,-0.4685212856658194,0.5799708796235029
-1.4318553477483524,0.652427708225426,-0.7018100265975343,-0.5421256172169757,-0.2294157338705605,-1.5409713929454416,-0.0929813591060608,-0.3306814747123078,-0.23159766300208343,-0.2190539771691616,-0.6580069830012684,0.20412414523193206,-0.15294382258037553,2.303542121669652,-0.31687296375329016,-0.34899122022605644,-0.6302424841458696,-0.1203858530857698,1.7588539596742978,0.4937948646521137,-0.8465967650815867,-0.6015544067498438,0.0,-0.08481889296799727,-0.4685212856658194,-2.394238759471385
-1.4318553477483524,0.652427708225426,-0.7018100265975343,1.844590936568452,-0.2294157338705605,-0.39951110187474415,-0.0929813591060608,-0.3306814747123078,-0.9008169162588779,-1.241305870625249,-0.7159935975260229,-4.898979485566365,-0.15294382258037553,-0.4341140500939411,0.8707481112693373,-0.34899122022605644,-0.6302424841458696,-0.1203858530857698,1.7588539596742978,1.3307353132150186,-0.8465967650815867,-0.6015544067498438,-1.0458250331675945,-0.08481889296799727,-0.4685212856658194,0.5799708796235029
0.14656787024195714,0.652427708225426,-0.7018100265975343,-0.5421256172169757,-0.2294157338705605,-1.5409713929454416,-0.0929813591060608,-0.3306814747123078,-0.7335121029446794,-0.2190539771691616,-0.393513199330291,0.20412414523193206,-0.15294382258037553,2.303542121669652,-0.5909393656815888,-0.34899122022605644,-0.6302424841458696,-0.1203858530857698,-0.568552036113998,-0.3431455839107911,0.05540892069788158,1.6623600272549444,0.0,-0.08481889296799727,-0.4685212856658194,-2.394238759471385
0.14656787024195714,-1.5327368647783928,-0.7018100265975343,-0.5421256172169757,-0.2294157338705605,0.7419491891959532,-0.0929813591060608,-0.3306814747123078,-0.23159766300208343,-0.2190539771691616,-0.4028658790923482,0.20412414523193206,-0.15294382258037553,-0.4341140500939411,-1.0477167022287532,-0.34899122022605644,1.5866908771712596,-0.1203858530857698,-0.568552036113998,-0.3431455839107911,0.9574146064773498,-0.6015544067498438,0.0,-0.08481889296799727,2.1343747458109554,-0.9071339399239409
0.14656787024195714,-1.5327368647783928,1.4248870236980242,-0.5421256172169757,-0.2294157338705605,-2.6824316840161386,-0.0929813591060608,3.0240581238183513,0.7722312168831085,-0.2190539771691616,0.38163689934900885,0.20412414523193206,-0.15294382258037553,-0.4341140500939411,-0.6822948329910217,-0.34899122022605644,-0.6302424841458696,-0.1203858530857698,-0.568552036113998,-0.3431455839107911,0.9574146064773498,-0.6015544067498438,1.0458250331675945,-0.08481889296799727,-0.4685212856658194,0.5799708796235029
0.14656787024195714,-1.5327368647783928,1.4248870236980242,-0.5421256172169757,-0.2294157338705605,0.7419491891959532,-0.0929813591060608,-0.3306814747123078,1.0231884368544064,1.8254498097430136,0.4040833307779461,0.20412414523193206,-0.15294382258037553,-0.4341140500939411,-1.139072169538186,-0.34899122022605644,-0.6302424841458696,-0.1203858530857698,-0.568552036113998,-0.3431455839107911,0.9574146064773498,-0.6015544067498438,0.0,-0.08481889296799727,2.1343747458109554,0.5799708796235029
0.14656787024195714,0.652427708225426,-0.7018100265975343,-0.5421256172169757,4.358898943540649,-0.39951110187474415,-0.0929813591060608,-0.3306814747123078,3.2818034165960883,-0.2190539771691616,1.1549164620758974,0.20412414523193206,-0.15294382258037553,2.303542121669652,0.5966817093410386,-0.34899122022605644,-0.6302424841458696,-0.1203858530857698,-0.568552036113998,-0.3431455839107911,-0.8465967650815867,-0.6015544067498438,1.0458250331675945,-0.08481889296799727,-0.4685212856658194,-2.394238759471385
-1.4318553477483524,0.652427708225426,-0.7018100265975343,1.844590936568452,-0.2294157338705605,-0.39951110187474415,-0.0929813591060608,3.0240581238183513,-0.23159766300208343,2.847701703199101,-0.47132749495060683,0.20412414523193206,-0.15294382258037553,-0.4341140500939411,-0.04280656182499151,-0.34899122022605644,-0.6302424841458696,-0.1203858530857698,-0.568552036113998,-0.3431455839107911,-0.8465967650815867,-0.6015544067498438,1.0458250331675945,-0.08481889296799727,-0.4685212856658194,0.5799708796235029
0.14656787024195714,0.652427708225426,-0.7018100265975343,1.844590936568452,-0.2294157338705605,-0.39951110187474415,-0.0929813591060608,-0.3306814747123078,-0.7335121029446794,-1.241305870625249,-0.9153927300530822,0.20412414523193206,-0.15294382258037553,-0.4341140500939411,0.23125984010330713,-0.34899122022605644,-0.6302424841458696,-0.1203858530857698,-0.568552036113998,1.3307353132150186,-0.8465967650815867,-0.6015544067498438,1.0458250331675945,11.789826122551622,-0.4685212856658194,0.5799708796235029
0.14656787024195714,-1.5327368647783928,1.4248870236980242,-0.5421256172169757,-0.2294157338705605,-0.39951110187474415,-0.0929813591060608,3.0240581238183513,-0.9844693229159773,-0.2190539771691616,-0.6553882326678924,0.20412414523193206,-0.15294382258037553,-0.4341140500939411,-0.7736503003004546,-0.34899122022605644,-0.6302424841458696,-0.1203858530857698,-0.568552036113998,0.4937948646521137,0.9574146064773498,-0.6015544067498438,-1.0458250331675945,-0.08481889296799727,-0.4685212856658194,0.5799708796235029
1.7249910882322665,0.652427708225426,1.4248870236980242,-0.5421256172169757,-0.2294157338705605,-0.39951110187474415,-0.0929813591060608,-0.3306814747123078,-0.7335121029446794,-0.2190539771691616,-0.46309713675999653,0.20412414523193206,-0.15294382258037553,-0.4341140500939411,-0.40822843106272305,-0.34899122022605644,-0.6302424841458696,-0.1203858530857698,-0.568552036113998,0.4937948646521137,-0.8465967650815867,1.6623600272549444,-1.0458250331675945,-0.08481889296799727,-0.4685212856658194,-0.9071339399239409
0.14656787024195714,0.652427708225426,1.4248870236980242,-0.5421256172169757,-0.2294157338705605,0.7419491891959532,-0.0929813591060608,-0.3306814747123078,-0.4825548829733814,-0.2190539771691616,-0.513227500284623,0.20412414523193206,-0.15294382258037553,-0.4341140500939411,0.9621035785787702,-0.34899122022605644,-0.6302424841458696,-0.1203858530857698,-0.568552036113998,1.3307353132150186,-0.8465967650815867,1.6623600272549444,-1.0458250331675945,-0.08481889296799727,-0.4685212856658194,0.5799708796235029
1.7249910882322665,0.652427708225426,1.4248870236980242,-0.5421256172169757,-0.2294157338705605,0.7419491891959532,-0.0929813591060608,3.0240581238183513,0.5212739969118105,-0.2190539771691616,-0.28389979251898073,0.20412414523193206,-0.15294382258037553,-0.4341140500939411,0.6880371766504715,-0.34899122022605644,-0.6302424841458696,-0.1203858530857698,-0.568552036113998,1.3307353132150186,-0.8465967650815867,-0.6015544067498438,0.0,-0.08481889296799727,-0.4685212856658194,0.5799708796235029
0.14656787024195714,0.652427708225426,1.4248870236980242,-0.5421256172169757,-0.2294157338705605,0.7419491891959532,-0.0929813591060608,-0.3306814747123078,0.019359556969214552,2.847701703199101,-0.17054531380284763,0.20412414523193206,-0.15294382258037553,-0.4341140500939411,-0.31687296375329016,-0.34899122022605644,-0.6302424841458696,-0.1203858530857698,-0.568552036113998,0.4937948646521137,-0.8465967650815867,-0.6015544067498438,1.0458250331675945,-0.08481889296799727,2.1343747458109554,0.5799708796235029
-1.4318553477483524,0.652427708225426,-0.7018100265975343,1.844590936568452,-0.2294157338705605,-0.39951110187474415,-0.0929813591060608,-0.3306814747123078,0.7722312168831085,-0.2190539771691616,-0.03474440365777722,0.20412414523193206,-0.15294382258037553,-0.4341140500939411,-0.40822843106272305,-0.34899122022605644,-0.6302424841458696,-0.1203858530857698,-0.568552036113998,-1.180086032473696,0.05540892069788158,-0.6015544067498438,0.0,-0.08481889296799727,2.1343747458109554,0.5799708796235029
-1.4318553477483524,0.652427708225426,-0.7018100265975343,-0.5421256172169757,4.358898943540649,0.7419491891959532,-0.0929813591060608,-0.3306814747123078,-0.7335121029446794,-0.2190539771691616,-0.41334088042585226,0.20412414523193206,-0.15294382258037553,-0.4341140500939411,1.2361699805070687,-0.34899122022605644,1.5866908771712596,-0.1203858530857698,-0.568552036113998,0.4937948646521137,-0.8465967650815867,-0.6015544067498438,-1.0458250331675945,-0.08481889296799727,-0.4685212856658194,0.5799708796235029
-1.4318553477483524,0.652427708225426,-0.7018100265975343,-0.5421256172169757,-0.2294157338705605,-0.39951110187474415,-0.0929813591060608,-0.3306814747123078,-0.9008169162588779,-0.2190539771691616,-0.6190998351911104,-4.898979485566365,-0.15294382258037553,-0.4341140500939411,-0.40822843106272305,-0.34899122022605644,1.5866908771712596,-0.1203858530857698,1.7588539596742978,-0.3431455839107911,-0.8465967650815867,-0.6015544067498438,-1.0458250331675945,-0.08481889296799727,-0.4685212856658194,0.5799708796235029
-1.4318553477483524,0.652427708225426,-0.7018100265975343,1.844590936568452,-0.2294157338705605,0.7419491891959532,-0.0929813591060608,-0.3306814747123078,-0.4825548829733814,1.8254498097430136,-0.7051444890020366,0.20412414523193206,-0.15294382258037553,-0.4341140500939411,1.053459045888203,-0.34899122022605644,-0.6302424841458696,-0.1203858530857698,-0.568552036113998,-0.3431455839107911,1.859420292256818,1.6623600272549444,-1.0458250331675945,-0.08481889296799727,-0.4685212856658194,0.5799708796235029
0.14656787024195714,-1.5327368647783928,-0.7018100265975343,1.844590936568452,-0.2294157338705605,0.7419491891959532,-0.0929813591060608,-0.3306814747123078,-1.2354265428872753,-0.2190539771691616,-0.969638272673014,-4.898979485566365,-0.15294382258037553,-0.4341140500939411,0.13990437279387424,-0.34899122022605644,-0.6302424841458696,-0.1203858530857698,1.7588539596742978,0.4937948646521137,0.9574146064773498,-0.6015544067498438,0.0,-0.08481889296799727,-0.4685212856658194,0.5799708796235029
0.14656787024195714,0.652427708225426,-0.7018100265975343,-0.5421256172169757,-0.2294157338705605,-0.39951110187474415,-0.0929813591060608,-0.3306814747123078,1.2741456568257044,-1.241305870625249,3.4373444312083334,0.20412414523193206,-0.15294382258037553,2.303542121669652,0.13990437279387424,-0.34899122022605644,-0.6302424841458696,-0.1203858530857698,1.7588539596742978,-0.3431455839107911,-0.8465967650815867,-0.6015544067498438,1.0458250331675945,-0.08481889296799727,-0.4685212856658194,-2.394238759471385
0.14656787024195714,0.652427708225426,1.4248870236980242,-0.5421256172169757,-0.2294157338705605,-0.39951110187474415,-0.0929813591060608,-0.3306814747123078,0.10301196362631387,1.8254498097430136,-0.19673281713660776,0.20412414523193206,-0.15294382258037553,-0.4341140500939411,0.41397077472217286,-0.34899122022605644,-0.6302424841458696,-0.1203858530857698,-0.568552036113998,1.3307353132150186,-0.8465967650815867,1.6623600272549444,-1.0458250331675945,-0.08481889296799727,-0.4685212856658194,0.5799708796235029
1.7249910882322665,0.652427708225426,-0.7018100265975343,1.844590936568452,-0.2294157338705605,-0.39951110187474415,-0.0929813591060608,-0.3306814747123078,-0.5662072896304807,-0.2190539771691616,2.1612648044732508,-4.898979485566365,-0.15294382258037553,-0.4341140500939411,0.8707481112693373,-0.34899122022605644,-0.6302424841458696,-0.1203858530857698,1.7588539596742978,1.3307353132150186,0.05540892069788158,-0.6015544067498438,0.0,-0.08481889296799727,-0.4685212856658194,0.5799708796235029
0.14656787024195714,-1.5327368647783928,1.4248870236980242,-0.5421256172169757,-0.2294157338705605,-0.39951110187474415,-0.0929813591060608,-0.3306814747123078,-0.9844693229159773,-0.2190539771691616,-0.5727105435713068,0.20412414523193206,-0.15294382258037553,-0.4341140500939411,-1.230427636847619,-0.34899122022605644,-0.6302424841458696,-0.1203858530857698,-0.568552036113998,-1.180086032473696,0.9574146064773498,1.6623600272549444,1.0458250331675945,-0.08481889296799727,-0.4685212856658194,0.5799708796235029
0.14656787024195714,0.652427708225426,1.4248870236980242,-0.5421256172169757,-0.2294157338705605,0.7419491891959532,-0.0929813591060608,-0.3306814747123078,0.7722312168831085,-0.2190539771691616,1.0299646604548132,0.20412414523193206,-0.15294382258037553,-0.4341140500939411,0.23125984010330713,-0.34899122022605644,-0.6302424841458696,-0.1203858530857698,-0.568552036113998,0.4937948646521137,-0.8465967650815867,1.6623600272549444,-1.0458250331675945,-0.08481889296799727,-0.4685212856658194,0.5799708796235029
0.14656787024195714,-1.5327368647783928,1.4248870236980242,-0.5421256172169757,-0.2294157338705605,0.7419491891959532,-0.0929813591060608,-0.3306814747123078,-0.4825548829733814,-0.2190539771691616,-0.15445870461210925,0.20412414523193206,-0.15294382258037553,-0.4341140500939411,-1.0477167022287532,-0.34899122022605644,-0.6302424841458696,-0.1203858530857698,-0.568552036113998,0.4937948646521137,0.9574146064773498,-0.6015544067498438,-1.0458250331675945,-0.08481889296799727,2.1343747458109554,0.5799708796235029
0.14656787024195714,0.652427708225426,-0.7018100265975343,1.844590936568452,-0.2294157338705605,0.7419491891959532,-0.0929813591060608,-0.3306814747123078,-0.7335121029446794,1.8254498097430136,-1.002185598244973,0.20412414523193206,-0.15294382258037553,-0.4341140500939411,0.5966817093410386,-0.34899122022605644,-0.6302424841458696,-0.1203858530857698,-0.568552036113998,1.3307353132150186,-0.8465967650815867,1.6623600272549444,-1.0458250331675945,-0.08481889296799727,-0.4685212856658194,0.5799708796235029
1.7249910882322665,0.652427708225426,-0.7018100265975343,-0.5421256172169757,-0.2294157338705605,-0.39951110187474415,-0.0929813591060608,-0.3306814747123078,-1.2354265428872753,-0.2190539771691616,4.375231157747429,0.20412414523193206,-0.15294382258037553,2.303542121669652,2.9719238593862936,-0.34899122022605644,-0.6302424841458696,-0.1203858530857698,1.7588539596742978,1.3307353132150186,-0.8465967650815867,-0.6015544067498438,0.0,-0.08481889296799727,-0.4685212856658194,0.5799708796235029
0.14656787024195714,0.652427708225426,-0.7018100265975343,-0.5421256172169757,-0.2294157338705605,-0.39951110187474415,-0.0929813591060608,-0.3306814747123078,1.2741456568257044,-1.241305870625249,-0.04559351218176356,0.20412414523193206,-0.15294382258037553,-0.4341140500939411,0.048548905484441365,-0.34899122022605644,1.5866908771712596,-0.1203858530857698,1.7588539596742978,-0.3431455839107911,-0.8465967650815867,-0.6015544067498438,-1.0458250331675945,-0.08481889296799727,-0.4685212856658194,0.5799708796235029
0.14656787024195714,0.652427708225426,-0.7018100265975343,-0.5421256172169757,-0.2294157338705605,-0.39951110187474415,-0.0929813591060608,-0.3306814747123078,0.27031677694051254,-1.241305870625249,-0.08861583908722663,0.20412414523193206,-0.15294382258037553,2.303542121669652,1.2361699805070687,2.865401597645516,-0.6302424841458696,-0.1203858530857698,-0.568552036113998,1.3307353132150186,-0.8465967650815867,-0.6015544067498438,0.0,-0.08481889296799727,-0.4685212856658194,-2.394238759471385
0.14656787024195714,-1.5327368647783928,-0.7018100265975343,1.844590936568452,-0.2294157338705605,1.8834094802666506,-0.0929813591060608,-0.3306814747123078,-1.2354265428872753,-0.2190539771691616,-0.9419543405773246,0.20412414523193206,-0.15294382258037553,-0.4341140500939411,-0.5909393656815888,-0.34899122022605644,-0.6302424841458696,-0.1203858530857698,-0.568552036113998,-1.180086032473696,0.9574146064773498,1.6623600272549444,2.091650066335189,-0.08481889296799727,-0.4685212856658194,0.5799708796235029
-1.4318553477483524,0.652427708225426,-0.7018100265975343,-0.5421256172169757,-0.2294157338705605,-0.39951110187474415,-0.0929813591060608,-0.3306814747123078,-1.2354265428872753,-0.2190539771691616,-0.9767463092921773,-4.898979485566365,-0.15294382258037553,-0.4341140500939411,-0.8650057676098875,-0.34899122022605644,1.5866908771712596,-0.1203858530857698,-0.568552036113998,-1.180086032473696,1.859420292256818,1.6623600272549444,1.0458250331675945,-0.08481889296799727,-0.4685212856658194,0.5799708796235029
-1.4318553477483524,-1.5327368647783928,-0.7018100265975343,1.844590936568452,4.358898943540649,0.7419491891959532,-0.0929813591060608,-0.3306814747123078,-1.2354265428872753,-0.2190539771691616,-0.8057793232417719,0.20412414523193206,-0.15294382258037553,-0.4341140500939411,1.3275254478165017,-0.34899122022605644,-0.6302424841458696,-0.1203858530857698,-0.568552036113998,-0.3431455839107911,0.9574146064773498,-0.6015544067498438,2.091650066335189,-0.08481889296799727,-0.4685212856658194,0.5799708796235029
0.14656787024195714,0.652427708225426,1.4248870236980242,-0.5421256172169757,-0.2294157338705605,-0.39951110187474415,-0.0929813591060608,-0.3306814747123078,1.2741456568257044,-0.2190539771691616,-0.336274799186501,0.20412414523193206,-0.15294382258037553,-0.4341140500939411,-0.40822843106272305,-0.34899122022605644,-0.6302424841458696,-0.1203858530857698,-0.568552036113998,-0.3431455839107911,0.05540892069788158,1.6623600272549444,0.0,-0.08481889296799727,-0.4685212856658194,-0.9071339399239409
0.14656787024195714,-1.5327368647783928,1.4248870236980242,-0.5421256172169757,-0.2294157338705605,-0.39951110187474415,-0.0929813591060608,-0.3306814747123078,2.277974536710896,-1.241305870625249,1.9775781739464477,0.20412414523193206,-0.15294382258037553,-0.4341140500939411,-1.0477167022287532,-0.34899122022605644,-0.6302424841458696,-0.1203858530857698,1.7588539596742978,0.4937948646521137,0.9574146064773498,-0.6015544067498438,1.0458250331675945,-0.08481889296799727,-0.4685212856658194,0.5799708796235029
0.14656787024195714,-1.5327368647783928,-0.7018100265975343,1.844590936568452,4.358898943540649,-0.39951110187474415,-0.0929813591060608,-0.3306814747123078,-0.7335121029446794,-0.2190539771691616,-0.9000543352433085,0.20412414523193206,-0.15294382258037553,-0.4341140500939411,1.6015918497448003,-0.34899122022605644,-0.6302424841458696,-0.1203858530857698,-0.568552036113998,-1.180086032473696,0.9574146064773498,-0.6015544067498438,0.0,-0.08481889296799727,-0.4685212856658194,0.5799708796235029
0.14656787024195714,0.652427708225426,-0.7018100265975343,1.844590936568452,-0.2294157338705605,-0.39951110187474415,-0.0929813591060608,-0.3306814747123078,0.27031677694051254,-1.241305870625249,-0.3538578371391685,0.20412414523193206,-0.15294382258037553,-0.4341140500939411,1.6929473170542333,-0.34899122022605644,-0.6302424841458696,-0.1203858530857698,1.7588539596742978,-1.180086032473696,-0.8465967650815867,-0.6015544067498438,-1.0458250331675945,-0.08481889296799727,-0.4685212856658194,0.5799708796235029
1.7249910882322665,0.652427708225426,1.4248870236980242,-0.5421256172169757,-0.2294157338705605,0.7419491891959532,-0.0929813591060608,3.0240581238183513,-0.7335121029446794,-0.2190539771691616,-0.3400158710913239,0.20412414523193206,-0.15294382258037553,-0.4341140500939411,0.5966817093410386,-0.34899122022605644,-0.6302424841458696,-0.1203858530857698,-0.568552036113998,-2.0170264810366008,-0.8465967650815867,-0.6015544067498438,-1.0458250331675945,-0.08481889296799727,-0.4685212856658194,0.5799708796235029
-1.4318553477483524,-1.5327368647783928,-0.7018100265975343,-0.5421256172169757,-0.2294157338705605,0.7419491891959532,-0.0929813591060608,-0.3306814747123078,-0.7335121029446794,-0.2190539771691616,-1.0534382833410463,0.20412414523193206,-0.15294382258037553,-0.4341140500939411,2.058369186291965,-0.34899122022605644,1.5866908771712596,-0.1203858530857698,-0.568552036113998,0.4937948646521137,0.9574146064773498,1.6623600272549444,0.0,-0.08481889296799727,-0.4685212856658194,0.5799708796235029
-1.4318553477483524,-1.5327368647783928,-0.7018100265975343,-0.5421256172169757,4.358898943540649,0.7419491891959532,-0.0929813591060608,-0.3306814747123078,-0.7335121029446794,-0.2190539771691616,-0.16942299223140075,0.20412414523193206,-0.15294382258037553,2.303542121669652,1.9670137189825319,-0.34899122022605644,-0.6302424841458696,-0.1203858530857698,-0.568552036113998,1.3307353132150186,0.9574146064773498,-0.6015544067498438,-1.0458250331675945,-0.08481889296799727,-0.4685212856658194,-2.394238759471385
1.7249910882322665,0.652427708225426,1.4248870236980242,-0.5421256172169757,-0.2294157338705605,1.8834094802666506,-0.0929813591060608,-0.3306814747123078,1.2741456568257044,0.8031979162869259,1.8275611905630504,0.20412414523193206,-0.15294382258037553,-0.4341140500939411,0.5966817093410386,-0.34899122022605644,-0.6302424841458696,-0.1203858530857698,1.7588539596742978,1.3307353132150186,-0.8465967650815867,-0.6015544067498438,1.0458250331675945,-0.08481889296799727,-0.4685212856658194,0.5799708796235029
0.14656787024195714,0.652427708225426,-0.7018100265975343,-0.5421256172169757,-0.2294157338705605,-0.39951110187474415,-0.0929813591060608,-0.3306814747123078,-1.1517741362301759,-0.2190539771691616,-0.2337694289943542,0.20412414523193206,-0.15294382258037553,-0.4341140500939411,-0.04280656182499151,-0.34899122022605644,1.5866908771712596,-0.1203858530857698,-0.568552036113998,-0.3431455839107911,-0.8465967650815867,1.6623600272549444,1.0458250331675945,-0.08481889296799727,-0.4685212856658194,0.5799708796235029
0.14656787024195714,0.652427708225426,-0.7018100265975343,-0.5421256172169757,-0.2294157338705605,-0.39951110187474415,-0.0929813591060608,-0.3306814747123078,-0.7335121029446794,-0.2190539771691616,-0.9071623718624718,0.20412414523193206,-0.15294382258037553,-0.4341140500939411,-0.6822948329910217,-0.34899122022605644,1.5866908771712596,-0.1203858530857698,-0.568552036113998,-0.3431455839107911,1.859420292256818,1.6623600272549444,-1.0458250331675945,-0.08481889296799727,-0.4685212856658194,0.5799708796235029
0.14656787024195714,0.652427708225426,-0.7018100265975343,-0.5421256172169757,-0.2294157338705605,-0.39951110187474415,-0.0929813591060608,-0.3306814747123078,2.277974536710896,-0.2190539771691616,-0.05270154880092703,0.20412414523193206,-0.15294382258037553,-0.4341140500939411,-0.6822948329910217,-0.34899122022605644,1.5866908771712596,-0.1203858530857698,-0.568552036113998,0.4937948646521137,-0.8465967650815867,1.6623600272549444,1.0458250331675945,-0.08481889296799727,-0.4685212856658194,0.5799708796235029
0.14656787024195714,0.652427708225426,1.4248870236980242,-0.5421256172169757,-0.2294157338705605,1.8834094802666506,-0.0929813591060608,-0.3306814747123078,-0.23159766300208343,-1.241305870625249,-0.11293280646857533,0.20412414523193206,-0.15294382258037553,-0.4341140500939411,0.6880371766504715,-0.34899122022605644,-0.6302424841458696,-0.1203858530857698,1.7588539596742978,1.3307353132150186,-0.8465967650815867,-0.6015544067498438,1.0458250331675945,-0.08481889296799727,-0.4685212856658194,0.5799708796235029
0.14656787024195714,0.652427708225426,1.4248870236980242,-0.5421256172169757,-0.2294157338705605,0.7419491891959532,-0.0929813591060608,-0.3306814747123078,-0.23159766300208343,-0.2190539771691616,-0.5240766088086094,0.20412414523193206,-0.15294382258037553,-0.4341140500939411,-1.0477167022287532,-0.34899122022605644,-0.6302424841458696,-0.1203858530857698,-0.568552036113998,-0.3431455839107911,-0.8465967650815867,1.6623600272549444,-1.0458250331675945,-0.08481889296799727,-0.4685212856658194,0.5799708796235029
0.14656787024195714,0.652427708225426,-0.7018100265975343,-0.5421256172169757,-0.2294157338705605,0.7419491891959532,-0.0929813591060608,-0.3306814747123078,0.27031677694051254,2.847701703199101,-0.47170160214108914,0.20412414523193206,-0.15294382258037553,-0.4341140500939411,2.2410801209108304,-0.34899122022605644,1.5866908771712596,-0.1203858530857698,1.7588539596742978,1.3307353132150186,-0.8465967650815867,-0.6015544067498438,-1.0458250331675945,-0.08481889296799727,-0.4685212856658194,0.5799708796235029
-1.4318553477483524,-1.5327368647783928,-0.7018100265975343,-0.5421256172169757,-0.2294157338705605,-0.39951110187474415,-0.0929813591060608,-0.3306814747123078,-0.23159766300208343,-0.2190539771691616,-0.781088248669941,0.20412414523193206,-0.15294382258037553,-0.4341140500939411,-0.8650057676098875,-0.34899122022605644,1.5866908771712596,-0.1203858530857698,-0.568552036113998,-0.3431455839107911,0.9574146064773498,1.6623600272549444,1.0458250331675945,-0.08481889296799727,-0.4685212856658194,0.5799708796235029
0.14656787024195714,0.652427708225426,-0.7018100265975343,-0.5421256172169757,4.358898943540649,1.8834094802666506,-0.0929813591060608,-0.3306814747123078,1.5251028767970023,0.8031979162869259,3.202031008394975,0.20412414523193206,-0.15294382258037553,2.303542121669652,-0.31687296375329016,-0.34899122022605644,-0.6302424841458696,-0.1203858530857698,-0.568552036113998,0.4937948646521137,-0.8465967650815867,-0.6015544067498438,1.0458250331675945,-0.08481889296799727,-0.4685212856658194,-0.9071339399239409
1.7249910882322665,0.652427708225426,-0.7018100265975343,1.844590936568452,-0.2294157338705605,-0.39951110187474415,-0.0929813591060608,-0.3306814747123078,-1.2354265428872753,-1.241305870625249,-0.734324849859655,0.20412414523193206,-0.15294382258037553,-0.4341140500939411,0.048548905484441365,-0.34899122022605644,-0.6302424841458696,-0.1203858530857698,-0.568552036113998,-2.0170264810366008,-0.8465967650815867,-0.6015544067498438,-1.0458250331675945,11.789826122551622,-0.4685212856658194,0.5799708796235029
0.14656787024195714,-1.5327368647783928,-0.7018100265975343,1.844590936568452,-0.2294157338705605,0.7419491891959532,-0.0929813591060608,-0.3306814747123078,-0.06429284968788476,-0.2190539771691616,0.40071636606360556,0.20412414523193206,-0.15294382258037553,-0.4341140500939411,-1.0477167022287532,-0.34899122022605644,-0.6302424841458696,-0.1203858530857698,-0.568552036113998,1.3307353132150186,0.9574146064773498,-0.6015544067498438,0.0,-0.08481889296799727,2.1343747458109554,0.5799708796235029
-1.4318553477483524,0.652427708225426,-0.7018100265975343,-0.5421256172169757,-0.2294157338705605,-0.39951110187474415,-0.0929813591060608,-0.3306814747123078,-0.9844693229159773,-0.2190539771691616,-1.0942159671036156,0.20412414523193206,-0.15294382258037553,-0.4341140500939411,-1.230427636847619,-0.34899122022605644,1.5866908771712596,-0.1203858530857698,1.7588539596742978,-0.3431455839107911,1.859420292256818,-0.6015544067498438,1.0458250331675945,-0.08481889296799727,-0.4685212856658194,-0.9071339399239409
-1.4318553477483524,-1.5327368647783928,1.4248870236980242,-0.5421256172169757,-0.2294157338705605,-0.39951110187474415,-0.0929813591060608,-0.3306814747123078,0.27031677694051254,-0.2190539771691616,-0.6905543085732274,0.20412414523193206,-0.15294382258037553,-0.4341140500939411,-0.9563612349193203,-0.34899122022605644,-0.6302424841458696,-0.1203858530857698,1.7588539596742978,-1.180086032473696,0.9574146064773498,-0.6015544067498438,1.0458250331675945,-0.08481889296799727,-0.4685212856658194,0.5799708796235029
-1.4318553477483524,0.652427708225426,-0.7018100265975343,1.844590936568452,-0.2294157338705605,-2.6824316840161386,-0.0929813591060608,-0.3306814747123078,2.779888976653492,-1.241305870625249,2.3326058977141386,0.20412414523193206,-0.15294382258037553,-0.4341140500939411,0.32261530741274,2.865401597645516,-0.6302424841458696,-0.1203858530857698,-0.568552036113998,-0.3431455839107911,-0.8465967650815867,-0.6015544067498438,-1.0458250331675945,-0.08481889296799727,-0.4685212856658194,0.5799708796235029
0.14656787024195714,-1.5327368647783928,1.4248870236980242,-0.5421256172169757,-0.2294157338705605,-0.39951110187474415,-0.0929813591060608,-0.3306814747123078,-0.23159766300208343,-0.2190539771691616,-0.7743543192412597,0.20412414523193206,-0.15294382258037553,-0.4341140500939411,-0.22551749644385727,-0.34899122022605644,-0.6302424841458696,-0.1203858530857698,-0.568552036113998,-2.0170264810366008,0.9574146064773498,-0.6015544067498438,0.0,-0.08481889296799727,2.1343747458109554,0.5799708796235029
-1.4318553477483524,0.652427708225426,-0.7018100265975343,1.844590936568452,-0.2294157338705605,0.7419491891959532,-0.0929813591060608,-0.3306814747123078,0.5212739969118105,1.8254498097430136,-0.25471943166136235,0.20412414523193206,-0.15294382258037553,-0.4341140500939411,-1.139072169538186,-0.34899122022605644,-0.6302424841458696,-0.1203858530857698,-0.568552036113998,-0.3431455839107911,-0.8465967650815867,1.6623600272549444,1.0458250331675945,-0.08481889296799727,-0.4685212856658194,0.5799708796235029
0.14656787024195714,0.652427708225426,-0.7018100265975343,-0.5421256172169757,-0.2294157338705605,-0.39951110187474415,-0.0929813591060608,-0.3306814747123078,-0.9844693229159773,-0.2190539771691616,-0.6871873438588868,0.20412414523193206,-0.15294382258037553,-0.4341140500939411,2.1497246536013974,-0.34899122022605644,1.5866908771712596,-0.1203858530857698,-0.568552036113998,0.4937948646521137,-0.8465967650815867,1.6623600272549444,0.0,-0.08481889296799727,-0.4685212856658194,0.5799708796235029
0.14656787024195714,0.652427708225426,-0.7018100265975343,1.844590936568452,-0.2294157338705605,-0.39951110187474415,-0.0929813591060608,-0.3306814747123078,0.7722312168831085,-1.241305870625249,1.178111107885799,0.20412414523193206,-0.15294382258037553,-0.4341140500939411,-0.40822843106272305,-0.34899122022605644,-0.6302424841458696,-0.1203858530857698,-0.568552036113998,1.3307353132150186,-0.8465967650815867,-0.6015544067498438,0.0,-0.08481889296799727,2.1343747458109554,0.5799708796235029
-1.4318553477483524,0.652427708225426,-0.7018100265975343,-0.5421256172169757,-0.2294157338705605,0.7419491891959532,-0.0929813591060608,-0.3306814747123078,0.27031677694051254,-1.241305870625249,-0.6946694876685325,0.20412414523193206,-0.15294382258037553,-0.4341140500939411,0.13990437279387424,-0.34899122022605644,1.5866908771712596,-0.1203858530857698,1.7588539596742978,0.4937948646521137,-0.8465967650815867,-0.6015544067498438,2.091650066335189,-0.08481889296799727,-0.4685212856658194,0.5799708796235029
0.14656787024195714,0.652427708225426,-0.7018100265975343,1.844590936568452,-0.2294157338705605,-0.39951110187474415,-0.0929813591060608,-0.3306814747123078,2.0270173167395984,0.8031979162869259,-0.06355065732491337,0.20412414523193206,-0.15294382258037553,-0.4341140500939411,-1.3217831041570518,-0.34899122022605644,-0.6302424841458696,-0.1203858530857698,-0.568552036113998,-0.3431455839107911,-0.8465967650815867,1.6623600272549444,1.0458250331675945,-0.08481889296799727,-0.4685212856658194,-0.9071339399239409
-1.4318553477483524,0.652427708225426,-0.7018100265975343,-0.5421256172169757,-0.2294157338705605,-0.39951110187474415,-0.0929813591060608,-0.3306814747123078,-0.23159766300208343,-0.2190539771691616,1.1444414607423932,0.20412414523193206,-0.15294382258037553,-0.4341140500939411,-0.6822948329910217,-0.34899122022605644,1.5866908771712596,-0.1203858530857698,1.7588539596742978,0.4937948646521137,-0.8465967650815867,-0.6015544067498438,1.0458250331675945,-0.08481889296799727,-0.4685212856658194,-0.9071339399239409
1.7249910882322665,0.652427708225426,-0.7018100265975343,-0.5421256172169757,-0.2294157338705605,0.7419491891959532,-0.0929813591060608,-0.3306814747123078,0.7722312168831085,-0.2190539771691616,2.776671132816614,0.20412414523193206,-0.15294382258037553,2.303542121669652,0.23125984010330713,2.865401597645516,-0.6302424841458696,-0.1203858530857698,-0.568552036113998,1.3307353132150186,-0.8465967650815867,-0.6015544067498438,0.0,-0.08481889296799727,-0.4685212856658194,-2.394238759471385
0.14656787024195714,-1.5327368647783928,-0.7018100265975343,-0.5421256172169757,-0.2294157338705605,-0.39951110187474415,-0.0929813591060608,-0.3306814747123078,2.277974536710896,-0.2190539771691616,1.0288423388833663,0.20412414523193206,-0.15294382258037553,-0.4341140500939411,-1.230427636847619,-0.34899122022605644,1.5866908771712596,-0.1203858530857698,-0.568552036113998,-0.3431455839107911,0.9574146064773498,1.6623600272549444,1.0458250331675945,-0.08481889296799727,-0.4685212856658194,0.5799708796235029
1.7249910882322665,0.652427708225426,-0.7018100265975343,-0.5421256172169757,-0.2294157338705605,0.7419491891959532,10.754843869934366,-0.3306814747123078,0.27031677694051254,-0.2190539771691616,1.1646432490284369,0.20412414523193206,-0.15294382258037553,2.303542121669652,-0.7736503003004546,-0.34899122022605644,-0.6302424841458696,-0.1203858530857698,-0.568552036113998,-2.0170264810366008,-0.8465967650815867,-0.6015544067498438,-1.0458250331675945,-0.08481889296799727,-0.4685212856658194,0.5799708796235029
-1.4318553477483524,0.652427708225426,-0.7018100265975343,-0.5421256172169757,-0.2294157338705605,0.7419491891959532,-0.0929813591060608,-0.3306814747123078,-0.9008169162588779,-0.2190539771691616,-0.35909533780592057,-4.898979485566365,-0.15294382258037553,-0.4341140500939411,1.144814513197636,-0.34899122022605644,1.5866908771712596,-0.1203858530857698,1.7588539596742978,-1.180086032473696,-0.8465967650815867,-0.6015544067498438,0.0,-0.08481889296799727,-0.4685212856658194,-0.9071339399239409
1.7249910882322665,0.652427708225426,-0.7018100265975343,-0.5421256172169757,-0.2294157338705605,-0.39951110187474415,-0.0929813591060608,-0.3306814747123078,-0.7335121029446794,-1.241305870625249,-0.12789709408786684,0.20412414523193206,-0.15294382258037553,2.303542121669652,0.23125984010330713,-0.34899122022605644,-0.6302424841458696,-0.1203858530857698,1.7588539596742978,-2.0170264810366008,-0.8465967650815867,-0.6015544067498438,-1.0458250331675945,-0.08481889296799727,-0.4685212856658194,0.5799708796235029
0.14656787024195714,0.652427708225426,1.4248870236980242,-0.5421256172169757,4.358898943540649,-0.39951110187474415,-0.0929813591060608,-0.3306814747123078,1.2741456568257044,-0.2190539771691616,-0.34712390771048734,0.20412414523193206,-0.15294382258037553,-0.4341140500939411,-0.31687296375329016,-0.34899122022605644,-0.6302424841458696,-0.1203858530857698,-0.568552036113998,0.4937948646521137,-0.8465967650815867,-0.6015544067498438,1.0458250331675945,-0.08481889296799727,-0.4685212856658194,0.5799708796235029
-1.4318553477483524,0.652427708225426,-0.7018100265975343,-0.5421256172169757,-0.2294157338705605,0.7419491891959532,-0.0929813591060608,-0.3306814747123078,-1.2354265428872753,-1.241305870625249,-0.48741410414134523,0.20412414523193206,-0.15294382258037553,-0.4341140500939411,-0.1341620291344244,-0.34899122022605644,1.5866908771712596,-0.1203858530857698,-0.568552036113998,-0.3431455839107911,-0.8465967650815867,1.6623600272549444,-1.0458250331675945,-0.08481889296799727,-0.4685212856658194,0.5799708796235029
0.14656787024195714,-1.5327368647783928,1.4248870236980242,-0.5421256172169757,-0.2294157338705605,0.7419491891959532,-0.0929813591060608,-0.3306814747123078,-0.23159766300208343,-0.2190539771691616,-0.2981158657573077,0.20412414523193206,-0.15294382258037553,-0.4341140500939411,-0.8650057676098875,-0.34899122022605644,-0.6302424841458696,-0.1203858530857698,-0.568552036113998,-0.3431455839107911,0.9574146064773498,1.6623600272549444,-1.0458250331675945,-0.08481889296799727,-0.4685212856658194,0.5799708796235029
-1.4318553477483524,-1.5327368647783928,-0.7018100265975343,1.844590936568452,-0.2294157338705605,1.8834094802666506,-0.0929813591060608,-0.3306814747123078,-0.4825548829733814,-0.2190539771691616,0.16540294325024665,0.20412414523193206,-0.15294382258037553,-0.4341140500939411,-0.7736503003004546,-0.34899122022605644,-0.6302424841458696,-0.1203858530857698,-0.568552036113998,1.3307353132150186,0.9574146064773498,-0.6015544067498438,0.0,-0.08481889296799727,2.1343747458109554,0.5799708796235029
0.14656787024195714,0.652427708225426,-0.7018100265975343,1.844590936568452,-0.2294157338705605,-0.39951110187474415,-0.0929813591060608,-0.3306814747123078,0.27031677694051254,-0.2190539771691616,0.3621833254439299,0.20412414523193206,-0.15294382258037553,-0.4341140500939411,-0.6822948329910217,-0.34899122022605644,-0.6302424841458696,-0.1203858530857698,-0.568552036113998,-0.3431455839107911,-0.8465967650815867,-0.6015544067498438,0.0,-0.08481889296799727,2.1343747458109554,0.5799708796235029
0.14656787024195714,-1.5327368647783928,-0.7018100265975343,-0.5421256172169757,-0.2294157338705605,-0.39951110187474415,-0.0929813591060608,-0.3306814747123078,-0.8171645096017787,2.847701703199101,-0.6075025122861595,0.20412414523193206,-0.15294382258037553,-0.4341140500939411,-1.4131385714664848,-0.34899122022605644,1.5866908771712596,-0.1203858530857698,-0.568552036113998,-1.180086032473696,0.9574146064773498,-0.6015544067498438,1.0458250331675945,-0.08481889296799727,2.1343747458109554,0.5799708796235029
0.14656787024195714,0.652427708225426,1.4248870236980242,-0.5421256172169757,-0.2294157338705605,-0.39951110187474415,-0.0929813591060608,-0.3306814747123078,-0.9008169162588779,-0.2190539771691616,-0.7391882433359247,0.20412414523193206,-0.15294382258037553,-0.4341140500939411,0.13990437279387424,-0.34899122022605644,-0.6302424841458696,8.306623862918117,-0.568552036113998,-0.3431455839107911,-0.8465967650815867,-0.6015544067498438,2.091650066335189,-0.08481889296799727,-0.4685212856658194,0.5799708796235029
1.7249910882322665,-1.5327368647783928,-0.7018100265975343,-0.5421256172169757,-0.2294157338705605,-0.39951110187474415,-0.0929813591060608,-0.3306814747123078,1.2741456568257044,-0.2190539771691616,0.596374426685842,0.20412414523193206,-0.15294382258037553,2.303542121669652,-0.4995838983721559,-0.34899122022605644,-0.6302424841458696,-0.1203858530857698,-0.568552036113998,-1.180086032473696,0.9574146064773498,1.6623600272549444,1.0458250331675945,-0.08481889296799727,-0.4685212856658194,0.5799708796235029
1.7249910882322665,-1.5327368647783928,-0.7018100265975343,-0.5421256172169757,-0.2294157338705605,0.7419491891959532,-0.0929813591060608,3.0240581238183513,-0.7335121029446794,-0.2190539771691616,-0.669230198715737,0.20412414523193206,-0.15294382258037553,-0.4341140500939411,-0.5909393656815888,-0.34899122022605644,1.5866908771712596,-0.1203858530857698,-0.568552036113998,-0.3431455839107911,0.9574146064773498,-0.6015544067498438,-1.0458250331675945,-0.08481889296799727,-0.4685212856658194,0.5799708796235029
-1.4318553477483524,0.652427708225426,-0.7018100265975343,-0.5421256172169757,-0.2294157338705605,-0.39951110187474415,-0.0929813591060608,-0.3306814747123078,0.27031677694051254,-0.2190539771691616,-0.7313319923357967,0.20412414523193206,-0.15294382258037553,-0.4341140500939411,-1.139072169538186,-0.34899122022605644,1.5866908771712596,-0.1203858530857698,1.7588539596742978,-1.180086032473696,-0.8465967650815867,-0.6015544067498438,1.0458250331675945,-0.08481889296799727,-0.4685212856658194,0.5799708796235029
0.14656787024195714,0.652427708225426,-0.7018100265975343,1.844590936568452,-0.2294157338705605,0.7419491891959532,-0.0929813591060608,-0.3306814747123078,-0.4825548829733814,-1.241305870625249,-0.6288266221436499,0.20412414523193206,-0.15294382258037553,-0.4341140500939411,2.515146522839129,-0.34899122022605644,-0.6302424841458696,-0.1203858530857698,-0.568552036113998,1.3307353132150186,-0.8465967650815867,-0.6015544067498438,-1.0458250331675945,-0.08481889296799727,2.1343747458109554,0.5799708796235029
1.7249910882322665,0.652427708225426,-0.7018100265975343,-0.5421256172169757,-0.2294157338705605,-0.39951110187474415,-0.0929813591060608,-0.3306814747123078,1.2741456568257044,-0.2190539771691616,4.158997201648666,0.20412414523193206,-0.15294382258037553,2.303542121669652,1.9670137189825319,-0.34899122022605644,-0.6302424841458696,-0.1203858530857698,1.7588539596742978,1.3307353132150186,-0.8465967650815867,-0.6015544067498438,1.0458250331675945,-0.08481889296799727,-0.4685212856658194,-2.394238759471385
0.14656787024195714,-1.5327368647783928,1.4248870236980242,-0.5421256172169757,-0.2294157338705605,-0.39951110187474415,-0.0929813591060608,-0.3306814747123078,-0.23159766300208343,-0.2190539771691616,-0.7425552080502653,0.20412414523193206,-0.15294382258037553,-0.4341140500939411,-1.139072169538186,-0.34899122022605644,-0.6302424841458696,-0.1203858530857698,1.7588539596742978,-1.180086032473696,0.9574146064773498,-0.6015544067498438,0.0,-0.08481889296799727,-0.4685212856658194,-0.9071339399239409
0.14656787024195714,-1.5327368647783928,-0.7018100265975343,-0.5421256172169757,-0.2294157338705605,-0.39951110187474415,-0.0929813591060608,-0.3306814747123078,-0.7335121029446794,-0.2190539771691616,-0.9120257653387416,0.20412414523193206,-0.15294382258037553,-0.4341140500939411,-0.8650057676098875,-0.34899122022605644,1.5866908771712596,-0.1203858530857698,-0.568552036113998,-0.3431455839107911,0.9574146064773498,-0.6015544067498438,-1.0458250331675945,-0.08481889296799727,2.1343747458109554,0.5799708796235029
0.14656787024195714,0.652427708225426,1.4248870236980242,-0.5421256172169757,-0.2294157338705605,0.7419491891959532,-0.0929813591060608,-0.3306814747123078,0.7722312168831085,0.8031979162869259,1.1171316358371863,0.20412414523193206,-0.15294382258037553,-0.4341140500939411,-1.0477167022287532,2.865401597645516,-0.6302424841458696,-0.1203858530857698,-0.568552036113998,0.4937948646521137,1.859420292256818,-0.6015544067498438,0.0,-0.08481889296799727,-0.4685212856658194,-0.9071339399239409
-1.4318553477483524,0.652427708225426,1.4248870236980242,-0.5421256172169757,-0.2294157338705605,-1.5409713929454416,-0.0929813591060608,-0.3306814747123078,-0.23159766300208343,-1.241305870625249,-0.6568846614298215,0.20412414523193206,-0.15294382258037553,-0.4341140500939411,1.2361699805070687,-0.34899122022605644,-0.6302424841458696,-0.1203858530857698,-0.568552036113998,0.4937948646521137,-0.8465967650815867,1.6623600272549444,2.091650066335189,-0.08481889296799727,-0.4685212856658194,0.5799708796235029
0.14656787024195714,0.652427708225426,1.4248870236980242,-0.5421256172169757,-0.2294157338705605,-0.39951110187474415,-0.0929813591060608,-0.3306814747123078,2.277974536710896,-1.241305870625249,2.6266541494332167,0.20412414523193206,-0.15294382258037553,-0.4341140500939411,0.13990437279387424,-0.34899122022605644,-0.6302424841458696,-0.1203858530857698,-0.568552036113998,0.4937948646521137,-0.8465967650815867,1.6623600272549444,-1.0458250331675945,-0.08481889296799727,-0.4685212856658194,0.5799708796235029
-3.0102785657386617,0.652427708225426,1.4248870236980242,-0.5421256172169757,-0.2294157338705605,0.7419491891959532,-0.0929813591060608,-0.3306814747123078,-0.39890247631628206,-0.2190539771691616,-0.7578936028600392,0.20412414523193206,-0.15294382258037553,-0.4341140500939411,2.9719238593862936,-0.34899122022605644,-0.6302424841458696,-0.1203858530857698,1.7588539596742978,-2.0170264810366008,-0.8465967650815867,-0.6015544067498438,1.0458250331675945,-0.08481889296799727,-0.4685212856658194,-2.394238759471385
-3.0102785657386617,-1.5327368647783928,-0.7018100265975343,1.844590936568452,-0.2294157338705605,-0.39951110187474415,-0.0929813591060608,-0.3306814747123078,-1.2354265428872753,1.8254498097430136,-0.6916766301446742,0.20412414523193206,-0.15294382258037553,-0.4341140500939411,-1.139072169538186,2.865401597645516,-0.6302424841458696,-0.1203858530857698,-0.568552036113998,-2.0170264810366008,0.9574146064773498,-0.6015544067498438,0.0,-0.08481889296799727,-0.4685212856658194,-0.9071339399239409
0.14656787024195714,-1.5327368647783928,1.4248870236980242,-0.5421256172169757,-0.2294157338705605,-0.39951110187474415,-0.0929813591060608,-0.3306814747123078,-0.7335121029446794,-0.2190539771691616,-0.7178641334784344,0.20412414523193206,-0.15294382258037553,-0.4341140500939411,-1.4131385714664848,-0.34899122022605644,-0.6302424841458696,-0.1203858530857698,-0.568552036113998,-0.3431455839107911,0.9574146064773498,-0.6015544067498438,0.0,-0.08481889296799727,2.1343747458109554,-0.9071339399239409
0.14656787024195714,0.652427708225426,1.4248870236980242,-0.5421256172169757,-0.2294157338705605,0.7419491891959532,-0.0929813591060608,-0.3306814747123078,-0.7335121029446794,-1.241305870625249,-0.8323409337660144,0.20412414523193206,-0.15294382258037553,-0.4341140500939411,-0.04280656182499151,-0.34899122022605644,-0.6302424841458696,-0.1203858530857698,-0.568552036113998,1.3307353132150186,-0.8465967650815867,1.6623600272549444,-1.0458250331675945,-0.08481889296799727,-0.4685212856658194,0.5799708796235029
0.14656787024195714,-1.5327368647783928,1.4248870236980242,-0.5421256172169757,-0.2294157338705605,-0.39951110187474415,-0.0929813591060608,-0.3306814747123078,-0.4825548829733814,-1.241305870625249,-0.7204828838118104,0.20412414523193206,-0.15294382258037553,-0.4341140500939411,-1.0477167022287532,-0.34899122022605644,-0.6302424841458696,8.306623862918117,-0.568552036113998,-0.3431455839107911,0.9574146064773498,-0.6015544067498438,0.0,-0.08481889296799727,-0.4685212856658194,-0.9071339399239409
0.14656787024195714,0.652427708225426,-0.7018100265975343,-0.5421256172169757,4.358898943540649,1.8834094802666506,-0.0929813591060608,-0.3306814747123078,2.277974536710896,-0.2190539771691616,1.130973601885031,0.20412414523193206,-0.15294382258037553,2.303542121669652,1.3275254478165017,-0.34899122022605644,-0.6302424841458696,-0.1203858530857698,-0.568552036113998,1.3307353132150186,-0.8465967650815867,-0.6015544067498438,1.0458250331675945,-0.08481889296799727,-0.4685212856658194,-2.394238759471385
-1.4318553477483524,0.652427708225426,-0.7018100265975343,-0.5421256172169757,-0.2294157338705605,-2.6824316840161386,-0.0929813591060608,3.0240581238183513,2.277974536710896,0.8031979162869259,0.24059848853718643,0.20412414523193206,-0.15294382258037553,2.303542121669652,-0.1341620291344244,-0.34899122022605644,-0.6302424841458696,-0.1203858530857698,-0.568552036113998,0.4937948646521137,-0.8465967650815867,-0.6015544067498438,1.0458250331675945,-0.08481889296799727,-0.4685212856658194,-2.394238759471385
-1.4318553477483524,0.652427708225426,-0.7018100265975343,1.844590936568452,-0.2294157338705605,0.7419491891959532,-0.0929813591060608,3.0240581238183513,-0.64985969628758,-0.2190539771691616,-0.5251989303800563,0.20412414523193206,-0.15294382258037553,-0.4341140500939411,-0.6822948329910217,-0.34899122022605644,-0.6302424841458696,-0.1203858530857698,-0.568552036113998,-1.180086032473696,-0.8465967650815867,-0.6015544067498438,0.0,-0.08481889296799727,-0.4685212856658194,0.5799708796235029
0.14656787024195714,-1.5327368647783928,1.4248870236980242,-0.5421256172169757,-0.2294157338705605,-0.39951110187474415,-0.0929813591060608,-0.3306814747123078,-0.23159766300208343,-0.2190539771691616,0.2510734898706905,0.20412414523193206,6.538348415311053,-0.4341140500939411,2.8805683920768606,-0.34899122022605644,-0.6302424841458696,-0.1203858530857698,-0.568552036113998,-2.0170264810366008,0.9574146064773498,-0.6015544067498438,1.0458250331675945,-0.08481889296799727,-0.4685212856658194,0.5799708796235029
-3.0102785657386617,0.652427708225426,-0.7018100265975343,1.844590936568452,-0.2294157338705605,-0.39951110187474415,-0.0929813591060608,-0.3306814747123078,-1.2354265428872753,-1.241305870625249,4.2476606057929684,0.20412414523193206,-0.15294382258037553,-0.4341140500939411,-1.139072169538186,-0.34899122022605644,-0.6302424841458696,-0.1203858530857698,1.7588539596742978,-2.0170264810366008,-0.8465967650815867,-0.6015544067498438,1.0458250331675945,-0.08481889296799727,-0.4685212856658194,0.5799708796235029
1.7249910882322665,0.652427708225426,1.4248870236980242,-0.5421256172169757,-0.2294157338705605,1.8834094802666506,-0.0929813591060608,-0.3306814747123078,2.277974536710896,1.8254498097430136,3.572023019781957,0.20412414523193206,-0.15294382258037553,-0.4341140500939411,0.13990437279387424,-0.34899122022605644,-0.6302424841458696,-0.1203858530857698,-0.568552036113998,0.4937948646521137,-0.8465967650815867,1.6623600272549444,-1.0458250331675945,-0.08481889296799727,-0.4685212856658194,0.5799708796235029
0.14656787024195714,0.652427708225426,1.4248870236980242,-0.5421256172169757,-0.2294157338705605,-0.39951110187474415,-0.0929813591060608,3.0240581238183513,1.2741456568257044,0.8031979162869259,0.9506539360725683,0.20412414523193206,-0.15294382258037553,-0.4341140500939411,-0.40822843106272305,-0.34899122022605644,-0.6302424841458696,-0.1203858530857698,-0.568552036113998,0.4937948646521137,-0.8465967650815867,-0.6015544067498438,-1.0458250331675945,-0.08481889296799727,-0.4685212856658194,0.5799708796235029
0.14656787024195714,0.652427708225426,-0.7018100265975343,-0.5421256172169757,-0.2294157338705605,-0.39951110187474415,-0.0929813591060608,-0.3306814747123078,-1.2354265428872753,1.8254498097430136,-0.2072078184701118,0.20412414523193206,-0.15294382258037553,-0.4341140500939411,0.7793926439599044,-0.34899122022605644,1.5866908771712596,-0.1203858530857698,-0.568552036113998,-0.3431455839107911,-0.8465967650815867,1.6623600272549444,0.0,-0.08481889296799727,-0.4685212856658194,-0.9071339399239409
0.14656787024195714,0.652427708225426,-0.7018100265975343,-0.5421256172169757,4.358898943540649,0.7419491891959532,-0.0929813591060608,-0.3306814747123078,0.27031677694051254,-0.2190539771691616,-0.6000203684765137,0.20412414523193206,-0.15294382258037553,2.303542121669652,1.6929473170542333,-0.34899122022605644,-0.6302424841458696,-0.1203858530857698,-0.568552036113998,1.3307353132150186,-0.8465967650815867,-0.6015544067498438,-1.0458250331675945,-0.08481889296799727,-0.4685212856658194,-2.394238759471385
-1.4318553477483524,0.652427708225426,-0.7018100265975343,1.844590936568452,-0.2294157338705605,-1.5409713929454416,-0.0929813591060608,-0.3306814747123078,-1.2354265428872753,1.8254498097430136,-0.5427819683327237,0.20412414523193206,-0.15294382258037553,-0.4341140500939411,0.8707481112693373,-0.34899122022605644,-0.6302424841458696,-0.1203858530857698,-0.568552036113998,1.3307353132150186,-0.8465967650815867,1.6623600272549444,-1.0458250331675945,-0.08481889296799727,-0.4685212856658194,0.5799708796235029
1.7249910882322665,0.652427708225426,1.4248870236980242,-0.5421256172169757,-0.2294157338705605,-0.39951110187474415,10.754843869934366,-0.3306814747123078,1.2741456568257044,-0.2190539771691616,4.734748167800907,0.20412414523193206,-0.15294382258037553,-0.4341140500939411,0.6880371766504715,-0.34899122022605644,-0.6302424841458696,-0.1203858530857698,-0.568552036113998,-2.0170264810366008,0.05540892069788158,-0.6015544067498438,0.0,-0.08481889296799727,-0.4685212856658194,0.5799708796235029
-1.4318553477483524,0.652427708225426,-0.7018100265975343,-0.5421256172169757,-0.2294157338705605,-0.39951110187474415,-0.0929813591060608,-0.3306814747123078,-1.2354265428872753,1.8254498097430136,-0.9505588059584172,0.20412414523193206,6.538348415311053,-0.4341140500939411,-1.139072169538186,-0.34899122022605644,1.5866908771712596,-0.1203858530857698,-0.568552036113998,0.4937948646521137,1.859420292256818,-0.6015544067498438,-1.0458250331675945,-0.08481889296799727,-0.4685212856658194,-0.9071339399239409
0.14656787024195714,-1.5327368647783928,-0.7018100265975343,1.844590936568452,-0.2294157338705605,-0.39951110187474415,-0.0929813591060608,-0.3306814747123078,-0.9008169162588779,-1.241305870625249,-0.8630177233855619,0.20412414523193206,-0.15294382258037553,-0.4341140500939411,0.41397077472217286,-0.34899122022605644,-0.6302424841458696,-0.1203858530857698,-0.568552036113998,0.4937948646521137,0.9574146064773498,-0.6015544067498438,-1.0458250331675945,11.789826122551622,-0.4685212856658194,0.5799708796235029
1.7249910882322665,0.652427708225426,1.4248870236980242,-0.5421256172169757,-0.2294157338705605,-0.39951110187474415,-0.0929813591060608,-0.3306814747123078,0.5212739969118105,-0.2190539771691616,0.08048061101076735,0.20412414523193206,-0.15294382258037553,-0.4341140500939411,-0.7736503003004546,-0.34899122022605644,-0.6302424841458696,-0.1203858530857698,-0.568552036113998,-0.3431455839107911,-0.8465967650815867,1.6623600272549444,0.0,-0.08481889296799727,-0.4685212856658194,0.5799708796235029
1.7249910882322665,0.652427708225426,-0.7018100265975343,-0.5421256172169757,-0.2294157338705605,0.7419491891959532,-0.0929813591060608,-0.3306814747123078,0.27031677694051254,-0.2190539771691616,1.2772495133636053,0.20412414523193206,-0.15294382258037553,2.303542121669652,3.6114121305523237,2.865401597645516,-0.6302424841458696,-0.1203858530857698,-0.568552036113998,-2.0170264810366008,-0.8465967650815867,-0.6015544067498438,0.0,-0.08481889296799727,-0.4685212856658194,-2.394238759471385
0.14656787024195714,0.652427708225426,-0.7018100265975343,-0.5421256172169757,-0.2294157338705605,-2.6824316840161386,-0.0929813591060608,-0.3306814747123078,-0.7335121029446794,-0.2190539771691616,-0.7829587846223524,0.20412414523193206,6.538348415311053,-0.4341140500939411,-0.6822948329910217,-0.34899122022605644,1.5866908771712596,-0.1203858530857698,-0.568552036113998,0.4937948646521137,-0.8465967650815867,-0.6015544067498438,0.0,-0.08481889296799727,-0.4685212856658194,0.5799708796235029
0.14656787024195714,0.652427708225426,-0.7018100265975343,1.844590936568452,-0.2294157338705605,-0.39951110187474415,-0.0929813591060608,-0.3306814747123078,0.019359556969214552,-1.241305870625249,-0.015290829752698265,0.20412414523193206,-0.15294382258037553,-0.4341140500939411,0.5053262420316058,-0.34899122022605644,-0.6302424841458696,-0.1203858530857698,-0.568552036113998,1.3307353132150186,-0.8465967650815867,1.6623600272549444,-1.0458250331675945,-0.08481889296799727,-0.4685212856658194,0.5799708796235029
0.14656787024195714,-1.5327368647783928,1.4248870236980242,-0.5421256172169757,-0.2294157338705605,-0.39951110187474415,-0.0929813591060608,-0.3306814747123078,-0.4825548829733814,-0.2190539771691616,-0.2580863963757029,0.20412414523193206,-0.15294382258037553,-0.4341140500939411,-1.139072169538186,-0.34899122022605644,-0.6302424841458696,-0.1203858530857698,1.7588539596742978,-2.0170264810366008,0.9574146064773498,-0.6015544067498438,0.0,-0.08481889296799727,-0.4685212856658194,-0.9071339399239409
0.14656787024195714,-1.5327368647783928,-0.7018100265975343,-0.5421256172169757,-0.2294157338705605,-0.39951110187474415,-0.0929813591060608,-0.3306814747123078,0.5212739969118105,-0.2190539771691616,-0.23601407213724795,0.20412414523193206,-0.15294382258037553,-0.4341140500939411,-1.3217831041570518,-0.34899122022605644,1.5866908771712596,-0.1203858530857698,1.7588539596742978,-0.3431455839107911,0.9574146064773498,-0.6015544067498438,-1.0458250331675945,-0.08481889296799727,-0.4685212856658194,-0.9071339399239409
0.14656787024195714,0.652427708225426,1.4248870236980242,-0.5421256172169757,-0.2294157338705605,0.7419491891959532,-0.0929813591060608,-0.3306814747123078,-0.7335121029446794,-0.2190539771691616,0.15567615629770717,0.20412414523193206,-0.15294382258037553,-0.4341140500939411,-0.6822948329910217,-0.34899122022605644,-0.6302424841458696,-0.1203858530857698,-0.568552036113998,1.3307353132150186,-0.8465967650815867,-0.6015544067498438,1.0458250331675945,-0.08481889296799727,2.1343747458109554,-0.9071339399239409
1.7249910882322665,0.652427708225426,1.4248870236980242,-0.5421256172169757,-0.2294157338705605,-0.39951110187474415,-0.0929813591060608,-0.3306814747123078,0.27031677694051254,-1.241305870625249,1.1642691418379545,0.20412414523193206,-0.15294382258037553,-0.4341140500939411,0.5053262420316058,2.865401597645516,-0.6302424841458696,-0.1203858530857698,-0.568552036113998,1.3307353132150186,-0.8465967650815867,-0.6015544067498438,-1.0458250331675945,-0.08481889296799727,-0.4685212856658194,0.5799708796235029
0.14656787024195714,0.652427708225426,-0.7018100265975343,-0.5421256172169757,-0.2294157338705605,-0.39951110187474415,-0.0929813591060608,-0.3306814747123078,-0.7335121029446794,-1.241305870625249,-0.34487926456759366,0.20412414523193206,-0.15294382258037553,2.303542121669652,0.13990437279387424,-0.34899122022605644,-0.6302424841458696,-0.1203858530857698,-0.568552036113998,-0.3431455839107911,-0.8465967650815867,1.6623600272549444,-1.0458250331675945,-0.08481889296799727,-0.4685212856658194,-2.394238759471385
1.7249910882322665,0.652427708225426,1.4248870236980242,-0.5421256172169757,-0.2294157338705605,-1.5409713929454416,10.754843869934366,-0.3306814747123078,0.27031677694051254,-1.241305870625249,-0.6894319870017805,0.20412414523193206,-0.15294382258037553,-0.4341140500939411,0.41397077472217286,-0.34899122022605644,-0.6302424841458696,-0.1203858530857698,-0.568552036113998,1.3307353132150186,-0.8465967650815867,-0.6015544067498438,0.0,-0.08481889296799727,-0.4685212856658194,0.5799708796235029
1.7249910882322665,0.652427708225426,1.4248870236980242,-0.5421256172169757,-0.2294157338705605,-0.39951110187474415,10.754843869934366,-0.3306814747123078,0.27031677694051254,-0.2190539771691616,3.0404167021066266,0.20412414523193206,-0.15294382258037553,-0.4341140500939411,-0.5909393656815888,-0.34899122022605644,-0.6302424841458696,-0.1203858530857698,-0.568552036113998,-0.3431455839107911,-0.8465967650815867,-0.6015544067498438,1.0458250331675945,-0.08481889296799727,-0.4685212856658194,0.5799708796235029
1.7249910882322665,0.652427708225426,-0.7018100265975343,1.844590936568452,-0.2294157338705605,-0.39951110187474415,-0.0929813591060608,-0.3306814747123078,0.7722312168831085,-0.2190539771691616,0.24546188201345617,0.20412414523193206,-0.15294382258037553,-0.4341140500939411,0.41397077472217286,2.865401597645516,-0.6302424841458696,-0.1203858530857698,-0.568552036113998,-0.3431455839107911,0.05540892069788158,-0.6015544067498438,0.0,-0.08481889296799727,-0.4685212856658194,0.5799708796235029
-1.4318553477483524,-1.5327368647783928,-0.7018100265975343,-0.5421256172169757,-0.2294157338705605,-0.39951110187474415,-0.0929813591060608,-0.3306814747123078,-0.4825548829733814,0.8031979162869259,-0.2131935335178284,0.20412414523193206,6.538348415311053,-0.4341140500939411,-0.9563612349193203,-0.34899122022605644,1.5866908771712596,-0.1203858530857698,-0.568552036113998,-0.3431455839107911,0.9574146064773498,-0.6015544067498438,1.0458250331675945,-0.08481889296799727,-0.4685212856658194,0.5799708796235029
0.14656787024195714,-1.5327368647783928,-0.7018100265975343,1.844590936568452,-0.2294157338705605,-0.39951110187474415,-0.0929813591060608,-0.3306814747123078,0.27031677694051254,-0.2190539771691616,-0.0074345787525702265,0.20412414523193206,-0.15294382258037553,-0.4341140500939411,-0.8650057676098875,-0.34899122022605644,-0.6302424841458696,-0.1203858530857698,-0.568552036113998,-1.180086032473696,0.9574146064773498,1.6623600272549444,-1.0458250331675945,-0.08481889296799727,-0.4685212856658194,0.5799708796235029
0.14656787024195714,0.652427708225426,-0.7018100265975343,-0.5421256172169757,-0.2294157338705605,-0.39951110187474415,-0.0929813591060608,-0.3306814747123078,2.0270173167395984,-0.2190539771691616,-0.5072417852369064,0.20412414523193206,-0.15294382258037553,2.303542121669652,-1.139072169538186,-0.34899122022605644,-0.6302424841458696,-0.1203858530857698,-0.568552036113998,-0.3431455839107911,-0.8465967650815867,1.6623600272549444,0.0,-0.08481889296799727,-0.4685212856658194,-2.394238759471385
0.14656787024195714,-1.5327368647783928,-0.7018100265975343,1.844590936568452,-0.2294157338705605,-0.39951110187474415,-0.0929813591060608,-0.3306814747123078,0.27031677694051254,-0.2190539771691616,0.28848420891891924,0.20412414523193206,-0.15294382258037553,-0.4341140500939411,-0.9563612349193203,-0.34899122022605644,-0.6302424841458696,-0.1203858530857698,-0.568552036113998,0.4937948646521137,0.9574146064773498,-0.6015544067498438,-1.0458250331675945,-0.08481889296799727,2.1343747458109554,-0.9071339399239409
0.14656787024195714,-1.5327368647783928,-0.7018100265975343,-0.5421256172169757,-0.2294157338705605,-0.39951110187474415,-0.0929813591060608,-0.3306814747123078,-0.23159766300208343,-0.2190539771691616,-0.47057928056964227,0.20412414523193206,6.538348415311053,-0.4341140500939411,-1.139072169538186,-0.34899122022605644,1.5866908771712596,-0.1203858530857698,-0.568552036113998,-1.180086032473696,0.9574146064773498,-0.6015544067498438,-1.0458250331675945,-0.08481889296799727,-0.4685212856658194,0.5799708796235029
0.14656787024195714,-1.5327368647783928,1.4248870236980242,-0.5421256172169757,-0.2294157338705605,-0.39951110187474415,-0.0929813591060608,-0.3306814747123078,-0.4825548829733814,0.8031979162869259,0.22862705844175324,0.20412414523193206,-0.15294382258037553,-0.4341140500939411,-1.139072169538186,2.865401597645516,-0.6302424841458696,-0.1203858530857698,-0.568552036113998,-1.180086032473696,0.9574146064773498,-0.6015544067498438,-1.0458250331675945,-0.08481889296799727,-0.4685212856658194,0.5799708796235029
-3.0102785657386617,-1.5327368647783928,1.4248870236980242,-0.5421256172169757,-0.2294157338705605,0.7419491891959532,-0.0929813591060608,-0.3306814747123078,-0.23159766300208343,-0.2190539771691616,-0.7866998565271752,0.20412414523193206,-0.15294382258037553,-0.4341140500939411,2.697857457457995,-0.34899122022605644,-0.6302424841458696,-0.1203858530857698,-0.568552036113998,-2.0170264810366008,0.9574146064773498,1.6623600272549444,-1.0458250331675945,-0.08481889296799727,-0.4685212856658194,0.5799708796235029
1.7249910882322665,0.652427708225426,-0.7018100265975343,1.844590936568452,-0.2294157338705605,-0.39951110187474415,-0.0929813591060608,3.0240581238183513,0.27031677694051254,2.847701703199101,0.5200565598274552,0.20412414523193206,-0.15294382258037553,-0.4341140500939411,1.6929473170542333,-0.34899122022605644,-0.6302424841458696,-0.1203858530857698,-0.568552036113998,-0.3431455839107911,-0.8465967650815867,-0.6015544067498438,-1.0458250331675945,-0.08481889296799727,-0.4685212856658194,0.5799708796235029
0.14656787024195714,0.652427708225426,-0.7018100265975343,1.844590936568452,-0.2294157338705605,-0.39951110187474415,-0.0929813591060608,-0.3306814747123078,0.27031677694051254,1.8254498097430136,-0.13687566665944173,0.20412414523193206,-0.15294382258037553,-0.4341140500939411,1.6015918497448003,-0.34899122022605644,-0.6302424841458696,-0.1203858530857698,-0.568552036113998,1.3307353132150186,-0.8465967650815867,-0.6015544067498438,-1.0458250331675945,-0.08481889296799727,2.1343747458109554,0.5799708796235029
0.14656787024195714,-1.5327368647783928,-0.7018100265975343,1.844590936568452,-0.2294157338705605,-0.39951110187474415,-0.0929813591060608,-0.3306814747123078,-0.4825548829733814,-0.2190539771691616,0.2836208154426495,0.20412414523193206,-0.15294382258037553,-0.4341140500939411,-0.5909393656815888,-0.34899122022605644,-0.6302424841458696,-0.1203858530857698,1.7588539596742978,-0.3431455839107911,0.9574146064773498,-0.6015544067498438,0.0,-0.08481889296799727,-0.4685212856658194,0.5799708796235029
0.14656787024195714,0.652427708225426,-0.7018100265975343,1.844590936568452,-0.2294157338705605,0.7419491891959532,-0.0929813591060608,3.0240581238183513,0.019359556969214552,-0.2190539771691616,0.16876990796458724,0.20412414523193206,-0.15294382258037553,-0.4341140500939411,-0.7736503003004546,-0.34899122022605644,-0.6302424841458696,-0.1203858530857698,-0.568552036113998,0.4937948646521137,-0.8465967650815867,-0.6015544067498438,1.0458250331675945,-0.08481889296799727,-0.4685212856658194,0.5799708796235029
0.14656787024195714,0.652427708225426,-0.7018100265975343,-0.5421256172169757,-0.2294157338705605,-0.39951110187474415,-0.0929813591060608,-0.3306814747123078,-1.1517741362301759,-0.2190539771691616,-0.2940006866620025,0.20412414523193206,-0.15294382258037553,-0.4341140500939411,-0.1341620291344244,-0.34899122022605644,1.5866908771712596,-0.1203858530857698,-0.568552036113998,-0.3431455839107911,-0.8465967650815867,1.6623600272549444,1.0458250331675945,-0.08481889296799727,-0.4685212856658194,0.5799708796235029
0.14656787024195714,0.652427708225426,-0.7018100265975343,-0.5421256172169757,-0.2294157338705605,-0.39951110187474415,-0.0929813591060608,3.0240581238183513,-1.0681217295730767,-0.2190539771691616,-0.8581543299092922,0.20412414523193206,-0.15294382258037553,-0.4341140500939411,-0.8650057676098875,-0.34899122022605644,1.5866908771712596,-0.1203858530857698,-0.568552036113998,-1.180086032473696,1.859420292256818,-0.6015544067498438,1.0458250331675945,-0.08481889296799727,-0.4685212856658194,0.5799708796235029
-1.4318553477483524,-1.5327368647783928,-0.7018100265975343,-0.5421256172169757,-0.2294157338705605,-0.39951110187474415,-0.0929813591060608,-0.3306814747123078,-0.9844693229159773,-0.2190539771691616,-0.9187596947674228,0.20412414523193206,-0.15294382258037553,-0.4341140500939411,-0.6822948329910217,-0.34899122022605644,1.5866908771712596,-0.1203858530857698,-0.568552036113998,-0.3431455839107911,0.9574146064773498,1.6623600272549444,2.091650066335189,-0.08481889296799727,-0.4685212856658194,0.5799708796235029
-1.4318553477483524,-1.5327368647783928,-0.7018100265975343,-0.5421256172169757,-0.2294157338705605,-0.39951110187474415,10.754843869934366,-0.3306814747123078,0.27031677694051254,-0.2190539771691616,-0.5409114323803124,0.20412414523193206,-0.15294382258037553,-0.4341140500939411,2.058369186291965,-0.34899122022605644,1.5866908771712596,-0.1203858530857698,-0.568552036113998,1.3307353132150186,0.9574146064773498,-0.6015544067498438,0.0,-0.08481889296799727,-0.4685212856658194,0.5799708796235029
0.14656787024195714,0.652427708225426,-0.7018100265975343,-0.5421256172169757,-0.2294157338705605,0.7419491891959532,-0.0929813591060608,-0.3306814747123078,0.27031677694051254,0.8031979162869259,-0.7425552080502653,0.20412414523193206,-0.15294382258037553,2.303542121669652,0.23125984010330713,-0.34899122022605644,-0.6302424841458696,-0.1203858530857698,-0.568552036113998,-1.180086032473696,-0.8465967650815867,1.6623600272549444,1.0458250331675945,-0.08481889296799727,-0.4685212856658194,0.5799708796235029
0.14656787024195714,0.652427708225426,-0.7018100265975343,-0.5421256172169757,-0.2294157338705605,-0.39951110187474415,-0.0929813591060608,-0.3306814747123078,0.27031677694051254,-0.2190539771691616,-0.01940600884800343,0.20412414523193206,-0.15294382258037553,2.303542121669652,-1.230427636847619,-0.34899122022605644,-0.6302424841458696,-0.1203858530857698,-0.568552036113998,-1.180086032473696,-0.8465967650815867,-0.6015544067498438,0.0,-0.08481889296799727,2.1343747458109554,-2.394238759471385
0.14656787024195714,-1.5327368647783928,-0.7018100265975343,-0.5421256172169757,-0.2294157338705605,-1.5409713929454416,-0.0929813591060608,3.0240581238183513,2.277974536710896,-0.2190539771691616,0.15268329877384887,0.20412414523193206,-0.15294382258037553,-0.4341140500939411,-0.7736503003004546,-0.34899122022605644,1.5866908771712596,-0.1203858530857698,-0.568552036113998,-0.3431455839107911,0.9574146064773498,-0.6015544067498438,-1.0458250331675945,-0.08481889296799727,-0.4685212856658194,0.5799708796235029
0.14656787024195714,0.652427708225426,1.4248870236980242,-0.5421256172169757,-0.2294157338705605,-0.39951110187474415,-0.0929813591060608,-0.3306814747123078,1.2741456568257044,-0.2190539771691616,2.270878211284561,0.20412414523193206,-0.15294382258037553,-0.4341140500939411,-1.0477167022287532,-0.34899122022605644,-0.6302424841458696,-0.1203858530857698,1.7588539596742978,0.4937948646521137,-0.8465967650815867,-0.6015544067498438,0.0,-0.08481889296799727,-0.4685212856658194,0.5799708796235029
0.14656787024195714,-1.5327368647783928,-0.7018100265975343,-0.5421256172169757,-0.2294157338705605,-0.39951110187474415,-0.0929813591060608,-0.3306814747123078,0.27031677694051254,-1.241305870625249,-0.7167418119069875,0.20412414523193206,-0.15294382258037553,2.303542121669652,-0.31687296375329016,-0.34899122022605644,-0.6302424841458696,-0.1203858530857698,1.7588539596742978,0.4937948646521137,0.9574146064773498,-0.6015544067498438,0.0,-0.08481889296799727,-0.4685212856658194,-0.9071339399239409
0.14656787024195714,0.652427708225426,-0.7018100265975343,-0.5421256172169757,-0.2294157338705605,-2.6824316840161386,-0.0929813591060608,-0.3306814747123078,2.277974536710896,-0.2190539771691616,1.4657995373666783,0.20412414523193206,-0.15294382258037553,2.303542121669652,1.6015918497448003,-0.34899122022605644,-0.6302424841458696,-0.1203858530857698,-0.568552036113998,-0.3431455839107911,-0.8465967650815867,-0.6015544067498438,0.0,-0.08481889296799727,2.1343747458109554,-2.394238759471385
0.14656787024195714,-1.5327368647783928,1.4248870236980242,-0.5421256172169757,4.358898943540649,0.7419491891959532,-0.0929813591060608,-0.3306814747123078,-0.7335121029446794,-1.241305870625249,-0.44476588442636444,0.20412414523193206,-0.15294382258037553,-0.4341140500939411,2.3324355882202634,-0.34899122022605644,-0.6302424841458696,-0.1203858530857698,-0.568552036113998,0.4937948646521137,0.9574146064773498,-0.6015544067498438,-1.0458250331675945,-0.08481889296799727,-0.4685212856658194,0.5799708796235029
1.7249910882322665,0.652427708225426,-0.7018100265975343,-0.5421256172169757,-0.2294157338705605,0.7419491891959532,-0.0929813591060608,-0.3306814747123078,0.019359556969214552,-1.241305870625249,3.546209623638679,0.20412414523193206,-0.15294382258037553,2.303542121669652,-0.4995838983721559,-0.34899122022605644,-0.6302424841458696,-0.1203858530857698,1.7588539596742978,1.3307353132150186,-0.8465967650815867,-0.6015544067498438,-1.0458250331675945,-0.08481889296799727,-0.4685212856658194,-2.394238759471385
0.14656787024195714,0.652427708225426,-0.7018100265975343,-0.5421256172169757,-0.2294157338705605,-0.39951110187474415,-0.0929813591060608,-0.3306814747123078,-0.23159766300208343,-0.2190539771691616,-0.4301757039975552,0.20412414523193206,-0.15294382258037553,-0.4341140500939411,-0.22551749644385727,-0.34899122022605644,1.5866908771712596,-0.1203858530857698,-0.568552036113998,-1.180086032473696,-0.8465967650815867,1.6623600272549444,-1.0458250331675945,-0.08481889296799727,-0.4685212856658194,0.5799708796235029
0.14656787024195714,0.652427708225426,1.4248870236980242,-0.5421256172169757,-0.2294157338705605,-2.6824316840161386,-0.0929813591060608,3.0240581238183513,2.0270173167395984,-0.2190539771691616,3.2229810110619828,0.20412414523193206,-0.15294382258037553,-0.4341140500939411,-0.5909393656815888,-0.34899122022605644,-0.6302424841458696,-0.1203858530857698,-0.568552036113998,1.3307353132150186,-0.8465967650815867,-0.6015544067498438,0.0,-0.08481889296799727,-0.4685212856658194,-0.9071339399239409
0.14656787024195714,-1.5327368647783928,1.4248870236980242,-0.5421256172169757,-0.2294157338705605,-0.39951110187474415,-0.0929813591060608,-0.3306814747123078,0.27031677694051254,-0.2190539771691616,0.17176276548844552,0.20412414523193206,-0.15294382258037553,-0.4341140500939411,-0.6822948329910217,-0.34899122022605644,-0.6302424841458696,-0.1203858530857698,-0.568552036113998,-0.3431455839107911,0.9574146064773498,1.6623600272549444,0.0,-0.08481889296799727,-0.4685212856658194,0.5799708796235029
0.14656787024195714,0.652427708225426,-0.7018100265975343,-0.5421256172169757,-0.2294157338705605,0.7419491891959532,-0.0929813591060608,3.0240581238183513,-0.23159766300208343,-1.241305870625249,-0.49152928323665035,0.20412414523193206,-0.15294382258037553,-0.4341140500939411,-0.6822948329910217,-0.34899122022605644,1.5866908771712596,-0.1203858530857698,-0.568552036113998,-0.3431455839107911,1.859420292256818,-0.6015544067498438,1.0458250331675945,-0.08481889296799727,-0.4685212856658194,0.5799708796235029
-3.0102785657386617,-1.5327368647783928,-0.7018100265975343,-0.5421256172169757,-0.2294157338705605,-0.39951110187474415,-0.0929813591060608,-0.3306814747123078,0.27031677694051254,1.8254498097430136,0.20842527015570972,0.20412414523193206,-0.15294382258037553,2.303542121669652,-1.139072169538186,-0.34899122022605644,-0.6302424841458696,-0.1203858530857698,-0.568552036113998,-2.0170264810366008,0.9574146064773498,1.6623600272549444,1.0458250331675945,-0.08481889296799727,-0.4685212856658194,-0.9071339399239409
0.14656787024195714,0.652427708225426,-0.7018100265975343,-0.5421256172169757,-0.2294157338705605,-0.39951110187474415,-0.0929813591060608,-0.3306814747123078,0.019359556969214552,-0.2190539771691616,-0.35909533780592057,0.20412414523193206,-0.15294382258037553,-0.4341140500939411,1.3275254478165017,-0.34899122022605644,1.5866908771712596,-0.1203858530857698,-0.568552036113998,1.3307353132150186,-0.8465967650815867,-0.6015544067498438,-1.0458250331675945,-0.08481889296799727,2.1343747458109554,0.5799708796235029
0.14656787024195714,-1.5327368647783928,1.4248870236980242,-0.5421256172169757,-0.2294157338705605,1.8834094802666506,-0.0929813591060608,-0.3306814747123078,1.2741456568257044,1.8254498097430136,1.674925456846277,0.20412414523193206,-0.15294382258037553,-0.4341140500939411,0.41397077472217286,-0.34899122022605644,-0.6302424841458696,-0.1203858530857698,-0.568552036113998,0.4937948646521137,0.9574146064773498,-0.6015544067498438,-1.0458250331675945,-0.08481889296799727,2.1343747458109554,0.5799708796235029
-1.4318553477483524,-1.5327368647783928,-0.7018100265975343,-0.5421256172169757,-0.2294157338705605,0.7419491891959532,-0.0929813591060608,-0.3306814747123078,-0.23159766300208343,-0.2190539771691616,-0.5259471447610208,0.20412414523193206,-0.15294382258037553,-0.4341140500939411,1.144814513197636,-0.34899122022605644,1.5866908771712596,-0.1203858530857698,-0.568552036113998,1.3307353132150186,0.9574146064773498,1.6623600272549444,1.0458250331675945,-0.08481889296799727,-0.4685212856658194,-0.9071339399239409
0.14656787024195714,0.652427708225426,1.4248870236980242,-0.5421256172169757,-0.2294157338705605,-0.39951110187474415,-0.0929813591060608,3.0240581238183513,2.277974536710896,-0.2190539771691616,4.665538337561684,0.20412414523193206,-0.15294382258037553,-0.4341140500939411,-1.139072169538186,-0.34899122022605644,-0.6302424841458696,-0.1203858530857698,-0.568552036113998,-0.3431455839107911,-0.8465967650815867,-0.6015544067498438,1.0458250331675945,-0.08481889296799727,-0.4685212856658194,0.5799708796235029
-1.4318553477483524,0.652427708225426,-0.7018100265975343,-0.5421256172169757,-0.2294157338705605,0.7419491891959532,-0.0929813591060608,-0.3306814747123078,-1.4027313562014738,-0.2190539771691616,-0.619848049572075,0.20412414523193206,-0.15294382258037553,-0.4341140500939411,0.5966817093410386,-0.34899122022605644,1.5866908771712596,-0.1203858530857698,-0.568552036113998,0.4937948646521137,-0.8465967650815867,1.6623600272549444,-1.0458250331675945,-0.08481889296799727,-0.4685212856658194,0.5799708796235029
-1.4318553477483524,-1.5327368647783928,-0.7018100265975343,-0.5421256172169757,-0.2294157338705605,0.7419491891959532,-0.0929813591060608,-0.3306814747123078,-0.7335121029446794,-0.2190539771691616,0.13921543991648652,0.20412414523193206,-0.15294382258037553,-0.4341140500939411,-1.139072169538186,-0.34899122022605644,1.5866908771712596,-0.1203858530857698,-0.568552036113998,-0.3431455839107911,0.9574146064773498,1.6623600272549444,1.0458250331675945,-0.08481889296799727,-0.4685212856658194,0.5799708796235029
0.14656787024195714,0.652427708225426,1.4248870236980242,-0.5421256172169757,-0.2294157338705605,-0.39951110187474415,-0.0929813591060608,-0.3306814747123078,0.019359556969214552,-1.241305870625249,0.2899806376808484,0.20412414523193206,-0.15294382258037553,-0.4341140500939411,-0.04280656182499151,-0.34899122022605644,-0.6302424841458696,-0.1203858530857698,-0.568552036113998,0.4937948646521137,-0.8465967650815867,-0.6015544067498438,1.0458250331675945,-0.08481889296799727,2.1343747458109554,0.5799708796235029
0.14656787024195714,-1.5327368647783928,-0.7018100265975343,1.844590936568452,-0.2294157338705605,0.7419491891959532,-0.0929813591060608,-0.3306814747123078,-0.23159766300208343,-0.2190539771691616,0.1538056203452957,0.20412414523193206,-0.15294382258037553,-0.4341140500939411,0.13990437279387424,-0.34899122022605644,-0.6302424841458696,-0.1203858530857698,-0.568552036113998,1.3307353132150186,0.9574146064773498,-0.6015544067498438,1.0458250331675945,-0.08481889296799727,2.1343747458109554,0.5799708796235029
0.14656787024195714,0.652427708225426,-0.7018100265975343,-0.5421256172169757,-0.2294157338705605,0.7419491891959532,-0.0929813591060608,-0.3306814747123078,-1.2354265428872753,-1.241305870625249,-0.9355945183391258,0.20412414523193206,-0.15294382258037553,2.303542121669652,0.048548905484441365,-0.34899122022605644,-0.6302424841458696,-0.1203858530857698,-0.568552036113998,1.3307353132150186,-0.8465967650815867,1.6623600272549444,-1.0458250331675945,-0.08481889296799727,-0.4685212856658194,-2.394238759471385
0.14656787024195714,0.652427708225426,-0.7018100265975343,-0.5421256172169757,-0.2294157338705605,-0.39951110187474415,-0.0929813591060608,-0.3306814747123078,0.27031677694051254,1.8254498097430136,-0.05195333441996245,0.20412414523193206,-0.15294382258037553,2.303542121669652,-0.31687296375329016,-0.34899122022605644,-0.6302424841458696,-0.1203858530857698,-0.568552036113998,1.3307353132150186,-0.8465967650815867,-0.6015544067498438,-1.0458250331675945,-0.08481889296799727,2.1343747458109554,-0.9071339399239409
0.14656787024195714,0.652427708225426,1.4248870236980242,-0.5421256172169757,-0.2294157338705605,-0.39951110187474415,-0.0929813591060608,-0.3306814747123078,-0.9844693229159773,-1.241305870625249,-0.4380319549976832,0.20412414523193206,-0.15294382258037553,-0.4341140500939411,-1.0477167022287532,-0.34899122022605644,-0.6302424841458696,-0.1203858530857698,-0.568552036113998,0.4937948646521137,-0.8465967650815867,-0.6015544067498438,1.0458250331675945,-0.08481889296799727,2.1343747458109554,0.5799708796235029
1.7249910882322665,0.652427708225426,-0.7018100265975343,-0.5421256172169757,-0.2294157338705605,0.7419491891959532,-0.0929813591060608,-0.3306814747123078,3.2818034165960883,-1.241305870625249,3.9487489605976207,0.20412414523193206,-0.15294382258037553,2.303542121669652,2.515146522839129,-0.34899122022605644,-0.6302424841458696,-0.1203858530857698,1.7588539596742978,1.3307353132150186,-0.8465967650815867,-0.6015544067498438,-1.0458250331675945,-0.08481889296799727,-0.4685212856658194,-2.394238759471385
0.14656787024195714,0.652427708225426,-0.7018100265975343,-0.5421256172169757,-0.2294157338705605,1.8834094802666506,-0.0929813591060608,-0.3306814747123078,0.27031677694051254,-0.2190539771691616,-0.8143837886228645,0.20412414523193206,-0.15294382258037553,-0.4341140500939411,1.144814513197636,-0.34899122022605644,1.5866908771712596,-0.1203858530857698,-0.568552036113998,-1.180086032473696,1.859420292256818,1.6623600272549444,0.0,-0.08481889296799727,-0.4685212856658194,0.5799708796235029
0.14656787024195714,0.652427708225426,-0.7018100265975343,-0.5421256172169757,-0.2294157338705605,0.7419491891959532,-0.0929813591060608,-0.3306814747123078,2.277974536710896,1.8254498097430136,2.5911139663373994,0.20412414523193206,-0.15294382258037553,2.303542121669652,0.7793926439599044,-0.34899122022605644,-0.6302424841458696,-0.1203858530857698,1.7588539596742978,-0.3431455839107911,-0.8465967650815867,-0.6015544067498438,-1.0458250331675945,-0.08481889296799727,-0.4685212856658194,-2.394238759471385
0.14656787024195714,-1.5327368647783928,-0.7018100265975343,1.844590936568452,-0.2294157338705605,0.7419491891959532,-0.0929813591060608,-0.3306814747123078,-0.23159766300208343,-0.2190539771691616,-0.8027864657179137,0.20412414523193206,-0.15294382258037553,-0.4341140500939411,-0.4995838983721559,-0.34899122022605644,-0.6302424841458696,-0.1203858530857698,1.7588539596742978,-1.180086032473696,0.9574146064773498,-0.6015544067498438,-1.0458250331675945,-0.08481889296799727,-0.4685212856658194,0.5799708796235029
1.7249910882322665,0.652427708225426,-0.7018100265975343,1.844590936568452,-0.2294157338705605,1.8834094802666506,-0.0929813591060608,-0.3306814747123078,-1.2354265428872753,-0.2190539771691616,-0.7451739583836413,0.20412414523193206,-0.15294382258037553,-0.4341140500939411,1.053459045888203,-0.34899122022605644,-0.6302424841458696,-0.1203858530857698,1.7588539596742978,-2.0170264810366008,-0.8465967650815867,-0.6015544067498438,1.0458250331675945,-0.08481889296799727,-0.4685212856658194,0.5799708796235029
0.14656787024195714,-1.5327368647783928,-0.7018100265975343,1.844590936568452,-0.2294157338705605,-0.39951110187474415,-0.0929813591060608,-0.3306814747123078,-0.7335121029446794,1.8254498097430136,-0.6789569856682764,0.20412414523193206,-0.15294382258037553,-0.4341140500939411,-0.8650057676098875,-0.34899122022605644,-0.6302424841458696,-0.1203858530857698,1.7588539596742978,-0.3431455839107911,0.9574146064773498,-0.6015544067498438,-1.0458250331675945,-0.08481889296799727,-0.4685212856658194,0.5799708796235029
0.14656787024195714,0.652427708225426,-0.7018100265975343,-0.5421256172169757,-0.2294157338705605,0.7419491891959532,-0.0929813591060608,-0.3306814747123078,0.27031677694051254,2.847701703199101,0.9738485818824701,0.20412414523193206,-0.15294382258037553,-0.4341140500939411,-0.7736503003004546,2.865401597645516,1.5866908771712596,-0.1203858530857698,-0.568552036113998,-0.3431455839107911,-0.8465967650815867,-0.6015544067498438,-1.0458250331675945,-0.08481889296799727,-0.4685212856658194,0.5799708796235029
0.14656787024195714,0.652427708225426,-0.7018100265975343,-0.5421256172169757,-0.2294157338705605,0.7419491891959532,-0.0929813591060608,-0.3306814747123078,0.27031677694051254,-0.2190539771691616,-0.4275569536641792,0.20412414523193206,6.538348415311053,-0.4341140500939411,-0.22551749644385727,-0.34899122022605644,1.5866908771712596,-0.1203858530857698,-0.568552036113998,-0.3431455839107911,0.05540892069788158,-0.6015544067498438,-1.0458250331675945,-0.08481889296799727,-0.4685212856658194,0.5799708796235029
0.14656787024195714,0.652427708225426,1.4248870236980242,-0.5421256172169757,4.358898943540649,0.7419491891959532,-0.0929813591060608,-0.3306814747123078,-0.9844693229159773,1.8254498097430136,-0.8473052213853058,0.20412414523193206,-0.15294382258037553,-0.4341140500939411,1.5102363824353675,-0.34899122022605644,-0.6302424841458696,-0.1203858530857698,-0.568552036113998,1.3307353132150186,-0.8465967650815867,-0.6015544067498438,-1.0458250331675945,-0.08481889296799727,-0.4685212856658194,0.5799708796235029
