job,sex,"property_if not A121/A122 : car or other, not in attribute 6",property_if not A121 : building society savings agreement/ life insurance,purpose_(vacation - does not exist?),credit_history,purpose_furniture/equipment,purpose_business,duration_in_month,savings,credit_amount,foreign_worker,purpose_education,property_unknown / no property,age,purpose_car (used),property_real estate,purpose_repairs,purpose_car (new),present_emp_since,personal_status,purpose_domestic appliances,account_check_status,purpose_retraining,purpose_radio/television,housing
0.14656787024195714,-1.5327368647783928,1.4248870236980242,-0.5421256172169757,-0.2294157338705605,-0.39951110187474415,-0.0929813591060608,-0.3306814747123078,-0.7335121029446794,-0.2190539771691616,-0.7130007400021646,0.20412414523193206,-0.15294382258037553,-0.4341140500939411,-0.9563612349193203,-0.34899122022605644,-0.6302424841458696,-0.1203858530857698,1.7588539596742978,-1.180086032473696,0.9574146064773498,-0.6015544067498438,1.0458250331675945,-0.08481889296799727,-0.4685212856658194,-0.9071339399239409
-1.4318553477483524,-1.5327368647783928,-0.7018100265975343,1.844590936568452,-0.2294157338705605,-0.39951110187474415,-0.0929813591060608,3.0240581238183513,-0.23159766300208343,0.8031979162869259,-0.6108694770005001,0.20412414523193206,-0.15294382258037553,-0.4341140500939411,-1.0477167022287532,-0.34899122022605644,-0.6302424841458696,-0.1203858530857698,-0.568552036113998,-0.3431455839107911,0.9574146064773498,-0.6015544067498438,-1.0458250331675945,-0.08481889296799727,-0.4685212856658194,-0.9071339399239409
0.14656787024195714,0.652427708225426,1.4248870236980242,-0.5421256172169757,-0.2294157338705605,-2.6824316840161386,-0.0929813591060608,3.0240581238183513,-0.23159766300208343,-0.2190539771691616,0.36068689668200077,0.20412414523193206,-0.15294382258037553,-0.4341140500939411,0.048548905484441365,-0.34899122022605644,-0.6302424841458696,-0.1203858530857698,-0.568552036113998,-0.3431455839107911,-0.8465967650815867,-0.6015544067498438,-1.0458250331675945,-0.08481889296799727,-0.4685212856658194,0.5799708796235029
0.14656787024195714,-1.5327368647783928,1.4248870236980242,-0.5421256172169757,-0.2294157338705605,-0.39951110187474415,-0.0929813591060608,-0.3306814747123078,0.27031677694051254,-0.2190539771691616,-0.46160070799806735,0.20412414523193206,-0.15294382258037553,-0.4341140500939411,-1.4131385714664848,-0.34899122022605644,-0.6302424841458696,-0.1203858530857698,-0.568552036113998,1.3307353132150186,0.9574146064773498,1.6623600272549444,1.0458250331675945,-0.08481889296799727,-0.4685212856658194,0.5799708796235029
-1.4318553477483524,0.652427708225426,-0.7018100265975343,1.844590936568452,-0.2294157338705605,0.7419491891959532,-0.0929813591060608,-0.3306814747123078,-0.8171645096017787,-0.2190539771691616,1.5065772211292476,0.20412414523193206,-0.15294382258037553,-0.4341140500939411,0.32261530741274,-0.34899122022605644,-0.6302424841458696,-0.1203858530857698,1.7588539596742978,-0.3431455839107911,-0.8465967650815867,-0.6015544067498438,-1.0458250331675945,-0.08481889296799727,-0.4685212856658194,0.5799708796235029
0.14656787024195714,0.652427708225426,1.4248870236980242,-0.5421256172169757,-0.2294157338705605,-0.39951110187474415,-0.0929813591060608,-0.3306814747123078,-0.7335121029446794,-0.2190539771691616,-0.8966873705289679,0.20412414523193206,-0.15294382258037553,-0.4341140500939411,0.23125984010330713,-0.34899122022605644,-0.6302424841458696,-0.1203858530857698,-0.568552036113998,1.3307353132150186,-0.8465967650815867,1.6623600272549444,-1.0458250331675945,-0.08481889296799727,-0.4685212856658194,0.5799708796235029
0.14656787024195714,0.652427708225426,-0.7018100265975343,1.844590936568452,-0.2294157338705605,1.8834094802666506,-0.0929813591060608,3.0240581238183513,0.7722312168831085,0.8031979162869259,-0.2610792538995612,0.20412414523193206,-0.15294382258037553,-0.4341140500939411,0.5053262420316058,-0.34899122022605644,-0.6302424841458696,-0.1203858530857698,-0.568552036113998,1.3307353132150186,-0.8465967650815867,-0.6015544067498438,1.0458250331675945,-0.08481889296799727,-0.4685212856658194,0.5799708796235029
0.14656787024195714,0.652427708225426,1.4248870236980242,-0.5421256172169757,-0.2294157338705605,0.7419491891959532,-0.0929813591060608,-0.3306814747123078,1.2741456568257044,-0.2190539771691616,2.40480858547722,0.20412414523193206,-0.15294382258037553,-0.4341140500939411,-1.0477167022287532,2.865401597645516,-0.6302424841458696,-0.1203858530857698,-0.568552036113998,0.4937948646521137,-0.8465967650815867,-0.6015544067498438,0.0,-0.08481889296799727,-0.4685212856658194,0.5799708796235029
0.14656787024195714,-1.5327368647783928,-0.7018100265975343,1.844590936568452,-0.2294157338705605,-0.39951110187474415,-0.0929813591060608,-0.3306814747123078,-1.2354265428872753,-0.2190539771691616,-1.037351674150308,0.20412414523193206,-0.15294382258037553,-0.4341140500939411,1.2361699805070687,-0.34899122022605644,-0.6302424841458696,-0.1203858530857698,-0.568552036113998,1.3307353132150186,0.9574146064773498,-0.6015544067498438,0.0,-0.08481889296799727,2.1343747458109554,0.5799708796235029
0.14656787024195714,-1.5327368647783928,-0.7018100265975343,-0.5421256172169757,-0.2294157338705605,-0.39951110187474415,-0.0929813591060608,-0.3306814747123078,-0.9844693229159773,-0.2190539771691616,-0.7350730642406196,0.20412414523193206,-0.15294382258037553,-0.4341140500939411,-1.139072169538186,-0.34899122022605644,1.5866908771712596,8.306623862918117,-0.568552036113998,-1.180086032473696,0.9574146064773498,-0.6015544067498438,-1.0458250331675945,-0.08481889296799727,-0.4685212856658194,-0.9071339399239409
0.14656787024195714,0.652427708225426,-0.7018100265975343,-0.5421256172169757,-0.2294157338705605,0.7419491891959532,-0.0929813591060608,-0.3306814747123078,-0.9844693229159773,-0.2190539771691616,-0.7395623505264071,0.20412414523193206,-0.15294382258037553,-0.4341140500939411,-0.4995838983721559,-0.34899122022605644,1.5866908771712596,-0.1203858530857698,1.7588539596742978,-0.3431455839107911,-0.8465967650815867,-0.6015544067498438,-1.0458250331675945,-0.08481889296799727,-0.4685212856658194,0.5799708796235029
-1.4318553477483524,0.652427708225426,-0.7018100265975343,1.844590936568452,-0.2294157338705605,-0.39951110187474415,-0.0929813591060608,-0.3306814747123078,0.27031677694051254,-0.2190539771691616,-0.5439042899041706,-4.898979485566365,-0.15294382258037553,-0.4341140500939411,-1.0477167022287532,-0.34899122022605644,-0.6302424841458696,-0.1203858530857698,-0.568552036113998,-1.180086032473696,-0.8465967650815867,-0.6015544067498438,0.0,-0.08481889296799727,2.1343747458109554,0.5799708796235029
-1.4318553477483524,0.652427708225426,-0.7018100265975343,-0.5421256172169757,-0.2294157338705605,-0.39951110187474415,-0.0929813591060608,-0.3306814747123078,-0.9008169162588779,1.8254498097430136,-0.6000203684765137,-4.898979485566365,-0.15294382258037553,2.303542121669652,0.41397077472217286,-0.34899122022605644,-0.6302424841458696,-0.1203858530857698,1.7588539596742978,-0.3431455839107911,-0.8465967650815867,-0.6015544067498438,-1.0458250331675945,-0.08481889296799727,-0.4685212856658194,-0.9071339399239409
0.14656787024195714,-1.5327368647783928,-0.7018100265975343,1.844590936568452,-0.2294157338705605,-0.39951110187474415,-0.0929813591060608,-0.3306814747123078,0.27031677694051254,-1.241305870625249,-0.6808275216206879,0.20412414523193206,-0.15294382258037553,-0.4341140500939411,-0.04280656182499151,-0.34899122022605644,-0.6302424841458696,-0.1203858530857698,1.7588539596742978,-0.3431455839107911,0.9574146064773498,-0.6015544067498438,0.0,-0.08481889296799727,-0.4685212856658194,0.5799708796235029
1.7249910882322665,0.652427708225426,1.4248870236980242,-0.5421256172169757,-0.2294157338705605,-0.39951110187474415,-0.0929813591060608,-0.3306814747123078,-0.23159766300208343,0.8031979162869259,-0.35610248028206226,0.20412414523193206,-0.15294382258037553,-0.4341140500939411,-0.4995838983721559,-0.34899122022605644,-0.6302424841458696,-0.1203858530857698,1.7588539596742978,0.4937948646521137,-0.8465967650815867,-0.6015544067498438,0.0,-0.08481889296799727,-0.4685212856658194,0.5799708796235029
-1.4318553477483524,0.652427708225426,-0.7018100265975343,-0.5421256172169757,-0.2294157338705605,0.7419491891959532,-0.0929813591060608,-0.3306814747123078,-0.7335121029446794,-0.2190539771691616,-0.4036140934733128,-4.898979485566365,-0.15294382258037553,-0.4341140500939411,0.32261530741274,-0.34899122022605644,1.5866908771712596,-0.1203858530857698,1.7588539596742978,-0.3431455839107911,-0.8465967650815867,-0.6015544067498438,0.0,-0.08481889296799727,-0.4685212856658194,-0.9071339399239409
0.14656787024195714,0.652427708225426,-0.7018100265975343,1.844590936568452,-0.2294157338705605,-0.39951110187474415,-0.0929813591060608,-0.3306814747123078,1.2741456568257044,-0.2190539771691616,1.8810585188020175,0.20412414523193206,-0.15294382258037553,-0.4341140500939411,-0.8650057676098875,2.865401597645516,-0.6302424841458696,-0.1203858530857698,-0.568552036113998,-0.3431455839107911,-0.8465967650815867,-0.6015544067498438,0.0,-0.08481889296799727,-0.4685212856658194,0.5799708796235029
0.14656787024195714,0.652427708225426,1.4248870236980242,-0.5421256172169757,-0.2294157338705605,1.8834094802666506,-0.0929813591060608,-0.3306814747123078,3.2818034165960883,-0.2190539771691616,4.65843030094252,0.20412414523193206,-0.15294382258037553,-0.4341140500939411,-1.3217831041570518,-0.34899122022605644,-0.6302424841458696,-0.1203858530857698,-0.568552036113998,0.4937948646521137,-0.8465967650815867,1.6623600272549444,-1.0458250331675945,-0.08481889296799727,-0.4685212856658194,0.5799708796235029
0.14656787024195714,0.652427708225426,-0.7018100265975343,-0.5421256172169757,-0.2294157338705605,-0.39951110187474415,-0.0929813591060608,-0.3306814747123078,2.277974536710896,-0.2190539771691616,2.654712188719388,0.20412414523193206,-0.15294382258037553,2.303542121669652,0.32261530741274,2.865401597645516,-0.6302424841458696,-0.1203858530857698,-0.568552036113998,0.4937948646521137,-0.8465967650815867,-0.6015544067498438,0.0,-0.08481889296799727,-0.4685212856658194,-2.394238759471385
0.14656787024195714,0.652427708225426,-0.7018100265975343,1.844590936568452,-0.2294157338705605,0.7419491891959532,-0.0929813591060608,-0.3306814747123078,1.2741456568257044,-0.2190539771691616,-0.3190658684243158,0.20412414523193206,-0.15294382258037553,-0.4341140500939411,0.9621035785787702,-0.34899122022605644,-0.6302424841458696,-0.1203858530857698,-0.568552036113998,-0.3431455839107911,1.859420292256818,-0.6015544067498438,0.0,-0.08481889296799727,2.1343747458109554,0.5799708796235029
0.14656787024195714,0.652427708225426,1.4248870236980242,-0.5421256172169757,-0.2294157338705605,0.7419491891959532,-0.0929813591060608,-0.3306814747123078,1.2741456568257044,-0.2190539771691616,0.972352153120541,0.20412414523193206,-0.15294382258037553,-0.4341140500939411,-0.1341620291344244,2.865401597645516,-0.6302424841458696,-0.1203858530857698,-0.568552036113998,-0.3431455839107911,-0.8465967650815867,-0.6015544067498438,1.0458250331675945,-0.08481889296799727,-0.4685212856658194,0.5799708796235029
-1.4318553477483524,0.652427708225426,-0.7018100265975343,-0.5421256172169757,-0.2294157338705605,0.7419491891959532,-0.0929813591060608,-0.3306814747123078,0.27031677694051254,-0.2190539771691616,-0.19336585242226717,0.20412414523193206,-0.15294382258037553,-0.4341140500939411,-0.04280656182499151,-0.34899122022605644,1.5866908771712596,-0.1203858530857698,-0.568552036113998,-0.3431455839107911,-0.8465967650815867,1.6623600272549444,-1.0458250331675945,-0.08481889296799727,-0.4685212856658194,0.5799708796235029
1.7249910882322665,-1.5327368647783928,-0.7018100265975343,-0.5421256172169757,-0.2294157338705605,-1.5409713929454416,-0.0929813591060608,-0.3306814747123078,-0.9844693229159773,-0.2190539771691616,0.7213262283069259,0.20412414523193206,-0.15294382258037553,2.303542121669652,3.5200566632428907,2.865401597645516,-0.6302424841458696,-0.1203858530857698,-0.568552036113998,1.3307353132150186,0.9574146064773498,-0.6015544067498438,1.0458250331675945,-0.08481889296799727,-0.4685212856658194,-2.394238759471385
0.14656787024195714,0.652427708225426,-0.7018100265975343,-0.5421256172169757,-0.2294157338705605,-0.39951110187474415,-0.0929813591060608,-0.3306814747123078,-0.7335121029446794,2.847701703199101,-0.8207436108610634,0.20412414523193206,-0.15294382258037553,-0.4341140500939411,-1.230427636847619,-0.34899122022605644,1.5866908771712596,-0.1203858530857698,1.7588539596742978,-0.3431455839107911,1.859420292256818,-0.6015544067498438,1.0458250331675945,-0.08481889296799727,-0.4685212856658194,0.5799708796235029
0.14656787024195714,0.652427708225426,-0.7018100265975343,1.844590936568452,-0.2294157338705605,-0.39951110187474415,-0.0929813591060608,-0.3306814747123078,-1.2354265428872753,-1.241305870625249,-1.0597981055792451,0.20412414523193206,-0.15294382258037553,-0.4341140500939411,0.23125984010330713,-0.34899122022605644,-0.6302424841458696,-0.1203858530857698,-0.568552036113998,1.3307353132150186,-0.8465967650815867,1.6623600272549444,1.0458250331675945,-0.08481889296799727,-0.4685212856658194,0.5799708796235029
1.7249910882322665,0.652427708225426,1.4248870236980242,-0.5421256172169757,-0.2294157338705605,1.8834094802666506,-0.0929813591060608,3.0240581238183513,0.27031677694051254,0.8031979162869259,1.4089352444133705,0.20412414523193206,-0.15294382258037553,-0.4341140500939411,0.048548905484441365,-0.34899122022605644,-0.6302424841458696,-0.1203858530857698,-0.568552036113998,0.4937948646521137,-0.8465967650815867,-0.6015544067498438,1.0458250331675945,-0.08481889296799727,-0.4685212856658194,-0.9071339399239409
-3.0102785657386617,-1.5327368647783928,-0.7018100265975343,-0.5421256172169757,-0.2294157338705605,-1.5409713929454416,-0.0929813591060608,-0.3306814747123078,1.2741456568257044,-1.241305870625249,0.2952181383476004,0.20412414523193206,-0.15294382258037553,2.303542121669652,-0.5909393656815888,-0.34899122022605644,-0.6302424841458696,8.306623862918117,-0.568552036113998,-1.180086032473696,0.9574146064773498,-0.6015544067498438,1.0458250331675945,-0.08481889296799727,-0.4685212856658194,0.5799708796235029
1.7249910882322665,-1.5327368647783928,-0.7018100265975343,-0.5421256172169757,-0.2294157338705605,-0.39951110187474415,-0.0929813591060608,-0.3306814747123078,-0.7335121029446794,-0.2190539771691616,-0.06878815799166539,0.20412414523193206,-0.15294382258037553,-0.4341140500939411,-0.1341620291344244,-0.34899122022605644,1.5866908771712596,-0.1203858530857698,-0.568552036113998,-1.180086032473696,0.9574146064773498,-0.6015544067498438,1.0458250331675945,-0.08481889296799727,2.1343747458109554,-0.9071339399239409
0.14656787024195714,-1.5327368647783928,-0.7018100265975343,1.844590936568452,4.358898943540649,-0.39951110187474415,-0.0929813591060608,-0.3306814747123078,-1.2354265428872753,-0.2190539771691616,-1.0298695303406622,0.20412414523193206,-0.15294382258037553,-0.4341140500939411,-1.139072169538186,-0.34899122022605644,-0.6302424841458696,-0.1203858530857698,-0.568552036113998,-1.180086032473696,0.9574146064773498,-0.6015544067498438,0.0,-0.08481889296799727,-0.4685212856658194,0.5799708796235029
0.14656787024195714,0.652427708225426,-0.7018100265975343,1.844590936568452,-0.2294157338705605,-2.6824316840161386,-0.0929813591060608,3.0240581238183513,1.7760600967683002,-0.2190539771691616,1.1552905692663795,0.20412414523193206,-0.15294382258037553,-0.4341140500939411,-0.22551749644385727,-0.34899122022605644,-0.6302424841458696,-0.1203858530857698,-0.568552036113998,-1.180086032473696,0.05540892069788158,-0.6015544067498438,2.091650066335189,-0.08481889296799727,-0.4685212856658194,0.5799708796235029
0.14656787024195714,0.652427708225426,-0.7018100265975343,1.844590936568452,-0.2294157338705605,0.7419491891959532,-0.0929813591060608,-0.3306814747123078,-0.9008169162588779,-0.2190539771691616,-0.8091462879561125,0.20412414523193206,-0.15294382258037553,-0.4341140500939411,1.2361699805070687,-0.34899122022605644,-0.6302424841458696,-0.1203858530857698,1.7588539596742978,0.4937948646521137,-0.8465967650815867,-0.6015544067498438,0.0,-0.08481889296799727,-0.4685212856658194,0.5799708796235029
0.14656787024195714,0.652427708225426,1.4248870236980242,-0.5421256172169757,-0.2294157338705605,1.8834094802666506,-0.0929813591060608,3.0240581238183513,0.27031677694051254,-0.2190539771691616,2.0378094316140962,0.20412414523193206,-0.15294382258037553,-0.4341140500939411,-0.7736503003004546,-0.34899122022605644,-0.6302424841458696,-0.1203858530857698,-0.568552036113998,-1.180086032473696,-0.8465967650815867,-0.6015544067498438,-1.0458250331675945,-0.08481889296799727,-0.4685212856658194,0.5799708796235029
-1.4318553477483524,0.652427708225426,-0.7018100265975343,1.844590936568452,-0.2294157338705605,-0.39951110187474415,-0.0929813591060608,-0.3306814747123078,-0.7335121029446794,-0.2190539771691616,0.1455752621546854,0.20412414523193206,-0.15294382258037553,-0.4341140500939411,-0.5909393656815888,-0.34899122022605644,-0.6302424841458696,-0.1203858530857698,-0.568552036113998,-0.3431455839107911,-0.8465967650815867,-0.6015544067498438,0.0,-0.08481889296799727,2.1343747458109554,0.5799708796235029
0.14656787024195714,0.652427708225426,-0.7018100265975343,-0.5421256172169757,-0.2294157338705605,-0.39951110187474415,-0.0929813591060608,3.0240581238183513,-0.8171645096017787,2.847701703199101,-0.39613194966366705,0.20412414523193206,-0.15294382258037553,-0.4341140500939411,-0.6822948329910217,-0.34899122022605644,1.5866908771712596,-0.1203858530857698,-0.568552036113998,1.3307353132150186,0.05540892069788158,-0.6015544067498438,-1.0458250331675945,-0.08481889296799727,-0.4685212856658194,0.5799708796235029
1.7249910882322665,0.652427708225426,-0.7018100265975343,-0.5421256172169757,-0.2294157338705605,-1.5409713929454416,-0.0929813591060608,-0.3306814747123078,-0.23159766300208343,-0.2190539771691616,1.2185146844578862,0.20412414523193206,-0.15294382258037553,2.303542121669652,0.32261530741274,-0.34899122022605644,-0.6302424841458696,-0.1203858530857698,1.7588539596742978,1.3307353132150186,-0.8465967650815867,-0.6015544067498438,-1.0458250331675945,-0.08481889296799727,-0.4685212856658194,0.5799708796235029
1.7249910882322665,0.652427708225426,1.4248870236980242,-0.5421256172169757,-0.2294157338705605,-0.39951110187474415,-0.0929813591060608,-0.3306814747123078,1.2741456568257044,-0.2190539771691616,1.401827207794207,0.20412414523193206,-0.15294382258037553,-0.4341140500939411,-0.04280656182499151,2.865401597645516,-0.6302424841458696,-0.1203858530857698,-0.568552036113998,-0.3431455839107911,-0.8465967650815867,-0.6015544067498438,1.0458250331675945,-0.08481889296799727,-0.4685212856658194,-0.9071339399239409
-1.4318553477483524,0.652427708225426,1.4248870236980242,-0.5421256172169757,4.358898943540649,-0.39951110187474415,-0.0929813591060608,-0.3306814747123078,-0.7335121029446794,-0.2190539771691616,-0.9284864817199623,0.20412414523193206,-0.15294382258037553,-0.4341140500939411,0.5053262420316058,-0.34899122022605644,-0.6302424841458696,-0.1203858530857698,-0.568552036113998,1.3307353132150186,-0.8465967650815867,-0.6015544067498438,-1.0458250331675945,-0.08481889296799727,-0.4685212856658194,0.5799708796235029
-1.4318553477483524,0.652427708225426,-0.7018100265975343,1.844590936568452,-0.2294157338705605,1.8834094802666506,-0.0929813591060608,3.0240581238183513,1.2741456568257044,0.8031979162869259,2.490105024907182,0.20412414523193206,-0.15294382258037553,-0.4341140500939411,-0.40822843106272305,-0.34899122022605644,-0.6302424841458696,-0.1203858530857698,-0.568552036113998,0.4937948646521137,-0.8465967650815867,-0.6015544067498438,1.0458250331675945,-0.08481889296799727,-0.4685212856658194,0.5799708796235029
0.14656787024195714,-1.5327368647783928,-0.7018100265975343,-0.5421256172169757,-0.2294157338705605,-1.5409713929454416,-0.0929813591060608,-0.3306814747123078,-0.7335121029446794,2.847701703199101,-1.0444597107694715,0.20412414523193206,-0.15294382258037553,-0.4341140500939411,0.5966817093410386,-0.34899122022605644,1.5866908771712596,-0.1203858530857698,-0.568552036113998,-0.3431455839107911,0.9574146064773498,1.6623600272549444,2.091650066335189,-0.08481889296799727,-0.4685212856658194,-0.9071339399239409
1.7249910882322665,0.652427708225426,1.4248870236980242,-0.5421256172169757,-0.2294157338705605,0.7419491891959532,-0.0929813591060608,-0.3306814747123078,0.7722312168831085,-0.2190539771691616,0.7606074833075662,0.20412414523193206,-0.15294382258037553,-0.4341140500939411,-0.6822948329910217,-0.34899122022605644,-0.6302424841458696,-0.1203858530857698,1.7588539596742978,-2.0170264810366008,1.859420292256818,-0.6015544067498438,1.0458250331675945,-0.08481889296799727,-0.4685212856658194,0.5799708796235029
0.14656787024195714,0.652427708225426,-0.7018100265975343,-0.5421256172169757,4.358898943540649,-0.39951110187474415,-0.0929813591060608,-0.3306814747123078,1.2741456568257044,0.8031979162869259,3.5207703346858836,0.20412414523193206,-0.15294382258037553,2.303542121669652,1.053459045888203,-0.34899122022605644,-0.6302424841458696,-0.1203858530857698,-0.568552036113998,-0.3431455839107911,-0.8465967650815867,-0.6015544067498438,1.0458250331675945,-0.08481889296799727,-0.4685212856658194,-2.394238759471385
0.14656787024195714,0.652427708225426,1.4248870236980242,-0.5421256172169757,-0.2294157338705605,-0.39951110187474415,-0.0929813591060608,-0.3306814747123078,0.43762159025471115,-0.2190539771691616,1.7826683277051758,0.20412414523193206,-0.15294382258037553,-0.4341140500939411,-0.4995838983721559,2.865401597645516,-0.6302424841458696,-0.1203858530857698,-0.568552036113998,-1.180086032473696,-0.8465967650815867,-0.6015544067498438,1.0458250331675945,-0.08481889296799727,-0.4685212856658194,0.5799708796235029
0.14656787024195714,0.652427708225426,-0.7018100265975343,-0.5421256172169757,-0.2294157338705605,-0.39951110187474415,-0.0929813591060608,-0.3306814747123078,-0.7335121029446794,1.8254498097430136,-0.5689694716664839,0.20412414523193206,-0.15294382258037553,-0.4341140500939411,-0.04280656182499151,-0.34899122022605644,1.5866908771712596,-0.1203858530857698,-0.568552036113998,1.3307353132150186,1.859420292256818,1.6623600272549444,0.0,-0.08481889296799727,-0.4685212856658194,0.5799708796235029
0.14656787024195714,0.652427708225426,-0.7018100265975343,-0.5421256172169757,-0.2294157338705605,-0.39951110187474415,-0.0929813591060608,-0.3306814747123078,-0.7335121029446794,-0.2190539771691616,-0.7399364577168893,0.20412414523193206,-0.15294382258037553,-0.4341140500939411,0.9621035785787702,-0.34899122022605644,1.5866908771712596,-0.1203858530857698,1.7588539596742978,1.3307353132150186,0.05540892069788158,-0.6015544067498438,1.0458250331675945,-0.08481889296799727,-0.4685212856658194,-0.9071339399239409
0.14656787024195714,-1.5327368647783928,-0.7018100265975343,1.844590936568452,-0.2294157338705605,-2.6824316840161386,-0.0929813591060608,-0.3306814747123078,0.019359556969214552,-1.241305870625249,0.6741887223061578,0.20412414523193206,-0.15294382258037553,-0.4341140500939411,-0.5909393656815888,-0.34899122022605644,-0.6302424841458696,-0.1203858530857698,1.7588539596742978,-0.3431455839107911,0.9574146064773498,-0.6015544067498438,-1.0458250331675945,-0.08481889296799727,-0.4685212856658194,0.5799708796235029
0.14656787024195714,-1.5327368647783928,1.4248870236980242,-0.5421256172169757,-0.2294157338705605,-0.39951110187474415,-0.0929813591060608,-0.3306814747123078,-0.7335121029446794,-1.241305870625249,-0.8660105809094203,0.20412414523193206,-0.15294382258037553,-0.4341140500939411,-1.3217831041570518,-0.34899122022605644,-0.6302424841458696,-0.1203858530857698,-0.568552036113998,-0.3431455839107911,0.9574146064773498,1.6623600272549444,-1.0458250331675945,-0.08481889296799727,-0.4685212856658194,0.5799708796235029
0.14656787024195714,0.652427708225426,-0.7018100265975343,-0.5421256172169757,-0.2294157338705605,0.7419491891959532,-0.0929813591060608,-0.3306814747123078,2.277974536710896,-0.2190539771691616,1.1710030712666357,0.20412414523193206,-0.15294382258037553,2.303542121669652,0.9621035785787702,2.865401597645516,-0.6302424841458696,-0.1203858530857698,-0.568552036113998,1.3307353132150186,-0.8465967650815867,-0.6015544067498438,0.0,-0.08481889296799727,-0.4685212856658194,-2.394238759471385
0.14656787024195714,0.652427708225426,-0.7018100265975343,-0.5421256172169757,4.358898943540649,0.7419491891959532,-0.0929813591060608,-0.3306814747123078,-0.9844693229159773,2.847701703199101,-0.7724837832888484,0.20412414523193206,-0.15294382258037553,2.303542121669652,-0.31687296375329016,-0.34899122022605644,-0.6302424841458696,-0.1203858530857698,-0.568552036113998,1.3307353132150186,-0.8465967650815867,-0.6015544067498438,1.0458250331675945,-0.08481889296799727,-0.4685212856658194,-2.394238759471385
1.7249910882322665,0.652427708225426,-0.7018100265975343,1.844590936568452,-0.2294157338705605,0.7419491891959532,-0.0929813591060608,-0.3306814747123078,-0.23159766300208343,-0.2190539771691616,1.5611968709396615,0.20412414523193206,-0.15294382258037553,-0.4341140500939411,0.41397077472217286,-0.34899122022605644,-0.6302424841458696,-0.1203858530857698,-0.568552036113998,-2.0170264810366008,-0.8465967650815867,-0.6015544067498438,1.0458250331675945,-0.08481889296799727,2.1343747458109554,0.5799708796235029
0.14656787024195714,-1.5327368647783928,-0.7018100265975343,-0.5421256172169757,-0.2294157338705605,-0.39951110187474415,-0.0929813591060608,-0.3306814747123078,-1.2354265428872753,-0.2190539771691616,-1.0691507853413025,0.20412414523193206,-0.15294382258037553,-0.4341140500939411,-0.7736503003004546,-0.34899122022605644,1.5866908771712596,8.306623862918117,-0.568552036113998,-1.180086032473696,0.9574146064773498,-0.6015544067498438,0.0,-0.08481889296799727,-0.4685212856658194,0.5799708796235029
0.14656787024195714,0.652427708225426,-0.7018100265975343,1.844590936568452,-0.2294157338705605,0.7419491891959532,-0.0929813591060608,-0.3306814747123078,0.27031677694051254,-1.241305870625249,-0.2906337219476619,0.20412414523193206,-0.15294382258037553,-0.4341140500939411,1.6015918497448003,-0.34899122022605644,-0.6302424841458696,-0.1203858530857698,-0.568552036113998,1.3307353132150186,-0.8465967650815867,1.6623600272549444,-1.0458250331675945,-0.08481889296799727,-0.4685212856658194,0.5799708796235029
-1.4318553477483524,0.652427708225426,1.4248870236980242,-0.5421256172169757,-0.2294157338705605,1.8834094802666506,-0.0929813591060608,-0.3306814747123078,-0.5662072896304807,-0.2190539771691616,-0.8974355849099324,0.20412414523193206,-0.15294382258037553,-0.4341140500939411,-0.7736503003004546,-0.34899122022605644,-0.6302424841458696,-0.1203858530857698,1.7588539596742978,-0.3431455839107911,-0.8465967650815867,-0.6015544067498438,-1.0458250331675945,-0.08481889296799727,-0.4685212856658194,0.5799708796235029
0.14656787024195714,0.652427708225426,-0.7018100265975343,-0.5421256172169757,-0.2294157338705605,0.7419491891959532,-0.0929813591060608,-0.3306814747123078,-1.2354265428872753,-0.2190539771691616,0.17774848053616213,0.20412414523193206,-0.15294382258037553,-0.4341140500939411,0.13990437279387424,-0.34899122022605644,1.5866908771712596,-0.1203858530857698,1.7588539596742978,-0.3431455839107911,-0.8465967650815867,-0.6015544067498438,0.0,-0.08481889296799727,-0.4685212856658194,-0.9071339399239409
0.14656787024195714,0.652427708225426,-0.7018100265975343,-0.5421256172169757,-0.2294157338705605,0.7419491891959532,-0.0929813591060608,-0.3306814747123078,-0.7335121029446794,-0.2190539771691616,-0.47357213809350057,0.20412414523193206,-0.15294382258037553,-0.4341140500939411,0.6880371766504715,-0.34899122022605644,1.5866908771712596,-0.1203858530857698,-0.568552036113998,1.3307353132150186,-0.8465967650815867,-0.6015544067498438,-1.0458250331675945,-0.08481889296799727,2.1343747458109554,0.5799708796235029
-1.4318553477483524,0.652427708225426,-0.7018100265975343,-0.5421256172169757,-0.2294157338705605,-2.6824316840161386,-0.0929813591060608,3.0240581238183513,0.27031677694051254,-0.2190539771691616,0.38911904315865464,0.20412414523193206,-0.15294382258037553,-0.4341140500939411,0.048548905484441365,-0.34899122022605644,1.5866908771712596,-0.1203858530857698,-0.568552036113998,-0.3431455839107911,-0.8465967650815867,-0.6015544067498438,1.0458250331675945,-0.08481889296799727,-0.4685212856658194,0.5799708796235029
-1.4318553477483524,-1.5327368647783928,-0.7018100265975343,1.844590936568452,-0.2294157338705605,-0.39951110187474415,-0.0929813591060608,-0.3306814747123078,-0.7335121029446794,0.8031979162869259,-0.8847159404335346,0.20412414523193206,-0.15294382258037553,-0.4341140500939411,-1.139072169538186,-0.34899122022605644,-0.6302424841458696,-0.1203858530857698,1.7588539596742978,-1.180086032473696,0.9574146064773498,-0.6015544067498438,1.0458250331675945,-0.08481889296799727,-0.4685212856658194,0.5799708796235029
0.14656787024195714,-1.5327368647783928,-0.7018100265975343,-0.5421256172169757,-0.2294157338705605,0.7419491891959532,-0.0929813591060608,-0.3306814747123078,-0.7335121029446794,-1.241305870625249,-0.7335766354786905,0.20412414523193206,-0.15294382258037553,-0.4341140500939411,0.23125984010330713,-0.34899122022605644,1.5866908771712596,-0.1203858530857698,-0.568552036113998,1.3307353132150186,0.9574146064773498,1.6623600272549444,-1.0458250331675945,-0.08481889296799727,-0.4685212856658194,0.5799708796235029
0.14656787024195714,-1.5327368647783928,1.4248870236980242,-0.5421256172169757,-0.2294157338705605,-0.39951110187474415,-0.0929813591060608,-0.3306814747123078,-0.7335121029446794,-0.2190539771691616,-0.5023783917606367,0.20412414523193206,-0.15294382258037553,-0.4341140500939411,-1.230427636847619,-0.34899122022605644,-0.6302424841458696,-0.1203858530857698,-0.568552036113998,-1.180086032473696,0.9574146064773498,-0.6015544067498438,0.0,-0.08481889296799727,2.1343747458109554,-0.9071339399239409
0.14656787024195714,-1.5327368647783928,-0.7018100265975343,1.844590936568452,-0.2294157338705605,-0.39951110187474415,-0.0929813591060608,-0.3306814747123078,-0.9844693229159773,-0.2190539771691616,-0.6864391294779222,0.20412414523193206,-0.15294382258037553,-0.4341140500939411,-1.230427636847619,-0.34899122022605644,-0.6302424841458696,-0.1203858530857698,-0.568552036113998,-1.180086032473696,0.9574146064773498,1.6623600272549444,0.0,-0.08481889296799727,-0.4685212856658194,-0.9071339399239409
0.14656787024195714,0.652427708225426,-0.7018100265975343,-0.5421256172169757,-0.2294157338705605,0.7419491891959532,-0.0929813591060608,-0.3306814747123078,0.27031677694051254,-0.2190539771691616,-0.22067567732747415,0.20412414523193206,-0.15294382258037553,-0.4341140500939411,0.9621035785787702,-0.34899122022605644,1.5866908771712596,-0.1203858530857698,-0.568552036113998,1.3307353132150186,1.859420292256818,1.6623600272549444,-1.0458250331675945,-0.08481889296799727,-0.4685212856658194,0.5799708796235029
0.14656787024195714,0.652427708225426,1.4248870236980242,-0.5421256172169757,-0.2294157338705605,-0.39951110187474415,-0.0929813591060608,-0.3306814747123078,-1.2354265428872753,1.8254498097430136,-0.08337833842047461,0.20412414523193206,-0.15294382258037553,-0.4341140500939411,-0.31687296375329016,-0.34899122022605644,-0.6302424841458696,-0.1203858530857698,-0.568552036113998,-0.3431455839107911,-0.8465967650815867,-0.6015544067498438,-1.0458250331675945,-0.08481889296799727,2.1343747458109554,0.5799708796235029
0.14656787024195714,0.652427708225426,-0.7018100265975343,1.844590936568452,-0.2294157338705605,-0.39951110187474415,-0.0929813591060608,-0.3306814747123078,-1.2354265428872753,0.8031979162869259,-0.747418601526535,0.20412414523193206,-0.15294382258037553,-0.4341140500939411,0.6880371766504715,-0.34899122022605644,-0.6302424841458696,-0.1203858530857698,1.7588539596742978,1.3307353132150186,-0.8465967650815867,-0.6015544067498438,0.0,-0.08481889296799727,-0.4685212856658194,0.5799708796235029
1.7249910882322665,0.652427708225426,-0.7018100265975343,-0.5421256172169757,-0.2294157338705605,0.7419491891959532,-0.0929813591060608,-0.3306814747123078,-0.23159766300208343,-1.241305870625249,0.010522566390579578,0.20412414523193206,-0.15294382258037553,2.303542121669652,0.23125984010330713,2.865401597645516,-0.6302424841458696,-0.1203858530857698,-0.568552036113998,-2.0170264810366008,-0.8465967650815867,-0.6015544067498438,-1.0458250331675945,-0.08481889296799727,-0.4685212856658194,0.5799708796235029
0.14656787024195714,-1.5327368647783928,1.4248870236980242,-0.5421256172169757,-0.2294157338705605,-0.39951110187474415,-0.0929813591060608,-0.3306814747123078,0.27031677694051254,-1.241305870625249,-0.8551614723854339,0.20412414523193206,-0.15294382258037553,-0.4341140500939411,-0.5909393656815888,-0.34899122022605644,-0.6302424841458696,-0.1203858530857698,1.7588539596742978,1.3307353132150186,0.9574146064773498,-0.6015544067498438,0.0,-0.08481889296799727,-0.4685212856658194,0.5799708796235029
0.14656787024195714,-1.5327368647783928,-0.7018100265975343,1.844590936568452,-0.2294157338705605,-0.39951110187474415,-0.0929813591060608,-0.3306814747123078,-1.2354265428872753,-0.2190539771691616,0.527538703637101,0.20412414523193206,-0.15294382258037553,-0.4341140500939411,-0.31687296375329016,-0.34899122022605644,-0.6302424841458696,-0.1203858530857698,-0.568552036113998,-1.180086032473696,0.9574146064773498,-0.6015544067498438,-1.0458250331675945,-0.08481889296799727,2.1343747458109554,0.5799708796235029
0.14656787024195714,-1.5327368647783928,-0.7018100265975343,1.844590936568452,-0.2294157338705605,-0.39951110187474415,-0.0929813591060608,-0.3306814747123078,-0.7335121029446794,-0.2190539771691616,-0.9535516634822755,0.20412414523193206,-0.15294382258037553,-0.4341140500939411,-1.0477167022287532,-0.34899122022605644,-0.6302424841458696,-0.1203858530857698,-0.568552036113998,1.3307353132150186,0.9574146064773498,-0.6015544067498438,0.0,-0.08481889296799727,2.1343747458109554,-0.9071339399239409
1.7249910882322665,0.652427708225426,-0.7018100265975343,-0.5421256172169757,-0.2294157338705605,0.7419491891959532,-0.0929813591060608,-0.3306814747123078,-1.2354265428872753,-0.2190539771691616,-0.4971408910938847,0.20412414523193206,-0.15294382258037553,2.303542121669652,0.048548905484441365,-0.34899122022605644,-0.6302424841458696,-0.1203858530857698,-0.568552036113998,-2.0170264810366008,-0.8465967650815867,-0.6015544067498438,0.0,-0.08481889296799727,2.1343747458109554,-2.394238759471385
-1.4318553477483524,0.652427708225426,1.4248870236980242,-0.5421256172169757,-0.2294157338705605,1.8834094802666506,-0.0929813591060608,-0.3306814747123078,0.27031677694051254,-0.2190539771691616,0.5529779925898965,0.20412414523193206,-0.15294382258037553,-0.4341140500939411,-0.04280656182499151,2.865401597645516,-0.6302424841458696,-0.1203858530857698,-0.568552036113998,0.4937948646521137,-0.8465967650815867,-0.6015544067498438,-1.0458250331675945,-0.08481889296799727,-0.4685212856658194,0.5799708796235029
0.14656787024195714,0.652427708225426,1.4248870236980242,-0.5421256172169757,-0.2294157338705605,-0.39951110187474415,-0.0929813591060608,3.0240581238183513,-0.23159766300208343,-0.2190539771691616,-0.46796053023626627,0.20412414523193206,-0.15294382258037553,-0.4341140500939411,-0.1341620291344244,-0.34899122022605644,-0.6302424841458696,-0.1203858530857698,-0.568552036113998,0.4937948646521137,-0.8465967650815867,-0.6015544067498438,-1.0458250331675945,-0.08481889296799727,-0.4685212856658194,0.5799708796235029
0.14656787024195714,0.652427708225426,1.4248870236980242,-0.5421256172169757,-0.2294157338705605,0.7419491891959532,-0.0929813591060608,-0.3306814747123078,-0.23159766300208343,-0.2190539771691616,-0.731706099526279,0.20412414523193206,-0.15294382258037553,-0.4341140500939411,-0.22551749644385727,-0.34899122022605644,-0.6302424841458696,-0.1203858530857698,-0.568552036113998,-0.3431455839107911,1.859420292256818,1.6623600272549444,1.0458250331675945,-0.08481889296799727,-0.4685212856658194,0.5799708796235029
0.14656787024195714,0.652427708225426,1.4248870236980242,-0.5421256172169757,-0.2294157338705605,-0.39951110187474415,-0.0929813591060608,-0.3306814747123078,0.27031677694051254,0.8031979162869259,0.11639490129706696,0.20412414523193206,-0.15294382258037553,-0.4341140500939411,0.23125984010330713,-0.34899122022605644,-0.6302424841458696,-0.1203858530857698,1.7588539596742978,0.4937948646521137,-0.8465967650815867,-0.6015544067498438,1.0458250331675945,-0.08481889296799727,-0.4685212856658194,0.5799708796235029
0.14656787024195714,0.652427708225426,1.4248870236980242,-0.5421256172169757,-0.2294157338705605,-0.39951110187474415,-0.0929813591060608,-0.3306814747123078,-0.9844693229159773,0.8031979162869259,-0.16755245627898932,0.20412414523193206,-0.15294382258037553,-0.4341140500939411,-0.04280656182499151,-0.34899122022605644,-0.6302424841458696,-0.1203858530857698,-0.568552036113998,1.3307353132150186,-0.8465967650815867,1.6623600272549444,-1.0458250331675945,-0.08481889296799727,-0.4685212856658194,0.5799708796235029
-1.4318553477483524,-1.5327368647783928,-0.7018100265975343,-0.5421256172169757,-0.2294157338705605,-0.39951110187474415,-0.0929813591060608,-0.3306814747123078,-1.0681217295730767,-0.2190539771691616,-0.9131480869101885,0.20412414523193206,-0.15294382258037553,-0.4341140500939411,0.7793926439599044,-0.34899122022605644,1.5866908771712596,-0.1203858530857698,-0.568552036113998,0.4937948646521137,0.9574146064773498,1.6623600272549444,1.0458250331675945,-0.08481889296799727,-0.4685212856658194,0.5799708796235029
0.14656787024195714,0.652427708225426,1.4248870236980242,-0.5421256172169757,-0.2294157338705605,1.8834094802666506,-0.0929813591060608,-0.3306814747123078,2.277974536710896,-1.241305870625249,1.5103182930340706,0.20412414523193206,-0.15294382258037553,-0.4341140500939411,-0.31687296375329016,-0.34899122022605644,-0.6302424841458696,-0.1203858530857698,-0.568552036113998,1.3307353132150186,-0.8465967650815867,1.6623600272549444,-1.0458250331675945,-0.08481889296799727,-0.4685212856658194,0.5799708796235029
-1.4318553477483524,0.652427708225426,-0.7018100265975343,-0.5421256172169757,-0.2294157338705605,0.7419491891959532,-0.0929813591060608,3.0240581238183513,-0.7335121029446794,-1.241305870625249,-0.7245980629071155,0.20412414523193206,-0.15294382258037553,2.303542121669652,1.9670137189825319,-0.34899122022605644,-0.6302424841458696,-0.1203858530857698,-0.568552036113998,1.3307353132150186,-0.8465967650815867,-0.6015544067498438,-1.0458250331675945,-0.08481889296799727,-0.4685212856658194,-0.9071339399239409
0.14656787024195714,0.652427708225426,-0.7018100265975343,-0.5421256172169757,-0.2294157338705605,-0.39951110187474415,-0.0929813591060608,-0.3306814747123078,-0.4825548829733814,-1.241305870625249,0.13285561767828763,0.20412414523193206,-0.15294382258037553,2.303542121669652,-0.5909393656815888,-0.34899122022605644,-0.6302424841458696,-0.1203858530857698,1.7588539596742978,-0.3431455839107911,-0.8465967650815867,-0.6015544067498438,-1.0458250331675945,-0.08481889296799727,-0.4685212856658194,0.5799708796235029
-1.4318553477483524,-1.5327368647783928,1.4248870236980242,-0.5421256172169757,-0.2294157338705605,-0.39951110187474415,-0.0929813591060608,-0.3306814747123078,-0.7335121029446794,-0.2190539771691616,-0.3553542659010977,0.20412414523193206,-0.15294382258037553,-0.4341140500939411,0.9621035785787702,-0.34899122022605644,-0.6302424841458696,-0.1203858530857698,-0.568552036113998,-0.3431455839107911,0.9574146064773498,-0.6015544067498438,2.091650066335189,-0.08481889296799727,2.1343747458109554,0.5799708796235029
0.14656787024195714,-1.5327368647783928,1.4248870236980242,-0.5421256172169757,4.358898943540649,0.7419491891959532,-0.0929813591060608,-0.3306814747123078,0.27031677694051254,-1.241305870625249,-0.4765649956173589,0.20412414523193206,-0.15294382258037553,-0.4341140500939411,-0.22551749644385727,-0.34899122022605644,-0.6302424841458696,-0.1203858530857698,-0.568552036113998,-0.3431455839107911,0.9574146064773498,-0.6015544067498438,-1.0458250331675945,-0.08481889296799727,-0.4685212856658194,0.5799708796235029
1.7249910882322665,0.652427708225426,1.4248870236980242,-0.5421256172169757,-0.2294157338705605,-0.39951110187474415,-0.0929813591060608,-0.3306814747123078,0.27031677694051254,1.8254498097430136,0.012767209533473304,0.20412414523193206,-0.15294382258037553,-0.4341140500939411,-0.8650057676098875,-0.34899122022605644,-0.6302424841458696,-0.1203858530857698,-0.568552036113998,1.3307353132150186,0.05540892069788158,1.6623600272549444,-1.0458250331675945,-0.08481889296799727,-0.4685212856658194,0.5799708796235029
0.14656787024195714,-1.5327368647783928,1.4248870236980242,-0.5421256172169757,-0.2294157338705605,0.7419491891959532,-0.0929813591060608,-0.3306814747123078,0.27031677694051254,-0.2190539771691616,-0.4410248125215415,0.20412414523193206,-0.15294382258037553,-0.4341140500939411,0.13990437279387424,-0.34899122022605644,-0.6302424841458696,-0.1203858530857698,1.7588539596742978,-0.3431455839107911,0.9574146064773498,-0.6015544067498438,-1.0458250331675945,-0.08481889296799727,-0.4685212856658194,0.5799708796235029
0.14656787024195714,0.652427708225426,-0.7018100265975343,-0.5421256172169757,4.358898943540649,0.7419491891959532,-0.0929813591060608,-0.3306814747123078,1.6087552834541017,-0.2190539771691616,1.0464253768360339,0.20412414523193206,-0.15294382258037553,2.303542121669652,-0.7736503003004546,-0.34899122022605644,-0.6302424841458696,-0.1203858530857698,-0.568552036113998,-0.3431455839107911,-0.8465967650815867,-0.6015544067498438,0.0,-0.08481889296799727,-0.4685212856658194,0.5799708796235029
0.14656787024195714,0.652427708225426,1.4248870236980242,-0.5421256172169757,-0.2294157338705605,-0.39951110187474415,-0.0929813591060608,-0.3306814747123078,0.7722312168831085,-1.241305870625249,-0.49901142704629614,0.20412414523193206,-0.15294382258037553,-0.4341140500939411,2.058369186291965,-0.34899122022605644,-0.6302424841458696,-0.1203858530857698,-0.568552036113998,1.3307353132150186,-0.8465967650815867,1.6623600272549444,-1.0458250331675945,-0.08481889296799727,-0.4685212856658194,0.5799708796235029
0.14656787024195714,0.652427708225426,-0.7018100265975343,-0.5421256172169757,-0.2294157338705605,1.8834094802666506,-0.0929813591060608,-0.3306814747123078,0.27031677694051254,-0.2190539771691616,-0.6987846667638377,0.20412414523193206,-0.15294382258037553,-0.4341140500939411,0.6880371766504715,-0.34899122022605644,1.5866908771712596,-0.1203858530857698,1.7588539596742978,-2.0170264810366008,-0.8465967650815867,-0.6015544067498438,0.0,-0.08481889296799727,-0.4685212856658194,-2.394238759471385
1.7249910882322665,0.652427708225426,-0.7018100265975343,-0.5421256172169757,-0.2294157338705605,-0.39951110187474415,-0.0929813591060608,-0.3306814747123078,-0.06429284968788476,-1.241305870625249,1.222255756362709,0.20412414523193206,-0.15294382258037553,-0.4341140500939411,2.2410801209108304,2.865401597645516,1.5866908771712596,-0.1203858530857698,-0.568552036113998,-2.0170264810366008,0.05540892069788158,-0.6015544067498438,1.0458250331675945,-0.08481889296799727,-0.4685212856658194,0.5799708796235029
0.14656787024195714,0.652427708225426,-0.7018100265975343,1.844590936568452,-0.2294157338705605,0.7419491891959532,-0.0929813591060608,-0.3306814747123078,-0.06429284968788476,-0.2190539771691616,-0.3613399809488143,-4.898979485566365,-0.15294382258037553,-0.4341140500939411,-0.22551749644385727,-0.34899122022605644,-0.6302424841458696,-0.1203858530857698,1.7588539596742978,-0.3431455839107911,1.859420292256818,-0.6015544067498438,0.0,-0.08481889296799727,-0.4685212856658194,-0.9071339399239409
0.14656787024195714,0.652427708225426,1.4248870236980242,-0.5421256172169757,-0.2294157338705605,-0.39951110187474415,-0.0929813591060608,-0.3306814747123078,1.5251028767970023,1.8254498097430136,-0.23638817932773024,0.20412414523193206,-0.15294382258037553,-0.4341140500939411,-1.0477167022287532,2.865401597645516,-0.6302424841458696,-0.1203858530857698,-0.568552036113998,-0.3431455839107911,-0.8465967650815867,-0.6015544067498438,-1.0458250331675945,-0.08481889296799727,-0.4685212856658194,0.5799708796235029
0.14656787024195714,0.652427708225426,1.4248870236980242,-0.5421256172169757,-0.2294157338705605,0.7419491891959532,-0.0929813591060608,-0.3306814747123078,0.27031677694051254,-0.2190539771691616,-0.5049971420940127,0.20412414523193206,-0.15294382258037553,-0.4341140500939411,-0.22551749644385727,-0.34899122022605644,-0.6302424841458696,-0.1203858530857698,-0.568552036113998,0.4937948646521137,1.859420292256818,1.6623600272549444,-1.0458250331675945,-0.08481889296799727,-0.4685212856658194,0.5799708796235029
1.7249910882322665,0.652427708225426,-0.7018100265975343,-0.5421256172169757,-0.2294157338705605,-2.6824316840161386,-0.0929813591060608,3.0240581238183513,1.2741456568257044,-0.2190539771691616,-0.4668382086648194,0.20412414523193206,-0.15294382258037553,2.303542121669652,2.3324355882202634,-0.34899122022605644,-0.6302424841458696,-0.1203858530857698,-0.568552036113998,1.3307353132150186,-0.8465967650815867,-0.6015544067498438,1.0458250331675945,-0.08481889296799727,-0.4685212856658194,-2.394238759471385
0.14656787024195714,0.652427708225426,-0.7018100265975343,-0.5421256172169757,-0.2294157338705605,-0.39951110187474415,-0.0929813591060608,-0.3306814747123078,-0.4825548829733814,-0.2190539771691616,-0.8035346800988782,-4.898979485566365,-0.15294382258037553,-0.4341140500939411,-0.7736503003004546,-0.34899122022605644,1.5866908771712596,-0.1203858530857698,-0.568552036113998,-1.180086032473696,1.859420292256818,1.6623600272549444,0.0,-0.08481889296799727,-0.4685212856658194,0.5799708796235029
-1.4318553477483524,-1.5327368647783928,-0.7018100265975343,-0.5421256172169757,-0.2294157338705605,0.7419491891959532,-0.0929813591060608,-0.3306814747123078,-1.2354265428872753,2.847701703199101,-0.9483141628155235,0.20412414523193206,-0.15294382258037553,-0.4341140500939411,0.32261530741274,-0.34899122022605644,1.5866908771712596,-0.1203858530857698,1.7588539596742978,0.4937948646521137,0.9574146064773498,-0.6015544067498438,0.0,-0.08481889296799727,-0.4685212856658194,0.5799708796235029
0.14656787024195714,-1.5327368647783928,-0.7018100265975343,1.844590936568452,-0.2294157338705605,-0.39951110187474415,-0.0929813591060608,-0.3306814747123078,0.27031677694051254,-0.2190539771691616,-0.029132795800542906,0.20412414523193206,-0.15294382258037553,-0.4341140500939411,-0.7736503003004546,-0.34899122022605644,-0.6302424841458696,-0.1203858530857698,1.7588539596742978,-1.180086032473696,0.9574146064773498,-0.6015544067498438,0.0,-0.08481889296799727,-0.4685212856658194,0.5799708796235029
1.7249910882322665,0.652427708225426,-0.7018100265975343,-0.5421256172169757,-0.2294157338705605,0.7419491891959532,-0.0929813591060608,3.0240581238183513,0.27031677694051254,-0.2190539771691616,0.4957395924461066,0.20412414523193206,-0.15294382258037553,-0.4341140500939411,3.5200566632428907,-0.34899122022605644,1.5866908771712596,-0.1203858530857698,-0.568552036113998,-0.3431455839107911,-0.8465967650815867,-0.6015544067498438,-1.0458250331675945,-0.08481889296799727,-0.4685212856658194,0.5799708796235029
-1.4318553477483524,-1.5327368647783928,-0.7018100265975343,1.844590936568452,-0.2294157338705605,-0.39951110187474415,-0.0929813591060608,-0.3306814747123078,0.7722312168831085,-1.241305870625249,0.6023601417335586,0.20412414523193206,-0.15294382258037553,-0.4341140500939411,-1.0477167022287532,2.865401597645516,-0.6302424841458696,-0.1203858530857698,-0.568552036113998,0.4937948646521137,0.9574146064773498,-0.6015544067498438,-1.0458250331675945,-0.08481889296799727,-0.4685212856658194,-0.9071339399239409
0.14656787024195714,0.652427708225426,-0.7018100265975343,-0.5421256172169757,-0.2294157338705605,0.7419491891959532,-0.0929813591060608,-0.3306814747123078,1.5251028767970023,-0.2190539771691616,0.6480012189723976,0.20412414523193206,-0.15294382258037553,-0.4341140500939411,-0.9563612349193203,-0.34899122022605644,1.5866908771712596,-0.1203858530857698,-0.568552036113998,0.4937948646521137,-0.8465967650815867,1.6623600272549444,1.0458250331675945,-0.08481889296799727,-0.4685212856658194,0.5799708796235029
0.14656787024195714,0.652427708225426,-0.7018100265975343,-0.5421256172169757,-0.2294157338705605,-0.39951110187474415,-0.0929813591060608,-0.3306814747123078,1.2741456568257044,-1.241305870625249,1.92071388099314,0.20412414523193206,-0.15294382258037553,2.303542121669652,1.053459045888203,2.865401597645516,-0.6302424841458696,-0.1203858530857698,-0.568552036113998,1.3307353132150186,-0.8465967650815867,-0.6015544067498438,0.0,-0.08481889296799727,-0.4685212856658194,-2.394238759471385
0.14656787024195714,0.652427708225426,1.4248870236980242,-0.5421256172169757,-0.2294157338705605,-1.5409713929454416,-0.0929813591060608,-0.3306814747123078,0.7722312168831085,2.847701703199101,0.11040918624935037,0.20412414523193206,-0.15294382258037553,-0.4341140500939411,-0.1341620291344244,-0.34899122022605644,-0.6302424841458696,-0.1203858530857698,-0.568552036113998,-0.3431455839107911,-0.8465967650815867,-0.6015544067498438,1.0458250331675945,-0.08481889296799727,2.1343747458109554,0.5799708796235029
0.14656787024195714,0.652427708225426,-0.7018100265975343,-0.5421256172169757,-0.2294157338705605,0.7419491891959532,-0.0929813591060608,-0.3306814747123078,-0.23159766300208343,-0.2190539771691616,-0.8024123585274313,0.20412414523193206,-0.15294382258037553,-0.4341140500939411,-0.4995838983721559,-0.34899122022605644,1.5866908771712596,-0.1203858530857698,1.7588539596742978,1.3307353132150186,-0.8465967650815867,-0.6015544067498438,1.0458250331675945,-0.08481889296799727,-0.4685212856658194,0.5799708796235029
-1.4318553477483524,-1.5327368647783928,-0.7018100265975343,-0.5421256172169757,-0.2294157338705605,0.7419491891959532,-0.0929813591060608,-0.3306814747123078,1.2741456568257044,-0.2190539771691616,1.1328441378374423,0.20412414523193206,-0.15294382258037553,2.303542121669652,-1.139072169538186,-0.34899122022605644,-0.6302424841458696,-0.1203858530857698,-0.568552036113998,-1.180086032473696,0.9574146064773498,-0.6015544067498438,0.0,-0.08481889296799727,2.1343747458109554,-0.9071339399239409
0.14656787024195714,0.652427708225426,1.4248870236980242,-0.5421256172169757,-0.2294157338705605,0.7419491891959532,-0.0929813591060608,-0.3306814747123078,-1.2354265428872753,1.8254498097430136,-1.0710213212937139,0.20412414523193206,-0.15294382258037553,-0.4341140500939411,1.5102363824353675,-0.34899122022605644,-0.6302424841458696,-0.1203858530857698,-0.568552036113998,1.3307353132150186,-0.8465967650815867,1.6623600272549444,0.0,-0.08481889296799727,-0.4685212856658194,0.5799708796235029
0.14656787024195714,-1.5327368647783928,-0.7018100265975343,-0.5421256172169757,-0.2294157338705605,0.7419491891959532,-0.0929813591060608,3.0240581238183513,-0.7335121029446794,-0.2190539771691616,-0.7541525309552163,0.20412414523193206,-0.15294382258037553,-0.4341140500939411,-0.7736503003004546,-0.34899122022605644,1.5866908771712596,-0.1203858530857698,-0.568552036113998,-0.3431455839107911,0.9574146064773498,-0.6015544067498438,-1.0458250331675945,-0.08481889296799727,-0.4685212856658194,0.5799708796235029
0.14656787024195714,-1.5327368647783928,-0.7018100265975343,1.844590936568452,-0.2294157338705605,-0.39951110187474415,-0.0929813591060608,-0.3306814747123078,-0.7335121029446794,-1.241305870625249,-0.16418549156464873,0.20412414523193206,-0.15294382258037553,-0.4341140500939411,-0.9563612349193203,-0.34899122022605644,-0.6302424841458696,-0.1203858530857698,-0.568552036113998,1.3307353132150186,0.9574146064773498,-0.6015544067498438,1.0458250331675945,-0.08481889296799727,2.1343747458109554,0.5799708796235029
0.14656787024195714,0.652427708225426,-0.7018100265975343,-0.5421256172169757,-0.2294157338705605,0.7419491891959532,-0.0929813591060608,3.0240581238183513,0.27031677694051254,-1.241305870625249,-0.1406167385642646,0.20412414523193206,-0.15294382258037553,2.303542121669652,-0.1341620291344244,-0.34899122022605644,-0.6302424841458696,-0.1203858530857698,-0.568552036113998,0.4937948646521137,-0.8465967650815867,-0.6015544067498438,1.0458250331675945,-0.08481889296799727,-0.4685212856658194,0.5799708796235029
0.14656787024195714,0.652427708225426,-0.7018100265975343,-0.5421256172169757,-0.2294157338705605,0.7419491891959532,-0.0929813591060608,-0.3306814747123078,-0.7335121029446794,-0.2190539771691616,-0.9662713079586733,0.20412414523193206,-0.15294382258037553,-0.4341140500939411,1.8756582516730989,-0.34899122022605644,1.5866908771712596,-0.1203858530857698,-0.568552036113998,1.3307353132150186,-0.8465967650815867,1.6623600272549444,-1.0458250331675945,-0.08481889296799727,-0.4685212856658194,0.5799708796235029
0.14656787024195714,-1.5327368647783928,1.4248870236980242,-0.5421256172169757,-0.2294157338705605,-0.39951110187474415,-0.0929813591060608,-0.3306814747123078,0.27031677694051254,2.847701703199101,-0.22366853485133245,0.20412414523193206,-0.15294382258037553,-0.4341140500939411,-0.6822948329910217,2.865401597645516,-0.6302424841458696,-0.1203858530857698,-0.568552036113998,-0.3431455839107911,0.9574146064773498,-0.6015544067498438,-1.0458250331675945,-0.08481889296799727,-0.4685212856658194,-0.9071339399239409
0.14656787024195714,-1.5327368647783928,1.4248870236980242,-0.5421256172169757,-0.2294157338705605,1.8834094802666506,-0.0929813591060608,3.0240581238183513,1.0231884368544064,-0.2190539771691616,-0.16343727718368414,0.20412414523193206,-0.15294382258037553,-0.4341140500939411,-0.8650057676098875,-0.34899122022605644,-0.6302424841458696,-0.1203858530857698,-0.568552036113998,-0.3431455839107911,0.9574146064773498,-0.6015544067498438,-1.0458250331675945,-0.08481889296799727,-0.4685212856658194,0.5799708796235029
-1.4318553477483524,0.652427708225426,-0.7018100265975343,-0.5421256172169757,-0.2294157338705605,0.7419491891959532,-0.0929813591060608,-0.3306814747123078,-0.7335121029446794,-0.2190539771691616,-0.6381793019057072,0.20412414523193206,-0.15294382258037553,-0.4341140500939411,0.23125984010330713,-0.34899122022605644,1.5866908771712596,-0.1203858530857698,1.7588539596742978,1.3307353132150186,-0.8465967650815867,-0.6015544067498438,-1.0458250331675945,-0.08481889296799727,-0.4685212856658194,0.5799708796235029
0.14656787024195714,0.652427708225426,1.4248870236980242,-0.5421256172169757,-0.2294157338705605,-0.39951110187474415,-0.0929813591060608,-0.3306814747123078,0.27031677694051254,1.8254498097430136,0.08571811167751939,0.20412414523193206,-0.15294382258037553,-0.4341140500939411,-0.40822843106272305,-0.34899122022605644,-0.6302424841458696,-0.1203858530857698,-0.568552036113998,1.3307353132150186,-0.8465967650815867,1.6623600272549444,-1.0458250331675945,-0.08481889296799727,-0.4685212856658194,0.5799708796235029
0.14656787024195714,0.652427708225426,1.4248870236980242,-0.5421256172169757,-0.2294157338705605,-2.6824316840161386,-0.0929813591060608,-0.3306814747123078,1.2741456568257044,-0.2190539771691616,-0.21992746294650958,0.20412414523193206,6.538348415311053,-0.4341140500939411,-0.7736503003004546,-0.34899122022605644,-0.6302424841458696,-0.1203858530857698,-0.568552036113998,-0.3431455839107911,-0.8465967650815867,-0.6015544067498438,-1.0458250331675945,-0.08481889296799727,-0.4685212856658194,0.5799708796235029
0.14656787024195714,0.652427708225426,-0.7018100265975343,1.844590936568452,-0.2294157338705605,-0.39951110187474415,-0.0929813591060608,-0.3306814747123078,-1.2354265428872753,-0.2190539771691616,-0.6007685828574784,0.20412414523193206,-0.15294382258037553,-0.4341140500939411,1.4188809151259345,-0.34899122022605644,-0.6302424841458696,-0.1203858530857698,-0.568552036113998,0.4937948646521137,-0.8465967650815867,1.6623600272549444,-1.0458250331675945,-0.08481889296799727,-0.4685212856658194,0.5799708796235029
0.14656787024195714,0.652427708225426,1.4248870236980242,-0.5421256172169757,-0.2294157338705605,0.7419491891959532,-0.0929813591060608,-0.3306814747123078,-1.2354265428872753,1.8254498097430136,-0.4193265954735689,0.20412414523193206,-0.15294382258037553,-0.4341140500939411,-1.0477167022287532,-0.34899122022605644,-0.6302424841458696,-0.1203858530857698,1.7588539596742978,-0.3431455839107911,1.859420292256818,-0.6015544067498438,-1.0458250331675945,-0.08481889296799727,-0.4685212856658194,0.5799708796235029
0.14656787024195714,-1.5327368647783928,1.4248870236980242,-0.5421256172169757,-0.2294157338705605,-0.39951110187474415,-0.0929813591060608,-0.3306814747123078,-0.4825548829733814,-0.2190539771691616,-0.6725971634300776,0.20412414523193206,-0.15294382258037553,-0.4341140500939411,-0.6822948329910217,-0.34899122022605644,-0.6302424841458696,-0.1203858530857698,1.7588539596742978,-0.3431455839107911,0.9574146064773498,-0.6015544067498438,0.0,-0.08481889296799727,-0.4685212856658194,-0.9071339399239409
1.7249910882322665,0.652427708225426,1.4248870236980242,-0.5421256172169757,-0.2294157338705605,-2.6824316840161386,-0.0929813591060608,3.0240581238183513,2.277974536710896,-1.241305870625249,3.3681346009691104,0.20412414523193206,-0.15294382258037553,-0.4341140500939411,1.144814513197636,-0.34899122022605644,-0.6302424841458696,-0.1203858530857698,-0.568552036113998,-0.3431455839107911,-0.8465967650815867,-0.6015544067498438,1.0458250331675945,-0.08481889296799727,-0.4685212856658194,0.5799708796235029
0.14656787024195714,0.652427708225426,1.4248870236980242,-0.5421256172169757,-0.2294157338705605,-0.39951110187474415,-0.0929813591060608,-0.3306814747123078,1.7760600967683002,-0.2190539771691616,0.28586545858554324,0.20412414523193206,-0.15294382258037553,-0.4341140500939411,-0.1341620291344244,-0.34899122022605644,-0.6302424841458696,-0.1203858530857698,-0.568552036113998,-1.180086032473696,-0.8465967650815867,1.6623600272549444,0.0,-0.08481889296799727,-0.4685212856658194,0.5799708796235029
-1.4318553477483524,0.652427708225426,-0.7018100265975343,1.844590936568452,-0.2294157338705605,-0.39951110187474415,-0.0929813591060608,-0.3306814747123078,-0.9008169162588779,-1.241305870625249,-0.7077632393354126,0.20412414523193206,-0.15294382258037553,-0.4341140500939411,-0.7736503003004546,-0.34899122022605644,-0.6302424841458696,-0.1203858530857698,1.7588539596742978,-0.3431455839107911,-0.8465967650815867,-0.6015544067498438,-1.0458250331675945,-0.08481889296799727,-0.4685212856658194,0.5799708796235029
0.14656787024195714,0.652427708225426,-0.7018100265975343,-0.5421256172169757,-0.2294157338705605,0.7419491891959532,-0.0929813591060608,-0.3306814747123078,-0.4825548829733814,-0.2190539771691616,-0.647157874477282,0.20412414523193206,-0.15294382258037553,2.303542121669652,-0.04280656182499151,-0.34899122022605644,-0.6302424841458696,-0.1203858530857698,-0.568552036113998,-0.3431455839107911,-0.8465967650815867,1.6623600272549444,-1.0458250331675945,-0.08481889296799727,-0.4685212856658194,-2.394238759471385
0.14656787024195714,0.652427708225426,-0.7018100265975343,-0.5421256172169757,-0.2294157338705605,0.7419491891959532,-0.0929813591060608,-0.3306814747123078,-0.7335121029446794,1.8254498097430136,-0.7623828891458266,0.20412414523193206,-0.15294382258037553,-0.4341140500939411,0.7793926439599044,-0.34899122022605644,1.5866908771712596,-0.1203858530857698,1.7588539596742978,-0.3431455839107911,-0.8465967650815867,-0.6015544067498438,-1.0458250331675945,-0.08481889296799727,-0.4685212856658194,0.5799708796235029
0.14656787024195714,0.652427708225426,1.4248870236980242,-0.5421256172169757,-0.2294157338705605,-1.5409713929454416,-0.0929813591060608,-0.3306814747123078,0.27031677694051254,-0.2190539771691616,0.13135918891635848,0.20412414523193206,-0.15294382258037553,-0.4341140500939411,-0.7736503003004546,-0.34899122022605644,-0.6302424841458696,-0.1203858530857698,-0.568552036113998,0.4937948646521137,-0.8465967650815867,-0.6015544067498438,0.0,-0.08481889296799727,2.1343747458109554,0.5799708796235029
1.7249910882322665,0.652427708225426,-0.7018100265975343,-0.5421256172169757,-0.2294157338705605,1.8834094802666506,10.754843869934366,-0.3306814747123078,2.277974536710896,0.8031979162869259,1.6390111665599774,0.20412414523193206,-0.15294382258037553,2.303542121669652,-0.40822843106272305,-0.34899122022605644,-0.6302424841458696,-0.1203858530857698,-0.568552036113998,-2.0170264810366008,-0.8465967650815867,-0.6015544067498438,1.0458250331675945,-0.08481889296799727,-0.4685212856658194,-2.394238759471385
-1.4318553477483524,0.652427708225426,1.4248870236980242,-0.5421256172169757,-0.2294157338705605,-1.5409713929454416,-0.0929813591060608,-0.3306814747123078,0.27031677694051254,-0.2190539771691616,-0.6190998351911104,0.20412414523193206,-0.15294382258037553,-0.4341140500939411,-1.0477167022287532,-0.34899122022605644,-0.6302424841458696,-0.1203858530857698,-0.568552036113998,0.4937948646521137,-0.8465967650815867,1.6623600272549444,0.0,-0.08481889296799727,-0.4685212856658194,-0.9071339399239409
-1.4318553477483524,0.652427708225426,-0.7018100265975343,-0.5421256172169757,-0.2294157338705605,-0.39951110187474415,-0.0929813591060608,-0.3306814747123078,-0.23159766300208343,-0.2190539771691616,-0.12602655813545538,0.20412414523193206,-0.15294382258037553,-0.4341140500939411,-0.1341620291344244,-0.34899122022605644,1.5866908771712596,-0.1203858530857698,-0.568552036113998,-0.3431455839107911,-0.8465967650815867,-0.6015544067498438,2.091650066335189,-0.08481889296799727,2.1343747458109554,0.5799708796235029
1.7249910882322665,0.652427708225426,-0.7018100265975343,1.844590936568452,-0.2294157338705605,0.7419491891959532,-0.0929813591060608,-0.3306814747123078,-0.23159766300208343,-0.2190539771691616,-0.4941480335700264,0.20412414523193206,-0.15294382258037553,-0.4341140500939411,-0.31687296375329016,-0.34899122022605644,-0.6302424841458696,-0.1203858530857698,-0.568552036113998,0.4937948646521137,1.859420292256818,1.6623600272549444,0.0,-0.08481889296799727,-0.4685212856658194,0.5799708796235029
0.14656787024195714,0.652427708225426,1.4248870236980242,-0.5421256172169757,-0.2294157338705605,-2.6824316840161386,-0.0929813591060608,-0.3306814747123078,-0.06429284968788476,0.8031979162869259,1.102541455408377,0.20412414523193206,-0.15294382258037553,-0.4341140500939411,-0.40822843106272305,2.865401597645516,-0.6302424841458696,-0.1203858530857698,-0.568552036113998,1.3307353132150186,1.859420292256818,-0.6015544067498438,1.0458250331675945,-0.08481889296799727,-0.4685212856658194,0.5799708796235029
0.14656787024195714,0.652427708225426,1.4248870236980242,-0.5421256172169757,-0.2294157338705605,-0.39951110187474415,-0.0929813591060608,-0.3306814747123078,0.27031677694051254,0.8031979162869259,-0.04073011870549382,0.20412414523193206,-0.15294382258037553,-0.4341140500939411,-1.230427636847619,-0.34899122022605644,-0.6302424841458696,-0.1203858530857698,-0.568552036113998,-1.180086032473696,1.859420292256818,1.6623600272549444,1.0458250331675945,-0.08481889296799727,-0.4685212856658194,-0.9071339399239409
0.14656787024195714,0.652427708225426,-0.7018100265975343,-0.5421256172169757,-0.2294157338705605,0.7419491891959532,-0.0929813591060608,-0.3306814747123078,-0.7335121029446794,-0.2190539771691616,-0.4739462452839828,0.20412414523193206,-0.15294382258037553,2.303542121669652,-0.8650057676098875,-0.34899122022605644,-0.6302424841458696,-0.1203858530857698,-0.568552036113998,1.3307353132150186,-0.8465967650815867,1.6623600272549444,-1.0458250331675945,-0.08481889296799727,-0.4685212856658194,0.5799708796235029
0.14656787024195714,-1.5327368647783928,1.4248870236980242,-0.5421256172169757,-0.2294157338705605,-0.39951110187474415,-0.0929813591060608,-0.3306814747123078,-0.7335121029446794,-0.2190539771691616,-0.6112435841909823,0.20412414523193206,-0.15294382258037553,-0.4341140500939411,-1.230427636847619,-0.34899122022605644,-0.6302424841458696,-0.1203858530857698,-0.568552036113998,-0.3431455839107911,0.9574146064773498,1.6623600272549444,1.0458250331675945,-0.08481889296799727,-0.4685212856658194,0.5799708796235029
0.14656787024195714,0.652427708225426,-0.7018100265975343,-0.5421256172169757,-0.2294157338705605,0.7419491891959532,-0.0929813591060608,-0.3306814747123078,0.27031677694051254,2.847701703199101,0.21553330677487317,0.20412414523193206,-0.15294382258037553,-0.4341140500939411,1.3275254478165017,-0.34899122022605644,1.5866908771712596,-0.1203858530857698,-0.568552036113998,-0.3431455839107911,-0.8465967650815867,-0.6015544067498438,-1.0458250331675945,-0.08481889296799727,2.1343747458109554,0.5799708796235029
1.7249910882322665,0.652427708225426,1.4248870236980242,-0.5421256172169757,-0.2294157338705605,1.8834094802666506,-0.0929813591060608,-0.3306814747123078,1.2741456568257044,-0.2190539771691616,0.47217083944572247,0.20412414523193206,-0.15294382258037553,-0.4341140500939411,-0.8650057676098875,-0.34899122022605644,-0.6302424841458696,-0.1203858530857698,-0.568552036113998,-0.3431455839107911,-0.8465967650815867,1.6623600272549444,-1.0458250331675945,-0.08481889296799727,-0.4685212856658194,0.5799708796235029
1.7249910882322665,0.652427708225426,-0.7018100265975343,-0.5421256172169757,-0.2294157338705605,-1.5409713929454416,-0.0929813591060608,-0.3306814747123078,1.7760600967683002,-0.2190539771691616,2.2753674975703486,0.20412414523193206,-0.15294382258037553,2.303542121669652,1.784302784363666,2.865401597645516,-0.6302424841458696,-0.1203858530857698,-0.568552036113998,-2.0170264810366008,-0.8465967650815867,-0.6015544067498438,1.0458250331675945,-0.08481889296799727,-0.4685212856658194,-2.394238759471385
-1.4318553477483524,0.652427708225426,-0.7018100265975343,-0.5421256172169757,-0.2294157338705605,0.7419491891959532,-0.0929813591060608,-0.3306814747123078,0.5212739969118105,2.847701703199101,0.4957395924461066,0.20412414523193206,-0.15294382258037553,-0.4341140500939411,-0.31687296375329016,-0.34899122022605644,1.5866908771712596,-0.1203858530857698,-0.568552036113998,-1.180086032473696,-0.8465967650815867,-0.6015544067498438,-1.0458250331675945,-0.08481889296799727,2.1343747458109554,0.5799708796235029
1.7249910882322665,-1.5327368647783928,-0.7018100265975343,-0.5421256172169757,-0.2294157338705605,-1.5409713929454416,10.754843869934366,-0.3306814747123078,3.2818034165960883,0.8031979162869259,4.332582938032448,0.20412414523193206,-0.15294382258037553,2.303542121669652,2.2410801209108304,-0.34899122022605644,-0.6302424841458696,-0.1203858530857698,-0.568552036113998,1.3307353132150186,0.9574146064773498,-0.6015544067498438,1.0458250331675945,-0.08481889296799727,-0.4685212856658194,-2.394238759471385
0.14656787024195714,-1.5327368647783928,1.4248870236980242,-0.5421256172169757,-0.2294157338705605,1.8834094802666506,-0.0929813591060608,-0.3306814747123078,0.27031677694051254,-1.241305870625249,-0.4623489223790319,0.20412414523193206,-0.15294382258037553,-0.4341140500939411,0.5966817093410386,-0.34899122022605644,-0.6302424841458696,-0.1203858530857698,1.7588539596742978,-0.3431455839107911,0.9574146064773498,-0.6015544067498438,1.0458250331675945,-0.08481889296799727,-0.4685212856658194,-0.9071339399239409
-1.4318553477483524,0.652427708225426,1.4248870236980242,-0.5421256172169757,-0.2294157338705605,-2.6824316840161386,-0.0929813591060608,-0.3306814747123078,-1.2354265428872753,-0.2190539771691616,-1.0380998885312724,0.20412414523193206,-0.15294382258037553,-0.4341140500939411,0.32261530741274,-0.34899122022605644,-0.6302424841458696,-0.1203858530857698,-0.568552036113998,1.3307353132150186,1.859420292256818,1.6623600272549444,-1.0458250331675945,-0.08481889296799727,-0.4685212856658194,0.5799708796235029
1.7249910882322665,0.652427708225426,-0.7018100265975343,-0.5421256172169757,-0.2294157338705605,-0.39951110187474415,-0.0929813591060608,-0.3306814747123078,-0.7335121029446794,-0.2190539771691616,-0.7833328918128347,0.20412414523193206,-0.15294382258037553,-0.4341140500939411,-1.4131385714664848,-0.34899122022605644,1.5866908771712596,-0.1203858530857698,-0.568552036113998,-0.3431455839107911,-0.8465967650815867,1.6623600272549444,0.0,-0.08481889296799727,-0.4685212856658194,-0.9071339399239409
0.14656787024195714,-1.5327368647783928,-0.7018100265975343,-0.5421256172169757,-0.2294157338705605,-0.39951110187474415,-0.0929813591060608,-0.3306814747123078,-1.1517741362301759,-0.2190539771691616,-0.32617390504347926,0.20412414523193206,-0.15294382258037553,-0.4341140500939411,0.8707481112693373,-0.34899122022605644,1.5866908771712596,-0.1203858530857698,-0.568552036113998,-1.180086032473696,0.9574146064773498,1.6623600272549444,1.0458250331675945,-0.08481889296799727,-0.4685212856658194,0.5799708796235029
-1.4318553477483524,0.652427708225426,1.4248870236980242,-0.5421256172169757,-0.2294157338705605,-0.39951110187474415,-0.0929813591060608,-0.3306814747123078,0.6049264035689098,-0.2190539771691616,0.301203853395317,0.20412414523193206,-0.15294382258037553,-0.4341140500939411,0.8707481112693373,-0.34899122022605644,-0.6302424841458696,-0.1203858530857698,1.7588539596742978,-0.3431455839107911,-0.8465967650815867,-0.6015544067498438,0.0,-0.08481889296799727,-0.4685212856658194,0.5799708796235029
-3.0102785657386617,0.652427708225426,1.4248870236980242,-0.5421256172169757,-0.2294157338705605,-0.39951110187474415,-0.0929813591060608,-0.3306814747123078,-0.23159766300208343,-0.2190539771691616,-0.2723024696140298,0.20412414523193206,-0.15294382258037553,-0.4341140500939411,-0.9563612349193203,-0.34899122022605644,-0.6302424841458696,-0.1203858530857698,-0.568552036113998,-2.0170264810366008,-0.8465967650815867,-0.6015544067498438,0.0,-0.08481889296799727,2.1343747458109554,0.5799708796235029
1.7249910882322665,0.652427708225426,-0.7018100265975343,-0.5421256172169757,4.358898943540649,-0.39951110187474415,-0.0929813591060608,-0.3306814747123078,1.2741456568257044,-1.241305870625249,-0.4578596360932445,0.20412414523193206,-0.15294382258037553,2.303542121669652,0.41397077472217286,-0.34899122022605644,-0.6302424841458696,-0.1203858530857698,-0.568552036113998,1.3307353132150186,-0.8465967650815867,-0.6015544067498438,0.0,-0.08481889296799727,-0.4685212856658194,0.5799708796235029
-1.4318553477483524,0.652427708225426,-0.7018100265975343,-0.5421256172169757,-0.2294157338705605,1.8834094802666506,-0.0929813591060608,-0.3306814747123078,-0.7335121029446794,-0.2190539771691616,-0.6946694876685325,0.20412414523193206,-0.15294382258037553,-0.4341140500939411,0.6880371766504715,-0.34899122022605644,1.5866908771712596,-0.1203858530857698,1.7588539596742978,-0.3431455839107911,-0.8465967650815867,-0.6015544067498438,0.0,-0.08481889296799727,-0.4685212856658194,0.5799708796235029
0.14656787024195714,-1.5327368647783928,1.4248870236980242,-0.5421256172169757,-0.2294157338705605,-0.39951110187474415,-0.0929813591060608,-0.3306814747123078,-0.9844693229159773,-0.2190539771691616,-0.8387007560042132,-4.898979485566365,-0.15294382258037553,-0.4341140500939411,-0.5909393656815888,-0.34899122022605644,-0.6302424841458696,-0.1203858530857698,-0.568552036113998,-0.3431455839107911,0.9574146064773498,-0.6015544067498438,1.0458250331675945,-0.08481889296799727,2.1343747458109554,0.5799708796235029
-1.4318553477483524,0.652427708225426,-0.7018100265975343,-0.5421256172169757,-0.2294157338705605,-0.39951110187474415,-0.0929813591060608,-0.3306814747123078,1.2741456568257044,-0.2190539771691616,-0.30559800956695343,0.20412414523193206,6.538348415311053,2.303542121669652,-0.22551749644385727,-0.34899122022605644,-0.6302424841458696,-0.1203858530857698,-0.568552036113998,-1.180086032473696,-0.8465967650815867,-0.6015544067498438,1.0458250331675945,-0.08481889296799727,-0.4685212856658194,-0.9071339399239409
-1.4318553477483524,0.652427708225426,-0.7018100265975343,1.844590936568452,-0.2294157338705605,-0.39951110187474415,-0.0929813591060608,-0.3306814747123078,-0.7335121029446794,-0.2190539771691616,-0.9326016608152674,0.20412414523193206,-0.15294382258037553,-0.4341140500939411,0.23125984010330713,-0.34899122022605644,-0.6302424841458696,-0.1203858530857698,-0.568552036113998,-0.3431455839107911,-0.8465967650815867,-0.6015544067498438,0.0,-0.08481889296799727,2.1343747458109554,0.5799708796235029
1.7249910882322665,0.652427708225426,-0.7018100265975343,-0.5421256172169757,-0.2294157338705605,0.7419491891959532,10.754843869934366,-0.3306814747123078,-1.0681217295730767,-0.2190539771691616,-0.7620087819553443,0.20412414523193206,-0.15294382258037553,2.303542121669652,1.4188809151259345,-0.34899122022605644,-0.6302424841458696,-0.1203858530857698,-0.568552036113998,1.3307353132150186,-0.8465967650815867,-0.6015544067498438,0.0,-0.08481889296799727,-0.4685212856658194,-2.394238759471385
-1.4318553477483524,0.652427708225426,-0.7018100265975343,-0.5421256172169757,-0.2294157338705605,0.7419491891959532,-0.0929813591060608,-0.3306814747123078,-0.9844693229159773,-0.2190539771691616,-0.7657498538601671,0.20412414523193206,-0.15294382258037553,-0.4341140500939411,0.13990437279387424,-0.34899122022605644,1.5866908771712596,-0.1203858530857698,-0.568552036113998,1.3307353132150186,-0.8465967650815867,1.6623600272549444,1.0458250331675945,-0.08481889296799727,-0.4685212856658194,0.5799708796235029
0.14656787024195714,-1.5327368647783928,-0.7018100265975343,-0.5421256172169757,-0.2294157338705605,-0.39951110187474415,-0.0929813591060608,-0.3306814747123078,0.27031677694051254,-0.2190539771691616,0.20805116296522744,0.20412414523193206,-0.15294382258037553,2.303542121669652,2.4237910555296964,-0.34899122022605644,-0.6302424841458696,-0.1203858530857698,1.7588539596742978,1.3307353132150186,0.9574146064773498,-0.6015544067498438,-1.0458250331675945,-0.08481889296799727,-0.4685212856658194,-2.394238759471385
0.14656787024195714,0.652427708225426,-0.7018100265975343,-0.5421256172169757,-0.2294157338705605,0.7419491891959532,-0.0929813591060608,-0.3306814747123078,0.27031677694051254,-1.241305870625249,0.15567615629770717,0.20412414523193206,-0.15294382258037553,2.303542121669652,-1.4131385714664848,-0.34899122022605644,-0.6302424841458696,-0.1203858530857698,-0.568552036113998,1.3307353132150186,-0.8465967650815867,-0.6015544067498438,2.091650066335189,-0.08481889296799727,2.1343747458109554,-0.9071339399239409
0.14656787024195714,0.652427708225426,-0.7018100265975343,-0.5421256172169757,-0.2294157338705605,0.7419491891959532,-0.0929813591060608,-0.3306814747123078,-0.9844693229159773,-0.2190539771691616,-0.15034352551680408,0.20412414523193206,-0.15294382258037553,-0.4341140500939411,0.048548905484441365,-0.34899122022605644,1.5866908771712596,-0.1203858530857698,1.7588539596742978,-0.3431455839107911,-0.8465967650815867,-0.6015544067498438,0.0,-0.08481889296799727,-0.4685212856658194,-0.9071339399239409
-1.4318553477483524,0.652427708225426,-0.7018100265975343,1.844590936568452,-0.2294157338705605,0.7419491891959532,-0.0929813591060608,-0.3306814747123078,-1.1517741362301759,-1.241305870625249,-0.924371302624657,0.20412414523193206,-0.15294382258037553,-0.4341140500939411,0.9621035785787702,-0.34899122022605644,-0.6302424841458696,-0.1203858530857698,-0.568552036113998,1.3307353132150186,-0.8465967650815867,1.6623600272549444,-1.0458250331675945,-0.08481889296799727,-0.4685212856658194,-0.9071339399239409
0.14656787024195714,0.652427708225426,-0.7018100265975343,1.844590936568452,-0.2294157338705605,0.7419491891959532,-0.0929813591060608,-0.3306814747123078,-0.4825548829733814,-0.2190539771691616,-0.8327150409564966,0.20412414523193206,-0.15294382258037553,-0.4341140500939411,-0.9563612349193203,-0.34899122022605644,-0.6302424841458696,-0.1203858530857698,-0.568552036113998,-0.3431455839107911,0.05540892069788158,-0.6015544067498438,0.0,-0.08481889296799727,2.1343747458109554,0.5799708796235029
0.14656787024195714,0.652427708225426,-0.7018100265975343,-0.5421256172169757,-0.2294157338705605,1.8834094802666506,-0.0929813591060608,-0.3306814747123078,-1.1517741362301759,-1.241305870625249,-0.8809748685287118,0.20412414523193206,-0.15294382258037553,2.303542121669652,0.048548905484441365,-0.34899122022605644,-0.6302424841458696,-0.1203858530857698,-0.568552036113998,1.3307353132150186,-0.8465967650815867,1.6623600272549444,-1.0458250331675945,-0.08481889296799727,-0.4685212856658194,-2.394238759471385
0.14656787024195714,0.652427708225426,1.4248870236980242,-0.5421256172169757,-0.2294157338705605,0.7419491891959532,-0.0929813591060608,3.0240581238183513,-0.4825548829733814,1.8254498097430136,-0.32729622661492613,0.20412414523193206,-0.15294382258037553,-0.4341140500939411,-0.7736503003004546,-0.34899122022605644,-0.6302424841458696,-0.1203858530857698,-0.568552036113998,-0.3431455839107911,-0.8465967650815867,-0.6015544067498438,1.0458250331675945,-0.08481889296799727,-0.4685212856658194,0.5799708796235029
0.14656787024195714,-1.5327368647783928,-0.7018100265975343,-0.5421256172169757,-0.2294157338705605,-0.39951110187474415,-0.0929813591060608,-0.3306814747123078,-0.9008169162588779,-1.241305870625249,-0.11218459208761075,0.20412414523193206,-0.15294382258037553,-0.4341140500939411,-0.40822843106272305,2.865401597645516,1.5866908771712596,-0.1203858530857698,-0.568552036113998,-1.180086032473696,0.9574146064773498,-0.6015544067498438,-1.0458250331675945,-0.08481889296799727,-0.4685212856658194,-0.9071339399239409
1.7249910882322665,0.652427708225426,-0.7018100265975343,-0.5421256172169757,-0.2294157338705605,-0.39951110187474415,-0.0929813591060608,-0.3306814747123078,1.2741456568257044,-0.2190539771691616,0.01800471020022533,0.20412414523193206,-0.15294382258037553,2.303542121669652,0.32261530741274,-0.34899122022605644,-0.6302424841458696,-0.1203858530857698,1.7588539596742978,0.4937948646521137,-0.8465967650815867,-0.6015544067498438,0.0,-0.08481889296799727,-0.4685212856658194,-2.394238759471385
0.14656787024195714,0.652427708225426,-0.7018100265975343,1.844590936568452,-0.2294157338705605,-0.39951110187474415,-0.0929813591060608,-0.3306814747123078,0.27031677694051254,0.8031979162869259,-0.3149506893290106,0.20412414523193206,-0.15294382258037553,-0.4341140500939411,-0.22551749644385727,-0.34899122022605644,-0.6302424841458696,-0.1203858530857698,-0.568552036113998,-2.0170264810366008,0.05540892069788158,-0.6015544067498438,0.0,-0.08481889296799727,2.1343747458109554,0.5799708796235029
-1.4318553477483524,0.652427708225426,1.4248870236980242,-0.5421256172169757,-0.2294157338705605,-1.5409713929454416,-0.0929813591060608,-0.3306814747123078,-0.4825548829733814,0.8031979162869259,-0.6104953698100178,0.20412414523193206,-0.15294382258037553,-0.4341140500939411,-0.1341620291344244,-0.34899122022605644,-0.6302424841458696,-0.1203858530857698,-0.568552036113998,1.3307353132150186,-0.8465967650815867,1.6623600272549444,-1.0458250331675945,-0.08481889296799727,-0.4685212856658194,0.5799708796235029
0.14656787024195714,0.652427708225426,1.4248870236980242,-0.5421256172169757,-0.2294157338705605,-0.39951110187474415,-0.0929813591060608,-0.3306814747123078,-0.23159766300208343,-0.2190539771691616,0.35619761039621334,0.20412414523193206,-0.15294382258037553,-0.4341140500939411,0.5966817093410386,-0.34899122022605644,-0.6302424841458696,-0.1203858530857698,-0.568552036113998,-0.3431455839107911,-0.8465967650815867,-0.6015544067498438,0.0,-0.08481889296799727,2.1343747458109554,0.5799708796235029
1.7249910882322665,-1.5327368647783928,-0.7018100265975343,1.844590936568452,-0.2294157338705605,-0.39951110187474415,-0.0929813591060608,-0.3306814747123078,-0.7335121029446794,-0.2190539771691616,-0.6460355529058351,0.20412414523193206,-0.15294382258037553,-0.4341140500939411,-0.22551749644385727,-0.34899122022605644,-0.6302424841458696,-0.1203858530857698,-0.568552036113998,-1.180086032473696,0.9574146064773498,-0.6015544067498438,2.091650066335189,-0.08481889296799727,2.1343747458109554,0.5799708796235029
0.14656787024195714,-1.5327368647783928,-0.7018100265975343,1.844590936568452,-0.2294157338705605,0.7419491891959532,-0.0929813591060608,-0.3306814747123078,-0.7335121029446794,-0.2190539771691616,-0.7144971687640937,0.20412414523193206,-0.15294382258037553,-0.4341140500939411,-0.04280656182499151,-0.34899122022605644,-0.6302424841458696,-0.1203858530857698,-0.568552036113998,-0.3431455839107911,0.9574146064773498,1.6623600272549444,-1.0458250331675945,-0.08481889296799727,-0.4685212856658194,0.5799708796235029
-1.4318553477483524,0.652427708225426,-0.7018100265975343,-0.5421256172169757,-0.2294157338705605,1.8834094802666506,-0.0929813591060608,-0.3306814747123078,3.2818034165960883,-1.241305870625249,1.5776575873208822,0.20412414523193206,-0.15294382258037553,-0.4341140500939411,-0.7736503003004546,-0.34899122022605644,1.5866908771712596,-0.1203858530857698,-0.568552036113998,-0.3431455839107911,-0.8465967650815867,1.6623600272549444,1.0458250331675945,-0.08481889296799727,-0.4685212856658194,0.5799708796235029
0.14656787024195714,0.652427708225426,-0.7018100265975343,-0.5421256172169757,-0.2294157338705605,-1.5409713929454416,-0.0929813591060608,-0.3306814747123078,0.27031677694051254,1.8254498097430136,0.055415429248454086,0.20412414523193206,-0.15294382258037553,2.303542121669652,-0.4995838983721559,-0.34899122022605644,-0.6302424841458696,-0.1203858530857698,-0.568552036113998,-1.180086032473696,-0.8465967650815867,-0.6015544067498438,0.0,-0.08481889296799727,2.1343747458109554,-2.394238759471385
-3.0102785657386617,-1.5327368647783928,-0.7018100265975343,-0.5421256172169757,-0.2294157338705605,0.7419491891959532,-0.0929813591060608,-0.3306814747123078,-0.23159766300208343,-0.2190539771691616,-0.7522819950028048,0.20412414523193206,6.538348415311053,2.303542121669652,1.784302784363666,-0.34899122022605644,-0.6302424841458696,-0.1203858530857698,-0.568552036113998,-2.0170264810366008,0.9574146064773498,-0.6015544067498438,0.0,-0.08481889296799727,-0.4685212856658194,-2.394238759471385
0.14656787024195714,-1.5327368647783928,-0.7018100265975343,1.844590936568452,-0.2294157338705605,0.7419491891959532,-0.0929813591060608,-0.3306814747123078,-0.23159766300208343,-0.2190539771691616,-0.7130007400021646,0.20412414523193206,-0.15294382258037553,-0.4341140500939411,-0.7736503003004546,-0.34899122022605644,-0.6302424841458696,-0.1203858530857698,-0.568552036113998,-1.180086032473696,0.9574146064773498,-0.6015544067498438,1.0458250331675945,-0.08481889296799727,2.1343747458109554,0.5799708796235029
0.14656787024195714,0.652427708225426,1.4248870236980242,-0.5421256172169757,-0.2294157338705605,-0.39951110187474415,-0.0929813591060608,-0.3306814747123078,-0.7335121029446794,-0.2190539771691616,-0.6841944863350284,0.20412414523193206,-0.15294382258037553,-0.4341140500939411,0.048548905484441365,-0.34899122022605644,-0.6302424841458696,-0.1203858530857698,1.7588539596742978,0.4937948646521137,0.05540892069788158,-0.6015544067498438,0.0,-0.08481889296799727,-0.4685212856658194,0.5799708796235029
0.14656787024195714,-1.5327368647783928,-0.7018100265975343,1.844590936568452,-0.2294157338705605,1.8834094802666506,-0.0929813591060608,-0.3306814747123078,0.27031677694051254,0.8031979162869259,-0.6164810848577345,0.20412414523193206,-0.15294382258037553,-0.4341140500939411,-1.139072169538186,-0.34899122022605644,-0.6302424841458696,-0.1203858530857698,-0.568552036113998,0.4937948646521137,0.9574146064773498,1.6623600272549444,1.0458250331675945,-0.08481889296799727,-0.4685212856658194,-0.9071339399239409
0.14656787024195714,0.652427708225426,1.4248870236980242,-0.5421256172169757,-0.2294157338705605,1.8834094802666506,-0.0929813591060608,3.0240581238183513,0.27031677694051254,1.8254498097430136,-0.30896497428129405,0.20412414523193206,-0.15294382258037553,-0.4341140500939411,0.7793926439599044,-0.34899122022605644,-0.6302424841458696,-0.1203858530857698,-0.568552036113998,-0.3431455839107911,-0.8465967650815867,-0.6015544067498438,-1.0458250331675945,-0.08481889296799727,-0.4685212856658194,0.5799708796235029
0.14656787024195714,-1.5327368647783928,-0.7018100265975343,-0.5421256172169757,-0.2294157338705605,-0.39951110187474415,-0.0929813591060608,-0.3306814747123078,-0.23159766300208343,-0.2190539771691616,0.1152725797256201,0.20412414523193206,-0.15294382258037553,-0.4341140500939411,-0.9563612349193203,-0.34899122022605644,1.5866908771712596,-0.1203858530857698,-0.568552036113998,0.4937948646521137,0.9574146064773498,1.6623600272549444,0.0,-0.08481889296799727,-0.4685212856658194,0.5799708796235029
0.14656787024195714,0.652427708225426,-0.7018100265975343,-0.5421256172169757,-0.2294157338705605,-0.39951110187474415,-0.0929813591060608,-0.3306814747123078,-0.4825548829733814,0.8031979162869259,-0.6310712652865437,0.20412414523193206,6.538348415311053,-0.4341140500939411,-1.230427636847619,-0.34899122022605644,1.5866908771712596,-0.1203858530857698,-0.568552036113998,-0.3431455839107911,-0.8465967650815867,-0.6015544067498438,1.0458250331675945,-0.08481889296799727,-0.4685212856658194,0.5799708796235029
0.14656787024195714,-1.5327368647783928,1.4248870236980242,-0.5421256172169757,-0.2294157338705605,-2.6824316840161386,-0.0929813591060608,-0.3306814747123078,-0.23159766300208343,0.8031979162869259,-0.3452533717580759,0.20412414523193206,-0.15294382258037553,-0.4341140500939411,-0.6822948329910217,-0.34899122022605644,-0.6302424841458696,-0.1203858530857698,1.7588539596742978,-1.180086032473696,0.9574146064773498,-0.6015544067498438,1.0458250331675945,-0.08481889296799727,-0.4685212856658194,0.5799708796235029
0.14656787024195714,0.652427708225426,-0.7018100265975343,-0.5421256172169757,-0.2294157338705605,-0.39951110187474415,-0.0929813591060608,-0.3306814747123078,0.27031677694051254,-0.2190539771691616,-0.47731320999832344,0.20412414523193206,-0.15294382258037553,-0.4341140500939411,-0.8650057676098875,-0.34899122022605644,1.5866908771712596,-0.1203858530857698,-0.568552036113998,-0.3431455839107911,-0.8465967650815867,-0.6015544067498438,2.091650066335189,-0.08481889296799727,2.1343747458109554,0.5799708796235029
0.14656787024195714,0.652427708225426,-0.7018100265975343,1.844590936568452,-0.2294157338705605,0.7419491891959532,-0.0929813591060608,-0.3306814747123078,0.27031677694051254,-0.2190539771691616,-0.6045096547623012,0.20412414523193206,-0.15294382258037553,-0.4341140500939411,0.41397077472217286,-0.34899122022605644,-0.6302424841458696,-0.1203858530857698,-0.568552036113998,0.4937948646521137,-0.8465967650815867,-0.6015544067498438,-1.0458250331675945,-0.08481889296799727,2.1343747458109554,0.5799708796235029
0.14656787024195714,0.652427708225426,1.4248870236980242,-0.5421256172169757,-0.2294157338705605,-0.39951110187474415,-0.0929813591060608,-0.3306814747123078,0.27031677694051254,0.8031979162869259,0.1571725850596363,0.20412414523193206,-0.15294382258037553,-0.4341140500939411,-0.40822843106272305,-0.34899122022605644,-0.6302424841458696,-0.1203858530857698,-0.568552036113998,1.3307353132150186,-0.8465967650815867,1.6623600272549444,-1.0458250331675945,-0.08481889296799727,-0.4685212856658194,0.5799708796235029
0.14656787024195714,0.652427708225426,-0.7018100265975343,-0.5421256172169757,-0.2294157338705605,-0.39951110187474415,-0.0929813591060608,-0.3306814747123078,-0.9844693229159773,-0.2190539771691616,-0.18850245894599743,0.20412414523193206,-0.15294382258037553,-0.4341140500939411,-0.31687296375329016,-0.34899122022605644,1.5866908771712596,-0.1203858530857698,-0.568552036113998,-0.3431455839107911,-0.8465967650815867,1.6623600272549444,-1.0458250331675945,-0.08481889296799727,-0.4685212856658194,0.5799708796235029
0.14656787024195714,0.652427708225426,1.4248870236980242,-0.5421256172169757,-0.2294157338705605,-0.39951110187474415,-0.0929813591060608,-0.3306814747123078,-0.7335121029446794,-1.241305870625249,-0.43878016937864783,0.20412414523193206,-0.15294382258037553,-0.4341140500939411,-0.4995838983721559,2.865401597645516,-0.6302424841458696,-0.1203858530857698,-0.568552036113998,-0.3431455839107911,-0.8465967650815867,-0.6015544067498438,1.0458250331675945,-0.08481889296799727,-0.4685212856658194,0.5799708796235029
0.14656787024195714,-1.5327368647783928,1.4248870236980242,-0.5421256172169757,-0.2294157338705605,0.7419491891959532,-0.0929813591060608,-0.3306814747123078,0.7722312168831085,-0.2190539771691616,0.9615030445965547,0.20412414523193206,-0.15294382258037553,-0.4341140500939411,-0.9563612349193203,-0.34899122022605644,-0.6302424841458696,-0.1203858530857698,-0.568552036113998,0.4937948646521137,0.9574146064773498,1.6623600272549444,-1.0458250331675945,-0.08481889296799727,-0.4685212856658194,0.5799708796235029
-1.4318553477483524,-1.5327368647783928,1.4248870236980242,-0.5421256172169757,-0.2294157338705605,0.7419491891959532,-0.0929813591060608,-0.3306814747123078,2.277974536710896,0.8031979162869259,3.1384327860129857,0.20412414523193206,-0.15294382258037553,-0.4341140500939411,-1.0477167022287532,2.865401597645516,-0.6302424841458696,-0.1203858530857698,-0.568552036113998,-0.3431455839107911,0.9574146064773498,-0.6015544067498438,-1.0458250331675945,-0.08481889296799727,-0.4685212856658194,-0.9071339399239409
-1.4318553477483524,-1.5327368647783928,-0.7018100265975343,1.844590936568452,-0.2294157338705605,0.7419491891959532,-0.0929813591060608,-0.3306814747123078,-0.7335121029446794,-0.2190539771691616,-0.7268427060500092,0.20412414523193206,-0.15294382258037553,-0.4341140500939411,-1.230427636847619,-0.34899122022605644,-0.6302424841458696,-0.1203858530857698,-0.568552036113998,-1.180086032473696,0.9574146064773498,-0.6015544067498438,-1.0458250331675945,-0.08481889296799727,2.1343747458109554,-0.9071339399239409
0.14656787024195714,-1.5327368647783928,-0.7018100265975343,-0.5421256172169757,-0.2294157338705605,-0.39951110187474415,-0.0929813591060608,-0.3306814747123078,-0.64985969628758,0.8031979162869259,-0.6703525202871838,0.20412414523193206,-0.15294382258037553,-0.4341140500939411,2.606501990148562,-0.34899122022605644,1.5866908771712596,-0.1203858530857698,-0.568552036113998,-2.0170264810366008,0.9574146064773498,1.6623600272549444,-1.0458250331675945,-0.08481889296799727,-0.4685212856658194,0.5799708796235029
0.14656787024195714,0.652427708225426,1.4248870236980242,-0.5421256172169757,-0.2294157338705605,-0.39951110187474415,-0.0929813591060608,-0.3306814747123078,-0.4825548829733814,-1.241305870625249,-0.4571114217122799,0.20412414523193206,-0.15294382258037553,-0.4341140500939411,-0.04280656182499151,-0.34899122022605644,-0.6302424841458696,-0.1203858530857698,-0.568552036113998,1.3307353132150186,-0.8465967650815867,1.6623600272549444,-1.0458250331675945,-0.08481889296799727,-0.4685212856658194,0.5799708796235029
-1.4318553477483524,-1.5327368647783928,-0.7018100265975343,-0.5421256172169757,-0.2294157338705605,-0.39951110187474415,-0.0929813591060608,-0.3306814747123078,2.1943221300537967,-0.2190539771691616,2.8137077446743604,0.20412414523193206,-0.15294382258037553,-0.4341140500939411,-0.04280656182499151,-0.34899122022605644,1.5866908771712596,-0.1203858530857698,1.7588539596742978,-1.180086032473696,0.9574146064773498,-0.6015544067498438,0.0,-0.08481889296799727,-0.4685212856658194,0.5799708796235029
0.14656787024195714,0.652427708225426,1.4248870236980242,-0.5421256172169757,-0.2294157338705605,-0.39951110187474415,-0.0929813591060608,3.0240581238183513,-0.7335121029446794,-0.2190539771691616,-0.6205962639530396,0.20412414523193206,-0.15294382258037553,-0.4341140500939411,0.048548905484441365,-0.34899122022605644,-0.6302424841458696,-0.1203858530857698,-0.568552036113998,0.4937948646521137,-0.8465967650815867,-0.6015544067498438,-1.0458250331675945,-0.08481889296799727,-0.4685212856658194,0.5799708796235029
0.14656787024195714,0.652427708225426,-0.7018100265975343,1.844590936568452,-0.2294157338705605,-0.39951110187474415,-0.0929813591060608,-0.3306814747123078,0.7722312168831085,-0.2190539771691616,0.236109202251399,0.20412414523193206,-0.15294382258037553,-0.4341140500939411,-1.230427636847619,-0.34899122022605644,-0.6302424841458696,-0.1203858530857698,-0.568552036113998,-1.180086032473696,1.859420292256818,-0.6015544067498438,1.0458250331675945,-0.08481889296799727,2.1343747458109554,0.5799708796235029
-1.4318553477483524,0.652427708225426,-0.7018100265975343,-0.5421256172169757,-0.2294157338705605,-0.39951110187474415,-0.0929813591060608,-0.3306814747123078,-0.7335121029446794,0.8031979162869259,-0.9254936241961039,0.20412414523193206,-0.15294382258037553,2.303542121669652,-0.22551749644385727,-0.34899122022605644,-0.6302424841458696,-0.1203858530857698,-0.568552036113998,-1.180086032473696,1.859420292256818,1.6623600272549444,0.0,-0.08481889296799727,-0.4685212856658194,0.5799708796235029
0.14656787024195714,0.652427708225426,-0.7018100265975343,1.844590936568452,-0.2294157338705605,-0.39951110187474415,-0.0929813591060608,-0.3306814747123078,2.277974536710896,-0.2190539771691616,0.593755676352466,0.20412414523193206,-0.15294382258037553,-0.4341140500939411,-0.8650057676098875,2.865401597645516,-0.6302424841458696,-0.1203858530857698,-0.568552036113998,0.4937948646521137,-0.8465967650815867,-0.6015544067498438,0.0,-0.08481889296799727,-0.4685212856658194,0.5799708796235029
1.7249910882322665,0.652427708225426,-0.7018100265975343,-0.5421256172169757,-0.2294157338705605,-1.5409713929454416,-0.0929813591060608,-0.3306814747123078,2.277974536710896,-1.241305870625249,3.35504084930223,0.20412414523193206,-0.15294382258037553,2.303542121669652,0.048548905484441365,-0.34899122022605644,-0.6302424841458696,-0.1203858530857698,1.7588539596742978,-2.0170264810366008,-0.8465967650815867,-0.6015544067498438,1.0458250331675945,-0.08481889296799727,-0.4685212856658194,-2.394238759471385
-1.4318553477483524,0.652427708225426,-0.7018100265975343,1.844590936568452,-0.2294157338705605,0.7419491891959532,-0.0929813591060608,-0.3306814747123078,0.27031677694051254,-0.2190539771691616,-0.43878016937864783,0.20412414523193206,-0.15294382258037553,-0.4341140500939411,-0.4995838983721559,-0.34899122022605644,-0.6302424841458696,-0.1203858530857698,-0.568552036113998,0.4937948646521137,-0.8465967650815867,-0.6015544067498438,-1.0458250331675945,-0.08481889296799727,2.1343747458109554,0.5799708796235029
0.14656787024195714,0.652427708225426,-0.7018100265975343,-0.5421256172169757,-0.2294157338705605,-0.39951110187474415,-0.0929813591060608,-0.3306814747123078,-0.7335121029446794,-0.2190539771691616,0.06925739529629873,0.20412414523193206,-0.15294382258037553,2.303542121669652,-0.04280656182499151,2.865401597645516,-0.6302424841458696,-0.1203858530857698,-0.568552036113998,1.3307353132150186,-0.8465967650815867,-0.6015544067498438,0.0,-0.08481889296799727,-0.4685212856658194,-2.394238759471385
0.14656787024195714,0.652427708225426,-0.7018100265975343,-0.5421256172169757,-0.2294157338705605,-0.39951110187474415,-0.0929813591060608,-0.3306814747123078,-0.4825548829733814,-1.241305870625249,-0.7111302040497531,0.20412414523193206,-0.15294382258037553,2.303542121669652,0.8707481112693373,2.865401597645516,-0.6302424841458696,-0.1203858530857698,-0.568552036113998,1.3307353132150186,-0.8465967650815867,-0.6015544067498438,-1.0458250331675945,-0.08481889296799727,-0.4685212856658194,-2.394238759471385
0.14656787024195714,0.652427708225426,-0.7018100265975343,-0.5421256172169757,-0.2294157338705605,-0.39951110187474415,-0.0929813591060608,-0.3306814747123078,-0.23159766300208343,-0.2190539771691616,-0.6942953804780503,0.20412414523193206,-0.15294382258037553,-0.4341140500939411,-0.8650057676098875,-0.34899122022605644,1.5866908771712596,-0.1203858530857698,-0.568552036113998,-0.3431455839107911,1.859420292256818,1.6623600272549444,0.0,-0.08481889296799727,-0.4685212856658194,0.5799708796235029
1.7249910882322665,0.652427708225426,-0.7018100265975343,-0.5421256172169757,-0.2294157338705605,-0.39951110187474415,-0.0929813591060608,-0.3306814747123078,-0.9844693229159773,-0.2190539771691616,-0.6654891268109141,0.20412414523193206,-0.15294382258037553,2.303542121669652,-0.7736503003004546,-0.34899122022605644,-0.6302424841458696,-0.1203858530857698,1.7588539596742978,-1.180086032473696,-0.8465967650815867,-0.6015544067498438,0.0,-0.08481889296799727,-0.4685212856658194,-2.394238759471385
0.14656787024195714,0.652427708225426,-0.7018100265975343,-0.5421256172169757,-0.2294157338705605,-0.39951110187474415,-0.0929813591060608,3.0240581238183513,-0.7335121029446794,-0.2190539771691616,-0.7949302147177856,-4.898979485566365,-0.15294382258037553,-0.4341140500939411,-0.8650057676098875,-0.34899122022605644,1.5866908771712596,-0.1203858530857698,-0.568552036113998,-0.3431455839107911,1.859420292256818,-0.6015544067498438,-1.0458250331675945,-0.08481889296799727,-0.4685212856658194,0.5799708796235029
0.14656787024195714,-1.5327368647783928,-0.7018100265975343,-0.5421256172169757,-0.2294157338705605,-0.39951110187474415,-0.0929813591060608,-0.3306814747123078,-1.2354265428872753,-0.2190539771691616,-1.003682027006902,0.20412414523193206,-0.15294382258037553,-0.4341140500939411,-0.5909393656815888,-0.34899122022605644,1.5866908771712596,-0.1203858530857698,-0.568552036113998,-0.3431455839107911,0.9574146064773498,1.6623600272549444,-1.0458250331675945,-0.08481889296799727,-0.4685212856658194,0.5799708796235029
0.14656787024195714,0.652427708225426,1.4248870236980242,-0.5421256172169757,-0.2294157338705605,0.7419491891959532,-0.0929813591060608,-0.3306814747123078,0.27031677694051254,2.847701703199101,-0.23302121461338965,0.20412414523193206,-0.15294382258037553,-0.4341140500939411,-0.1341620291344244,-0.34899122022605644,-0.6302424841458696,-0.1203858530857698,-0.568552036113998,1.3307353132150186,-0.8465967650815867,1.6623600272549444,-1.0458250331675945,-0.08481889296799727,-0.4685212856658194,0.5799708796235029
1.7249910882322665,0.652427708225426,1.4248870236980242,-0.5421256172169757,-0.2294157338705605,0.7419491891959532,-0.0929813591060608,-0.3306814747123078,1.2741456568257044,-1.241305870625249,2.93791133191448,0.20412414523193206,-0.15294382258037553,-0.4341140500939411,-0.4995838983721559,2.865401597645516,-0.6302424841458696,-0.1203858530857698,-0.568552036113998,-0.3431455839107911,-0.8465967650815867,-0.6015544067498438,-1.0458250331675945,-0.08481889296799727,-0.4685212856658194,0.5799708796235029
0.14656787024195714,-1.5327368647783928,1.4248870236980242,-0.5421256172169757,-0.2294157338705605,0.7419491891959532,-0.0929813591060608,-0.3306814747123078,-1.2354265428872753,-0.2190539771691616,-0.6804534144302056,0.20412414523193206,-0.15294382258037553,-0.4341140500939411,-0.6822948329910217,-0.34899122022605644,-0.6302424841458696,-0.1203858530857698,-0.568552036113998,-0.3431455839107911,0.9574146064773498,1.6623600272549444,-1.0458250331675945,-0.08481889296799727,-0.4685212856658194,0.5799708796235029
0.14656787024195714,-1.5327368647783928,1.4248870236980242,-0.5421256172169757,-0.2294157338705605,-0.39951110187474415,-0.0929813591060608,-0.3306814747123078,-0.7335121029446794,-0.2190539771691616,-0.3852828411396807,0.20412414523193206,-0.15294382258037553,-0.4341140500939411,-0.5909393656815888,-0.34899122022605644,-0.6302424841458696,-0.1203858530857698,-0.568552036113998,-1.180086032473696,0.9574146064773498,1.6623600272549444,-1.0458250331675945,-0.08481889296799727,-0.4685212856658194,0.5799708796235029
0.14656787024195714,-1.5327368647783928,-0.7018100265975343,1.844590936568452,-0.2294157338705605,-0.39951110187474415,-0.0929813591060608,-0.3306814747123078,0.27031677694051254,-1.241305870625249,1.6910120660370154,-4.898979485566365,-0.15294382258037553,-0.4341140500939411,-0.4995838983721559,-0.34899122022605644,-0.6302424841458696,-0.1203858530857698,-0.568552036113998,-1.180086032473696,0.9574146064773498,-0.6015544067498438,0.0,-0.08481889296799727,2.1343747458109554,0.5799708796235029
1.7249910882322665,0.652427708225426,1.4248870236980242,-0.5421256172169757,-0.2294157338705605,1.8834094802666506,-0.0929813591060608,-0.3306814747123078,0.5212739969118105,-0.2190539771691616,1.0340798395501185,0.20412414523193206,-0.15294382258037553,-0.4341140500939411,-0.4995838983721559,2.865401597645516,-0.6302424841458696,-0.1203858530857698,-0.568552036113998,1.3307353132150186,-0.8465967650815867,-0.6015544067498438,1.0458250331675945,-0.08481889296799727,-0.4685212856658194,0.5799708796235029
-1.4318553477483524,0.652427708225426,-0.7018100265975343,1.844590936568452,-0.2294157338705605,0.7419491891959532,-0.0929813591060608,3.0240581238183513,0.27031677694051254,0.8031979162869259,0.3509601097294613,0.20412414523193206,-0.15294382258037553,-0.4341140500939411,-0.7736503003004546,-0.34899122022605644,-0.6302424841458696,-0.1203858530857698,-0.568552036113998,-0.3431455839107911,-0.8465967650815867,-0.6015544067498438,-1.0458250331675945,-0.08481889296799727,-0.4685212856658194,0.5799708796235029
0.14656787024195714,0.652427708225426,-0.7018100265975343,1.844590936568452,-0.2294157338705605,-1.5409713929454416,-0.0929813591060608,-0.3306814747123078,0.27031677694051254,-0.2190539771691616,1.3733950613175532,0.20412414523193206,-0.15294382258037553,-0.4341140500939411,1.784302784363666,-0.34899122022605644,-0.6302424841458696,-0.1203858530857698,-0.568552036113998,-1.180086032473696,0.05540892069788158,-0.6015544067498438,0.0,-0.08481889296799727,2.1343747458109554,0.5799708796235029
-1.4318553477483524,-1.5327368647783928,-0.7018100265975343,-0.5421256172169757,-0.2294157338705605,0.7419491891959532,-0.0929813591060608,-0.3306814747123078,0.27031677694051254,2.847701703199101,-0.630323050905579,0.20412414523193206,-0.15294382258037553,-0.4341140500939411,0.6880371766504715,-0.34899122022605644,1.5866908771712596,-0.1203858530857698,-0.568552036113998,-0.3431455839107911,0.9574146064773498,1.6623600272549444,-1.0458250331675945,-0.08481889296799727,-0.4685212856658194,0.5799708796235029
1.7249910882322665,-1.5327368647783928,1.4248870236980242,-0.5421256172169757,-0.2294157338705605,-0.39951110187474415,-0.0929813591060608,-0.3306814747123078,-0.23159766300208343,-0.2190539771691616,-0.4638453511409611,0.20412414523193206,-0.15294382258037553,-0.4341140500939411,-1.139072169538186,-0.34899122022605644,-0.6302424841458696,-0.1203858530857698,1.7588539596742978,1.3307353132150186,0.9574146064773498,-0.6015544067498438,2.091650066335189,-0.08481889296799727,-0.4685212856658194,0.5799708796235029
0.14656787024195714,0.652427708225426,-0.7018100265975343,1.844590936568452,4.358898943540649,-0.39951110187474415,-0.0929813591060608,-0.3306814747123078,-0.7335121029446794,-0.2190539771691616,-0.6763382353349005,0.20412414523193206,-0.15294382258037553,-0.4341140500939411,1.053459045888203,-0.34899122022605644,-0.6302424841458696,-0.1203858530857698,-0.568552036113998,1.3307353132150186,-0.8465967650815867,-0.6015544067498438,-1.0458250331675945,-0.08481889296799727,-0.4685212856658194,0.5799708796235029
0.14656787024195714,0.652427708225426,-0.7018100265975343,1.844590936568452,-0.2294157338705605,-0.39951110187474415,-0.0929813591060608,-0.3306814747123078,1.7760600967683002,-0.2190539771691616,1.7512433237046636,0.20412414523193206,-0.15294382258037553,-0.4341140500939411,0.8707481112693373,-0.34899122022605644,-0.6302424841458696,-0.1203858530857698,-0.568552036113998,0.4937948646521137,-0.8465967650815867,-0.6015544067498438,0.0,-0.08481889296799727,2.1343747458109554,-2.394238759471385
-3.0102785657386617,-1.5327368647783928,-0.7018100265975343,-0.5421256172169757,-0.2294157338705605,-1.5409713929454416,-0.0929813591060608,-0.3306814747123078,0.27031677694051254,-0.2190539771691616,-0.7511596734313579,0.20412414523193206,-0.15294382258037553,2.303542121669652,-0.5909393656815888,-0.34899122022605644,-0.6302424841458696,-0.1203858530857698,1.7588539596742978,-2.0170264810366008,0.9574146064773498,-0.6015544067498438,0.0,-0.08481889296799727,-0.4685212856658194,-0.9071339399239409
0.14656787024195714,0.652427708225426,-0.7018100265975343,-0.5421256172169757,-0.2294157338705605,-0.39951110187474415,-0.0929813591060608,-0.3306814747123078,-1.2354265428872753,1.8254498097430136,-0.6969141308114263,0.20412414523193206,-0.15294382258037553,-0.4341140500939411,2.4237910555296964,-0.34899122022605644,1.5866908771712596,8.306623862918117,-0.568552036113998,-0.3431455839107911,0.05540892069788158,-0.6015544067498438,-1.0458250331675945,-0.08481889296799727,-0.4685212856658194,0.5799708796235029
1.7249910882322665,-1.5327368647783928,1.4248870236980242,-0.5421256172169757,-0.2294157338705605,0.7419491891959532,-0.0929813591060608,-0.3306814747123078,0.27031677694051254,-0.2190539771691616,0.24957706110876135,0.20412414523193206,-0.15294382258037553,-0.4341140500939411,0.5053262420316058,2.865401597645516,-0.6302424841458696,-0.1203858530857698,-0.568552036113998,1.3307353132150186,0.9574146064773498,-0.6015544067498438,-1.0458250331675945,-0.08481889296799727,-0.4685212856658194,-0.9071339399239409
-1.4318553477483524,-1.5327368647783928,-0.7018100265975343,-0.5421256172169757,-0.2294157338705605,-0.39951110187474415,-0.0929813591060608,-0.3306814747123078,-1.4027313562014738,-0.2190539771691616,-0.9726311301968722,0.20412414523193206,-0.15294382258037553,-0.4341140500939411,-1.139072169538186,-0.34899122022605644,1.5866908771712596,-0.1203858530857698,-0.568552036113998,-1.180086032473696,0.9574146064773498,-0.6015544067498438,-1.0458250331675945,-0.08481889296799727,2.1343747458109554,-0.9071339399239409
-1.4318553477483524,0.652427708225426,-0.7018100265975343,-0.5421256172169757,-0.2294157338705605,0.7419491891959532,-0.0929813591060608,-0.3306814747123078,-1.2354265428872753,-1.241305870625249,0.5668199586377413,0.20412414523193206,-0.15294382258037553,-0.4341140500939411,0.7793926439599044,-0.34899122022605644,1.5866908771712596,-0.1203858530857698,1.7588539596742978,-1.180086032473696,-0.8465967650815867,-0.6015544067498438,0.0,-0.08481889296799727,-0.4685212856658194,0.5799708796235029
0.14656787024195714,0.652427708225426,1.4248870236980242,-0.5421256172169757,-0.2294157338705605,1.8834094802666506,-0.0929813591060608,-0.3306814747123078,0.27031677694051254,-0.2190539771691616,1.1979387889813604,0.20412414523193206,-0.15294382258037553,-0.4341140500939411,-0.22551749644385727,-0.34899122022605644,-0.6302424841458696,-0.1203858530857698,-0.568552036113998,-1.180086032473696,-0.8465967650815867,1.6623600272549444,1.0458250331675945,-0.08481889296799727,-0.4685212856658194,0.5799708796235029
1.7249910882322665,0.652427708225426,-0.7018100265975343,-0.5421256172169757,-0.2294157338705605,-0.39951110187474415,-0.0929813591060608,-0.3306814747123078,1.2741456568257044,-0.2190539771691616,0.5555967429232725,0.20412414523193206,-0.15294382258037553,2.303542121669652,-0.31687296375329016,2.865401597645516,-0.6302424841458696,-0.1203858530857698,-0.568552036113998,-0.3431455839107911,-0.8465967650815867,-0.6015544067498438,-1.0458250331675945,-0.08481889296799727,-0.4685212856658194,-2.394238759471385
0.14656787024195714,0.652427708225426,-0.7018100265975343,-0.5421256172169757,-0.2294157338705605,1.8834094802666506,-0.0929813591060608,-0.3306814747123078,-0.7335121029446794,2.847701703199101,-0.6157328704767698,0.20412414523193206,6.538348415311053,2.303542121669652,1.784302784363666,-0.34899122022605644,-0.6302424841458696,-0.1203858530857698,-0.568552036113998,1.3307353132150186,-0.8465967650815867,-0.6015544067498438,-1.0458250331675945,-0.08481889296799727,-0.4685212856658194,-2.394238759471385
-1.4318553477483524,-1.5327368647783928,-0.7018100265975343,-0.5421256172169757,-0.2294157338705605,-0.39951110187474415,-0.0929813591060608,3.0240581238183513,-0.7335121029446794,0.8031979162869259,-0.8828454044811231,0.20412414523193206,-0.15294382258037553,-0.4341140500939411,-1.139072169538186,-0.34899122022605644,1.5866908771712596,-0.1203858530857698,-0.568552036113998,0.4937948646521137,0.9574146064773498,-0.6015544067498438,1.0458250331675945,-0.08481889296799727,-0.4685212856658194,-0.9071339399239409
0.14656787024195714,0.652427708225426,-0.7018100265975343,-0.5421256172169757,-0.2294157338705605,-2.6824316840161386,-0.0929813591060608,-0.3306814747123078,0.7722312168831085,-0.2190539771691616,0.517063702303597,0.20412414523193206,-0.15294382258037553,-0.4341140500939411,-0.31687296375329016,-0.34899122022605644,1.5866908771712596,-0.1203858530857698,-0.568552036113998,-0.3431455839107911,0.05540892069788158,-0.6015544067498438,0.0,-0.08481889296799727,2.1343747458109554,0.5799708796235029
-1.4318553477483524,0.652427708225426,-0.7018100265975343,-0.5421256172169757,-0.2294157338705605,-0.39951110187474415,-0.0929813591060608,-0.3306814747123078,-0.7335121029446794,-0.2190539771691616,-0.9322275536247852,0.20412414523193206,-0.15294382258037553,-0.4341140500939411,1.9670137189825319,-0.34899122022605644,1.5866908771712596,-0.1203858530857698,-0.568552036113998,1.3307353132150186,-0.8465967650815867,1.6623600272549444,0.0,-0.08481889296799727,-0.4685212856658194,0.5799708796235029
0.14656787024195714,0.652427708225426,-0.7018100265975343,1.844590936568452,-0.2294157338705605,0.7419491891959532,-0.0929813591060608,-0.3306814747123078,-0.7335121029446794,-0.2190539771691616,-0.4039882006637951,0.20412414523193206,-0.15294382258037553,-0.4341140500939411,-0.4995838983721559,-0.34899122022605644,-0.6302424841458696,-0.1203858530857698,1.7588539596742978,-0.3431455839107911,-0.8465967650815867,-0.6015544067498438,0.0,-0.08481889296799727,-0.4685212856658194,0.5799708796235029
0.14656787024195714,-1.5327368647783928,-0.7018100265975343,1.844590936568452,-0.2294157338705605,-0.39951110187474415,-0.0929813591060608,-0.3306814747123078,-0.9844693229159773,-0.2190539771691616,-0.8540391508139871,0.20412414523193206,-0.15294382258037553,-0.4341140500939411,-0.4995838983721559,-0.34899122022605644,-0.6302424841458696,-0.1203858530857698,-0.568552036113998,-0.3431455839107911,0.9574146064773498,-0.6015544067498438,1.0458250331675945,-0.08481889296799727,2.1343747458109554,0.5799708796235029
0.14656787024195714,0.652427708225426,-0.7018100265975343,-0.5421256172169757,-0.2294157338705605,-0.39951110187474415,-0.0929813591060608,-0.3306814747123078,0.27031677694051254,-1.241305870625249,-0.1649337059456133,0.20412414523193206,-0.15294382258037553,2.303542121669652,0.048548905484441365,2.865401597645516,-0.6302424841458696,-0.1203858530857698,-0.568552036113998,1.3307353132150186,-0.8465967650815867,-0.6015544067498438,1.0458250331675945,-0.08481889296799727,-0.4685212856658194,-2.394238759471385
-1.4318553477483524,-1.5327368647783928,-0.7018100265975343,-0.5421256172169757,-0.2294157338705605,-0.39951110187474415,-0.0929813591060608,-0.3306814747123078,-0.7335121029446794,-0.2190539771691616,-0.5480194689994758,0.20412414523193206,-0.15294382258037553,-0.4341140500939411,-0.40822843106272305,-0.34899122022605644,1.5866908771712596,-0.1203858530857698,-0.568552036113998,0.4937948646521137,0.9574146064773498,-0.6015544067498438,-1.0458250331675945,-0.08481889296799727,2.1343747458109554,0.5799708796235029
0.14656787024195714,0.652427708225426,-0.7018100265975343,-0.5421256172169757,-0.2294157338705605,-0.39951110187474415,-0.0929813591060608,-0.3306814747123078,-0.9844693229159773,0.8031979162869259,-0.7762248551936712,0.20412414523193206,-0.15294382258037553,-0.4341140500939411,1.2361699805070687,-0.34899122022605644,1.5866908771712596,-0.1203858530857698,-0.568552036113998,1.3307353132150186,0.05540892069788158,1.6623600272549444,2.091650066335189,-0.08481889296799727,-0.4685212856658194,0.5799708796235029
-1.4318553477483524,0.652427708225426,-0.7018100265975343,-0.5421256172169757,-0.2294157338705605,-0.39951110187474415,-0.0929813591060608,-0.3306814747123078,-0.7335121029446794,-0.2190539771691616,-0.958040949768063,0.20412414523193206,-0.15294382258037553,-0.4341140500939411,1.2361699805070687,-0.34899122022605644,1.5866908771712596,-0.1203858530857698,1.7588539596742978,-0.3431455839107911,0.05540892069788158,-0.6015544067498438,-1.0458250331675945,-0.08481889296799727,-0.4685212856658194,0.5799708796235029
0.14656787024195714,0.652427708225426,-0.7018100265975343,1.844590936568452,-0.2294157338705605,0.7419491891959532,-0.0929813591060608,-0.3306814747123078,1.2741456568257044,-0.2190539771691616,0.8118601684036396,0.20412414523193206,-0.15294382258037553,-0.4341140500939411,-0.6822948329910217,-0.34899122022605644,-0.6302424841458696,-0.1203858530857698,-0.568552036113998,-0.3431455839107911,-0.8465967650815867,-0.6015544067498438,0.0,-0.08481889296799727,2.1343747458109554,0.5799708796235029
0.14656787024195714,-1.5327368647783928,1.4248870236980242,-0.5421256172169757,-0.2294157338705605,-0.39951110187474415,-0.0929813591060608,-0.3306814747123078,0.7722312168831085,-1.241305870625249,-0.07851494494420487,0.20412414523193206,-0.15294382258037553,-0.4341140500939411,-0.9563612349193203,-0.34899122022605644,-0.6302424841458696,-0.1203858530857698,-0.568552036113998,1.3307353132150186,0.9574146064773498,1.6623600272549444,1.0458250331675945,-0.08481889296799727,-0.4685212856658194,0.5799708796235029
0.14656787024195714,-1.5327368647783928,1.4248870236980242,-0.5421256172169757,-0.2294157338705605,0.7419491891959532,-0.0929813591060608,-0.3306814747123078,-0.7335121029446794,0.8031979162869259,-0.9423284477678069,0.20412414523193206,-0.15294382258037553,-0.4341140500939411,1.4188809151259345,-0.34899122022605644,-0.6302424841458696,-0.1203858530857698,1.7588539596742978,0.4937948646521137,0.9574146064773498,-0.6015544067498438,-1.0458250331675945,-0.08481889296799727,-0.4685212856658194,0.5799708796235029
-1.4318553477483524,0.652427708225426,-0.7018100265975343,-0.5421256172169757,-0.2294157338705605,-0.39951110187474415,-0.0929813591060608,-0.3306814747123078,-0.7335121029446794,1.8254498097430136,-0.9109034437672947,0.20412414523193206,-0.15294382258037553,-0.4341140500939411,2.7892129247674275,-0.34899122022605644,1.5866908771712596,-0.1203858530857698,-0.568552036113998,-0.3431455839107911,-0.8465967650815867,1.6623600272549444,1.0458250331675945,-0.08481889296799727,-0.4685212856658194,0.5799708796235029
0.14656787024195714,0.652427708225426,1.4248870236980242,-0.5421256172169757,-0.2294157338705605,1.8834094802666506,-0.0929813591060608,3.0240581238183513,1.2741456568257044,-0.2190539771691616,2.3834844756197295,0.20412414523193206,-0.15294382258037553,-0.4341140500939411,-0.6822948329910217,-0.34899122022605644,-0.6302424841458696,-0.1203858530857698,-0.568552036113998,-1.180086032473696,0.05540892069788158,-0.6015544067498438,-1.0458250331675945,-0.08481889296799727,-0.4685212856658194,0.5799708796235029
0.14656787024195714,-1.5327368647783928,-0.7018100265975343,-0.5421256172169757,-0.2294157338705605,-0.39951110187474415,-0.0929813591060608,-0.3306814747123078,-1.2354265428872753,-0.2190539771691616,-0.9157668372435644,0.20412414523193206,-0.15294382258037553,-0.4341140500939411,2.606501990148562,-0.34899122022605644,1.5866908771712596,-0.1203858530857698,-0.568552036113998,-0.3431455839107911,0.9574146064773498,1.6623600272549444,1.0458250331675945,-0.08481889296799727,-0.4685212856658194,0.5799708796235029
0.14656787024195714,-1.5327368647783928,-0.7018100265975343,1.844590936568452,-0.2294157338705605,-0.39951110187474415,-0.0929813591060608,-0.3306814747123078,0.27031677694051254,-0.2190539771691616,-0.7459221727646059,0.20412414523193206,-0.15294382258037553,-0.4341140500939411,-1.0477167022287532,-0.34899122022605644,-0.6302424841458696,-0.1203858530857698,1.7588539596742978,-1.180086032473696,0.9574146064773498,-0.6015544067498438,0.0,-0.08481889296799727,-0.4685212856658194,-0.9071339399239409
-1.4318553477483524,0.652427708225426,-0.7018100265975343,1.844590936568452,-0.2294157338705605,0.7419491891959532,-0.0929813591060608,-0.3306814747123078,-0.7335121029446794,-0.2190539771691616,-0.3852828411396807,-4.898979485566365,-0.15294382258037553,-0.4341140500939411,0.23125984010330713,-0.34899122022605644,-0.6302424841458696,-0.1203858530857698,1.7588539596742978,-0.3431455839107911,-0.8465967650815867,-0.6015544067498438,0.0,-0.08481889296799727,-0.4685212856658194,0.5799708796235029
1.7249910882322665,0.652427708225426,1.4248870236980242,-0.5421256172169757,-0.2294157338705605,0.7419491891959532,-0.0929813591060608,-0.3306814747123078,-0.9844693229159773,-0.2190539771691616,-0.29736765137634313,0.20412414523193206,-0.15294382258037553,-0.4341140500939411,-0.40822843106272305,-0.34899122022605644,-0.6302424841458696,-0.1203858530857698,-0.568552036113998,-2.0170264810366008,-0.8465967650815867,-0.6015544067498438,-1.0458250331675945,-0.08481889296799727,2.1343747458109554,0.5799708796235029
-1.4318553477483524,0.652427708225426,-0.7018100265975343,-0.5421256172169757,-0.2294157338705605,-0.39951110187474415,-0.0929813591060608,-0.3306814747123078,0.019359556969214552,-1.241305870625249,0.21029580610812115,-4.898979485566365,-0.15294382258037553,-0.4341140500939411,-1.0477167022287532,-0.34899122022605644,1.5866908771712596,-0.1203858530857698,1.7588539596742978,0.4937948646521137,-0.8465967650815867,-0.6015544067498438,0.0,-0.08481889296799727,-0.4685212856658194,0.5799708796235029
-1.4318553477483524,0.652427708225426,-0.7018100265975343,-0.5421256172169757,-0.2294157338705605,0.7419491891959532,-0.0929813591060608,-0.3306814747123078,-0.7335121029446794,-0.2190539771691616,-0.8390748631946955,0.20412414523193206,-0.15294382258037553,-0.4341140500939411,1.053459045888203,-0.34899122022605644,1.5866908771712596,-0.1203858530857698,1.7588539596742978,0.4937948646521137,-0.8465967650815867,-0.6015544067498438,1.0458250331675945,-0.08481889296799727,-0.4685212856658194,0.5799708796235029
-1.4318553477483524,0.652427708225426,-0.7018100265975343,-0.5421256172169757,-0.2294157338705605,-0.39951110187474415,-0.0929813591060608,-0.3306814747123078,-0.9008169162588779,-0.2190539771691616,-0.3706926607108715,0.20412414523193206,-0.15294382258037553,-0.4341140500939411,-0.9563612349193203,-0.34899122022605644,1.5866908771712596,-0.1203858530857698,-0.568552036113998,-0.3431455839107911,-0.8465967650815867,-0.6015544067498438,-1.0458250331675945,-0.08481889296799727,2.1343747458109554,-0.9071339399239409
-1.4318553477483524,0.652427708225426,-0.7018100265975343,-0.5421256172169757,-0.2294157338705605,-0.39951110187474415,-0.0929813591060608,-0.3306814747123078,-0.23159766300208343,-0.2190539771691616,-0.873492724719066,0.20412414523193206,-0.15294382258037553,-0.4341140500939411,-0.9563612349193203,-0.34899122022605644,1.5866908771712596,-0.1203858530857698,-0.568552036113998,-0.3431455839107911,1.859420292256818,1.6623600272549444,1.0458250331675945,-0.08481889296799727,-0.4685212856658194,0.5799708796235029
1.7249910882322665,0.652427708225426,1.4248870236980242,-0.5421256172169757,-0.2294157338705605,-2.6824316840161386,-0.0929813591060608,-0.3306814747123078,-0.9844693229159773,-0.2190539771691616,-0.6972882380019085,0.20412414523193206,-0.15294382258037553,-0.4341140500939411,-0.1341620291344244,-0.34899122022605644,-0.6302424841458696,-0.1203858530857698,-0.568552036113998,-1.180086032473696,-0.8465967650815867,1.6623600272549444,2.091650066335189,-0.08481889296799727,-0.4685212856658194,0.5799708796235029
0.14656787024195714,0.652427708225426,1.4248870236980242,-0.5421256172169757,-0.2294157338705605,1.8834094802666506,-0.0929813591060608,-0.3306814747123078,0.27031677694051254,-1.241305870625249,-0.9292346961009268,0.20412414523193206,-0.15294382258037553,-0.4341140500939411,1.6929473170542333,-0.34899122022605644,-0.6302424841458696,-0.1203858530857698,1.7588539596742978,1.3307353132150186,1.859420292256818,-0.6015544067498438,-1.0458250331675945,-0.08481889296799727,-0.4685212856658194,0.5799708796235029
1.7249910882322665,0.652427708225426,-0.7018100265975343,1.844590936568452,-0.2294157338705605,-0.39951110187474415,-0.0929813591060608,-0.3306814747123078,-0.23159766300208343,-0.2190539771691616,-0.5165944649989637,0.20412414523193206,-0.15294382258037553,-0.4341140500939411,-0.4995838983721559,-0.34899122022605644,-0.6302424841458696,-0.1203858530857698,1.7588539596742978,-0.3431455839107911,1.859420292256818,-0.6015544067498438,-1.0458250331675945,-0.08481889296799727,-0.4685212856658194,0.5799708796235029
1.7249910882322665,-1.5327368647783928,1.4248870236980242,-0.5421256172169757,-0.2294157338705605,-0.39951110187474415,-0.0929813591060608,-0.3306814747123078,-0.4825548829733814,-0.2190539771691616,0.13734490396407506,0.20412414523193206,-0.15294382258037553,-0.4341140500939411,1.6929473170542333,-0.34899122022605644,-0.6302424841458696,-0.1203858530857698,-0.568552036113998,1.3307353132150186,0.9574146064773498,1.6623600272549444,-1.0458250331675945,-0.08481889296799727,-0.4685212856658194,-0.9071339399239409
-1.4318553477483524,-1.5327368647783928,-0.7018100265975343,-0.5421256172169757,-0.2294157338705605,0.7419491891959532,-0.0929813591060608,3.0240581238183513,1.7760600967683002,-0.2190539771691616,1.0299646604548132,0.20412414523193206,-0.15294382258037553,-0.4341140500939411,0.5053262420316058,-0.34899122022605644,1.5866908771712596,-0.1203858530857698,-0.568552036113998,0.4937948646521137,0.9574146064773498,-0.6015544067498438,1.0458250331675945,-0.08481889296799727,-0.4685212856658194,0.5799708796235029
0.14656787024195714,-1.5327368647783928,-0.7018100265975343,-0.5421256172169757,-0.2294157338705605,-0.39951110187474415,-0.0929813591060608,-0.3306814747123078,0.27031677694051254,-1.241305870625249,-0.14548013204053434,0.20412414523193206,-0.15294382258037553,-0.4341140500939411,-0.8650057676098875,2.865401597645516,1.5866908771712596,-0.1203858530857698,-0.568552036113998,1.3307353132150186,0.9574146064773498,-0.6015544067498438,0.0,-0.08481889296799727,-0.4685212856658194,-0.9071339399239409
0.14656787024195714,-1.5327368647783928,1.4248870236980242,-0.5421256172169757,-0.2294157338705605,-0.39951110187474415,-0.0929813591060608,-0.3306814747123078,0.7722312168831085,-1.241305870625249,-0.5558757199996038,0.20412414523193206,-0.15294382258037553,-0.4341140500939411,-0.8650057676098875,-0.34899122022605644,-0.6302424841458696,-0.1203858530857698,-0.568552036113998,-0.3431455839107911,0.9574146064773498,1.6623600272549444,1.0458250331675945,-0.08481889296799727,-0.4685212856658194,0.5799708796235029
0.14656787024195714,-1.5327368647783928,1.4248870236980242,-0.5421256172169757,-0.2294157338705605,-0.39951110187474415,-0.0929813591060608,-0.3306814747123078,1.2741456568257044,-1.241305870625249,-0.30185693766213056,0.20412414523193206,-0.15294382258037553,-0.4341140500939411,-0.9563612349193203,-0.34899122022605644,-0.6302424841458696,-0.1203858530857698,-0.568552036113998,-0.3431455839107911,0.9574146064773498,1.6623600272549444,-1.0458250331675945,-0.08481889296799727,-0.4685212856658194,0.5799708796235029
0.14656787024195714,0.652427708225426,1.4248870236980242,-0.5421256172169757,-0.2294157338705605,0.7419491891959532,-0.0929813591060608,-0.3306814747123078,0.7722312168831085,-1.241305870625249,-0.046341726562728135,0.20412414523193206,-0.15294382258037553,-0.4341140500939411,0.41397077472217286,-0.34899122022605644,-0.6302424841458696,-0.1203858530857698,-0.568552036113998,1.3307353132150186,-0.8465967650815867,1.6623600272549444,-1.0458250331675945,-0.08481889296799727,-0.4685212856658194,0.5799708796235029
0.14656787024195714,-1.5327368647783928,-0.7018100265975343,-0.5421256172169757,-0.2294157338705605,0.7419491891959532,-0.0929813591060608,-0.3306814747123078,-0.7335121029446794,-1.241305870625249,-0.8248587899563686,0.20412414523193206,6.538348415311053,-0.4341140500939411,-1.139072169538186,-0.34899122022605644,1.5866908771712596,-0.1203858530857698,-0.568552036113998,0.4937948646521137,0.9574146064773498,-0.6015544067498438,-1.0458250331675945,-0.08481889296799727,-0.4685212856658194,0.5799708796235029
0.14656787024195714,0.652427708225426,-0.7018100265975343,-0.5421256172169757,-0.2294157338705605,1.8834094802666506,-0.0929813591060608,3.0240581238183513,3.2818034165960883,-0.2190539771691616,1.359927202460191,0.20412414523193206,-0.15294382258037553,2.303542121669652,2.515146522839129,-0.34899122022605644,-0.6302424841458696,-0.1203858530857698,-0.568552036113998,1.3307353132150186,-0.8465967650815867,-0.6015544067498438,0.0,-0.08481889296799727,-0.4685212856658194,0.5799708796235029
0.14656787024195714,0.652427708225426,-0.7018100265975343,1.844590936568452,-0.2294157338705605,-0.39951110187474415,-0.0929813591060608,-0.3306814747123078,-0.7335121029446794,-0.2190539771691616,-0.4485069563311873,0.20412414523193206,-0.15294382258037553,-0.4341140500939411,-0.4995838983721559,-0.34899122022605644,-0.6302424841458696,-0.1203858530857698,1.7588539596742978,0.4937948646521137,-0.8465967650815867,-0.6015544067498438,1.0458250331675945,-0.08481889296799727,-0.4685212856658194,-0.9071339399239409
1.7249910882322665,-1.5327368647783928,-0.7018100265975343,1.844590936568452,-0.2294157338705605,0.7419491891959532,-0.0929813591060608,-0.3306814747123078,0.27031677694051254,2.847701703199101,-0.7369436001930311,0.20412414523193206,-0.15294382258037553,-0.4341140500939411,1.9670137189825319,-0.34899122022605644,-0.6302424841458696,-0.1203858530857698,-0.568552036113998,1.3307353132150186,0.9574146064773498,1.6623600272549444,0.0,-0.08481889296799727,-0.4685212856658194,-0.9071339399239409
-1.4318553477483524,0.652427708225426,1.4248870236980242,-0.5421256172169757,-0.2294157338705605,-0.39951110187474415,-0.0929813591060608,-0.3306814747123078,-0.7335121029446794,-0.2190539771691616,-0.94120612619636,0.20412414523193206,-0.15294382258037553,-0.4341140500939411,-0.9563612349193203,-0.34899122022605644,-0.6302424841458696,-0.1203858530857698,1.7588539596742978,0.4937948646521137,1.859420292256818,-0.6015544067498438,1.0458250331675945,-0.08481889296799727,-0.4685212856658194,0.5799708796235029
0.14656787024195714,-1.5327368647783928,1.4248870236980242,-0.5421256172169757,-0.2294157338705605,-0.39951110187474415,-0.0929813591060608,-0.3306814747123078,0.7722312168831085,0.8031979162869259,0.08983329077282455,0.20412414523193206,-0.15294382258037553,-0.4341140500939411,-1.3217831041570518,-0.34899122022605644,-0.6302424841458696,-0.1203858530857698,-0.568552036113998,-0.3431455839107911,0.9574146064773498,-0.6015544067498438,1.0458250331675945,-0.08481889296799727,2.1343747458109554,-0.9071339399239409
-1.4318553477483524,-1.5327368647783928,-0.7018100265975343,-0.5421256172169757,-0.2294157338705605,-0.39951110187474415,-0.0929813591060608,-0.3306814747123078,-0.4825548829733814,-0.2190539771691616,-0.3269221194244438,0.20412414523193206,-0.15294382258037553,-0.4341140500939411,-0.9563612349193203,-0.34899122022605644,1.5866908771712596,-0.1203858530857698,-0.568552036113998,-1.180086032473696,0.9574146064773498,1.6623600272549444,2.091650066335189,-0.08481889296799727,-0.4685212856658194,0.5799708796235029
-1.4318553477483524,0.652427708225426,1.4248870236980242,-0.5421256172169757,-0.2294157338705605,-0.39951110187474415,-0.0929813591060608,3.0240581238183513,0.019359556969214552,0.8031979162869259,-0.1623149556122373,0.20412414523193206,-0.15294382258037553,-0.4341140500939411,2.3324355882202634,-0.34899122022605644,-0.6302424841458696,-0.1203858530857698,-0.568552036113998,1.3307353132150186,0.05540892069788158,-0.6015544067498438,1.0458250331675945,-0.08481889296799727,-0.4685212856658194,-0.9071339399239409
1.7249910882322665,0.652427708225426,-0.7018100265975343,-0.5421256172169757,-0.2294157338705605,1.8834094802666506,-0.0929813591060608,-0.3306814747123078,0.7722312168831085,0.8031979162869259,-0.4795578531412172,0.20412414523193206,-0.15294382258037553,2.303542121669652,-0.4995838983721559,-0.34899122022605644,-0.6302424841458696,-0.1203858530857698,-0.568552036113998,-1.180086032473696,-0.8465967650815867,1.6623600272549444,1.0458250331675945,-0.08481889296799727,-0.4685212856658194,0.5799708796235029
0.14656787024195714,0.652427708225426,-0.7018100265975343,1.844590936568452,-0.2294157338705605,-0.39951110187474415,-0.0929813591060608,-0.3306814747123078,-1.2354265428872753,-0.2190539771691616,0.11863954443996069,0.20412414523193206,-0.15294382258037553,-0.4341140500939411,-0.8650057676098875,-0.34899122022605644,-0.6302424841458696,-0.1203858530857698,1.7588539596742978,-0.3431455839107911,-0.8465967650815867,-0.6015544067498438,-1.0458250331675945,-0.08481889296799727,-0.4685212856658194,-0.9071339399239409
0.14656787024195714,0.652427708225426,1.4248870236980242,-0.5421256172169757,-0.2294157338705605,-0.39951110187474415,-0.0929813591060608,-0.3306814747123078,0.27031677694051254,-0.2190539771691616,-0.34300872861518217,0.20412414523193206,-0.15294382258037553,-0.4341140500939411,-0.6822948329910217,-0.34899122022605644,-0.6302424841458696,-0.1203858530857698,-0.568552036113998,0.4937948646521137,-0.8465967650815867,1.6623600272549444,-1.0458250331675945,-0.08481889296799727,-0.4685212856658194,0.5799708796235029
0.14656787024195714,0.652427708225426,-0.7018100265975343,-0.5421256172169757,-0.2294157338705605,-0.39951110187474415,-0.0929813591060608,-0.3306814747123078,-1.2354265428872753,2.847701703199101,-0.6202221567625573,0.20412414523193206,-0.15294382258037553,-0.4341140500939411,-0.22551749644385727,-0.34899122022605644,1.5866908771712596,-0.1203858530857698,-0.568552036113998,-0.3431455839107911,0.05540892069788158,-0.6015544067498438,-1.0458250331675945,-0.08481889296799727,2.1343747458109554,0.5799708796235029
0.14656787024195714,-1.5327368647783928,1.4248870236980242,-0.5421256172169757,-0.2294157338705605,-0.39951110187474415,-0.0929813591060608,-0.3306814747123078,-0.23159766300208343,-0.2190539771691616,0.16802169358362265,0.20412414523193206,-0.15294382258037553,-0.4341140500939411,-1.230427636847619,-0.34899122022605644,-0.6302424841458696,-0.1203858530857698,-0.568552036113998,-1.180086032473696,0.9574146064773498,-0.6015544067498438,0.0,-0.08481889296799727,2.1343747458109554,-0.9071339399239409
0.14656787024195714,0.652427708225426,-0.7018100265975343,1.844590936568452,-0.2294157338705605,-0.39951110187474415,-0.0929813591060608,-0.3306814747123078,-0.9008169162588779,-0.2190539771691616,-0.47768731718880575,-4.898979485566365,-0.15294382258037553,-0.4341140500939411,0.23125984010330713,-0.34899122022605644,-0.6302424841458696,-0.1203858530857698,-0.568552036113998,-0.3431455839107911,-0.8465967650815867,1.6623600272549444,-1.0458250331675945,-0.08481889296799727,-0.4685212856658194,0.5799708796235029
0.14656787024195714,0.652427708225426,-0.7018100265975343,-0.5421256172169757,-0.2294157338705605,-0.39951110187474415,-0.0929813591060608,-0.3306814747123078,0.27031677694051254,-0.2190539771691616,-0.7302096707643498,0.20412414523193206,-0.15294382258037553,-0.4341140500939411,-0.6822948329910217,-0.34899122022605644,1.5866908771712596,-0.1203858530857698,1.7588539596742978,-1.180086032473696,1.859420292256818,-0.6015544067498438,-1.0458250331675945,-0.08481889296799727,-0.4685212856658194,0.5799708796235029
1.7249910882322665,0.652427708225426,1.4248870236980242,-0.5421256172169757,-0.2294157338705605,1.8834094802666506,-0.0929813591060608,-0.3306814747123078,1.2741456568257044,-1.241305870625249,2.1496674815683,0.20412414523193206,-0.15294382258037553,-0.4341140500939411,-0.40822843106272305,2.865401597645516,-0.6302424841458696,-0.1203858530857698,-0.568552036113998,0.4937948646521137,-0.8465967650815867,-0.6015544067498438,-1.0458250331675945,-0.08481889296799727,-0.4685212856658194,0.5799708796235029
0.14656787024195714,0.652427708225426,1.4248870236980242,-0.5421256172169757,-0.2294157338705605,-1.5409713929454416,-0.0929813591060608,3.0240581238183513,0.27031677694051254,-0.2190539771691616,-0.6142364417148407,0.20412414523193206,-0.15294382258037553,-0.4341140500939411,1.3275254478165017,-0.34899122022605644,-0.6302424841458696,-0.1203858530857698,-0.568552036113998,0.4937948646521137,-0.8465967650815867,-0.6015544067498438,-1.0458250331675945,-0.08481889296799727,-0.4685212856658194,0.5799708796235029
0.14656787024195714,-1.5327368647783928,-0.7018100265975343,1.844590936568452,4.358898943540649,-0.39951110187474415,-0.0929813591060608,-0.3306814747123078,-0.4825548829733814,-0.2190539771691616,-1.0508195330076704,0.20412414523193206,-0.15294382258037553,-0.4341140500939411,-1.139072169538186,-0.34899122022605644,-0.6302424841458696,-0.1203858530857698,-0.568552036113998,-1.180086032473696,0.9574146064773498,-0.6015544067498438,2.091650066335189,-0.08481889296799727,-0.4685212856658194,-0.9071339399239409
0.14656787024195714,0.652427708225426,-0.7018100265975343,-0.5421256172169757,-0.2294157338705605,-0.39951110187474415,-0.0929813591060608,3.0240581238183513,-0.9844693229159773,-0.2190539771691616,-0.677086449715865,0.20412414523193206,-0.15294382258037553,-0.4341140500939411,-0.7736503003004546,-0.34899122022605644,1.5866908771712596,-0.1203858530857698,-0.568552036113998,-0.3431455839107911,1.859420292256818,-0.6015544067498438,1.0458250331675945,-0.08481889296799727,-0.4685212856658194,0.5799708796235029
0.14656787024195714,0.652427708225426,-0.7018100265975343,-0.5421256172169757,-0.2294157338705605,0.7419491891959532,-0.0929813591060608,-0.3306814747123078,-1.2354265428872753,-1.241305870625249,-0.7601382460029329,0.20412414523193206,-0.15294382258037553,-0.4341140500939411,2.8805683920768606,-0.34899122022605644,1.5866908771712596,-0.1203858530857698,-0.568552036113998,1.3307353132150186,-0.8465967650815867,1.6623600272549444,0.0,-0.08481889296799727,-0.4685212856658194,0.5799708796235029
-1.4318553477483524,0.652427708225426,-0.7018100265975343,-0.5421256172169757,-0.2294157338705605,0.7419491891959532,-0.0929813591060608,-0.3306814747123078,-1.0681217295730767,-0.2190539771691616,0.07374668158208618,-4.898979485566365,-0.15294382258037553,-0.4341140500939411,0.32261530741274,-0.34899122022605644,1.5866908771712596,-0.1203858530857698,1.7588539596742978,0.4937948646521137,-0.8465967650815867,-0.6015544067498438,0.0,-0.08481889296799727,-0.4685212856658194,0.5799708796235029
-1.4318553477483524,-1.5327368647783928,-0.7018100265975343,1.844590936568452,-0.2294157338705605,0.7419491891959532,-0.0929813591060608,-0.3306814747123078,-0.7335121029446794,-1.241305870625249,-0.8993061208623438,0.20412414523193206,-0.15294382258037553,-0.4341140500939411,-0.22551749644385727,-0.34899122022605644,-0.6302424841458696,-0.1203858530857698,-0.568552036113998,1.3307353132150186,0.9574146064773498,1.6623600272549444,-1.0458250331675945,-0.08481889296799727,-0.4685212856658194,0.5799708796235029
1.7249910882322665,0.652427708225426,1.4248870236980242,-0.5421256172169757,-0.2294157338705605,0.7419491891959532,-0.0929813591060608,-0.3306814747123078,0.7722312168831085,-0.2190539771691616,0.3921119006825129,0.20412414523193206,-0.15294382258037553,-0.4341140500939411,-0.6822948329910217,-0.34899122022605644,-0.6302424841458696,-0.1203858530857698,1.7588539596742978,-2.0170264810366008,1.859420292256818,-0.6015544067498438,1.0458250331675945,-0.08481889296799727,-0.4685212856658194,0.5799708796235029
0.14656787024195714,0.652427708225426,-0.7018100265975343,-0.5421256172169757,-0.2294157338705605,-0.39951110187474415,-0.0929813591060608,-0.3306814747123078,-0.23159766300208343,1.8254498097430136,0.0045368513428629765,0.20412414523193206,-0.15294382258037553,-0.4341140500939411,-0.9563612349193203,-0.34899122022605644,1.5866908771712596,-0.1203858530857698,-0.568552036113998,-1.180086032473696,1.859420292256818,1.6623600272549444,1.0458250331675945,-0.08481889296799727,-0.4685212856658194,-0.9071339399239409
0.14656787024195714,0.652427708225426,-0.7018100265975343,1.844590936568452,-0.2294157338705605,-0.39951110187474415,-0.0929813591060608,-0.3306814747123078,-0.23159766300208343,-1.241305870625249,-0.2015962106128775,-4.898979485566365,-0.15294382258037553,-0.4341140500939411,-0.31687296375329016,-0.34899122022605644,-0.6302424841458696,-0.1203858530857698,1.7588539596742978,0.4937948646521137,-0.8465967650815867,-0.6015544067498438,-1.0458250331675945,-0.08481889296799727,-0.4685212856658194,0.5799708796235029
0.14656787024195714,-1.5327368647783928,1.4248870236980242,-0.5421256172169757,-0.2294157338705605,-0.39951110187474415,-0.0929813591060608,-0.3306814747123078,0.27031677694051254,-0.2190539771691616,-0.6239632286673802,0.20412414523193206,-0.15294382258037553,-0.4341140500939411,0.23125984010330713,-0.34899122022605644,-0.6302424841458696,-0.1203858530857698,-0.568552036113998,-1.180086032473696,0.9574146064773498,1.6623600272549444,-1.0458250331675945,-0.08481889296799727,-0.4685212856658194,0.5799708796235029
-1.4318553477483524,0.652427708225426,-0.7018100265975343,-0.5421256172169757,-0.2294157338705605,-0.39951110187474415,-0.0929813591060608,-0.3306814747123078,-0.23159766300208343,-0.2190539771691616,-0.7107560968592709,0.20412414523193206,-0.15294382258037553,-0.4341140500939411,-0.31687296375329016,-0.34899122022605644,1.5866908771712596,-0.1203858530857698,-0.568552036113998,1.3307353132150186,1.859420292256818,1.6623600272549444,1.0458250331675945,-0.08481889296799727,-0.4685212856658194,0.5799708796235029
0.14656787024195714,0.652427708225426,-0.7018100265975343,1.844590936568452,-0.2294157338705605,1.8834094802666506,-0.0929813591060608,-0.3306814747123078,-0.8171645096017787,-0.2190539771691616,0.5873958541142671,0.20412414523193206,-0.15294382258037553,-0.4341140500939411,1.4188809151259345,-0.34899122022605644,-0.6302424841458696,-0.1203858530857698,-0.568552036113998,0.4937948646521137,-0.8465967650815867,1.6623600272549444,1.0458250331675945,-0.08481889296799727,-0.4685212856658194,0.5799708796235029
0.14656787024195714,0.652427708225426,1.4248870236980242,-0.5421256172169757,-0.2294157338705605,0.7419491891959532,-0.0929813591060608,-0.3306814747123078,2.0270173167395984,0.8031979162869259,0.514444951970221,0.20412414523193206,-0.15294382258037553,-0.4341140500939411,-0.7736503003004546,2.865401597645516,-0.6302424841458696,-0.1203858530857698,-0.568552036113998,-2.0170264810366008,-0.8465967650815867,-0.6015544067498438,1.0458250331675945,-0.08481889296799727,-0.4685212856658194,0.5799708796235029
0.14656787024195714,-1.5327368647783928,-0.7018100265975343,1.844590936568452,-0.2294157338705605,0.7419491891959532,-0.0929813591060608,-0.3306814747123078,0.019359556969214552,-0.2190539771691616,-0.34151229985325304,0.20412414523193206,-0.15294382258037553,-0.4341140500939411,-1.139072169538186,-0.34899122022605644,-0.6302424841458696,-0.1203858530857698,-0.568552036113998,-1.180086032473696,0.9574146064773498,-0.6015544067498438,-1.0458250331675945,-0.08481889296799727,2.1343747458109554,0.5799708796235029
-1.4318553477483524,0.652427708225426,-0.7018100265975343,1.844590936568452,-0.2294157338705605,1.8834094802666506,-0.0929813591060608,-0.3306814747123078,0.27031677694051254,-1.241305870625249,-0.3246774762815501,0.20412414523193206,-0.15294382258037553,-0.4341140500939411,-0.5909393656815888,-0.34899122022605644,-0.6302424841458696,-0.1203858530857698,-0.568552036113998,-1.180086032473696,-0.8465967650815867,-0.6015544067498438,1.0458250331675945,-0.08481889296799727,2.1343747458109554,0.5799708796235029
0.14656787024195714,-1.5327368647783928,-0.7018100265975343,1.844590936568452,4.358898943540649,-1.5409713929454416,-0.0929813591060608,-0.3306814747123078,-1.2354265428872753,2.847701703199101,-1.0354811381978966,0.20412414523193206,-0.15294382258037553,-0.4341140500939411,-1.0477167022287532,-0.34899122022605644,-0.6302424841458696,-0.1203858530857698,-0.568552036113998,-1.180086032473696,0.9574146064773498,-0.6015544067498438,1.0458250331675945,-0.08481889296799727,-0.4685212856658194,-0.9071339399239409
0.14656787024195714,0.652427708225426,-0.7018100265975343,-0.5421256172169757,-0.2294157338705605,0.7419491891959532,-0.0929813591060608,3.0240581238183513,1.2741456568257044,-1.241305870625249,1.1609021771236139,0.20412414523193206,-0.15294382258037553,-0.4341140500939411,0.048548905484441365,-0.34899122022605644,1.5866908771712596,-0.1203858530857698,-0.568552036113998,1.3307353132150186,-0.8465967650815867,-0.6015544067498438,-1.0458250331675945,-0.08481889296799727,-0.4685212856658194,0.5799708796235029
0.14656787024195714,-1.5327368647783928,-0.7018100265975343,-0.5421256172169757,-0.2294157338705605,0.7419491891959532,-0.0929813591060608,-0.3306814747123078,1.2741456568257044,-0.2190539771691616,1.741142429561642,0.20412414523193206,-0.15294382258037553,-0.4341140500939411,-0.9563612349193203,-0.34899122022605644,1.5866908771712596,-0.1203858530857698,1.7588539596742978,-0.3431455839107911,0.9574146064773498,-0.6015544067498438,-1.0458250331675945,-0.08481889296799727,-0.4685212856658194,0.5799708796235029
0.14656787024195714,0.652427708225426,-0.7018100265975343,-0.5421256172169757,-0.2294157338705605,1.8834094802666506,-0.0929813591060608,-0.3306814747123078,1.2741456568257044,0.8031979162869259,-0.12677477251641997,0.20412414523193206,-0.15294382258037553,2.303542121669652,-0.4995838983721559,-0.34899122022605644,-0.6302424841458696,-0.1203858530857698,1.7588539596742978,1.3307353132150186,-0.8465967650815867,-0.6015544067498438,1.0458250331675945,-0.08481889296799727,-0.4685212856658194,-2.394238759471385
-3.0102785657386617,0.652427708225426,-0.7018100265975343,-0.5421256172169757,-0.2294157338705605,-0.39951110187474415,-0.0929813591060608,-0.3306814747123078,-1.2354265428872753,2.847701703199101,-0.9322275536247852,-4.898979485566365,-0.15294382258037553,-0.4341140500939411,-0.7736503003004546,-0.34899122022605644,1.5866908771712596,-0.1203858530857698,1.7588539596742978,-1.180086032473696,1.859420292256818,-0.6015544067498438,2.091650066335189,-0.08481889296799727,-0.4685212856658194,0.5799708796235029
0.14656787024195714,0.652427708225426,-0.7018100265975343,-0.5421256172169757,-0.2294157338705605,0.7419491891959532,-0.0929813591060608,-0.3306814747123078,0.7722312168831085,-1.241305870625249,-0.38154176923485783,0.20412414523193206,-0.15294382258037553,-0.4341140500939411,0.048548905484441365,-0.34899122022605644,1.5866908771712596,-0.1203858530857698,1.7588539596742978,1.3307353132150186,-0.8465967650815867,-0.6015544067498438,1.0458250331675945,-0.08481889296799727,-0.4685212856658194,0.5799708796235029
-1.4318553477483524,0.652427708225426,-0.7018100265975343,-0.5421256172169757,-0.2294157338705605,-1.5409713929454416,-0.0929813591060608,-0.3306814747123078,-0.9008169162588779,-0.2190539771691616,-0.8054052160512897,0.20412414523193206,-0.15294382258037553,-0.4341140500939411,-1.139072169538186,-0.34899122022605644,1.5866908771712596,-0.1203858530857698,-0.568552036113998,-0.3431455839107911,-0.8465967650815867,1.6623600272549444,1.0458250331675945,-0.08481889296799727,-0.4685212856658194,0.5799708796235029
1.7249910882322665,-1.5327368647783928,-0.7018100265975343,-0.5421256172169757,4.358898943540649,0.7419491891959532,-0.0929813591060608,-0.3306814747123078,1.2741456568257044,-0.2190539771691616,1.8197049395629223,0.20412414523193206,-0.15294382258037553,2.303542121669652,-0.9563612349193203,-0.34899122022605644,-0.6302424841458696,-0.1203858530857698,-0.568552036113998,-0.3431455839107911,0.9574146064773498,-0.6015544067498438,0.0,-0.08481889296799727,-0.4685212856658194,0.5799708796235029
-1.4318553477483524,0.652427708225426,1.4248870236980242,-0.5421256172169757,-0.2294157338705605,-0.39951110187474415,-0.0929813591060608,3.0240581238183513,0.27031677694051254,-0.2190539771691616,1.259666475410938,0.20412414523193206,-0.15294382258037553,-0.4341140500939411,-1.3217831041570518,-0.34899122022605644,-0.6302424841458696,-0.1203858530857698,-0.568552036113998,-0.3431455839107911,1.859420292256818,-0.6015544067498438,0.0,-0.08481889296799727,-0.4685212856658194,0.5799708796235029
0.14656787024195714,-1.5327368647783928,1.4248870236980242,-0.5421256172169757,-0.2294157338705605,-0.39951110187474415,-0.0929813591060608,-0.3306814747123078,-0.4825548829733814,2.847701703199101,-0.005564042800158788,0.20412414523193206,-0.15294382258037553,-0.4341140500939411,-1.4131385714664848,-0.34899122022605644,-0.6302424841458696,-0.1203858530857698,1.7588539596742978,0.4937948646521137,0.9574146064773498,-0.6015544067498438,-1.0458250331675945,-0.08481889296799727,-0.4685212856658194,-0.9071339399239409
0.14656787024195714,0.652427708225426,-0.7018100265975343,1.844590936568452,-0.2294157338705605,-0.39951110187474415,-0.0929813591060608,-0.3306814747123078,-1.2354265428872753,1.8254498097430136,-0.7350730642406196,0.20412414523193206,-0.15294382258037553,-0.4341140500939411,1.3275254478165017,2.865401597645516,-0.6302424841458696,-0.1203858530857698,-0.568552036113998,-0.3431455839107911,-0.8465967650815867,-0.6015544067498438,-1.0458250331675945,-0.08481889296799727,-0.4685212856658194,-0.9071339399239409
-1.4318553477483524,-1.5327368647783928,1.4248870236980242,-0.5421256172169757,-0.2294157338705605,1.8834094802666506,-0.0929813591060608,-0.3306814747123078,0.27031677694051254,-0.2190539771691616,-0.5768257226666119,0.20412414523193206,-0.15294382258037553,-0.4341140500939411,-0.5909393656815888,-0.34899122022605644,-0.6302424841458696,-0.1203858530857698,-0.568552036113998,-1.180086032473696,0.9574146064773498,1.6623600272549444,0.0,-0.08481889296799727,-0.4685212856658194,-0.9071339399239409
0.14656787024195714,0.652427708225426,-0.7018100265975343,-0.5421256172169757,-0.2294157338705605,-0.39951110187474415,-0.0929813591060608,-0.3306814747123078,-0.7335121029446794,-0.2190539771691616,-0.7122525256212,0.20412414523193206,-0.15294382258037553,-0.4341140500939411,-1.139072169538186,-0.34899122022605644,1.5866908771712596,-0.1203858530857698,-0.568552036113998,-0.3431455839107911,1.859420292256818,1.6623600272549444,2.091650066335189,-0.08481889296799727,-0.4685212856658194,-0.9071339399239409
1.7249910882322665,0.652427708225426,-0.7018100265975343,-0.5421256172169757,-0.2294157338705605,-0.39951110187474415,-0.0929813591060608,-0.3306814747123078,-0.9008169162588779,-0.2190539771691616,1.5365057963678306,0.20412414523193206,-0.15294382258037553,2.303542121669652,3.154634794005159,-0.34899122022605644,-0.6302424841458696,-0.1203858530857698,1.7588539596742978,-2.0170264810366008,-0.8465967650815867,-0.6015544067498438,1.0458250331675945,-0.08481889296799727,-0.4685212856658194,-2.394238759471385
0.14656787024195714,-1.5327368647783928,-0.7018100265975343,-0.5421256172169757,-0.2294157338705605,1.8834094802666506,-0.0929813591060608,-0.3306814747123078,1.2741456568257044,-0.2190539771691616,0.46880387473138185,0.20412414523193206,-0.15294382258037553,-0.4341140500939411,-0.1341620291344244,-0.34899122022605644,1.5866908771712596,-0.1203858530857698,-0.568552036113998,-0.3431455839107911,0.9574146064773498,1.6623600272549444,-1.0458250331675945,-0.08481889296799727,-0.4685212856658194,0.5799708796235029
0.14656787024195714,-1.5327368647783928,-0.7018100265975343,1.844590936568452,-0.2294157338705605,-0.39951110187474415,-0.0929813591060608,3.0240581238183513,0.5212739969118105,-0.2190539771691616,-0.25172657413750404,0.20412414523193206,-0.15294382258037553,-0.4341140500939411,-0.31687296375329016,-0.34899122022605644,-0.6302424841458696,-0.1203858530857698,-0.568552036113998,-1.180086032473696,0.9574146064773498,-0.6015544067498438,1.0458250331675945,-0.08481889296799727,-0.4685212856658194,0.5799708796235029
-1.4318553477483524,0.652427708225426,-0.7018100265975343,-0.5421256172169757,-0.2294157338705605,0.7419491891959532,-0.0929813591060608,-0.3306814747123078,-0.7335121029446794,-0.2190539771691616,-0.028758688610060618,0.20412414523193206,-0.15294382258037553,-0.4341140500939411,1.2361699805070687,-0.34899122022605644,1.5866908771712596,-0.1203858530857698,1.7588539596742978,-1.180086032473696,-0.8465967650815867,-0.6015544067498438,1.0458250331675945,-0.08481889296799727,-0.4685212856658194,0.5799708796235029
1.7249910882322665,-1.5327368647783928,-0.7018100265975343,-0.5421256172169757,-0.2294157338705605,-0.39951110187474415,-0.0929813591060608,-0.3306814747123078,0.27031677694051254,-0.2190539771691616,3.508424797399968,0.20412414523193206,-0.15294382258037553,2.303542121669652,0.7793926439599044,2.865401597645516,-0.6302424841458696,-0.1203858530857698,-0.568552036113998,1.3307353132150186,0.9574146064773498,-0.6015544067498438,1.0458250331675945,-0.08481889296799727,-0.4685212856658194,-2.394238759471385
0.14656787024195714,0.652427708225426,-0.7018100265975343,-0.5421256172169757,-0.2294157338705605,1.8834094802666506,-0.0929813591060608,3.0240581238183513,0.27031677694051254,-1.241305870625249,-0.08337833842047461,0.20412414523193206,-0.15294382258037553,-0.4341140500939411,-0.31687296375329016,-0.34899122022605644,1.5866908771712596,-0.1203858530857698,-0.568552036113998,-0.3431455839107911,-0.8465967650815867,-0.6015544067498438,-1.0458250331675945,-0.08481889296799727,-0.4685212856658194,0.5799708796235029
0.14656787024195714,0.652427708225426,1.4248870236980242,-0.5421256172169757,-0.2294157338705605,-2.6824316840161386,-0.0929813591060608,-0.3306814747123078,-0.4825548829733814,-0.2190539771691616,-0.8420677207185538,0.20412414523193206,-0.15294382258037553,-0.4341140500939411,-0.22551749644385727,-0.34899122022605644,-0.6302424841458696,-0.1203858530857698,1.7588539596742978,1.3307353132150186,-0.8465967650815867,-0.6015544067498438,0.0,-0.08481889296799727,-0.4685212856658194,-0.9071339399239409
1.7249910882322665,-1.5327368647783928,-0.7018100265975343,-0.5421256172169757,-0.2294157338705605,-0.39951110187474415,-0.0929813591060608,-0.3306814747123078,-0.7335121029446794,-1.241305870625249,-0.3994989143780076,0.20412414523193206,-0.15294382258037553,2.303542121669652,1.5102363824353675,-0.34899122022605644,-0.6302424841458696,-0.1203858530857698,1.7588539596742978,1.3307353132150186,0.9574146064773498,-0.6015544067498438,-1.0458250331675945,-0.08481889296799727,-0.4685212856658194,-2.394238759471385
0.14656787024195714,0.652427708225426,-0.7018100265975343,1.844590936568452,-0.2294157338705605,1.8834094802666506,-0.0929813591060608,-0.3306814747123078,0.019359556969214552,-0.2190539771691616,-0.31719533247190435,0.20412414523193206,-0.15294382258037553,-0.4341140500939411,1.053459045888203,-0.34899122022605644,-0.6302424841458696,-0.1203858530857698,1.7588539596742978,-0.3431455839107911,0.05540892069788158,-0.6015544067498438,1.0458250331675945,-0.08481889296799727,-0.4685212856658194,0.5799708796235029
0.14656787024195714,-1.5327368647783928,-0.7018100265975343,-0.5421256172169757,-0.2294157338705605,0.7419491891959532,-0.0929813591060608,-0.3306814747123078,-0.23159766300208343,-0.2190539771691616,0.28623956577602555,0.20412414523193206,-0.15294382258037553,-0.4341140500939411,-0.22551749644385727,-0.34899122022605644,1.5866908771712596,-0.1203858530857698,1.7588539596742978,1.3307353132150186,0.9574146064773498,-0.6015544067498438,0.0,-0.08481889296799727,-0.4685212856658194,-0.9071339399239409
-1.4318553477483524,0.652427708225426,-0.7018100265975343,-0.5421256172169757,-0.2294157338705605,-0.39951110187474415,-0.0929813591060608,-0.3306814747123078,-1.2354265428872753,-0.2190539771691616,-0.6834462719540639,0.20412414523193206,-0.15294382258037553,-0.4341140500939411,0.048548905484441365,-0.34899122022605644,1.5866908771712596,-0.1203858530857698,-0.568552036113998,-0.3431455839107911,-0.8465967650815867,-0.6015544067498438,0.0,-0.08481889296799727,2.1343747458109554,0.5799708796235029
-1.4318553477483524,-1.5327368647783928,1.4248870236980242,-0.5421256172169757,-0.2294157338705605,-0.39951110187474415,-0.0929813591060608,-0.3306814747123078,0.27031677694051254,1.8254498097430136,-0.7268427060500092,0.20412414523193206,-0.15294382258037553,-0.4341140500939411,1.9670137189825319,-0.34899122022605644,-0.6302424841458696,-0.1203858530857698,-0.568552036113998,-0.3431455839107911,0.9574146064773498,1.6623600272549444,2.091650066335189,-0.08481889296799727,-0.4685212856658194,0.5799708796235029
0.14656787024195714,0.652427708225426,1.4248870236980242,-0.5421256172169757,-0.2294157338705605,0.7419491891959532,-0.0929813591060608,-0.3306814747123078,-0.7335121029446794,0.8031979162869259,-0.4511257066645633,0.20412414523193206,-0.15294382258037553,-0.4341140500939411,-0.7736503003004546,-0.34899122022605644,-0.6302424841458696,-0.1203858530857698,1.7588539596742978,-1.180086032473696,-0.8465967650815867,-0.6015544067498438,1.0458250331675945,-0.08481889296799727,-0.4685212856658194,0.5799708796235029
0.14656787024195714,-1.5327368647783928,1.4248870236980242,-0.5421256172169757,-0.2294157338705605,0.7419491891959532,-0.0929813591060608,-0.3306814747123078,1.2741456568257044,-0.2190539771691616,2.3812398324768362,0.20412414523193206,-0.15294382258037553,-0.4341140500939411,-0.40822843106272305,-0.34899122022605644,-0.6302424841458696,-0.1203858530857698,-0.568552036113998,-0.3431455839107911,0.9574146064773498,1.6623600272549444,-1.0458250331675945,-0.08481889296799727,-0.4685212856658194,0.5799708796235029
-1.4318553477483524,0.652427708225426,-0.7018100265975343,-0.5421256172169757,-0.2294157338705605,-0.39951110187474415,-0.0929813591060608,-0.3306814747123078,-1.2354265428872753,-0.2190539771691616,-1.0164016714833,0.20412414523193206,-0.15294382258037553,-0.4341140500939411,-0.6822948329910217,-0.34899122022605644,1.5866908771712596,-0.1203858530857698,-0.568552036113998,0.4937948646521137,1.859420292256818,1.6623600272549444,1.0458250331675945,-0.08481889296799727,-0.4685212856658194,0.5799708796235029
0.14656787024195714,0.652427708225426,-0.7018100265975343,-0.5421256172169757,-0.2294157338705605,0.7419491891959532,-0.0929813591060608,-0.3306814747123078,-0.7335121029446794,-0.2190539771691616,-0.6703525202871838,0.20412414523193206,-0.15294382258037553,-0.4341140500939411,1.6929473170542333,2.865401597645516,1.5866908771712596,-0.1203858530857698,-0.568552036113998,1.3307353132150186,-0.8465967650815867,-0.6015544067498438,0.0,-0.08481889296799727,-0.4685212856658194,0.5799708796235029
0.14656787024195714,-1.5327368647783928,-0.7018100265975343,-0.5421256172169757,-0.2294157338705605,-0.39951110187474415,-0.0929813591060608,-0.3306814747123078,0.7722312168831085,-0.2190539771691616,-0.39313909213980874,0.20412414523193206,-0.15294382258037553,2.303542121669652,-1.0477167022287532,-0.34899122022605644,-0.6302424841458696,-0.1203858530857698,1.7588539596742978,-0.3431455839107911,0.9574146064773498,-0.6015544067498438,1.0458250331675945,-0.08481889296799727,-0.4685212856658194,0.5799708796235029
1.7249910882322665,0.652427708225426,-0.7018100265975343,1.844590936568452,-0.2294157338705605,-1.5409713929454416,-0.0929813591060608,-0.3306814747123078,-0.4825548829733814,0.8031979162869259,1.365164703126943,0.20412414523193206,-0.15294382258037553,-0.4341140500939411,-0.1341620291344244,-0.34899122022605644,-0.6302424841458696,-0.1203858530857698,1.7588539596742978,-2.0170264810366008,-0.8465967650815867,-0.6015544067498438,1.0458250331675945,-0.08481889296799727,-0.4685212856658194,0.5799708796235029
0.14656787024195714,0.652427708225426,-0.7018100265975343,-0.5421256172169757,-0.2294157338705605,0.7419491891959532,-0.0929813591060608,-0.3306814747123078,-0.8171645096017787,-0.2190539771691616,0.263419027156606,0.20412414523193206,-0.15294382258037553,-0.4341140500939411,0.048548905484441365,-0.34899122022605644,1.5866908771712596,-0.1203858530857698,1.7588539596742978,-0.3431455839107911,-0.8465967650815867,-0.6015544067498438,0.0,-0.08481889296799727,-0.4685212856658194,-0.9071339399239409
0.14656787024195714,0.652427708225426,-0.7018100265975343,1.844590936568452,-0.2294157338705605,0.7419491891959532,-0.0929813591060608,-0.3306814747123078,0.7722312168831085,-0.2190539771691616,1.9397933477077367,0.20412414523193206,-0.15294382258037553,-0.4341140500939411,1.2361699805070687,-0.34899122022605644,-0.6302424841458696,-0.1203858530857698,-0.568552036113998,0.4937948646521137,-0.8465967650815867,-0.6015544067498438,1.0458250331675945,-0.08481889296799727,2.1343747458109554,0.5799708796235029
0.14656787024195714,-1.5327368647783928,1.4248870236980242,-0.5421256172169757,-0.2294157338705605,-0.39951110187474415,-0.0929813591060608,-0.3306814747123078,0.27031677694051254,-1.241305870625249,1.025849481359508,0.20412414523193206,-0.15294382258037553,-0.4341140500939411,0.7793926439599044,-0.34899122022605644,-0.6302424841458696,-0.1203858530857698,-0.568552036113998,-1.180086032473696,0.9574146064773498,1.6623600272549444,-1.0458250331675945,-0.08481889296799727,-0.4685212856658194,0.5799708796235029
0.14656787024195714,0.652427708225426,-0.7018100265975343,-0.5421256172169757,-0.2294157338705605,0.7419491891959532,-0.0929813591060608,-0.3306814747123078,-0.4825548829733814,-1.241305870625249,-0.7219793125737395,0.20412414523193206,-0.15294382258037553,2.303542121669652,0.32261530741274,-0.34899122022605644,-0.6302424841458696,-0.1203858530857698,-0.568552036113998,-0.3431455839107911,-0.8465967650815867,1.6623600272549444,2.091650066335189,-0.08481889296799727,-0.4685212856658194,-2.394238759471385
0.14656787024195714,0.652427708225426,-0.7018100265975343,-0.5421256172169757,-0.2294157338705605,-2.6824316840161386,-0.0929813591060608,3.0240581238183513,2.779888976653492,-0.2190539771691616,4.767669600563348,0.20412414523193206,-0.15294382258037553,2.303542121669652,2.058369186291965,-0.34899122022605644,-0.6302424841458696,-0.1203858530857698,-0.568552036113998,-1.180086032473696,-0.8465967650815867,-0.6015544067498438,1.0458250331675945,-0.08481889296799727,-0.4685212856658194,-0.9071339399239409
0.14656787024195714,-1.5327368647783928,-0.7018100265975343,-0.5421256172169757,-0.2294157338705605,-0.39951110187474415,-0.0929813591060608,-0.3306814747123078,-0.7335121029446794,-0.2190539771691616,-0.10133548356362442,0.20412414523193206,-0.15294382258037553,-0.4341140500939411,-0.7736503003004546,-0.34899122022605644,1.5866908771712596,-0.1203858530857698,-0.568552036113998,0.4937948646521137,0.9574146064773498,1.6623600272549444,1.0458250331675945,-0.08481889296799727,-0.4685212856658194,0.5799708796235029
-1.4318553477483524,0.652427708225426,-0.7018100265975343,-0.5421256172169757,-0.2294157338705605,-1.5409713929454416,-0.0929813591060608,-0.3306814747123078,-1.2354265428872753,-1.241305870625249,-0.9045436215290958,0.20412414523193206,-0.15294382258037553,-0.4341140500939411,-0.8650057676098875,-0.34899122022605644,1.5866908771712596,-0.1203858530857698,1.7588539596742978,-0.3431455839107911,-0.8465967650815867,-0.6015544067498438,-1.0458250331675945,-0.08481889296799727,-0.4685212856658194,0.5799708796235029
-1.4318553477483524,-1.5327368647783928,1.4248870236980242,-0.5421256172169757,-0.2294157338705605,0.7419491891959532,-0.0929813591060608,-0.3306814747123078,0.27031677694051254,-0.2190539771691616,0.574302102447387,0.20412414523193206,-0.15294382258037553,-0.4341140500939411,-0.9563612349193203,-0.34899122022605644,-0.6302424841458696,-0.1203858530857698,-0.568552036113998,-1.180086032473696,0.9574146064773498,-0.6015544067498438,1.0458250331675945,-0.08481889296799727,2.1343747458109554,0.5799708796235029
0.14656787024195714,-1.5327368647783928,-0.7018100265975343,1.844590936568452,-0.2294157338705605,-0.39951110187474415,-0.0929813591060608,-0.3306814747123078,-0.7335121029446794,0.8031979162869259,-0.9202561235293519,0.20412414523193206,-0.15294382258037553,-0.4341140500939411,-1.230427636847619,-0.34899122022605644,-0.6302424841458696,8.306623862918117,-0.568552036113998,-2.0170264810366008,0.9574146064773498,-0.6015544067498438,0.0,-0.08481889296799727,-0.4685212856658194,0.5799708796235029
0.14656787024195714,0.652427708225426,-0.7018100265975343,1.844590936568452,-0.2294157338705605,-0.39951110187474415,-0.0929813591060608,-0.3306814747123078,-0.7335121029446794,2.847701703199101,-0.6688560915252547,-4.898979485566365,-0.15294382258037553,-0.4341140500939411,1.784302784363666,2.865401597645516,-0.6302424841458696,-0.1203858530857698,-0.568552036113998,0.4937948646521137,-0.8465967650815867,-0.6015544067498438,-1.0458250331675945,-0.08481889296799727,-0.4685212856658194,0.5799708796235029
0.14656787024195714,-1.5327368647783928,-0.7018100265975343,1.844590936568452,-0.2294157338705605,0.7419491891959532,-0.0929813591060608,-0.3306814747123078,-0.4825548829733814,-0.2190539771691616,-0.661373947715609,0.20412414523193206,-0.15294382258037553,-0.4341140500939411,-0.9563612349193203,-0.34899122022605644,-0.6302424841458696,-0.1203858530857698,-0.568552036113998,-0.3431455839107911,0.9574146064773498,-0.6015544067498438,0.0,-0.08481889296799727,2.1343747458109554,-0.9071339399239409
-1.4318553477483524,-1.5327368647783928,1.4248870236980242,-0.5421256172169757,-0.2294157338705605,-0.39951110187474415,-0.0929813591060608,-0.3306814747123078,-0.7335121029446794,1.8254498097430136,-0.7773471767651181,0.20412414523193206,-0.15294382258037553,-0.4341140500939411,-0.5909393656815888,-0.34899122022605644,-0.6302424841458696,-0.1203858530857698,-0.568552036113998,-0.3431455839107911,0.9574146064773498,-0.6015544067498438,-1.0458250331675945,-0.08481889296799727,2.1343747458109554,-0.9071339399239409
1.7249910882322665,0.652427708225426,-0.7018100265975343,-0.5421256172169757,-0.2294157338705605,-0.39951110187474415,-0.0929813591060608,-0.3306814747123078,-0.7335121029446794,-1.241305870625249,1.222255756362709,0.20412414523193206,-0.15294382258037553,2.303542121669652,1.5102363824353675,-0.34899122022605644,-0.6302424841458696,-0.1203858530857698,-0.568552036113998,-2.0170264810366008,-0.8465967650815867,1.6623600272549444,1.0458250331675945,-0.08481889296799727,-0.4685212856658194,0.5799708796235029
0.14656787024195714,0.652427708225426,-0.7018100265975343,-0.5421256172169757,-0.2294157338705605,0.7419491891959532,-0.0929813591060608,-0.3306814747123078,-0.23159766300208343,2.847701703199101,-0.7676203898125786,0.20412414523193206,-0.15294382258037553,-0.4341140500939411,0.9621035785787702,-0.34899122022605644,1.5866908771712596,-0.1203858530857698,-0.568552036113998,-0.3431455839107911,-0.8465967650815867,1.6623600272549444,-1.0458250331675945,-0.08481889296799727,-0.4685212856658194,0.5799708796235029
0.14656787024195714,0.652427708225426,-0.7018100265975343,-0.5421256172169757,-0.2294157338705605,1.8834094802666506,-0.0929813591060608,-0.3306814747123078,0.27031677694051254,-0.2190539771691616,0.6244324659720135,0.20412414523193206,-0.15294382258037553,2.303542121669652,1.6015918497448003,-0.34899122022605644,-0.6302424841458696,-0.1203858530857698,1.7588539596742978,-0.3431455839107911,-0.8465967650815867,-0.6015544067498438,0.0,-0.08481889296799727,-0.4685212856658194,-2.394238759471385
0.14656787024195714,0.652427708225426,1.4248870236980242,-0.5421256172169757,-0.2294157338705605,-1.5409713929454416,-0.0929813591060608,-0.3306814747123078,1.2741456568257044,-0.2190539771691616,-0.17017120661236532,0.20412414523193206,-0.15294382258037553,-0.4341140500939411,-0.40822843106272305,-0.34899122022605644,-0.6302424841458696,-0.1203858530857698,-0.568552036113998,1.3307353132150186,-0.8465967650815867,-0.6015544067498438,0.0,-0.08481889296799727,2.1343747458109554,0.5799708796235029
0.14656787024195714,0.652427708225426,-0.7018100265975343,1.844590936568452,-0.2294157338705605,-0.39951110187474415,-0.0929813591060608,-0.3306814747123078,-1.2354265428872753,-0.2190539771691616,-0.5367962532850071,0.20412414523193206,-0.15294382258037553,-0.4341140500939411,-1.3217831041570518,-0.34899122022605644,-0.6302424841458696,-0.1203858530857698,-0.568552036113998,-0.3431455839107911,1.859420292256818,-0.6015544067498438,-1.0458250331675945,-0.08481889296799727,2.1343747458109554,-0.9071339399239409
0.14656787024195714,-1.5327368647783928,-0.7018100265975343,1.844590936568452,-0.2294157338705605,1.8834094802666506,-0.0929813591060608,-0.3306814747123078,-0.4825548829733814,2.847701703199101,-0.838326648813731,0.20412414523193206,-0.15294382258037553,-0.4341140500939411,-0.4995838983721559,-0.34899122022605644,-0.6302424841458696,-0.1203858530857698,-0.568552036113998,0.4937948646521137,0.9574146064773498,-0.6015544067498438,-1.0458250331675945,-0.08481889296799727,2.1343747458109554,0.5799708796235029
0.14656787024195714,0.652427708225426,1.4248870236980242,-0.5421256172169757,-0.2294157338705605,-0.39951110187474415,-0.0929813591060608,-0.3306814747123078,0.019359556969214552,-1.241305870625249,0.7658449839743182,0.20412414523193206,-0.15294382258037553,-0.4341140500939411,-0.8650057676098875,2.865401597645516,-0.6302424841458696,-0.1203858530857698,-0.568552036113998,-0.3431455839107911,-0.8465967650815867,-0.6015544067498438,-1.0458250331675945,-0.08481889296799727,-0.4685212856658194,0.5799708796235029
0.14656787024195714,0.652427708225426,-0.7018100265975343,-0.5421256172169757,-0.2294157338705605,-0.39951110187474415,-0.0929813591060608,-0.3306814747123078,1.2741456568257044,-0.2190539771691616,0.2664118846804643,0.20412414523193206,-0.15294382258037553,-0.4341140500939411,-1.139072169538186,-0.34899122022605644,1.5866908771712596,-0.1203858530857698,-0.568552036113998,-0.3431455839107911,-0.8465967650815867,1.6623600272549444,2.091650066335189,-0.08481889296799727,-0.4685212856658194,0.5799708796235029
0.14656787024195714,-1.5327368647783928,-0.7018100265975343,-0.5421256172169757,-0.2294157338705605,-0.39951110187474415,-0.0929813591060608,-0.3306814747123078,0.27031677694051254,-1.241305870625249,-0.6845685935255108,0.20412414523193206,-0.15294382258037553,-0.4341140500939411,-0.9563612349193203,-0.34899122022605644,1.5866908771712596,-0.1203858530857698,1.7588539596742978,-0.3431455839107911,0.9574146064773498,-0.6015544067498438,0.0,-0.08481889296799727,-0.4685212856658194,-0.9071339399239409
1.7249910882322665,0.652427708225426,1.4248870236980242,-0.5421256172169757,-0.2294157338705605,0.7419491891959532,-0.0929813591060608,-0.3306814747123078,-0.23159766300208343,-0.2190539771691616,0.21665562834632004,0.20412414523193206,-0.15294382258037553,-0.4341140500939411,-0.04280656182499151,-0.34899122022605644,-0.6302424841458696,-0.1203858530857698,-0.568552036113998,-1.180086032473696,0.05540892069788158,-0.6015544067498438,-1.0458250331675945,-0.08481889296799727,2.1343747458109554,0.5799708796235029
0.14656787024195714,0.652427708225426,1.4248870236980242,-0.5421256172169757,-0.2294157338705605,0.7419491891959532,-0.0929813591060608,-0.3306814747123078,0.27031677694051254,-0.2190539771691616,0.729182479307054,0.20412414523193206,-0.15294382258037553,-0.4341140500939411,-0.22551749644385727,-0.34899122022605644,-0.6302424841458696,-0.1203858530857698,-0.568552036113998,1.3307353132150186,-0.8465967650815867,-0.6015544067498438,-1.0458250331675945,-0.08481889296799727,2.1343747458109554,0.5799708796235029
0.14656787024195714,-1.5327368647783928,1.4248870236980242,-0.5421256172169757,-0.2294157338705605,-0.39951110187474415,-0.0929813591060608,-0.3306814747123078,0.27031677694051254,2.847701703199101,-0.6269560861912384,0.20412414523193206,-0.15294382258037553,-0.4341140500939411,-0.1341620291344244,-0.34899122022605644,-0.6302424841458696,-0.1203858530857698,1.7588539596742978,0.4937948646521137,0.9574146064773498,-0.6015544067498438,-1.0458250331675945,-0.08481889296799727,-0.4685212856658194,0.5799708796235029
0.14656787024195714,0.652427708225426,-0.7018100265975343,1.844590936568452,-0.2294157338705605,-2.6824316840161386,-0.0929813591060608,-0.3306814747123078,-0.7335121029446794,-0.2190539771691616,-0.16530781313609558,0.20412414523193206,-0.15294382258037553,-0.4341140500939411,-0.1341620291344244,-0.34899122022605644,-0.6302424841458696,-0.1203858530857698,-0.568552036113998,1.3307353132150186,-0.8465967650815867,-0.6015544067498438,-1.0458250331675945,-0.08481889296799727,2.1343747458109554,0.5799708796235029
0.14656787024195714,0.652427708225426,1.4248870236980242,-0.5421256172169757,-0.2294157338705605,-0.39951110187474415,-0.0929813591060608,-0.3306814747123078,-0.4825548829733814,-0.2190539771691616,0.5447476343992863,0.20412414523193206,-0.15294382258037553,-0.4341140500939411,-0.4995838983721559,2.865401597645516,-0.6302424841458696,-0.1203858530857698,-0.568552036113998,-0.3431455839107911,-0.8465967650815867,-0.6015544067498438,-1.0458250331675945,-0.08481889296799727,-0.4685212856658194,0.5799708796235029
0.14656787024195714,0.652427708225426,1.4248870236980242,-0.5421256172169757,-0.2294157338705605,0.7419491891959532,-0.0929813591060608,-0.3306814747123078,0.019359556969214552,-0.2190539771691616,-0.5981498325241024,0.20412414523193206,-0.15294382258037553,-0.4341140500939411,-0.4995838983721559,-0.34899122022605644,-0.6302424841458696,-0.1203858530857698,1.7588539596742978,1.3307353132150186,1.859420292256818,-0.6015544067498438,0.0,-0.08481889296799727,-0.4685212856658194,0.5799708796235029
0.14656787024195714,0.652427708225426,-0.7018100265975343,-0.5421256172169757,-0.2294157338705605,0.7419491891959532,-0.0929813591060608,-0.3306814747123078,-0.9844693229159773,0.8031979162869259,-0.7156194903355406,-4.898979485566365,6.538348415311053,-0.4341140500939411,1.144814513197636,-0.34899122022605644,1.5866908771712596,-0.1203858530857698,-0.568552036113998,1.3307353132150186,-0.8465967650815867,-0.6015544067498438,0.0,-0.08481889296799727,-0.4685212856658194,0.5799708796235029
0.14656787024195714,0.652427708225426,1.4248870236980242,-0.5421256172169757,-0.2294157338705605,-0.39951110187474415,-0.0929813591060608,-0.3306814747123078,-0.7335121029446794,-0.2190539771691616,-0.6995328811448023,0.20412414523193206,-0.15294382258037553,-0.4341140500939411,-1.230427636847619,-0.34899122022605644,-0.6302424841458696,-0.1203858530857698,-0.568552036113998,-1.180086032473696,-0.8465967650815867,1.6623600272549444,1.0458250331675945,-0.08481889296799727,-0.4685212856658194,0.5799708796235029
0.14656787024195714,0.652427708225426,1.4248870236980242,-0.5421256172169757,-0.2294157338705605,-1.5409713929454416,-0.0929813591060608,3.0240581238183513,2.277974536710896,0.8031979162869259,0.1365966895831105,0.20412414523193206,-0.15294382258037553,-0.4341140500939411,-0.4995838983721559,-0.34899122022605644,-0.6302424841458696,-0.1203858530857698,-0.568552036113998,0.4937948646521137,-0.8465967650815867,-0.6015544067498438,1.0458250331675945,-0.08481889296799727,-0.4685212856658194,0.5799708796235029
0.14656787024195714,0.652427708225426,-0.7018100265975343,-0.5421256172169757,-0.2294157338705605,-0.39951110187474415,-0.0929813591060608,-0.3306814747123078,2.277974536710896,-0.2190539771691616,0.27314581410914546,0.20412414523193206,-0.15294382258037553,2.303542121669652,0.9621035785787702,-0.34899122022605644,-0.6302424841458696,-0.1203858530857698,1.7588539596742978,0.4937948646521137,-0.8465967650815867,-0.6015544067498438,0.0,-0.08481889296799727,-0.4685212856658194,-2.394238759471385
0.14656787024195714,-1.5327368647783928,-0.7018100265975343,-0.5421256172169757,-0.2294157338705605,-0.39951110187474415,-0.0929813591060608,-0.3306814747123078,-0.23159766300208343,-0.2190539771691616,-1.0354811381978966,0.20412414523193206,-0.15294382258037553,-0.4341140500939411,-1.230427636847619,-0.34899122022605644,1.5866908771712596,-0.1203858530857698,-0.568552036113998,-2.0170264810366008,0.9574146064773498,1.6623600272549444,-1.0458250331675945,-0.08481889296799727,-0.4685212856658194,-0.9071339399239409
0.14656787024195714,0.652427708225426,1.4248870236980242,-0.5421256172169757,-0.2294157338705605,-0.39951110187474415,-0.0929813591060608,-0.3306814747123078,0.27031677694051254,-0.2190539771691616,0.3202833201099137,0.20412414523193206,-0.15294382258037553,-0.4341140500939411,0.6880371766504715,-0.34899122022605644,-0.6302424841458696,-0.1203858530857698,-0.568552036113998,0.4937948646521137,0.05540892069788158,-0.6015544067498438,1.0458250331675945,-0.08481889296799727,2.1343747458109554,0.5799708796235029
0.14656787024195714,0.652427708225426,1.4248870236980242,-0.5421256172169757,-0.2294157338705605,-0.39951110187474415,-0.0929813591060608,-0.3306814747123078,-0.4825548829733814,-0.2190539771691616,-0.8974355849099324,0.20412414523193206,-0.15294382258037553,-0.4341140500939411,0.13990437279387424,-0.34899122022605644,-0.6302424841458696,-0.1203858530857698,-0.568552036113998,1.3307353132150186,-0.8465967650815867,1.6623600272549444,1.0458250331675945,-0.08481889296799727,-0.4685212856658194,0.5799708796235029
1.7249910882322665,0.652427708225426,-0.7018100265975343,-0.5421256172169757,-0.2294157338705605,-0.39951110187474415,-0.0929813591060608,-0.3306814747123078,2.277974536710896,-0.2190539771691616,1.7067245680372716,0.20412414523193206,-0.15294382258037553,2.303542121669652,0.5966817093410386,-0.34899122022605644,-0.6302424841458696,-0.1203858530857698,1.7588539596742978,1.3307353132150186,-0.8465967650815867,-0.6015544067498438,0.0,-0.08481889296799727,-0.4685212856658194,-2.394238759471385
-1.4318553477483524,0.652427708225426,-0.7018100265975343,-0.5421256172169757,-0.2294157338705605,1.8834094802666506,-0.0929813591060608,-0.3306814747123078,-0.23159766300208343,-0.2190539771691616,1.1234914580753852,0.20412414523193206,6.538348415311053,-0.4341140500939411,0.7793926439599044,-0.34899122022605644,1.5866908771712596,-0.1203858530857698,-0.568552036113998,-0.3431455839107911,-0.8465967650815867,-0.6015544067498438,1.0458250331675945,-0.08481889296799727,-0.4685212856658194,0.5799708796235029
0.14656787024195714,-1.5327368647783928,1.4248870236980242,-0.5421256172169757,-0.2294157338705605,-0.39951110187474415,-0.0929813591060608,-0.3306814747123078,0.27031677694051254,1.8254498097430136,-0.6826980575730993,0.20412414523193206,-0.15294382258037553,-0.4341140500939411,-0.6822948329910217,-0.34899122022605644,-0.6302424841458696,-0.1203858530857698,-0.568552036113998,0.4937948646521137,0.9574146064773498,1.6623600272549444,-1.0458250331675945,-0.08481889296799727,-0.4685212856658194,0.5799708796235029
0.14656787024195714,0.652427708225426,-0.7018100265975343,-0.5421256172169757,-0.2294157338705605,-0.39951110187474415,-0.0929813591060608,-0.3306814747123078,-0.4825548829733814,-1.241305870625249,-0.6789569856682764,0.20412414523193206,-0.15294382258037553,-0.4341140500939411,0.41397077472217286,-0.34899122022605644,1.5866908771712596,-0.1203858530857698,-0.568552036113998,-0.3431455839107911,1.859420292256818,1.6623600272549444,-1.0458250331675945,-0.08481889296799727,-0.4685212856658194,-0.9071339399239409
-1.4318553477483524,0.652427708225426,-0.7018100265975343,1.844590936568452,-0.2294157338705605,0.7419491891959532,-0.0929813591060608,-0.3306814747123078,2.0270173167395984,-0.2190539771691616,0.5780431743522099,0.20412414523193206,-0.15294382258037553,-0.4341140500939411,-0.9563612349193203,-0.34899122022605644,-0.6302424841458696,-0.1203858530857698,-0.568552036113998,-1.180086032473696,-0.8465967650815867,1.6623600272549444,1.0458250331675945,-0.08481889296799727,-0.4685212856658194,0.5799708796235029
0.14656787024195714,0.652427708225426,1.4248870236980242,-0.5421256172169757,-0.2294157338705605,-2.6824316840161386,-0.0929813591060608,3.0240581238183513,2.277974536710896,-0.2190539771691616,4.197530242268342,0.20412414523193206,-0.15294382258037553,-0.4341140500939411,-0.9563612349193203,-0.34899122022605644,-0.6302424841458696,-0.1203858530857698,-0.568552036113998,-0.3431455839107911,-0.8465967650815867,-0.6015544067498438,1.0458250331675945,-0.08481889296799727,-0.4685212856658194,0.5799708796235029
-3.0102785657386617,-1.5327368647783928,-0.7018100265975343,-0.5421256172169757,-0.2294157338705605,-1.5409713929454416,-0.0929813591060608,3.0240581238183513,-0.7335121029446794,-0.2190539771691616,-0.969638272673014,0.20412414523193206,-0.15294382258037553,-0.4341140500939411,-0.8650057676098875,-0.34899122022605644,1.5866908771712596,-0.1203858530857698,-0.568552036113998,-1.180086032473696,0.9574146064773498,-0.6015544067498438,2.091650066335189,-0.08481889296799727,-0.4685212856658194,0.5799708796235029
0.14656787024195714,-1.5327368647783928,1.4248870236980242,-0.5421256172169757,-0.2294157338705605,-0.39951110187474415,-0.0929813591060608,-0.3306814747123078,0.27031677694051254,-0.2190539771691616,0.20505830544136913,0.20412414523193206,-0.15294382258037553,-0.4341140500939411,-0.8650057676098875,-0.34899122022605644,-0.6302424841458696,-0.1203858530857698,-0.568552036113998,-1.180086032473696,0.9574146064773498,-0.6015544067498438,2.091650066335189,-0.08481889296799727,2.1343747458109554,0.5799708796235029
0.14656787024195714,0.652427708225426,1.4248870236980242,-0.5421256172169757,-0.2294157338705605,0.7419491891959532,-0.0929813591060608,-0.3306814747123078,0.27031677694051254,-0.2190539771691616,-0.31981408280528034,0.20412414523193206,-0.15294382258037553,-0.4341140500939411,-0.04280656182499151,2.865401597645516,-0.6302424841458696,-0.1203858530857698,-0.568552036113998,0.4937948646521137,-0.8465967650815867,-0.6015544067498438,-1.0458250331675945,-0.08481889296799727,-0.4685212856658194,0.5799708796235029
0.14656787024195714,-1.5327368647783928,-0.7018100265975343,1.844590936568452,-0.2294157338705605,0.7419491891959532,-0.0929813591060608,-0.3306814747123078,-0.7335121029446794,2.847701703199101,-0.6018909044289252,-4.898979485566365,-0.15294382258037553,-0.4341140500939411,-0.04280656182499151,-0.34899122022605644,-0.6302424841458696,-0.1203858530857698,-0.568552036113998,0.4937948646521137,0.9574146064773498,-0.6015544067498438,-1.0458250331675945,-0.08481889296799727,2.1343747458109554,0.5799708796235029
0.14656787024195714,-1.5327368647783928,-0.7018100265975343,-0.5421256172169757,4.358898943540649,0.7419491891959532,-0.0929813591060608,-0.3306814747123078,0.27031677694051254,-0.2190539771691616,0.9510280432630506,0.20412414523193206,-0.15294382258037553,2.303542121669652,-1.0477167022287532,-0.34899122022605644,-0.6302424841458696,-0.1203858530857698,-0.568552036113998,-1.180086032473696,0.9574146064773498,-0.6015544067498438,1.0458250331675945,-0.08481889296799727,-0.4685212856658194,-2.394238759471385
0.14656787024195714,0.652427708225426,1.4248870236980242,-0.5421256172169757,-0.2294157338705605,-0.39951110187474415,-0.0929813591060608,-0.3306814747123078,0.27031677694051254,-1.241305870625249,-0.07664440899179344,0.20412414523193206,-0.15294382258037553,-0.4341140500939411,-1.4131385714664848,-0.34899122022605644,-0.6302424841458696,-0.1203858530857698,-0.568552036113998,-0.3431455839107911,1.859420292256818,-0.6015544067498438,0.0,-0.08481889296799727,2.1343747458109554,0.5799708796235029
0.14656787024195714,0.652427708225426,1.4248870236980242,-0.5421256172169757,-0.2294157338705605,-0.39951110187474415,-0.0929813591060608,-0.3306814747123078,0.27031677694051254,-1.241305870625249,-0.8499239717186818,0.20412414523193206,-0.15294382258037553,-0.4341140500939411,-0.40822843106272305,-0.34899122022605644,-0.6302424841458696,-0.1203858530857698,-0.568552036113998,0.4937948646521137,-0.8465967650815867,-0.6015544067498438,-1.0458250331675945,-0.08481889296799727,2.1343747458109554,0.5799708796235029
0.14656787024195714,0.652427708225426,1.4248870236980242,-0.5421256172169757,-0.2294157338705605,-2.6824316840161386,-0.0929813591060608,-0.3306814747123078,-0.7335121029446794,-0.2190539771691616,-0.7926855715748918,0.20412414523193206,-0.15294382258037553,-0.4341140500939411,1.144814513197636,-0.34899122022605644,-0.6302424841458696,-0.1203858530857698,1.7588539596742978,-0.3431455839107911,-0.8465967650815867,-0.6015544067498438,0.0,-0.08481889296799727,-0.4685212856658194,0.5799708796235029
1.7249910882322665,0.652427708225426,-0.7018100265975343,-0.5421256172169757,-0.2294157338705605,1.8834094802666506,-0.0929813591060608,3.0240581238183513,0.7722312168831085,-0.2190539771691616,-0.4836730322365223,0.20412414523193206,-0.15294382258037553,-0.4341140500939411,2.7892129247674275,-0.34899122022605644,1.5866908771712596,-0.1203858530857698,-0.568552036113998,1.3307353132150186,-0.8465967650815867,-0.6015544067498438,2.091650066335189,-0.08481889296799727,-0.4685212856658194,0.5799708796235029
0.14656787024195714,0.652427708225426,-0.7018100265975343,1.844590936568452,-0.2294157338705605,0.7419491891959532,-0.0929813591060608,-0.3306814747123078,-1.2354265428872753,-1.241305870625249,-0.7406846720978539,0.20412414523193206,-0.15294382258037553,-0.4341140500939411,-0.7736503003004546,-0.34899122022605644,-0.6302424841458696,-0.1203858530857698,-0.568552036113998,-0.3431455839107911,1.859420292256818,-0.6015544067498438,-1.0458250331675945,-0.08481889296799727,2.1343747458109554,0.5799708796235029
0.14656787024195714,0.652427708225426,-0.7018100265975343,-0.5421256172169757,-0.2294157338705605,0.7419491891959532,-0.0929813591060608,-0.3306814747123078,-0.4825548829733814,2.847701703199101,0.06252346586761755,0.20412414523193206,-0.15294382258037553,2.303542121669652,-1.139072169538186,2.865401597645516,-0.6302424841458696,-0.1203858530857698,-0.568552036113998,1.3307353132150186,-0.8465967650815867,-0.6015544067498438,-1.0458250331675945,-0.08481889296799727,-0.4685212856658194,-0.9071339399239409
0.14656787024195714,-1.5327368647783928,1.4248870236980242,-0.5421256172169757,-0.2294157338705605,-0.39951110187474415,-0.0929813591060608,-0.3306814747123078,-0.23159766300208343,-0.2190539771691616,-0.4933998191890618,0.20412414523193206,-0.15294382258037553,-0.4341140500939411,-0.9563612349193203,-0.34899122022605644,-0.6302424841458696,-0.1203858530857698,-0.568552036113998,-0.3431455839107911,0.9574146064773498,1.6623600272549444,0.0,-0.08481889296799727,-0.4685212856658194,-0.9071339399239409
0.14656787024195714,0.652427708225426,-0.7018100265975343,1.844590936568452,-0.2294157338705605,-0.39951110187474415,-0.0929813591060608,-0.3306814747123078,-0.4825548829733814,1.8254498097430136,-0.7253462772880801,0.20412414523193206,-0.15294382258037553,-0.4341140500939411,0.048548905484441365,-0.34899122022605644,-0.6302424841458696,8.306623862918117,-0.568552036113998,0.4937948646521137,-0.8465967650815867,-0.6015544067498438,-1.0458250331675945,-0.08481889296799727,-0.4685212856658194,0.5799708796235029
0.14656787024195714,0.652427708225426,-0.7018100265975343,-0.5421256172169757,4.358898943540649,-0.39951110187474415,-0.0929813591060608,-0.3306814747123078,1.2741456568257044,-0.2190539771691616,-0.5169685721894459,0.20412414523193206,-0.15294382258037553,2.303542121669652,0.13990437279387424,-0.34899122022605644,-0.6302424841458696,-0.1203858530857698,-0.568552036113998,-0.3431455839107911,-0.8465967650815867,-0.6015544067498438,-1.0458250331675945,-0.08481889296799727,-0.4685212856658194,-2.394238759471385
-1.4318553477483524,0.652427708225426,-0.7018100265975343,-0.5421256172169757,-0.2294157338705605,-0.39951110187474415,-0.0929813591060608,-0.3306814747123078,-1.2354265428872753,-0.2190539771691616,-0.9498105915774526,0.20412414523193206,-0.15294382258037553,-0.4341140500939411,0.5053262420316058,-0.34899122022605644,1.5866908771712596,-0.1203858530857698,1.7588539596742978,-1.180086032473696,-0.8465967650815867,-0.6015544067498438,0.0,-0.08481889296799727,-0.4685212856658194,0.5799708796235029
1.7249910882322665,0.652427708225426,1.4248870236980242,-0.5421256172169757,-0.2294157338705605,-0.39951110187474415,-0.0929813591060608,-0.3306814747123078,-0.7335121029446794,-1.241305870625249,0.07412078877256847,0.20412414523193206,-0.15294382258037553,-0.4341140500939411,0.13990437279387424,-0.34899122022605644,-0.6302424841458696,-0.1203858530857698,-0.568552036113998,1.3307353132150186,-0.8465967650815867,1.6623600272549444,2.091650066335189,-0.08481889296799727,-0.4685212856658194,0.5799708796235029
0.14656787024195714,0.652427708225426,-0.7018100265975343,-0.5421256172169757,4.358898943540649,-0.39951110187474415,-0.0929813591060608,-0.3306814747123078,-0.23159766300208343,-1.241305870625249,-0.7339507426691727,0.20412414523193206,-0.15294382258037553,2.303542121669652,2.3324355882202634,-0.34899122022605644,-0.6302424841458696,-0.1203858530857698,-0.568552036113998,-0.3431455839107911,-0.8465967650815867,-0.6015544067498438,1.0458250331675945,-0.08481889296799727,-0.4685212856658194,-2.394238759471385
0.14656787024195714,0.652427708225426,-0.7018100265975343,-0.5421256172169757,-0.2294157338705605,-0.39951110187474415,-0.0929813591060608,-0.3306814747123078,2.277974536710896,2.847701703199101,2.903119363199627,0.20412414523193206,-0.15294382258037553,2.303542121669652,-0.7736503003004546,-0.34899122022605644,-0.6302424841458696,-0.1203858530857698,-0.568552036113998,0.4937948646521137,-0.8465967650815867,1.6623600272549444,1.0458250331675945,-0.08481889296799727,-0.4685212856658194,0.5799708796235029
0.14656787024195714,0.652427708225426,-0.7018100265975343,-0.5421256172169757,4.358898943540649,0.7419491891959532,-0.0929813591060608,-0.3306814747123078,2.277974536710896,-0.2190539771691616,1.08832538217005,0.20412414523193206,-0.15294382258037553,2.303542121669652,-0.40822843106272305,-0.34899122022605644,-0.6302424841458696,-0.1203858530857698,-0.568552036113998,-0.3431455839107911,-0.8465967650815867,-0.6015544067498438,-1.0458250331675945,-0.08481889296799727,-0.4685212856658194,-2.394238759471385
-1.4318553477483524,0.652427708225426,-0.7018100265975343,-0.5421256172169757,4.358898943540649,-0.39951110187474415,-0.0929813591060608,-0.3306814747123078,1.2741456568257044,-1.241305870625249,2.1900710581403873,0.20412414523193206,-0.15294382258037553,2.303542121669652,-0.04280656182499151,-0.34899122022605644,-0.6302424841458696,-0.1203858530857698,-0.568552036113998,-0.3431455839107911,-0.8465967650815867,-0.6015544067498438,-1.0458250331675945,-0.08481889296799727,-0.4685212856658194,-2.394238759471385
0.14656787024195714,0.652427708225426,-0.7018100265975343,-0.5421256172169757,-0.2294157338705605,-0.39951110187474415,-0.0929813591060608,-0.3306814747123078,-0.23159766300208343,-0.2190539771691616,-0.6464096600963174,0.20412414523193206,-0.15294382258037553,-0.4341140500939411,0.32261530741274,-0.34899122022605644,1.5866908771712596,-0.1203858530857698,-0.568552036113998,-1.180086032473696,1.859420292256818,1.6623600272549444,-1.0458250331675945,-0.08481889296799727,-0.4685212856658194,0.5799708796235029
0.14656787024195714,0.652427708225426,-0.7018100265975343,1.844590936568452,-0.2294157338705605,0.7419491891959532,-0.0929813591060608,-0.3306814747123078,-0.4825548829733814,-0.2190539771691616,-0.6886837726208159,0.20412414523193206,-0.15294382258037553,-0.4341140500939411,-0.40822843106272305,-0.34899122022605644,-0.6302424841458696,-0.1203858530857698,-0.568552036113998,-0.3431455839107911,-0.8465967650815867,1.6623600272549444,-1.0458250331675945,-0.08481889296799727,-0.4685212856658194,0.5799708796235029
0.14656787024195714,0.652427708225426,-0.7018100265975343,-0.5421256172169757,-0.2294157338705605,-2.6824316840161386,-0.0929813591060608,-0.3306814747123078,0.27031677694051254,-0.2190539771691616,0.34011100120547494,0.20412414523193206,-0.15294382258037553,2.303542121669652,-1.139072169538186,-0.34899122022605644,-0.6302424841458696,-0.1203858530857698,-0.568552036113998,1.3307353132150186,-0.8465967650815867,-0.6015544067498438,0.0,-0.08481889296799727,2.1343747458109554,-0.9071339399239409
1.7249910882322665,0.652427708225426,-0.7018100265975343,1.844590936568452,-0.2294157338705605,-0.39951110187474415,-0.0929813591060608,-0.3306814747123078,3.2818034165960883,-0.2190539771691616,2.680525584862666,0.20412414523193206,-0.15294382258037553,-0.4341140500939411,0.5966817093410386,-0.34899122022605644,-0.6302424841458696,-0.1203858530857698,1.7588539596742978,1.3307353132150186,-0.8465967650815867,-0.6015544067498438,-1.0458250331675945,-0.08481889296799727,-0.4685212856658194,0.5799708796235029
1.7249910882322665,0.652427708225426,-0.7018100265975343,1.844590936568452,-0.2294157338705605,-0.39951110187474415,-0.0929813591060608,-0.3306814747123078,0.27031677694051254,-0.2190539771691616,0.05391900048652494,0.20412414523193206,-0.15294382258037553,-0.4341140500939411,0.32261530741274,-0.34899122022605644,-0.6302424841458696,-0.1203858530857698,-0.568552036113998,1.3307353132150186,-0.8465967650815867,-0.6015544067498438,0.0,-0.08481889296799727,2.1343747458109554,-0.9071339399239409
0.14656787024195714,0.652427708225426,1.4248870236980242,-0.5421256172169757,-0.2294157338705605,0.7419491891959532,-0.0929813591060608,-0.3306814747123078,0.27031677694051254,-1.241305870625249,-0.3755560541871412,0.20412414523193206,-0.15294382258037553,-0.4341140500939411,0.6880371766504715,2.865401597645516,-0.6302424841458696,-0.1203858530857698,-0.568552036113998,0.4937948646521137,-0.8465967650815867,-0.6015544067498438,-1.0458250331675945,-0.08481889296799727,-0.4685212856658194,0.5799708796235029
-3.0102785657386617,-1.5327368647783928,-0.7018100265975343,1.844590936568452,-0.2294157338705605,0.7419491891959532,-0.0929813591060608,-0.3306814747123078,-0.7335121029446794,-0.2190539771691616,-0.8510462932901287,0.20412414523193206,-0.15294382258037553,-0.4341140500939411,0.23125984010330713,-0.34899122022605644,-0.6302424841458696,-0.1203858530857698,1.7588539596742978,-2.0170264810366008,0.9574146064773498,-0.6015544067498438,-1.0458250331675945,-0.08481889296799727,-0.4685212856658194,0.5799708796235029
0.14656787024195714,0.652427708225426,-0.7018100265975343,1.844590936568452,-0.2294157338705605,-0.39951110187474415,-0.0929813591060608,-0.3306814747123078,0.27031677694051254,-0.2190539771691616,-0.43466499028334266,0.20412414523193206,-0.15294382258037553,-0.4341140500939411,-1.230427636847619,-0.34899122022605644,-0.6302424841458696,-0.1203858530857698,-0.568552036113998,-1.180086032473696,1.859420292256818,1.6623600272549444,1.0458250331675945,-0.08481889296799727,-0.4685212856658194,0.5799708796235029
1.7249910882322665,0.652427708225426,1.4248870236980242,-0.5421256172169757,-0.2294157338705605,-0.39951110187474415,-0.0929813591060608,-0.3306814747123078,0.27031677694051254,-0.2190539771691616,1.7258040347518682,0.20412414523193206,-0.15294382258037553,-0.4341140500939411,0.23125984010330713,2.865401597645516,-0.6302424841458696,-0.1203858530857698,-0.568552036113998,0.4937948646521137,-0.8465967650815867,-0.6015544067498438,-1.0458250331675945,-0.08481889296799727,-0.4685212856658194,0.5799708796235029
0.14656787024195714,-1.5327368647783928,-0.7018100265975343,-0.5421256172169757,-0.2294157338705605,0.7419491891959532,-0.0929813591060608,-0.3306814747123078,-0.23159766300208343,-0.2190539771691616,-0.8128873598609354,0.20412414523193206,-0.15294382258037553,-0.4341140500939411,0.048548905484441365,-0.34899122022605644,1.5866908771712596,-0.1203858530857698,1.7588539596742978,-0.3431455839107911,0.9574146064773498,-0.6015544067498438,-1.0458250331675945,-0.08481889296799727,-0.4685212856658194,0.5799708796235029
0.14656787024195714,0.652427708225426,-0.7018100265975343,-0.5421256172169757,-0.2294157338705605,-0.39951110187474415,-0.0929813591060608,-0.3306814747123078,-0.7335121029446794,-0.2190539771691616,-0.9329757680057498,0.20412414523193206,-0.15294382258037553,-0.4341140500939411,-0.4995838983721559,-0.34899122022605644,1.5866908771712596,-0.1203858530857698,-0.568552036113998,-0.3431455839107911,-0.8465967650815867,1.6623600272549444,-1.0458250331675945,-0.08481889296799727,-0.4685212856658194,0.5799708796235029
0.14656787024195714,-1.5327368647783928,-0.7018100265975343,-0.5421256172169757,-0.2294157338705605,0.7419491891959532,-0.0929813591060608,-0.3306814747123078,0.27031677694051254,2.847701703199101,1.70485403208486,0.20412414523193206,-0.15294382258037553,2.303542121669652,-0.5909393656815888,2.865401597645516,-0.6302424841458696,-0.1203858530857698,-0.568552036113998,1.3307353132150186,0.9574146064773498,-0.6015544067498438,1.0458250331675945,-0.08481889296799727,-0.4685212856658194,-0.9071339399239409
0.14656787024195714,0.652427708225426,-0.7018100265975343,1.844590936568452,-0.2294157338705605,-1.5409713929454416,-0.0929813591060608,-0.3306814747123078,-0.4825548829733814,0.8031979162869259,-0.7245980629071155,0.20412414523193206,-0.15294382258037553,-0.4341140500939411,-0.9563612349193203,-0.34899122022605644,-0.6302424841458696,-0.1203858530857698,1.7588539596742978,-0.3431455839107911,1.859420292256818,-0.6015544067498438,1.0458250331675945,-0.08481889296799727,-0.4685212856658194,-0.9071339399239409
-1.4318553477483524,0.652427708225426,-0.7018100265975343,1.844590936568452,-0.2294157338705605,-0.39951110187474415,-0.0929813591060608,-0.3306814747123078,-0.7335121029446794,-0.2190539771691616,-0.4784355315697703,0.20412414523193206,-0.15294382258037553,-0.4341140500939411,0.13990437279387424,-0.34899122022605644,-0.6302424841458696,-0.1203858530857698,-0.568552036113998,-0.3431455839107911,-0.8465967650815867,-0.6015544067498438,1.0458250331675945,-0.08481889296799727,2.1343747458109554,0.5799708796235029
-1.4318553477483524,0.652427708225426,-0.7018100265975343,1.844590936568452,-0.2294157338705605,1.8834094802666506,-0.0929813591060608,3.0240581238183513,0.7722312168831085,0.8031979162869259,0.40071636606360556,0.20412414523193206,-0.15294382258037553,-0.4341140500939411,-0.8650057676098875,-0.34899122022605644,-0.6302424841458696,-0.1203858530857698,-0.568552036113998,-0.3431455839107911,-0.8465967650815867,-0.6015544067498438,-1.0458250331675945,-0.08481889296799727,-0.4685212856658194,0.5799708796235029
0.14656787024195714,0.652427708225426,1.4248870236980242,-0.5421256172169757,-0.2294157338705605,-0.39951110187474415,-0.0929813591060608,-0.3306814747123078,-0.23159766300208343,-0.2190539771691616,0.5211788813989021,0.20412414523193206,-0.15294382258037553,-0.4341140500939411,-0.31687296375329016,-0.34899122022605644,-0.6302424841458696,-0.1203858530857698,-0.568552036113998,-1.180086032473696,-0.8465967650815867,1.6623600272549444,-1.0458250331675945,-0.08481889296799727,-0.4685212856658194,0.5799708796235029
1.7249910882322665,0.652427708225426,-0.7018100265975343,1.844590936568452,-0.2294157338705605,0.7419491891959532,-0.0929813591060608,-0.3306814747123078,1.5251028767970023,-1.241305870625249,4.106996302171629,0.20412414523193206,-0.15294382258037553,-0.4341140500939411,-0.4995838983721559,-0.34899122022605644,-0.6302424841458696,-0.1203858530857698,-0.568552036113998,0.4937948646521137,-0.8465967650815867,-0.6015544067498438,0.0,-0.08481889296799727,2.1343747458109554,0.5799708796235029
1.7249910882322665,0.652427708225426,1.4248870236980242,-0.5421256172169757,-0.2294157338705605,-0.39951110187474415,-0.0929813591060608,3.0240581238183513,2.277974536710896,-0.2190539771691616,0.614705679019474,0.20412414523193206,-0.15294382258037553,-0.4341140500939411,-0.22551749644385727,-0.34899122022605644,-0.6302424841458696,-0.1203858530857698,-0.568552036113998,-2.0170264810366008,-0.8465967650815867,-0.6015544067498438,-1.0458250331675945,-0.08481889296799727,-0.4685212856658194,-0.9071339399239409
0.14656787024195714,0.652427708225426,-0.7018100265975343,1.844590936568452,-0.2294157338705605,-0.39951110187474415,-0.0929813591060608,-0.3306814747123078,0.27031677694051254,-0.2190539771691616,-0.7481668159074997,0.20412414523193206,-0.15294382258037553,-0.4341140500939411,-0.8650057676098875,-0.34899122022605644,-0.6302424841458696,-0.1203858530857698,1.7588539596742978,-1.180086032473696,-0.8465967650815867,-0.6015544067498438,1.0458250331675945,-0.08481889296799727,-0.4685212856658194,0.5799708796235029
0.14656787024195714,0.652427708225426,-0.7018100265975343,-0.5421256172169757,-0.2294157338705605,-0.39951110187474415,-0.0929813591060608,-0.3306814747123078,0.27031677694051254,-0.2190539771691616,-0.33590069199601874,0.20412414523193206,-0.15294382258037553,-0.4341140500939411,0.8707481112693373,-0.34899122022605644,1.5866908771712596,-0.1203858530857698,1.7588539596742978,1.3307353132150186,-0.8465967650815867,-0.6015544067498438,0.0,-0.08481889296799727,-0.4685212856658194,0.5799708796235029
0.14656787024195714,-1.5327368647783928,-0.7018100265975343,-0.5421256172169757,-0.2294157338705605,1.8834094802666506,-0.0929813591060608,-0.3306814747123078,-1.2354265428872753,-0.2190539771691616,-0.848801650147235,0.20412414523193206,-0.15294382258037553,-0.4341140500939411,-1.0477167022287532,-0.34899122022605644,1.5866908771712596,-0.1203858530857698,-0.568552036113998,-0.3431455839107911,0.9574146064773498,1.6623600272549444,-1.0458250331675945,-0.08481889296799727,-0.4685212856658194,0.5799708796235029
0.14656787024195714,0.652427708225426,-0.7018100265975343,-0.5421256172169757,-0.2294157338705605,-0.39951110187474415,-0.0929813591060608,-0.3306814747123078,0.27031677694051254,0.8031979162869259,-0.6460355529058351,0.20412414523193206,-0.15294382258037553,-0.4341140500939411,-0.22551749644385727,-0.34899122022605644,1.5866908771712596,-0.1203858530857698,1.7588539596742978,-1.180086032473696,1.859420292256818,-0.6015544067498438,-1.0458250331675945,-0.08481889296799727,-0.4685212856658194,0.5799708796235029
0.14656787024195714,0.652427708225426,1.4248870236980242,-0.5421256172169757,-0.2294157338705605,-0.39951110187474415,-0.0929813591060608,-0.3306814747123078,-0.7335121029446794,-0.2190539771691616,-0.046341726562728135,0.20412414523193206,-0.15294382258037553,-0.4341140500939411,1.5102363824353675,-0.34899122022605644,-0.6302424841458696,-0.1203858530857698,-0.568552036113998,-0.3431455839107911,-0.8465967650815867,1.6623600272549444,-1.0458250331675945,-0.08481889296799727,-0.4685212856658194,0.5799708796235029
1.7249910882322665,0.652427708225426,1.4248870236980242,-0.5421256172169757,-0.2294157338705605,0.7419491891959532,-0.0929813591060608,-0.3306814747123078,-0.7335121029446794,1.8254498097430136,-0.3123319389956346,0.20412414523193206,-0.15294382258037553,-0.4341140500939411,0.048548905484441365,-0.34899122022605644,-0.6302424841458696,-0.1203858530857698,1.7588539596742978,0.4937948646521137,0.05540892069788158,-0.6015544067498438,1.0458250331675945,-0.08481889296799727,-0.4685212856658194,0.5799708796235029
0.14656787024195714,0.652427708225426,1.4248870236980242,-0.5421256172169757,4.358898943540649,0.7419491891959532,-0.0929813591060608,-0.3306814747123078,-0.7335121029446794,-0.2190539771691616,-0.9352204111486434,0.20412414523193206,-0.15294382258037553,-0.4341140500939411,-0.31687296375329016,-0.34899122022605644,-0.6302424841458696,-0.1203858530857698,-0.568552036113998,-0.3431455839107911,-0.8465967650815867,-0.6015544067498438,-1.0458250331675945,-0.08481889296799727,-0.4685212856658194,0.5799708796235029
1.7249910882322665,-1.5327368647783928,-0.7018100265975343,1.844590936568452,-0.2294157338705605,1.8834094802666506,-0.0929813591060608,-0.3306814747123078,0.27031677694051254,-0.2190539771691616,-0.4253123105212855,0.20412414523193206,-0.15294382258037553,-0.4341140500939411,-0.1341620291344244,-0.34899122022605644,-0.6302424841458696,-0.1203858530857698,-0.568552036113998,-2.0170264810366008,0.9574146064773498,-0.6015544067498438,1.0458250331675945,-0.08481889296799727,2.1343747458109554,0.5799708796235029
0.14656787024195714,0.652427708225426,-0.7018100265975343,-0.5421256172169757,-0.2294157338705605,0.7419491891959532,-0.0929813591060608,-0.3306814747123078,-0.4825548829733814,-0.2190539771691616,0.053170786105560364,0.20412414523193206,-0.15294382258037553,2.303542121669652,-0.6822948329910217,-0.34899122022605644,-0.6302424841458696,-0.1203858530857698,-0.568552036113998,-0.3431455839107911,-0.8465967650815867,-0.6015544067498438,-1.0458250331675945,-0.08481889296799727,2.1343747458109554,-2.394238759471385
0.14656787024195714,0.652427708225426,-0.7018100265975343,-0.5421256172169757,-0.2294157338705605,-0.39951110187474415,-0.0929813591060608,-0.3306814747123078,-0.7335121029446794,-0.2190539771691616,-0.5775739370475765,0.20412414523193206,-0.15294382258037553,-0.4341140500939411,-0.7736503003004546,-0.34899122022605644,1.5866908771712596,-0.1203858530857698,-0.568552036113998,-0.3431455839107911,-0.8465967650815867,-0.6015544067498438,0.0,-0.08481889296799727,2.1343747458109554,0.5799708796235029
0.14656787024195714,0.652427708225426,-0.7018100265975343,-0.5421256172169757,-0.2294157338705605,-0.39951110187474415,-0.0929813591060608,-0.3306814747123078,-0.7335121029446794,0.8031979162869259,-0.3965060568541493,0.20412414523193206,-0.15294382258037553,2.303542121669652,-0.04280656182499151,-0.34899122022605644,-0.6302424841458696,-0.1203858530857698,-0.568552036113998,0.4937948646521137,-0.8465967650815867,1.6623600272549444,-1.0458250331675945,-0.08481889296799727,-0.4685212856658194,0.5799708796235029
0.14656787024195714,0.652427708225426,-0.7018100265975343,-0.5421256172169757,-0.2294157338705605,1.8834094802666506,-0.0929813591060608,3.0240581238183513,2.277974536710896,-1.241305870625249,1.3019405879354364,0.20412414523193206,-0.15294382258037553,2.303542121669652,0.23125984010330713,-0.34899122022605644,-0.6302424841458696,-0.1203858530857698,-0.568552036113998,-0.3431455839107911,-0.8465967650815867,-0.6015544067498438,1.0458250331675945,-0.08481889296799727,-0.4685212856658194,-2.394238759471385
0.14656787024195714,0.652427708225426,-0.7018100265975343,-0.5421256172169757,-0.2294157338705605,-0.39951110187474415,-0.0929813591060608,-0.3306814747123078,-0.5662072896304807,-0.2190539771691616,0.28885831610940155,0.20412414523193206,-0.15294382258037553,2.303542121669652,-1.230427636847619,-0.34899122022605644,-0.6302424841458696,-0.1203858530857698,1.7588539596742978,-2.0170264810366008,-0.8465967650815867,-0.6015544067498438,0.0,-0.08481889296799727,-0.4685212856658194,-2.394238759471385
1.7249910882322665,-1.5327368647783928,-0.7018100265975343,-0.5421256172169757,-0.2294157338705605,-2.6824316840161386,-0.0929813591060608,3.0240581238183513,0.5212739969118105,-0.2190539771691616,1.914354058754941,0.20412414523193206,-0.15294382258037553,2.303542121669652,0.5966817093410386,-0.34899122022605644,-0.6302424841458696,-0.1203858530857698,-0.568552036113998,1.3307353132150186,0.9574146064773498,-0.6015544067498438,1.0458250331675945,-0.08481889296799727,-0.4685212856658194,-2.394238759471385
0.14656787024195714,-1.5327368647783928,-0.7018100265975343,-0.5421256172169757,-0.2294157338705605,-0.39951110187474415,-0.0929813591060608,-0.3306814747123078,0.27031677694051254,0.8031979162869259,-0.6823239503826171,0.20412414523193206,-0.15294382258037553,2.303542121669652,1.053459045888203,-0.34899122022605644,-0.6302424841458696,-0.1203858530857698,-0.568552036113998,1.3307353132150186,0.9574146064773498,1.6623600272549444,2.091650066335189,-0.08481889296799727,-0.4685212856658194,-2.394238759471385
-1.4318553477483524,-1.5327368647783928,-0.7018100265975343,-0.5421256172169757,-0.2294157338705605,-0.39951110187474415,-0.0929813591060608,-0.3306814747123078,-0.7335121029446794,-0.2190539771691616,-0.7208569910022926,0.20412414523193206,-0.15294382258037553,-0.4341140500939411,0.13990437279387424,-0.34899122022605644,1.5866908771712596,-0.1203858530857698,1.7588539596742978,-1.180086032473696,0.9574146064773498,-0.6015544067498438,0.0,-0.08481889296799727,-0.4685212856658194,0.5799708796235029
0.14656787024195714,0.652427708225426,-0.7018100265975343,-0.5421256172169757,-0.2294157338705605,-0.39951110187474415,-0.0929813591060608,-0.3306814747123078,3.2818034165960883,-1.241305870625249,1.244328080601164,0.20412414523193206,-0.15294382258037553,2.303542121669652,-0.1341620291344244,-0.34899122022605644,-0.6302424841458696,-0.1203858530857698,1.7588539596742978,-0.3431455839107911,-0.8465967650815867,-0.6015544067498438,-1.0458250331675945,-0.08481889296799727,-0.4685212856658194,-2.394238759471385
0.14656787024195714,0.652427708225426,-0.7018100265975343,1.844590936568452,-0.2294157338705605,-1.5409713929454416,-0.0929813591060608,3.0240581238183513,0.27031677694051254,-0.2190539771691616,-0.014916722562215979,0.20412414523193206,-0.15294382258037553,-0.4341140500939411,-0.40822843106272305,-0.34899122022605644,-0.6302424841458696,-0.1203858530857698,-0.568552036113998,-0.3431455839107911,-0.8465967650815867,-0.6015544067498438,0.0,-0.08481889296799727,-0.4685212856658194,-0.9071339399239409
0.14656787024195714,0.652427708225426,-0.7018100265975343,-0.5421256172169757,-0.2294157338705605,-0.39951110187474415,-0.0929813591060608,-0.3306814747123078,0.27031677694051254,-1.241305870625249,2.273122854427455,0.20412414523193206,-0.15294382258037553,2.303542121669652,1.144814513197636,2.865401597645516,-0.6302424841458696,-0.1203858530857698,-0.568552036113998,-0.3431455839107911,0.05540892069788158,-0.6015544067498438,-1.0458250331675945,-0.08481889296799727,-0.4685212856658194,-2.394238759471385
0.14656787024195714,-1.5327368647783928,1.4248870236980242,-0.5421256172169757,-0.2294157338705605,-0.39951110187474415,-0.0929813591060608,-0.3306814747123078,1.2741456568257044,-0.2190539771691616,-0.5083641068083533,0.20412414523193206,-0.15294382258037553,-0.4341140500939411,-0.1341620291344244,-0.34899122022605644,-0.6302424841458696,-0.1203858530857698,1.7588539596742978,-1.180086032473696,0.9574146064773498,-0.6015544067498438,0.0,-0.08481889296799727,-0.4685212856658194,0.5799708796235029
0.14656787024195714,0.652427708225426,1.4248870236980242,-0.5421256172169757,-0.2294157338705605,1.8834094802666506,-0.0929813591060608,3.0240581238183513,1.2741456568257044,-1.241305870625249,1.787905828371928,0.20412414523193206,-0.15294382258037553,-0.4341140500939411,-0.7736503003004546,-0.34899122022605644,-0.6302424841458696,-0.1203858530857698,-0.568552036113998,-1.180086032473696,-0.8465967650815867,-0.6015544067498438,-1.0458250331675945,-0.08481889296799727,-0.4685212856658194,-0.9071339399239409
0.14656787024195714,0.652427708225426,1.4248870236980242,-0.5421256172169757,-0.2294157338705605,-0.39951110187474415,-0.0929813591060608,-0.3306814747123078,-0.7335121029446794,-1.241305870625249,-0.3033533664240597,0.20412414523193206,-0.15294382258037553,-0.4341140500939411,1.3275254478165017,-0.34899122022605644,-0.6302424841458696,-0.1203858530857698,1.7588539596742978,1.3307353132150186,-0.8465967650815867,-0.6015544067498438,-1.0458250331675945,-0.08481889296799727,-0.4685212856658194,0.5799708796235029
0.14656787024195714,0.652427708225426,-0.7018100265975343,-0.5421256172169757,-0.2294157338705605,-0.39951110187474415,-0.0929813591060608,-0.3306814747123078,-0.23159766300208343,-0.2190539771691616,-0.22479085642277932,0.20412414523193206,-0.15294382258037553,2.303542121669652,2.697857457457995,-0.34899122022605644,-0.6302424841458696,-0.1203858530857698,-0.568552036113998,-0.3431455839107911,-0.8465967650815867,1.6623600272549444,0.0,-0.08481889296799727,-0.4685212856658194,-2.394238759471385
0.14656787024195714,-1.5327368647783928,1.4248870236980242,-0.5421256172169757,-0.2294157338705605,-1.5409713929454416,-0.0929813591060608,-0.3306814747123078,0.27031677694051254,-0.2190539771691616,0.16128776415494148,-4.898979485566365,-0.15294382258037553,-0.4341140500939411,-1.230427636847619,2.865401597645516,-0.6302424841458696,-0.1203858530857698,-0.568552036113998,-0.3431455839107911,0.9574146064773498,-0.6015544067498438,0.0,-0.08481889296799727,-0.4685212856658194,-0.9071339399239409
1.7249910882322665,0.652427708225426,-0.7018100265975343,1.844590936568452,4.358898943540649,-0.39951110187474415,-0.0929813591060608,-0.3306814747123078,-0.4825548829733814,0.8031979162869259,0.5320279899228885,0.20412414523193206,-0.15294382258037553,-0.4341140500939411,0.41397077472217286,-0.34899122022605644,-0.6302424841458696,-0.1203858530857698,-0.568552036113998,-0.3431455839107911,-0.8465967650815867,-0.6015544067498438,-1.0458250331675945,-0.08481889296799727,-0.4685212856658194,0.5799708796235029
0.14656787024195714,-1.5327368647783928,1.4248870236980242,-0.5421256172169757,-0.2294157338705605,-0.39951110187474415,-0.0929813591060608,-0.3306814747123078,-0.7335121029446794,-0.2190539771691616,-0.6389275162866717,0.20412414523193206,-0.15294382258037553,-0.4341140500939411,-0.1341620291344244,-0.34899122022605644,-0.6302424841458696,-0.1203858530857698,-0.568552036113998,-1.180086032473696,0.9574146064773498,1.6623600272549444,-1.0458250331675945,-0.08481889296799727,-0.4685212856658194,0.5799708796235029
0.14656787024195714,-1.5327368647783928,-0.7018100265975343,-0.5421256172169757,-0.2294157338705605,0.7419491891959532,-0.0929813591060608,-0.3306814747123078,-1.2354265428872753,-0.2190539771691616,-0.8757373678619598,0.20412414523193206,-0.15294382258037553,2.303542121669652,0.32261530741274,-0.34899122022605644,-0.6302424841458696,-0.1203858530857698,1.7588539596742978,1.3307353132150186,0.9574146064773498,-0.6015544067498438,0.0,-0.08481889296799727,-0.4685212856658194,0.5799708796235029
0.14656787024195714,0.652427708225426,-0.7018100265975343,-0.5421256172169757,-0.2294157338705605,-0.39951110187474415,-0.0929813591060608,3.0240581238183513,0.27031677694051254,-0.2190539771691616,-0.7268427060500092,0.20412414523193206,-0.15294382258037553,-0.4341140500939411,-0.9563612349193203,-0.34899122022605644,1.5866908771712596,-0.1203858530857698,-0.568552036113998,0.4937948646521137,-0.8465967650815867,-0.6015544067498438,-1.0458250331675945,-0.08481889296799727,-0.4685212856658194,0.5799708796235029
0.14656787024195714,0.652427708225426,-0.7018100265975343,1.844590936568452,-0.2294157338705605,-0.39951110187474415,-0.0929813591060608,-0.3306814747123078,2.277974536710896,0.8031979162869259,1.2566736178870794,0.20412414523193206,-0.15294382258037553,-0.4341140500939411,-1.0477167022287532,-0.34899122022605644,-0.6302424841458696,-0.1203858530857698,1.7588539596742978,0.4937948646521137,-0.8465967650815867,-0.6015544067498438,1.0458250331675945,-0.08481889296799727,-0.4685212856658194,0.5799708796235029
1.7249910882322665,0.652427708225426,-0.7018100265975343,-0.5421256172169757,-0.2294157338705605,-0.39951110187474415,-0.0929813591060608,-0.3306814747123078,3.2818034165960883,-0.2190539771691616,4.050132009218321,0.20412414523193206,-0.15294382258037553,2.303542121669652,-0.7736503003004546,-0.34899122022605644,-0.6302424841458696,-0.1203858530857698,1.7588539596742978,0.4937948646521137,-0.8465967650815867,-0.6015544067498438,1.0458250331675945,-0.08481889296799727,-0.4685212856658194,0.5799708796235029
0.14656787024195714,0.652427708225426,1.4248870236980242,-0.5421256172169757,-0.2294157338705605,0.7419491891959532,-0.0929813591060608,-0.3306814747123078,1.2741456568257044,-1.241305870625249,0.052796678915078075,0.20412414523193206,-0.15294382258037553,-0.4341140500939411,1.4188809151259345,-0.34899122022605644,-0.6302424841458696,-0.1203858530857698,-0.568552036113998,1.3307353132150186,-0.8465967650815867,1.6623600272549444,-1.0458250331675945,-0.08481889296799727,-0.4685212856658194,0.5799708796235029
1.7249910882322665,0.652427708225426,-0.7018100265975343,1.844590936568452,-0.2294157338705605,1.8834094802666506,-0.0929813591060608,-0.3306814747123078,-0.06429284968788476,-1.241305870625249,1.4426048915567764,0.20412414523193206,-0.15294382258037553,-0.4341140500939411,0.048548905484441365,2.865401597645516,-0.6302424841458696,-0.1203858530857698,-0.568552036113998,0.4937948646521137,-0.8465967650815867,-0.6015544067498438,1.0458250331675945,-0.08481889296799727,-0.4685212856658194,-0.9071339399239409
0.14656787024195714,0.652427708225426,-0.7018100265975343,1.844590936568452,-0.2294157338705605,0.7419491891959532,-0.0929813591060608,-0.3306814747123078,1.2741456568257044,-0.2190539771691616,0.988064655120797,0.20412414523193206,-0.15294382258037553,-0.4341140500939411,-0.04280656182499151,2.865401597645516,-0.6302424841458696,-0.1203858530857698,-0.568552036113998,1.3307353132150186,-0.8465967650815867,-0.6015544067498438,-1.0458250331675945,-0.08481889296799727,-0.4685212856658194,0.5799708796235029
0.14656787024195714,0.652427708225426,-0.7018100265975343,1.844590936568452,-0.2294157338705605,-0.39951110187474415,-0.0929813591060608,-0.3306814747123078,0.7722312168831085,-0.2190539771691616,-0.25397121728039773,0.20412414523193206,-0.15294382258037553,-0.4341140500939411,0.32261530741274,-0.34899122022605644,-0.6302424841458696,-0.1203858530857698,-0.568552036113998,1.3307353132150186,-0.8465967650815867,1.6623600272549444,0.0,-0.08481889296799727,-0.4685212856658194,0.5799708796235029
0.14656787024195714,0.652427708225426,-0.7018100265975343,1.844590936568452,-0.2294157338705605,0.7419491891959532,-0.0929813591060608,-0.3306814747123078,-0.7335121029446794,-0.2190539771691616,-0.35722480185350913,0.20412414523193206,-0.15294382258037553,-0.4341140500939411,2.2410801209108304,-0.34899122022605644,-0.6302424841458696,-0.1203858530857698,-0.568552036113998,1.3307353132150186,-0.8465967650815867,-0.6015544067498438,0.0,-0.08481889296799727,2.1343747458109554,0.5799708796235029
0.14656787024195714,-1.5327368647783928,1.4248870236980242,-0.5421256172169757,-0.2294157338705605,-2.6824316840161386,-0.0929813591060608,-0.3306814747123078,-0.23159766300208343,-0.2190539771691616,0.016134174247813892,0.20412414523193206,-0.15294382258037553,-0.4341140500939411,-0.22551749644385727,-0.34899122022605644,-0.6302424841458696,-0.1203858530857698,-0.568552036113998,-0.3431455839107911,0.9574146064773498,-0.6015544067498438,1.0458250331675945,-0.08481889296799727,2.1343747458109554,0.5799708796235029
0.14656787024195714,0.652427708225426,1.4248870236980242,-0.5421256172169757,-0.2294157338705605,-0.39951110187474415,-0.0929813591060608,-0.3306814747123078,1.2741456568257044,-0.2190539771691616,0.9903092982636907,0.20412414523193206,-0.15294382258037553,-0.4341140500939411,-1.0477167022287532,-0.34899122022605644,-0.6302424841458696,-0.1203858530857698,-0.568552036113998,-0.3431455839107911,-0.8465967650815867,1.6623600272549444,2.091650066335189,-0.08481889296799727,-0.4685212856658194,0.5799708796235029
-1.4318553477483524,0.652427708225426,-0.7018100265975343,1.844590936568452,-0.2294157338705605,-0.39951110187474415,-0.0929813591060608,-0.3306814747123078,-0.9008169162588779,-0.2190539771691616,0.27987974353782663,0.20412414523193206,-0.15294382258037553,-0.4341140500939411,0.13990437279387424,-0.34899122022605644,-0.6302424841458696,-0.1203858530857698,1.7588539596742978,-1.180086032473696,-0.8465967650815867,-0.6015544067498438,2.091650066335189,-0.08481889296799727,-0.4685212856658194,0.5799708796235029
-1.4318553477483524,0.652427708225426,-0.7018100265975343,-0.5421256172169757,-0.2294157338705605,0.7419491891959532,-0.0929813591060608,-0.3306814747123078,-0.9008169162588779,-0.2190539771691616,-0.7369436001930311,-4.898979485566365,-0.15294382258037553,-0.4341140500939411,-0.31687296375329016,-0.34899122022605644,1.5866908771712596,-0.1203858530857698,1.7588539596742978,1.3307353132150186,-0.8465967650815867,-0.6015544067498438,-1.0458250331675945,-0.08481889296799727,-0.4685212856658194,0.5799708796235029
0.14656787024195714,-1.5327368647783928,1.4248870236980242,-0.5421256172169757,-0.2294157338705605,-0.39951110187474415,-0.0929813591060608,-0.3306814747123078,0.27031677694051254,-0.2190539771691616,-0.6580069830012684,0.20412414523193206,-0.15294382258037553,-0.4341140500939411,-1.139072169538186,-0.34899122022605644,-0.6302424841458696,-0.1203858530857698,1.7588539596742978,0.4937948646521137,0.9574146064773498,-0.6015544067498438,0.0,-0.08481889296799727,-0.4685212856658194,-0.9071339399239409
0.14656787024195714,0.652427708225426,1.4248870236980242,-0.5421256172169757,-0.2294157338705605,0.7419491891959532,-0.0929813591060608,-0.3306814747123078,-0.23159766300208343,-0.2190539771691616,0.24284313168008018,0.20412414523193206,-0.15294382258037553,-0.4341140500939411,-0.7736503003004546,2.865401597645516,-0.6302424841458696,-0.1203858530857698,-0.568552036113998,0.4937948646521137,-0.8465967650815867,-0.6015544067498438,-1.0458250331675945,-0.08481889296799727,-0.4685212856658194,0.5799708796235029
-1.4318553477483524,-1.5327368647783928,-0.7018100265975343,1.844590936568452,-0.2294157338705605,0.7419491891959532,-0.0929813591060608,-0.3306814747123078,-1.2354265428872753,-1.241305870625249,-0.848801650147235,0.20412414523193206,-0.15294382258037553,-0.4341140500939411,0.32261530741274,-0.34899122022605644,-0.6302424841458696,-0.1203858530857698,-0.568552036113998,0.4937948646521137,0.9574146064773498,-0.6015544067498438,1.0458250331675945,11.789826122551622,-0.4685212856658194,0.5799708796235029
1.7249910882322665,-1.5327368647783928,1.4248870236980242,-0.5421256172169757,-0.2294157338705605,0.7419491891959532,-0.0929813591060608,-0.3306814747123078,-0.8171645096017787,-0.2190539771691616,-0.6763382353349005,0.20412414523193206,-0.15294382258037553,-0.4341140500939411,-0.04280656182499151,-0.34899122022605644,-0.6302424841458696,-0.1203858530857698,1.7588539596742978,-1.180086032473696,0.9574146064773498,-0.6015544067498438,-1.0458250331675945,-0.08481889296799727,-0.4685212856658194,0.5799708796235029
0.14656787024195714,0.652427708225426,-0.7018100265975343,-0.5421256172169757,-0.2294157338705605,-0.39951110187474415,-0.0929813591060608,-0.3306814747123078,0.27031677694051254,-0.2190539771691616,-0.6763382353349005,0.20412414523193206,-0.15294382258037553,-0.4341140500939411,-0.40822843106272305,-0.34899122022605644,1.5866908771712596,-0.1203858530857698,1.7588539596742978,-0.3431455839107911,-0.8465967650815867,-0.6015544067498438,-1.0458250331675945,-0.08481889296799727,-0.4685212856658194,0.5799708796235029
0.14656787024195714,0.652427708225426,-0.7018100265975343,-0.5421256172169757,-0.2294157338705605,-0.39951110187474415,-0.0929813591060608,-0.3306814747123078,-0.4825548829733814,-0.2190539771691616,-0.5536310768567101,0.20412414523193206,-0.15294382258037553,-0.4341140500939411,0.048548905484441365,-0.34899122022605644,1.5866908771712596,-0.1203858530857698,1.7588539596742978,-1.180086032473696,-0.8465967650815867,-0.6015544067498438,0.0,-0.08481889296799727,-0.4685212856658194,0.5799708796235029
0.14656787024195714,0.652427708225426,-0.7018100265975343,-0.5421256172169757,-0.2294157338705605,0.7419491891959532,-0.0929813591060608,-0.3306814747123078,1.2741456568257044,-0.2190539771691616,-0.32318104751962096,0.20412414523193206,-0.15294382258037553,-0.4341140500939411,0.048548905484441365,-0.34899122022605644,1.5866908771712596,-0.1203858530857698,-0.568552036113998,1.3307353132150186,-0.8465967650815867,1.6623600272549444,1.0458250331675945,-0.08481889296799727,-0.4685212856658194,0.5799708796235029
0.14656787024195714,0.652427708225426,-0.7018100265975343,-0.5421256172169757,-0.2294157338705605,0.7419491891959532,-0.0929813591060608,-0.3306814747123078,-1.2354265428872753,-0.2190539771691616,-0.5465230402375466,0.20412414523193206,-0.15294382258037553,-0.4341140500939411,-0.4995838983721559,-0.34899122022605644,1.5866908771712596,-0.1203858530857698,-0.568552036113998,1.3307353132150186,1.859420292256818,1.6623600272549444,-1.0458250331675945,-0.08481889296799727,-0.4685212856658194,-0.9071339399239409
0.14656787024195714,-1.5327368647783928,1.4248870236980242,-0.5421256172169757,-0.2294157338705605,0.7419491891959532,-0.0929813591060608,-0.3306814747123078,-0.23159766300208343,-0.2190539771691616,-0.36021765937736744,0.20412414523193206,-0.15294382258037553,-0.4341140500939411,-0.9563612349193203,-0.34899122022605644,-0.6302424841458696,-0.1203858530857698,-0.568552036113998,-0.3431455839107911,0.9574146064773498,1.6623600272549444,-1.0458250331675945,-0.08481889296799727,-0.4685212856658194,0.5799708796235029
0.14656787024195714,0.652427708225426,-0.7018100265975343,-0.5421256172169757,-0.2294157338705605,0.7419491891959532,-0.0929813591060608,-0.3306814747123078,-0.7335121029446794,-1.241305870625249,-0.3254256906625147,0.20412414523193206,-0.15294382258037553,-0.4341140500939411,1.2361699805070687,-0.34899122022605644,1.5866908771712596,-0.1203858530857698,-0.568552036113998,1.3307353132150186,-0.8465967650815867,1.6623600272549444,-1.0458250331675945,-0.08481889296799727,-0.4685212856658194,0.5799708796235029
0.14656787024195714,0.652427708225426,1.4248870236980242,-0.5421256172169757,-0.2294157338705605,-0.39951110187474415,-0.0929813591060608,-0.3306814747123078,-0.7335121029446794,-0.2190539771691616,-0.23339532180387193,0.20412414523193206,-0.15294382258037553,-0.4341140500939411,0.5966817093410386,-0.34899122022605644,-0.6302424841458696,-0.1203858530857698,-0.568552036113998,-0.3431455839107911,0.05540892069788158,-0.6015544067498438,0.0,-0.08481889296799727,2.1343747458109554,0.5799708796235029
1.7249910882322665,0.652427708225426,1.4248870236980242,-0.5421256172169757,-0.2294157338705605,0.7419491891959532,-0.0929813591060608,-0.3306814747123078,1.0231884368544064,-0.2190539771691616,1.5159299008913047,0.20412414523193206,-0.15294382258037553,-0.4341140500939411,-0.04280656182499151,2.865401597645516,-0.6302424841458696,-0.1203858530857698,-0.568552036113998,0.4937948646521137,-0.8465967650815867,-0.6015544067498438,-1.0458250331675945,-0.08481889296799727,-0.4685212856658194,0.5799708796235029
0.14656787024195714,0.652427708225426,1.4248870236980242,-0.5421256172169757,-0.2294157338705605,0.7419491891959532,-0.0929813591060608,-0.3306814747123078,-0.9844693229159773,-0.2190539771691616,-0.4795578531412172,0.20412414523193206,-0.15294382258037553,-0.4341140500939411,-0.04280656182499151,-0.34899122022605644,-0.6302424841458696,-0.1203858530857698,-0.568552036113998,0.4937948646521137,-0.8465967650815867,-0.6015544067498438,1.0458250331675945,-0.08481889296799727,2.1343747458109554,-0.9071339399239409
0.14656787024195714,0.652427708225426,-0.7018100265975343,1.844590936568452,-0.2294157338705605,0.7419491891959532,-0.0929813591060608,-0.3306814747123078,0.7722312168831085,-1.241305870625249,1.3247611265548558,0.20412414523193206,-0.15294382258037553,-0.4341140500939411,0.048548905484441365,-0.34899122022605644,-0.6302424841458696,-0.1203858530857698,-0.568552036113998,0.4937948646521137,-0.8465967650815867,1.6623600272549444,-1.0458250331675945,-0.08481889296799727,-0.4685212856658194,0.5799708796235029
0.14656787024195714,0.652427708225426,1.4248870236980242,-0.5421256172169757,-0.2294157338705605,0.7419491891959532,-0.0929813591060608,-0.3306814747123078,1.2741456568257044,-0.2190539771691616,0.12499936667815958,0.20412414523193206,-0.15294382258037553,-0.4341140500939411,0.13990437279387424,-0.34899122022605644,-0.6302424841458696,-0.1203858530857698,1.7588539596742978,0.4937948646521137,-0.8465967650815867,-0.6015544067498438,-1.0458250331675945,-0.08481889296799727,-0.4685212856658194,0.5799708796235029
1.7249910882322665,0.652427708225426,-0.7018100265975343,-0.5421256172169757,4.358898943540649,-0.39951110187474415,-0.0929813591060608,-0.3306814747123078,2.277974536710896,-0.2190539771691616,1.599355804368855,0.20412414523193206,-0.15294382258037553,2.303542121669652,1.3275254478165017,-0.34899122022605644,-0.6302424841458696,-0.1203858530857698,-0.568552036113998,0.4937948646521137,-0.8465967650815867,-0.6015544067498438,0.0,-0.08481889296799727,-0.4685212856658194,-2.394238759471385
0.14656787024195714,0.652427708225426,-0.7018100265975343,-0.5421256172169757,-0.2294157338705605,-2.6824316840161386,-0.0929813591060608,-0.3306814747123078,-1.2354265428872753,0.8031979162869259,-0.7470444943360528,-4.898979485566365,-0.15294382258037553,2.303542121669652,-0.04280656182499151,-0.34899122022605644,-0.6302424841458696,-0.1203858530857698,1.7588539596742978,-0.3431455839107911,-0.8465967650815867,-0.6015544067498438,-1.0458250331675945,-0.08481889296799727,-0.4685212856658194,-0.9071339399239409
0.14656787024195714,0.652427708225426,1.4248870236980242,-0.5421256172169757,-0.2294157338705605,-0.39951110187474415,-0.0929813591060608,-0.3306814747123078,-0.23159766300208343,0.8031979162869259,0.997043227692372,0.20412414523193206,-0.15294382258037553,-0.4341140500939411,-0.4995838983721559,-0.34899122022605644,-0.6302424841458696,-0.1203858530857698,1.7588539596742978,-0.3431455839107911,-0.8465967650815867,-0.6015544067498438,1.0458250331675945,-0.08481889296799727,-0.4685212856658194,0.5799708796235029
0.14656787024195714,0.652427708225426,-0.7018100265975343,1.844590936568452,-0.2294157338705605,-0.39951110187474415,-0.0929813591060608,-0.3306814747123078,-0.7335121029446794,2.847701703199101,0.16839580077410493,0.20412414523193206,-0.15294382258037553,-0.4341140500939411,-0.40822843106272305,-0.34899122022605644,-0.6302424841458696,-0.1203858530857698,1.7588539596742978,-0.3431455839107911,-0.8465967650815867,-0.6015544067498438,0.0,-0.08481889296799727,-0.4685212856658194,0.5799708796235029
0.14656787024195714,-1.5327368647783928,-0.7018100265975343,1.844590936568452,-0.2294157338705605,0.7419491891959532,-0.0929813591060608,-0.3306814747123078,1.2741456568257044,-0.2190539771691616,1.4687923948905366,0.20412414523193206,-0.15294382258037553,-0.4341140500939411,-1.139072169538186,-0.34899122022605644,-0.6302424841458696,-0.1203858530857698,-0.568552036113998,-1.180086032473696,0.9574146064773498,-0.6015544067498438,-1.0458250331675945,-0.08481889296799727,2.1343747458109554,-0.9071339399239409
0.14656787024195714,0.652427708225426,-0.7018100265975343,-0.5421256172169757,4.358898943540649,-0.39951110187474415,-0.0929813591060608,-0.3306814747123078,-0.9008169162588779,1.8254498097430136,-0.9254936241961039,0.20412414523193206,-0.15294382258037553,2.303542121669652,0.9621035785787702,-0.34899122022605644,-0.6302424841458696,-0.1203858530857698,-0.568552036113998,1.3307353132150186,-0.8465967650815867,-0.6015544067498438,-1.0458250331675945,-0.08481889296799727,-0.4685212856658194,-2.394238759471385
-1.4318553477483524,0.652427708225426,-0.7018100265975343,-0.5421256172169757,-0.2294157338705605,-0.39951110187474415,-0.0929813591060608,-0.3306814747123078,0.27031677694051254,-0.2190539771691616,-0.4541185641884216,0.20412414523193206,-0.15294382258037553,-0.4341140500939411,-1.3217831041570518,-0.34899122022605644,1.5866908771712596,-0.1203858530857698,-0.568552036113998,-0.3431455839107911,-0.8465967650815867,1.6623600272549444,0.0,-0.08481889296799727,-0.4685212856658194,-0.9071339399239409
1.7249910882322665,0.652427708225426,1.4248870236980242,-0.5421256172169757,-0.2294157338705605,-0.39951110187474415,-0.0929813591060608,-0.3306814747123078,0.7722312168831085,1.8254498097430136,-0.3246774762815501,0.20412414523193206,-0.15294382258037553,-0.4341140500939411,-0.4995838983721559,-0.34899122022605644,-0.6302424841458696,-0.1203858530857698,-0.568552036113998,1.3307353132150186,-0.8465967650815867,1.6623600272549444,-1.0458250331675945,-0.08481889296799727,-0.4685212856658194,0.5799708796235029
-1.4318553477483524,0.652427708225426,-0.7018100265975343,-0.5421256172169757,-0.2294157338705605,1.8834094802666506,-0.0929813591060608,3.0240581238183513,0.019359556969214552,1.8254498097430136,-0.23227300023242506,0.20412414523193206,-0.15294382258037553,-0.4341140500939411,0.5053262420316058,-0.34899122022605644,1.5866908771712596,-0.1203858530857698,-0.568552036113998,-1.180086032473696,-0.8465967650815867,-0.6015544067498438,-1.0458250331675945,-0.08481889296799727,-0.4685212856658194,0.5799708796235029
0.14656787024195714,0.652427708225426,-0.7018100265975343,-0.5421256172169757,-0.2294157338705605,-0.39951110187474415,-0.0929813591060608,-0.3306814747123078,-0.7335121029446794,-0.2190539771691616,-0.6086248338576064,0.20412414523193206,-0.15294382258037553,-0.4341140500939411,1.3275254478165017,-0.34899122022605644,1.5866908771712596,-0.1203858530857698,-0.568552036113998,-0.3431455839107911,-0.8465967650815867,-0.6015544067498438,-1.0458250331675945,-0.08481889296799727,2.1343747458109554,0.5799708796235029
0.14656787024195714,0.652427708225426,-0.7018100265975343,-0.5421256172169757,-0.2294157338705605,0.7419491891959532,-0.0929813591060608,3.0240581238183513,0.27031677694051254,0.8031979162869259,-0.6804534144302056,0.20412414523193206,-0.15294382258037553,-0.4341140500939411,-0.8650057676098875,-0.34899122022605644,1.5866908771712596,-0.1203858530857698,-0.568552036113998,0.4937948646521137,-0.8465967650815867,-0.6015544067498438,0.0,-0.08481889296799727,-0.4685212856658194,0.5799708796235029
-1.4318553477483524,0.652427708225426,-0.7018100265975343,-0.5421256172169757,-0.2294157338705605,-0.39951110187474415,-0.0929813591060608,-0.3306814747123078,-0.7335121029446794,-0.2190539771691616,-0.9352204111486434,0.20412414523193206,-0.15294382258037553,-0.4341140500939411,0.41397077472217286,-0.34899122022605644,1.5866908771712596,-0.1203858530857698,-0.568552036113998,-0.3431455839107911,1.859420292256818,1.6623600272549444,0.0,-0.08481889296799727,-0.4685212856658194,0.5799708796235029
0.14656787024195714,0.652427708225426,-0.7018100265975343,1.844590936568452,-0.2294157338705605,-0.39951110187474415,-0.0929813591060608,-0.3306814747123078,1.2741456568257044,-0.2190539771691616,-0.1828908510887631,0.20412414523193206,-0.15294382258037553,-0.4341140500939411,0.5053262420316058,-0.34899122022605644,-0.6302424841458696,-0.1203858530857698,-0.568552036113998,1.3307353132150186,-0.8465967650815867,-0.6015544067498438,0.0,-0.08481889296799727,2.1343747458109554,0.5799708796235029
0.14656787024195714,0.652427708225426,1.4248870236980242,-0.5421256172169757,-0.2294157338705605,-0.39951110187474415,-0.0929813591060608,-0.3306814747123078,2.277974536710896,-1.241305870625249,0.2911029592522953,0.20412414523193206,-0.15294382258037553,-0.4341140500939411,0.5053262420316058,-0.34899122022605644,-0.6302424841458696,-0.1203858530857698,-0.568552036113998,0.4937948646521137,-0.8465967650815867,1.6623600272549444,1.0458250331675945,-0.08481889296799727,-0.4685212856658194,0.5799708796235029
0.14656787024195714,-1.5327368647783928,-0.7018100265975343,-0.5421256172169757,-0.2294157338705605,-0.39951110187474415,-0.0929813591060608,-0.3306814747123078,-0.9844693229159773,-0.2190539771691616,-0.7462962799550882,0.20412414523193206,-0.15294382258037553,-0.4341140500939411,-0.9563612349193203,-0.34899122022605644,1.5866908771712596,-0.1203858530857698,-0.568552036113998,1.3307353132150186,0.9574146064773498,1.6623600272549444,1.0458250331675945,-0.08481889296799727,-0.4685212856658194,0.5799708796235029
0.14656787024195714,0.652427708225426,-0.7018100265975343,1.844590936568452,-0.2294157338705605,0.7419491891959532,-0.0929813591060608,-0.3306814747123078,0.27031677694051254,0.8031979162869259,-0.36582926723460174,0.20412414523193206,-0.15294382258037553,-0.4341140500939411,1.5102363824353675,-0.34899122022605644,-0.6302424841458696,-0.1203858530857698,-0.568552036113998,1.3307353132150186,-0.8465967650815867,1.6623600272549444,-1.0458250331675945,-0.08481889296799727,-0.4685212856658194,0.5799708796235029
0.14656787024195714,-1.5327368647783928,1.4248870236980242,-0.5421256172169757,4.358898943540649,0.7419491891959532,-0.0929813591060608,-0.3306814747123078,-0.4825548829733814,0.8031979162869259,-0.6243373358578624,0.20412414523193206,-0.15294382258037553,-0.4341140500939411,-0.40822843106272305,-0.34899122022605644,-0.6302424841458696,-0.1203858530857698,-0.568552036113998,-0.3431455839107911,0.9574146064773498,-0.6015544067498438,-1.0458250331675945,-0.08481889296799727,-0.4685212856658194,0.5799708796235029
-1.4318553477483524,0.652427708225426,-0.7018100265975343,-0.5421256172169757,-0.2294157338705605,-2.6824316840161386,-0.0929813591060608,-0.3306814747123078,-0.7335121029446794,-0.2190539771691616,-0.6699784130967016,0.20412414523193206,-0.15294382258037553,-0.4341140500939411,-0.40822843106272305,-0.34899122022605644,1.5866908771712596,-0.1203858530857698,-0.568552036113998,-0.3431455839107911,-0.8465967650815867,-0.6015544067498438,1.0458250331675945,11.789826122551622,-0.4685212856658194,0.5799708796235029
-1.4318553477483524,0.652427708225426,1.4248870236980242,-0.5421256172169757,4.358898943540649,-0.39951110187474415,-0.0929813591060608,-0.3306814747123078,-0.7335121029446794,-0.2190539771691616,-0.9415802333868424,0.20412414523193206,-0.15294382258037553,-0.4341140500939411,0.41397077472217286,-0.34899122022605644,-0.6302424841458696,-0.1203858530857698,-0.568552036113998,-0.3431455839107911,-0.8465967650815867,-0.6015544067498438,0.0,-0.08481889296799727,-0.4685212856658194,-0.9071339399239409
0.14656787024195714,0.652427708225426,-0.7018100265975343,-0.5421256172169757,-0.2294157338705605,-0.39951110187474415,-0.0929813591060608,-0.3306814747123078,-0.7335121029446794,-0.2190539771691616,-0.7855775349557285,0.20412414523193206,-0.15294382258037553,-0.4341140500939411,-0.7736503003004546,-0.34899122022605644,1.5866908771712596,-0.1203858530857698,1.7588539596742978,-0.3431455839107911,1.859420292256818,-0.6015544067498438,-1.0458250331675945,-0.08481889296799727,-0.4685212856658194,0.5799708796235029
1.7249910882322665,-1.5327368647783928,1.4248870236980242,-0.5421256172169757,-0.2294157338705605,0.7419491891959532,-0.0929813591060608,-0.3306814747123078,2.277974536710896,-0.2190539771691616,0.7089806910210105,0.20412414523193206,-0.15294382258037553,-0.4341140500939411,-0.4995838983721559,-0.34899122022605644,-0.6302424841458696,-0.1203858530857698,-0.568552036113998,-0.3431455839107911,0.9574146064773498,-0.6015544067498438,1.0458250331675945,-0.08481889296799727,2.1343747458109554,0.5799708796235029
0.14656787024195714,0.652427708225426,1.4248870236980242,-0.5421256172169757,-0.2294157338705605,0.7419491891959532,-0.0929813591060608,-0.3306814747123078,-0.23159766300208343,-0.2190539771691616,1.0733610945507586,0.20412414523193206,-0.15294382258037553,-0.4341140500939411,-0.22551749644385727,-0.34899122022605644,-0.6302424841458696,-0.1203858530857698,-0.568552036113998,1.3307353132150186,-0.8465967650815867,1.6623600272549444,-1.0458250331675945,-0.08481889296799727,-0.4685212856658194,0.5799708796235029
-1.4318553477483524,0.652427708225426,1.4248870236980242,-0.5421256172169757,-0.2294157338705605,-0.39951110187474415,-0.0929813591060608,-0.3306814747123078,-0.9844693229159773,-0.2190539771691616,-0.952803449101311,0.20412414523193206,-0.15294382258037553,-0.4341140500939411,-0.6822948329910217,-0.34899122022605644,-0.6302424841458696,-0.1203858530857698,1.7588539596742978,-0.3431455839107911,-0.8465967650815867,-0.6015544067498438,0.0,-0.08481889296799727,-0.4685212856658194,0.5799708796235029
1.7249910882322665,0.652427708225426,-0.7018100265975343,1.844590936568452,-0.2294157338705605,0.7419491891959532,-0.0929813591060608,-0.3306814747123078,-0.23159766300208343,1.8254498097430136,-0.9621561288633682,0.20412414523193206,-0.15294382258037553,-0.4341140500939411,-0.31687296375329016,-0.34899122022605644,-0.6302424841458696,-0.1203858530857698,-0.568552036113998,1.3307353132150186,-0.8465967650815867,1.6623600272549444,-1.0458250331675945,-0.08481889296799727,-0.4685212856658194,0.5799708796235029
0.14656787024195714,-1.5327368647783928,-0.7018100265975343,-0.5421256172169757,-0.2294157338705605,-0.39951110187474415,-0.0929813591060608,-0.3306814747123078,0.7722312168831085,-0.2190539771691616,-0.29736765137634313,0.20412414523193206,-0.15294382258037553,-0.4341140500939411,-1.139072169538186,-0.34899122022605644,1.5866908771712596,-0.1203858530857698,-0.568552036113998,0.4937948646521137,0.9574146064773498,-0.6015544067498438,0.0,-0.08481889296799727,2.1343747458109554,-0.9071339399239409
0.14656787024195714,-1.5327368647783928,-0.7018100265975343,-0.5421256172169757,-0.2294157338705605,0.7419491891959532,-0.0929813591060608,-0.3306814747123078,0.27031677694051254,2.847701703199101,-0.7159935975260229,0.20412414523193206,-0.15294382258037553,-0.4341140500939411,0.13990437279387424,-0.34899122022605644,1.5866908771712596,-0.1203858530857698,1.7588539596742978,1.3307353132150186,0.9574146064773498,-0.6015544067498438,-1.0458250331675945,-0.08481889296799727,-0.4685212856658194,0.5799708796235029
0.14656787024195714,0.652427708225426,1.4248870236980242,-0.5421256172169757,-0.2294157338705605,0.7419491891959532,-0.0929813591060608,-0.3306814747123078,-1.2354265428872753,0.8031979162869259,-0.7025257386686605,0.20412414523193206,-0.15294382258037553,-0.4341140500939411,-0.6822948329910217,-0.34899122022605644,-0.6302424841458696,-0.1203858530857698,1.7588539596742978,1.3307353132150186,0.05540892069788158,-0.6015544067498438,2.091650066335189,-0.08481889296799727,-0.4685212856658194,0.5799708796235029
-1.4318553477483524,-1.5327368647783928,-0.7018100265975343,-0.5421256172169757,-0.2294157338705605,0.7419491891959532,-0.0929813591060608,-0.3306814747123078,2.277974536710896,-0.2190539771691616,1.1006709194559656,0.20412414523193206,-0.15294382258037553,2.303542121669652,2.058369186291965,2.865401597645516,-0.6302424841458696,-0.1203858530857698,-0.568552036113998,1.3307353132150186,0.9574146064773498,-0.6015544067498438,0.0,-0.08481889296799727,-0.4685212856658194,-2.394238759471385
0.14656787024195714,-1.5327368647783928,-0.7018100265975343,1.844590936568452,-0.2294157338705605,1.8834094802666506,-0.0929813591060608,-0.3306814747123078,1.2741456568257044,-0.2190539771691616,1.5828950879876342,0.20412414523193206,-0.15294382258037553,-0.4341140500939411,1.6929473170542333,-0.34899122022605644,-0.6302424841458696,-0.1203858530857698,1.7588539596742978,-0.3431455839107911,0.9574146064773498,-0.6015544067498438,1.0458250331675945,-0.08481889296799727,-0.4685212856658194,-0.9071339399239409
0.14656787024195714,-1.5327368647783928,-0.7018100265975343,-0.5421256172169757,-0.2294157338705605,-0.39951110187474415,-0.0929813591060608,-0.3306814747123078,1.2741456568257044,0.8031979162869259,-0.1982292458985369,0.20412414523193206,-0.15294382258037553,2.303542121669652,1.3275254478165017,-0.34899122022605644,-0.6302424841458696,-0.1203858530857698,-0.568552036113998,-0.3431455839107911,0.9574146064773498,1.6623600272549444,1.0458250331675945,-0.08481889296799727,-0.4685212856658194,-2.394238759471385
-1.4318553477483524,-1.5327368647783928,-0.7018100265975343,-0.5421256172169757,-0.2294157338705605,-1.5409713929454416,-0.0929813591060608,-0.3306814747123078,-0.7335121029446794,1.8254498097430136,0.09207793391571827,0.20412414523193206,-0.15294382258037553,-0.4341140500939411,-0.04280656182499151,-0.34899122022605644,1.5866908771712596,-0.1203858530857698,-0.568552036113998,-0.3431455839107911,0.9574146064773498,-0.6015544067498438,-1.0458250331675945,11.789826122551622,-0.4685212856658194,0.5799708796235029
0.14656787024195714,0.652427708225426,-0.7018100265975343,-0.5421256172169757,-0.2294157338705605,-0.39951110187474415,-0.0929813591060608,-0.3306814747123078,-1.2354265428872753,-0.2190539771691616,-0.40885159414006483,0.20412414523193206,-0.15294382258037553,-0.4341140500939411,-0.5909393656815888,-0.34899122022605644,1.5866908771712596,-0.1203858530857698,-0.568552036113998,0.4937948646521137,1.859420292256818,1.6623600272549444,-1.0458250331675945,-0.08481889296799727,-0.4685212856658194,-0.9071339399239409
0.14656787024195714,-1.5327368647783928,1.4248870236980242,-0.5421256172169757,-0.2294157338705605,0.7419491891959532,-0.0929813591060608,-0.3306814747123078,-0.4825548829733814,-1.241305870625249,0.6899012243064139,0.20412414523193206,-0.15294382258037553,-0.4341140500939411,2.1497246536013974,-0.34899122022605644,-0.6302424841458696,-0.1203858530857698,1.7588539596742978,1.3307353132150186,0.9574146064773498,-0.6015544067498438,-1.0458250331675945,-0.08481889296799727,-0.4685212856658194,0.5799708796235029
0.14656787024195714,0.652427708225426,-0.7018100265975343,-0.5421256172169757,-0.2294157338705605,-0.39951110187474415,-0.0929813591060608,-0.3306814747123078,-0.9844693229159773,-0.2190539771691616,-0.39837659280656074,0.20412414523193206,-0.15294382258037553,-0.4341140500939411,-0.9563612349193203,-0.34899122022605644,1.5866908771712596,-0.1203858530857698,-0.568552036113998,-0.3431455839107911,-0.8465967650815867,-0.6015544067498438,0.0,-0.08481889296799727,2.1343747458109554,0.5799708796235029
1.7249910882322665,0.652427708225426,-0.7018100265975343,-0.5421256172169757,-0.2294157338705605,-0.39951110187474415,-0.0929813591060608,-0.3306814747123078,0.019359556969214552,-1.241305870625249,-0.271180148042583,0.20412414523193206,-0.15294382258037553,-0.4341140500939411,0.9621035785787702,2.865401597645516,1.5866908771712596,-0.1203858530857698,-0.568552036113998,1.3307353132150186,-0.8465967650815867,-0.6015544067498438,-1.0458250331675945,-0.08481889296799727,-0.4685212856658194,0.5799708796235029
-1.4318553477483524,0.652427708225426,1.4248870236980242,-0.5421256172169757,-0.2294157338705605,-0.39951110187474415,-0.0929813591060608,-0.3306814747123078,-0.9008169162588779,-0.2190539771691616,-0.6284525149531677,0.20412414523193206,-0.15294382258037553,-0.4341140500939411,-0.40822843106272305,-0.34899122022605644,-0.6302424841458696,-0.1203858530857698,-0.568552036113998,-0.3431455839107911,0.05540892069788158,-0.6015544067498438,1.0458250331675945,-0.08481889296799727,2.1343747458109554,0.5799708796235029
0.14656787024195714,0.652427708225426,-0.7018100265975343,-0.5421256172169757,-0.2294157338705605,0.7419491891959532,-0.0929813591060608,-0.3306814747123078,-0.9008169162588779,-0.2190539771691616,-0.9052918359100605,0.20412414523193206,-0.15294382258037553,2.303542121669652,2.515146522839129,-0.34899122022605644,-0.6302424841458696,-0.1203858530857698,1.7588539596742978,1.3307353132150186,-0.8465967650815867,-0.6015544067498438,2.091650066335189,-0.08481889296799727,-0.4685212856658194,-2.394238759471385
0.14656787024195714,0.652427708225426,-0.7018100265975343,-0.5421256172169757,-0.2294157338705605,-0.39951110187474415,-0.0929813591060608,-0.3306814747123078,-0.23159766300208343,-0.2190539771691616,-0.4118444516639231,0.20412414523193206,-0.15294382258037553,-0.4341140500939411,0.13990437279387424,-0.34899122022605644,1.5866908771712596,-0.1203858530857698,-0.568552036113998,-0.3431455839107911,-0.8465967650815867,1.6623600272549444,2.091650066335189,-0.08481889296799727,-0.4685212856658194,0.5799708796235029
1.7249910882322665,0.652427708225426,-0.7018100265975343,-0.5421256172169757,-0.2294157338705605,1.8834094802666506,-0.0929813591060608,-0.3306814747123078,3.2818034165960883,-1.241305870625249,2.2282299915695805,0.20412414523193206,-0.15294382258037553,2.303542121669652,-0.7736503003004546,-0.34899122022605644,-0.6302424841458696,-0.1203858530857698,-0.568552036113998,-0.3431455839107911,-0.8465967650815867,1.6623600272549444,1.0458250331675945,-0.08481889296799727,-0.4685212856658194,-2.394238759471385
0.14656787024195714,0.652427708225426,-0.7018100265975343,1.844590936568452,-0.2294157338705605,-0.39951110187474415,-0.0929813591060608,3.0240581238183513,-0.4825548829733814,-0.2190539771691616,-0.1922435308508203,0.20412414523193206,-0.15294382258037553,-0.4341140500939411,-0.8650057676098875,-0.34899122022605644,-0.6302424841458696,-0.1203858530857698,-0.568552036113998,0.4937948646521137,-0.8465967650815867,-0.6015544067498438,2.091650066335189,-0.08481889296799727,-0.4685212856658194,-0.9071339399239409
-1.4318553477483524,-1.5327368647783928,-0.7018100265975343,-0.5421256172169757,-0.2294157338705605,-0.39951110187474415,-0.0929813591060608,-0.3306814747123078,-0.9844693229159773,-1.241305870625249,-0.0021970780858182,0.20412414523193206,-0.15294382258037553,-0.4341140500939411,-0.22551749644385727,-0.34899122022605644,1.5866908771712596,-0.1203858530857698,1.7588539596742978,-0.3431455839107911,0.9574146064773498,-0.6015544067498438,1.0458250331675945,-0.08481889296799727,-0.4685212856658194,0.5799708796235029
0.14656787024195714,0.652427708225426,-0.7018100265975343,-0.5421256172169757,-0.2294157338705605,1.8834094802666506,-0.0929813591060608,3.0240581238183513,0.27031677694051254,-0.2190539771691616,0.24770652515634992,0.20412414523193206,-0.15294382258037553,2.303542121669652,-0.31687296375329016,-0.34899122022605644,-0.6302424841458696,-0.1203858530857698,-0.568552036113998,-0.3431455839107911,-0.8465967650815867,-0.6015544067498438,-1.0458250331675945,-0.08481889296799727,-0.4685212856658194,-2.394238759471385
-1.4318553477483524,0.652427708225426,-0.7018100265975343,-0.5421256172169757,-0.2294157338705605,0.7419491891959532,-0.0929813591060608,-0.3306814747123078,-1.0681217295730767,-0.2190539771691616,-0.9239971954341748,0.20412414523193206,-0.15294382258037553,-0.4341140500939411,1.053459045888203,-0.34899122022605644,1.5866908771712596,-0.1203858530857698,1.7588539596742978,1.3307353132150186,-0.8465967650815867,-0.6015544067498438,0.0,-0.08481889296799727,-0.4685212856658194,0.5799708796235029
0.14656787024195714,0.652427708225426,-0.7018100265975343,-0.5421256172169757,-0.2294157338705605,-0.39951110187474415,-0.0929813591060608,-0.3306814747123078,-1.0681217295730767,-0.2190539771691616,-0.6684819843347724,-4.898979485566365,-0.15294382258037553,-0.4341140500939411,-0.22551749644385727,-0.34899122022605644,1.5866908771712596,-0.1203858530857698,-0.568552036113998,-0.3431455839107911,-0.8465967650815867,1.6623600272549444,1.0458250331675945,-0.08481889296799727,-0.4685212856658194,0.5799708796235029
-1.4318553477483524,-1.5327368647783928,1.4248870236980242,-0.5421256172169757,-0.2294157338705605,0.7419491891959532,-0.0929813591060608,-0.3306814747123078,-0.4825548829733814,-0.2190539771691616,-0.6516471607630695,0.20412414523193206,-0.15294382258037553,-0.4341140500939411,0.6880371766504715,-0.34899122022605644,-0.6302424841458696,-0.1203858530857698,-0.568552036113998,-0.3431455839107911,0.9574146064773498,1.6623600272549444,-1.0458250331675945,-0.08481889296799727,-0.4685212856658194,0.5799708796235029
1.7249910882322665,-1.5327368647783928,1.4248870236980242,-0.5421256172169757,4.358898943540649,0.7419491891959532,-0.0929813591060608,-0.3306814747123078,-0.9844693229159773,-0.2190539771691616,-0.6359346587628134,0.20412414523193206,-0.15294382258037553,-0.4341140500939411,-0.1341620291344244,-0.34899122022605644,-0.6302424841458696,-0.1203858530857698,-0.568552036113998,1.3307353132150186,0.9574146064773498,-0.6015544067498438,1.0458250331675945,-0.08481889296799727,-0.4685212856658194,0.5799708796235029
-1.4318553477483524,-1.5327368647783928,-0.7018100265975343,-0.5421256172169757,-0.2294157338705605,-0.39951110187474415,-0.0929813591060608,-0.3306814747123078,1.2741456568257044,-1.241305870625249,0.23723152382284585,0.20412414523193206,-0.15294382258037553,-0.4341140500939411,0.8707481112693373,-0.34899122022605644,1.5866908771712596,-0.1203858530857698,-0.568552036113998,1.3307353132150186,0.9574146064773498,1.6623600272549444,-1.0458250331675945,-0.08481889296799727,-0.4685212856658194,0.5799708796235029
0.14656787024195714,0.652427708225426,1.4248870236980242,-0.5421256172169757,-0.2294157338705605,0.7419491891959532,-0.0929813591060608,-0.3306814747123078,-0.9844693229159773,-0.2190539771691616,-0.39912480718752535,0.20412414523193206,-0.15294382258037553,-0.4341140500939411,1.144814513197636,-0.34899122022605644,-0.6302424841458696,-0.1203858530857698,1.7588539596742978,-0.3431455839107911,-0.8465967650815867,-0.6015544067498438,-1.0458250331675945,-0.08481889296799727,-0.4685212856658194,0.5799708796235029
0.14656787024195714,0.652427708225426,1.4248870236980242,-0.5421256172169757,-0.2294157338705605,-0.39951110187474415,-0.0929813591060608,-0.3306814747123078,-0.23159766300208343,2.847701703199101,-0.20271853218432434,0.20412414523193206,-0.15294382258037553,-0.4341140500939411,-0.6822948329910217,-0.34899122022605644,-0.6302424841458696,-0.1203858530857698,-0.568552036113998,-0.3431455839107911,-0.8465967650815867,-0.6015544067498438,0.0,-0.08481889296799727,2.1343747458109554,0.5799708796235029
-1.4318553477483524,0.652427708225426,-0.7018100265975343,-0.5421256172169757,-0.2294157338705605,0.7419491891959532,-0.0929813591060608,-0.3306814747123078,-1.4027313562014738,-0.2190539771691616,-0.6531435895249986,0.20412414523193206,-0.15294382258037553,-0.4341140500939411,0.5966817093410386,-0.34899122022605644,1.5866908771712596,-0.1203858530857698,1.7588539596742978,0.4937948646521137,-0.8465967650815867,-0.6015544067498438,-1.0458250331675945,-0.08481889296799727,-0.4685212856658194,0.5799708796235029
0.14656787024195714,0.652427708225426,1.4248870236980242,-0.5421256172169757,-0.2294157338705605,-0.39951110187474415,-0.0929813591060608,-0.3306814747123078,0.27031677694051254,0.8031979162869259,0.8642351750711599,0.20412414523193206,-0.15294382258037553,-0.4341140500939411,-0.9563612349193203,-0.34899122022605644,-0.6302424841458696,-0.1203858530857698,-0.568552036113998,-0.3431455839107911,-0.8465967650815867,-0.6015544067498438,-1.0458250331675945,-0.08481889296799727,2.1343747458109554,0.5799708796235029
0.14656787024195714,0.652427708225426,-0.7018100265975343,1.844590936568452,-0.2294157338705605,0.7419491891959532,-0.0929813591060608,-0.3306814747123078,-0.7335121029446794,-0.2190539771691616,-0.6647409124299495,0.20412414523193206,-0.15294382258037553,-0.4341140500939411,-0.8650057676098875,-0.34899122022605644,-0.6302424841458696,8.306623862918117,-0.568552036113998,0.4937948646521137,-0.8465967650815867,-0.6015544067498438,1.0458250331675945,-0.08481889296799727,-0.4685212856658194,0.5799708796235029
0.14656787024195714,0.652427708225426,1.4248870236980242,-0.5421256172169757,-0.2294157338705605,-0.39951110187474415,-0.0929813591060608,-0.3306814747123078,-0.7335121029446794,-1.241305870625249,-0.2827774709475339,0.20412414523193206,-0.15294382258037553,-0.4341140500939411,-0.8650057676098875,2.865401597645516,-0.6302424841458696,-0.1203858530857698,-0.568552036113998,-1.180086032473696,1.859420292256818,-0.6015544067498438,-1.0458250331675945,-0.08481889296799727,-0.4685212856658194,-0.9071339399239409
0.14656787024195714,-1.5327368647783928,-0.7018100265975343,-0.5421256172169757,-0.2294157338705605,-0.39951110187474415,-0.0929813591060608,-0.3306814747123078,-0.7335121029446794,0.8031979162869259,-0.42194534580694487,0.20412414523193206,-0.15294382258037553,-0.4341140500939411,-0.6822948329910217,-0.34899122022605644,1.5866908771712596,-0.1203858530857698,-0.568552036113998,-0.3431455839107911,0.9574146064773498,1.6623600272549444,-1.0458250331675945,-0.08481889296799727,-0.4685212856658194,0.5799708796235029
-1.4318553477483524,-1.5327368647783928,-0.7018100265975343,1.844590936568452,-0.2294157338705605,-0.39951110187474415,-0.0929813591060608,-0.3306814747123078,0.27031677694051254,-0.2190539771691616,-0.18064620794586939,0.20412414523193206,-0.15294382258037553,-0.4341140500939411,-1.4131385714664848,-0.34899122022605644,-0.6302424841458696,-0.1203858530857698,1.7588539596742978,-0.3431455839107911,0.9574146064773498,-0.6015544067498438,1.0458250331675945,-0.08481889296799727,-0.4685212856658194,-0.9071339399239409
-3.0102785657386617,-1.5327368647783928,-0.7018100265975343,-0.5421256172169757,-0.2294157338705605,-2.6824316840161386,-0.0929813591060608,-0.3306814747123078,-0.4825548829733814,-0.2190539771691616,-0.5323069669992198,0.20412414523193206,-0.15294382258037553,-0.4341140500939411,-0.8650057676098875,-0.34899122022605644,1.5866908771712596,-0.1203858530857698,1.7588539596742978,-1.180086032473696,0.9574146064773498,-0.6015544067498438,1.0458250331675945,-0.08481889296799727,-0.4685212856658194,-0.9071339399239409
0.14656787024195714,-1.5327368647783928,1.4248870236980242,-0.5421256172169757,-0.2294157338705605,-0.39951110187474415,-0.0929813591060608,-0.3306814747123078,2.277974536710896,-0.2190539771691616,2.528638065526857,0.20412414523193206,-0.15294382258037553,-0.4341140500939411,-0.8650057676098875,-0.34899122022605644,-0.6302424841458696,-0.1203858530857698,-0.568552036113998,-1.180086032473696,0.9574146064773498,-0.6015544067498438,1.0458250331675945,-0.08481889296799727,2.1343747458109554,0.5799708796235029
-1.4318553477483524,0.652427708225426,-0.7018100265975343,-0.5421256172169757,-0.2294157338705605,0.7419491891959532,-0.0929813591060608,-0.3306814747123078,-0.7335121029446794,-0.2190539771691616,-0.578322151428541,0.20412414523193206,-0.15294382258037553,-0.4341140500939411,2.515146522839129,-0.34899122022605644,1.5866908771712596,-0.1203858530857698,-0.568552036113998,1.3307353132150186,-0.8465967650815867,1.6623600272549444,-1.0458250331675945,-0.08481889296799727,-0.4685212856658194,0.5799708796235029
0.14656787024195714,0.652427708225426,-0.7018100265975343,1.844590936568452,-0.2294157338705605,0.7419491891959532,-0.0929813591060608,-0.3306814747123078,-0.7335121029446794,-1.241305870625249,0.9727262603110233,0.20412414523193206,-0.15294382258037553,-0.4341140500939411,1.2361699805070687,-0.34899122022605644,-0.6302424841458696,-0.1203858530857698,-0.568552036113998,1.3307353132150186,-0.8465967650815867,-0.6015544067498438,-1.0458250331675945,-0.08481889296799727,2.1343747458109554,-0.9071339399239409
0.14656787024195714,0.652427708225426,-0.7018100265975343,1.844590936568452,-0.2294157338705605,-0.39951110187474415,-0.0929813591060608,-0.3306814747123078,-0.7335121029446794,-0.2190539771691616,-0.8600248658617037,0.20412414523193206,-0.15294382258037553,-0.4341140500939411,-1.3217831041570518,-0.34899122022605644,-0.6302424841458696,-0.1203858530857698,-0.568552036113998,0.4937948646521137,1.859420292256818,-0.6015544067498438,0.0,11.789826122551622,-0.4685212856658194,-0.9071339399239409
0.14656787024195714,0.652427708225426,-0.7018100265975343,1.844590936568452,-0.2294157338705605,-0.39951110187474415,-0.0929813591060608,-0.3306814747123078,0.27031677694051254,-0.2190539771691616,-0.4724498165220537,0.20412414523193206,-0.15294382258037553,-0.4341140500939411,-0.31687296375329016,-0.34899122022605644,-0.6302424841458696,-0.1203858530857698,-0.568552036113998,-1.180086032473696,0.05540892069788158,1.6623600272549444,0.0,-0.08481889296799727,-0.4685212856658194,0.5799708796235029
0.14656787024195714,0.652427708225426,1.4248870236980242,-0.5421256172169757,-0.2294157338705605,1.8834094802666506,-0.0929813591060608,3.0240581238183513,0.5212739969118105,-0.2190539771691616,0.7168369420211386,0.20412414523193206,-0.15294382258037553,-0.4341140500939411,-0.8650057676098875,-0.34899122022605644,-0.6302424841458696,-0.1203858530857698,-0.568552036113998,0.4937948646521137,-0.8465967650815867,-0.6015544067498438,-1.0458250331675945,-0.08481889296799727,-0.4685212856658194,0.5799708796235029
-1.4318553477483524,0.652427708225426,-0.7018100265975343,-0.5421256172169757,-0.2294157338705605,-0.39951110187474415,-0.0929813591060608,-0.3306814747123078,-0.7335121029446794,-0.2190539771691616,-0.7605123531934151,0.20412414523193206,-0.15294382258037553,-0.4341140500939411,-0.7736503003004546,-0.34899122022605644,1.5866908771712596,-0.1203858530857698,1.7588539596742978,-0.3431455839107911,1.859420292256818,-0.6015544067498438,0.0,-0.08481889296799727,-0.4685212856658194,0.5799708796235029
0.14656787024195714,-1.5327368647783928,-0.7018100265975343,-0.5421256172169757,-0.2294157338705605,-0.39951110187474415,-0.0929813591060608,-0.3306814747123078,-0.23159766300208343,-0.2190539771691616,-0.004067614038229638,0.20412414523193206,-0.15294382258037553,-0.4341140500939411,-1.0477167022287532,-0.34899122022605644,1.5866908771712596,-0.1203858530857698,-0.568552036113998,-0.3431455839107911,0.9574146064773498,1.6623600272549444,0.0,-0.08481889296799727,-0.4685212856658194,0.5799708796235029
0.14656787024195714,0.652427708225426,1.4248870236980242,-0.5421256172169757,-0.2294157338705605,0.7419491891959532,-0.0929813591060608,-0.3306814747123078,0.6049264035689098,-0.2190539771691616,-0.1712935281838122,0.20412414523193206,-0.15294382258037553,-0.4341140500939411,-0.5909393656815888,-0.34899122022605644,-0.6302424841458696,-0.1203858530857698,-0.568552036113998,1.3307353132150186,-0.8465967650815867,1.6623600272549444,-1.0458250331675945,-0.08481889296799727,-0.4685212856658194,0.5799708796235029
-1.4318553477483524,0.652427708225426,1.4248870236980242,-0.5421256172169757,-0.2294157338705605,-0.39951110187474415,-0.0929813591060608,-0.3306814747123078,-0.23159766300208343,0.8031979162869259,0.4411199426356926,0.20412414523193206,-0.15294382258037553,-0.4341140500939411,-0.04280656182499151,-0.34899122022605644,-0.6302424841458696,-0.1203858530857698,1.7588539596742978,-0.3431455839107911,-0.8465967650815867,-0.6015544067498438,0.0,-0.08481889296799727,-0.4685212856658194,0.5799708796235029
-1.4318553477483524,-1.5327368647783928,-0.7018100265975343,-0.5421256172169757,-0.2294157338705605,-0.39951110187474415,-0.0929813591060608,-0.3306814747123078,-0.9008169162588779,0.8031979162869259,-0.7335766354786905,0.20412414523193206,-0.15294382258037553,2.303542121669652,1.144814513197636,-0.34899122022605644,-0.6302424841458696,-0.1203858530857698,1.7588539596742978,1.3307353132150186,0.9574146064773498,-0.6015544067498438,2.091650066335189,-0.08481889296799727,-0.4685212856658194,-2.394238759471385
0.14656787024195714,0.652427708225426,-0.7018100265975343,1.844590936568452,4.358898943540649,1.8834094802666506,-0.0929813591060608,-0.3306814747123078,0.019359556969214552,-0.2190539771691616,0.07973239662980278,0.20412414523193206,-0.15294382258037553,-0.4341140500939411,-0.8650057676098875,-0.34899122022605644,-0.6302424841458696,-0.1203858530857698,-0.568552036113998,-1.180086032473696,-0.8465967650815867,-0.6015544067498438,0.0,-0.08481889296799727,-0.4685212856658194,0.5799708796235029
0.14656787024195714,0.652427708225426,-0.7018100265975343,-0.5421256172169757,-0.2294157338705605,-0.39951110187474415,-0.0929813591060608,3.0240581238183513,3.2818034165960883,-0.2190539771691616,1.5323906172725255,0.20412414523193206,-0.15294382258037553,2.303542121669652,0.048548905484441365,-0.34899122022605644,-0.6302424841458696,-0.1203858530857698,-0.568552036113998,1.3307353132150186,-0.8465967650815867,-0.6015544067498438,0.0,-0.08481889296799727,-0.4685212856658194,-0.9071339399239409
0.14656787024195714,0.652427708225426,1.4248870236980242,-0.5421256172169757,-0.2294157338705605,-0.39951110187474415,-0.0929813591060608,-0.3306814747123078,-0.23159766300208343,-0.2190539771691616,-0.276417648709335,0.20412414523193206,-0.15294382258037553,-0.4341140500939411,-1.230427636847619,-0.34899122022605644,-0.6302424841458696,-0.1203858530857698,-0.568552036113998,-0.3431455839107911,-0.8465967650815867,-0.6015544067498438,0.0,-0.08481889296799727,2.1343747458109554,0.5799708796235029
-1.4318553477483524,-1.5327368647783928,-0.7018100265975343,1.844590936568452,-0.2294157338705605,-0.39951110187474415,-0.0929813591060608,-0.3306814747123078,-0.23159766300208343,-0.2190539771691616,-0.05681672789623219,0.20412414523193206,-0.15294382258037553,-0.4341140500939411,0.8707481112693373,-0.34899122022605644,-0.6302424841458696,-0.1203858530857698,-0.568552036113998,-1.180086032473696,0.9574146064773498,-0.6015544067498438,2.091650066335189,-0.08481889296799727,2.1343747458109554,0.5799708796235029
0.14656787024195714,0.652427708225426,1.4248870236980242,-0.5421256172169757,-0.2294157338705605,0.7419491891959532,-0.0929813591060608,-0.3306814747123078,-0.23159766300208343,-0.2190539771691616,-0.8667587952903848,0.20412414523193206,-0.15294382258037553,-0.4341140500939411,0.048548905484441365,-0.34899122022605644,-0.6302424841458696,-0.1203858530857698,1.7588539596742978,1.3307353132150186,-0.8465967650815867,-0.6015544067498438,1.0458250331675945,-0.08481889296799727,-0.4685212856658194,0.5799708796235029
0.14656787024195714,0.652427708225426,-0.7018100265975343,1.844590936568452,-0.2294157338705605,-0.39951110187474415,-0.0929813591060608,-0.3306814747123078,0.27031677694051254,-0.2190539771691616,0.6046047848764523,0.20412414523193206,-0.15294382258037553,-0.4341140500939411,-0.40822843106272305,-0.34899122022605644,-0.6302424841458696,-0.1203858530857698,1.7588539596742978,0.4937948646521137,-0.8465967650815867,-0.6015544067498438,0.0,-0.08481889296799727,-0.4685212856658194,0.5799708796235029
0.14656787024195714,-1.5327368647783928,-0.7018100265975343,-0.5421256172169757,-0.2294157338705605,-0.39951110187474415,-0.0929813591060608,-0.3306814747123078,-0.7335121029446794,-0.2190539771691616,-0.788944499670069,0.20412414523193206,-0.15294382258037553,-0.4341140500939411,1.2361699805070687,-0.34899122022605644,1.5866908771712596,-0.1203858530857698,-0.568552036113998,-0.3431455839107911,0.9574146064773498,1.6623600272549444,1.0458250331675945,-0.08481889296799727,-0.4685212856658194,0.5799708796235029
0.14656787024195714,0.652427708225426,-0.7018100265975343,-0.5421256172169757,-0.2294157338705605,0.7419491891959532,-0.0929813591060608,-0.3306814747123078,-0.7335121029446794,1.8254498097430136,-0.846182899813859,0.20412414523193206,-0.15294382258037553,-0.4341140500939411,-0.6822948329910217,-0.34899122022605644,1.5866908771712596,-0.1203858530857698,1.7588539596742978,0.4937948646521137,1.859420292256818,-0.6015544067498438,2.091650066335189,-0.08481889296799727,-0.4685212856658194,0.5799708796235029
0.14656787024195714,0.652427708225426,1.4248870236980242,-0.5421256172169757,-0.2294157338705605,-0.39951110187474415,-0.0929813591060608,-0.3306814747123078,0.27031677694051254,-0.2190539771691616,0.30644135406206907,0.20412414523193206,-0.15294382258037553,-0.4341140500939411,-0.7736503003004546,-0.34899122022605644,-0.6302424841458696,-0.1203858530857698,-0.568552036113998,-0.3431455839107911,-0.8465967650815867,-0.6015544067498438,0.0,-0.08481889296799727,2.1343747458109554,0.5799708796235029
1.7249910882322665,0.652427708225426,1.4248870236980242,-0.5421256172169757,-0.2294157338705605,0.7419491891959532,-0.0929813591060608,-0.3306814747123078,1.2741456568257044,-0.2190539771691616,1.2768754061731231,0.20412414523193206,-0.15294382258037553,-0.4341140500939411,-0.1341620291344244,-0.34899122022605644,-0.6302424841458696,-0.1203858530857698,1.7588539596742978,1.3307353132150186,-0.8465967650815867,-0.6015544067498438,-1.0458250331675945,-0.08481889296799727,-0.4685212856658194,0.5799708796235029
0.14656787024195714,0.652427708225426,1.4248870236980242,-0.5421256172169757,-0.2294157338705605,-2.6824316840161386,-0.0929813591060608,3.0240581238183513,0.7722312168831085,-1.241305870625249,1.8223236898962984,0.20412414523193206,-0.15294382258037553,-0.4341140500939411,-0.9563612349193203,-0.34899122022605644,-0.6302424841458696,-0.1203858530857698,-0.568552036113998,-1.180086032473696,-0.8465967650815867,-0.6015544067498438,0.0,-0.08481889296799727,-0.4685212856658194,0.5799708796235029
0.14656787024195714,0.652427708225426,1.4248870236980242,-0.5421256172169757,-0.2294157338705605,-0.39951110187474415,-0.0929813591060608,-0.3306814747123078,-0.9844693229159773,-0.2190539771691616,-0.7062668105734834,0.20412414523193206,-0.15294382258037553,-0.4341140500939411,-1.4131385714664848,-0.34899122022605644,-0.6302424841458696,-0.1203858530857698,-0.568552036113998,1.3307353132150186,-0.8465967650815867,-0.6015544067498438,-1.0458250331675945,-0.08481889296799727,2.1343747458109554,0.5799708796235029
-1.4318553477483524,0.652427708225426,1.4248870236980242,-0.5421256172169757,-0.2294157338705605,-1.5409713929454416,-0.0929813591060608,-0.3306814747123078,-0.7335121029446794,-0.2190539771691616,-1.0706472141032315,0.20412414523193206,-0.15294382258037553,-0.4341140500939411,0.8707481112693373,-0.34899122022605644,-0.6302424841458696,-0.1203858530857698,-0.568552036113998,1.3307353132150186,1.859420292256818,-0.6015544067498438,0.0,11.789826122551622,-0.4685212856658194,0.5799708796235029
0.14656787024195714,0.652427708225426,-0.7018100265975343,-0.5421256172169757,-0.2294157338705605,-0.39951110187474415,-0.0929813591060608,-0.3306814747123078,-0.7335121029446794,-0.2190539771691616,-0.6235891214768979,0.20412414523193206,-0.15294382258037553,-0.4341140500939411,-1.139072169538186,-0.34899122022605644,1.5866908771712596,-0.1203858530857698,-0.568552036113998,-1.180086032473696,1.859420292256818,1.6623600272549444,1.0458250331675945,-0.08481889296799727,-0.4685212856658194,-0.9071339399239409
1.7249910882322665,-1.5327368647783928,-0.7018100265975343,-0.5421256172169757,-0.2294157338705605,-0.39951110187474415,-0.0929813591060608,-0.3306814747123078,-0.7335121029446794,-0.2190539771691616,-0.23302121461338965,0.20412414523193206,-0.15294382258037553,2.303542121669652,1.784302784363666,-0.34899122022605644,-0.6302424841458696,-0.1203858530857698,-0.568552036113998,-2.0170264810366008,0.9574146064773498,-0.6015544067498438,0.0,-0.08481889296799727,2.1343747458109554,-2.394238759471385
0.14656787024195714,-1.5327368647783928,-0.7018100265975343,1.844590936568452,-0.2294157338705605,-0.39951110187474415,-0.0929813591060608,-0.3306814747123078,-0.23159766300208343,-1.241305870625249,-0.8076498591941834,0.20412414523193206,-0.15294382258037553,-0.4341140500939411,-0.22551749644385727,-0.34899122022605644,-0.6302424841458696,-0.1203858530857698,1.7588539596742978,-0.3431455839107911,0.9574146064773498,-0.6015544067498438,1.0458250331675945,-0.08481889296799727,-0.4685212856658194,0.5799708796235029
0.14656787024195714,-1.5327368647783928,-0.7018100265975343,-0.5421256172169757,4.358898943540649,0.7419491891959532,-0.0929813591060608,-0.3306814747123078,-0.23159766300208343,0.8031979162869259,-0.500133748617743,0.20412414523193206,-0.15294382258037553,-0.4341140500939411,-0.4995838983721559,-0.34899122022605644,1.5866908771712596,-0.1203858530857698,-0.568552036113998,-0.3431455839107911,0.9574146064773498,-0.6015544067498438,-1.0458250331675945,-0.08481889296799727,-0.4685212856658194,0.5799708796235029
1.7249910882322665,0.652427708225426,-0.7018100265975343,-0.5421256172169757,-0.2294157338705605,-1.5409713929454416,-0.0929813591060608,-0.3306814747123078,-0.23159766300208343,-0.2190539771691616,-0.47170160214108914,0.20412414523193206,-0.15294382258037553,2.303542121669652,0.048548905484441365,-0.34899122022605644,-0.6302424841458696,-0.1203858530857698,-0.568552036113998,-1.180086032473696,-0.8465967650815867,1.6623600272549444,0.0,-0.08481889296799727,-0.4685212856658194,-2.394238759471385
-1.4318553477483524,0.652427708225426,-0.7018100265975343,-0.5421256172169757,-0.2294157338705605,-0.39951110187474415,-0.0929813591060608,-0.3306814747123078,-0.7335121029446794,-0.2190539771691616,-0.23264710742290737,0.20412414523193206,-0.15294382258037553,-0.4341140500939411,-0.22551749644385727,-0.34899122022605644,1.5866908771712596,-0.1203858530857698,1.7588539596742978,-1.180086032473696,-0.8465967650815867,-0.6015544067498438,0.0,-0.08481889296799727,-0.4685212856658194,0.5799708796235029
1.7249910882322665,0.652427708225426,-0.7018100265975343,-0.5421256172169757,-0.2294157338705605,-0.39951110187474415,-0.0929813591060608,-0.3306814747123078,1.2741456568257044,0.8031979162869259,2.182214807140259,0.20412414523193206,-0.15294382258037553,2.303542121669652,-0.5909393656815888,-0.34899122022605644,-0.6302424841458696,-0.1203858530857698,-0.568552036113998,-1.180086032473696,-0.8465967650815867,-0.6015544067498438,1.0458250331675945,-0.08481889296799727,2.1343747458109554,-0.9071339399239409
0.14656787024195714,0.652427708225426,-0.7018100265975343,1.844590936568452,-0.2294157338705605,-0.39951110187474415,-0.0929813591060608,-0.3306814747123078,-0.4825548829733814,1.8254498097430136,-0.7436775296217122,0.20412414523193206,-0.15294382258037553,-0.4341140500939411,1.053459045888203,-0.34899122022605644,-0.6302424841458696,-0.1203858530857698,-0.568552036113998,1.3307353132150186,-0.8465967650815867,1.6623600272549444,-1.0458250331675945,-0.08481889296799727,-0.4685212856658194,0.5799708796235029
0.14656787024195714,0.652427708225426,-0.7018100265975343,1.844590936568452,-0.2294157338705605,-0.39951110187474415,-0.0929813591060608,-0.3306814747123078,1.7760600967683002,-1.241305870625249,1.483382575319346,0.20412414523193206,-0.15294382258037553,-0.4341140500939411,-0.5909393656815888,-0.34899122022605644,-0.6302424841458696,-0.1203858530857698,-0.568552036113998,0.4937948646521137,1.859420292256818,1.6623600272549444,-1.0458250331675945,-0.08481889296799727,-0.4685212856658194,-0.9071339399239409
1.7249910882322665,0.652427708225426,1.4248870236980242,-0.5421256172169757,-0.2294157338705605,-0.39951110187474415,-0.0929813591060608,-0.3306814747123078,0.27031677694051254,-0.2190539771691616,-0.1986033530890192,0.20412414523193206,-0.15294382258037553,-0.4341140500939411,-0.04280656182499151,2.865401597645516,-0.6302424841458696,-0.1203858530857698,-0.568552036113998,1.3307353132150186,-0.8465967650815867,-0.6015544067498438,-1.0458250331675945,-0.08481889296799727,-0.4685212856658194,0.5799708796235029
-1.4318553477483524,0.652427708225426,-0.7018100265975343,-0.5421256172169757,-0.2294157338705605,1.8834094802666506,-0.0929813591060608,3.0240581238183513,-1.2354265428872753,0.8031979162869259,-0.5454007186660997,0.20412414523193206,-0.15294382258037553,-0.4341140500939411,-0.1341620291344244,-0.34899122022605644,1.5866908771712596,-0.1203858530857698,-0.568552036113998,-0.3431455839107911,-0.8465967650815867,-0.6015544067498438,-1.0458250331675945,-0.08481889296799727,-0.4685212856658194,0.5799708796235029
-1.4318553477483524,0.652427708225426,-0.7018100265975343,-0.5421256172169757,-0.2294157338705605,-0.39951110187474415,-0.0929813591060608,-0.3306814747123078,-0.9008169162588779,-0.2190539771691616,-0.33141140571023125,0.20412414523193206,-0.15294382258037553,-0.4341140500939411,1.5102363824353675,-0.34899122022605644,1.5866908771712596,-0.1203858530857698,-0.568552036113998,1.3307353132150186,-0.8465967650815867,1.6623600272549444,0.0,-0.08481889296799727,-0.4685212856658194,0.5799708796235029
-1.4318553477483524,0.652427708225426,-0.7018100265975343,-0.5421256172169757,-0.2294157338705605,-0.39951110187474415,-0.0929813591060608,-0.3306814747123078,0.27031677694051254,0.8031979162869259,-0.6479060888582466,0.20412414523193206,-0.15294382258037553,-0.4341140500939411,0.5053262420316058,-0.34899122022605644,1.5866908771712596,-0.1203858530857698,1.7588539596742978,1.3307353132150186,1.859420292256818,-0.6015544067498438,-1.0458250331675945,-0.08481889296799727,-0.4685212856658194,-0.9071339399239409
0.14656787024195714,0.652427708225426,1.4248870236980242,-0.5421256172169757,-0.2294157338705605,-0.39951110187474415,-0.0929813591060608,-0.3306814747123078,-0.7335121029446794,-0.2190539771691616,-0.06916226518214767,0.20412414523193206,-0.15294382258037553,-0.4341140500939411,-1.0477167022287532,-0.34899122022605644,-0.6302424841458696,-0.1203858530857698,-0.568552036113998,-0.3431455839107911,1.859420292256818,1.6623600272549444,2.091650066335189,-0.08481889296799727,-0.4685212856658194,0.5799708796235029
0.14656787024195714,0.652427708225426,1.4248870236980242,-0.5421256172169757,-0.2294157338705605,1.8834094802666506,-0.0929813591060608,-0.3306814747123078,0.5212739969118105,2.847701703199101,2.024715679947216,0.20412414523193206,-0.15294382258037553,-0.4341140500939411,-0.7736503003004546,2.865401597645516,-0.6302424841458696,-0.1203858530857698,-0.568552036113998,-0.3431455839107911,-0.8465967650815867,-0.6015544067498438,-1.0458250331675945,-0.08481889296799727,-0.4685212856658194,0.5799708796235029
-1.4318553477483524,0.652427708225426,-0.7018100265975343,-0.5421256172169757,-0.2294157338705605,-0.39951110187474415,-0.0929813591060608,-0.3306814747123078,-0.7335121029446794,2.847701703199101,-0.053075655991409315,0.20412414523193206,-0.15294382258037553,-0.4341140500939411,2.3324355882202634,-0.34899122022605644,1.5866908771712596,-0.1203858530857698,-0.568552036113998,0.4937948646521137,0.05540892069788158,1.6623600272549444,-1.0458250331675945,-0.08481889296799727,-0.4685212856658194,0.5799708796235029
0.14656787024195714,-1.5327368647783928,-0.7018100265975343,-0.5421256172169757,-0.2294157338705605,-0.39951110187474415,-0.0929813591060608,-0.3306814747123078,-0.23159766300208343,-1.241305870625249,-0.47768731718880575,0.20412414523193206,-0.15294382258037553,-0.4341140500939411,-0.7736503003004546,-0.34899122022605644,1.5866908771712596,-0.1203858530857698,-0.568552036113998,-1.180086032473696,0.9574146064773498,-0.6015544067498438,1.0458250331675945,-0.08481889296799727,2.1343747458109554,-0.9071339399239409
0.14656787024195714,0.652427708225426,-0.7018100265975343,-0.5421256172169757,-0.2294157338705605,0.7419491891959532,-0.0929813591060608,-0.3306814747123078,-0.7335121029446794,-1.241305870625249,-0.8495498645281996,0.20412414523193206,-0.15294382258037553,-0.4341140500939411,2.697857457457995,-0.34899122022605644,1.5866908771712596,-0.1203858530857698,-0.568552036113998,1.3307353132150186,-0.8465967650815867,1.6623600272549444,-1.0458250331675945,-0.08481889296799727,-0.4685212856658194,0.5799708796235029
1.7249910882322665,0.652427708225426,-0.7018100265975343,1.844590936568452,-0.2294157338705605,0.7419491891959532,-0.0929813591060608,-0.3306814747123078,0.27031677694051254,-1.241305870625249,1.3621718456030847,0.20412414523193206,-0.15294382258037553,-0.4341140500939411,0.9621035785787702,2.865401597645516,-0.6302424841458696,-0.1203858530857698,-0.568552036113998,-0.3431455839107911,-0.8465967650815867,-0.6015544067498438,-1.0458250331675945,-0.08481889296799727,-0.4685212856658194,0.5799708796235029
0.14656787024195714,0.652427708225426,-0.7018100265975343,-0.5421256172169757,-0.2294157338705605,0.7419491891959532,-0.0929813591060608,3.0240581238183513,0.27031677694051254,-0.2190539771691616,-0.47357213809350057,0.20412414523193206,-0.15294382258037553,-0.4341140500939411,-0.40822843106272305,-0.34899122022605644,1.5866908771712596,-0.1203858530857698,-0.568552036113998,1.3307353132150186,0.05540892069788158,-0.6015544067498438,1.0458250331675945,-0.08481889296799727,-0.4685212856658194,0.5799708796235029
-1.4318553477483524,-1.5327368647783928,-0.7018100265975343,-0.5421256172169757,-0.2294157338705605,-0.39951110187474415,-0.0929813591060608,-0.3306814747123078,-0.9844693229159773,1.8254498097430136,-0.9019248711957198,0.20412414523193206,-0.15294382258037553,-0.4341140500939411,2.7892129247674275,-0.34899122022605644,1.5866908771712596,-0.1203858530857698,-0.568552036113998,-0.3431455839107911,0.9574146064773498,1.6623600272549444,1.0458250331675945,-0.08481889296799727,-0.4685212856658194,0.5799708796235029
0.14656787024195714,0.652427708225426,-0.7018100265975343,1.844590936568452,-0.2294157338705605,0.7419491891959532,-0.0929813591060608,-0.3306814747123078,-0.23159766300208343,-1.241305870625249,-0.7601382460029329,0.20412414523193206,-0.15294382258037553,-0.4341140500939411,-0.5909393656815888,-0.34899122022605644,-0.6302424841458696,-0.1203858530857698,-0.568552036113998,-0.3431455839107911,-0.8465967650815867,1.6623600272549444,-1.0458250331675945,-0.08481889296799727,-0.4685212856658194,0.5799708796235029
0.14656787024195714,0.652427708225426,-0.7018100265975343,1.844590936568452,-0.2294157338705605,0.7419491891959532,-0.0929813591060608,-0.3306814747123078,-0.9008169162588779,-1.241305870625249,-0.6935471660970857,0.20412414523193206,-0.15294382258037553,-0.4341140500939411,-0.7736503003004546,-0.34899122022605644,-0.6302424841458696,-0.1203858530857698,-0.568552036113998,0.4937948646521137,-0.8465967650815867,1.6623600272549444,2.091650066335189,-0.08481889296799727,-0.4685212856658194,0.5799708796235029
0.14656787024195714,0.652427708225426,-0.7018100265975343,-0.5421256172169757,-0.2294157338705605,-0.39951110187474415,-0.0929813591060608,-0.3306814747123078,0.27031677694051254,0.8031979162869259,-0.04933458408658643,0.20412414523193206,-0.15294382258037553,2.303542121669652,-0.4995838983721559,-0.34899122022605644,-0.6302424841458696,-0.1203858530857698,-0.568552036113998,1.3307353132150186,-0.8465967650815867,-0.6015544067498438,1.0458250331675945,-0.08481889296799727,2.1343747458109554,-2.394238759471385
0.14656787024195714,0.652427708225426,1.4248870236980242,-0.5421256172169757,-0.2294157338705605,-0.39951110187474415,-0.0929813591060608,-0.3306814747123078,-0.06429284968788476,-1.241305870625249,-0.3699444463299069,0.20412414523193206,-0.15294382258037553,-0.4341140500939411,0.32261530741274,-0.34899122022605644,-0.6302424841458696,-0.1203858530857698,-0.568552036113998,0.4937948646521137,-0.8465967650815867,-0.6015544067498438,0.0,-0.08481889296799727,2.1343747458109554,0.5799708796235029
0.14656787024195714,-1.5327368647783928,-0.7018100265975343,-0.5421256172169757,-0.2294157338705605,-0.39951110187474415,-0.0929813591060608,-0.3306814747123078,-0.23159766300208343,-0.2190539771691616,-0.07477387303938199,0.20412414523193206,-0.15294382258037553,-0.4341140500939411,0.41397077472217286,-0.34899122022605644,1.5866908771712596,-0.1203858530857698,-0.568552036113998,0.4937948646521137,0.9574146064773498,-0.6015544067498438,1.0458250331675945,-0.08481889296799727,2.1343747458109554,-0.9071339399239409
0.14656787024195714,0.652427708225426,-0.7018100265975343,-0.5421256172169757,-0.2294157338705605,0.7419491891959532,-0.0929813591060608,-0.3306814747123078,-0.9844693229159773,-1.241305870625249,-0.047464048134175,0.20412414523193206,-0.15294382258037553,-0.4341140500939411,-0.22551749644385727,-0.34899122022605644,1.5866908771712596,-0.1203858530857698,-0.568552036113998,-0.3431455839107911,-0.8465967650815867,1.6623600272549444,-1.0458250331675945,-0.08481889296799727,-0.4685212856658194,0.5799708796235029
0.14656787024195714,-1.5327368647783928,-0.7018100265975343,1.844590936568452,-0.2294157338705605,-0.39951110187474415,-0.0929813591060608,-0.3306814747123078,0.7722312168831085,2.847701703199101,0.1575466922501186,0.20412414523193206,-0.15294382258037553,-0.4341140500939411,1.9670137189825319,-0.34899122022605644,-0.6302424841458696,-0.1203858530857698,-0.568552036113998,1.3307353132150186,0.9574146064773498,-0.6015544067498438,0.0,-0.08481889296799727,2.1343747458109554,-0.9071339399239409
0.14656787024195714,0.652427708225426,1.4248870236980242,-0.5421256172169757,-0.2294157338705605,-1.5409713929454416,-0.0929813591060608,-0.3306814747123078,-0.23159766300208343,-0.2190539771691616,-0.6164810848577345,0.20412414523193206,-0.15294382258037553,-0.4341140500939411,0.7793926439599044,-0.34899122022605644,-0.6302424841458696,-0.1203858530857698,-0.568552036113998,-0.3431455839107911,-0.8465967650815867,-0.6015544067498438,0.0,-0.08481889296799727,2.1343747458109554,0.5799708796235029
-1.4318553477483524,0.652427708225426,-0.7018100265975343,1.844590936568452,-0.2294157338705605,-0.39951110187474415,-0.0929813591060608,-0.3306814747123078,-0.7335121029446794,-0.2190539771691616,-0.3691962319489423,0.20412414523193206,-0.15294382258037553,-0.4341140500939411,-1.0477167022287532,-0.34899122022605644,-0.6302424841458696,-0.1203858530857698,-0.568552036113998,-0.3431455839107911,-0.8465967650815867,1.6623600272549444,0.0,-0.08481889296799727,-0.4685212856658194,0.5799708796235029
-1.4318553477483524,0.652427708225426,-0.7018100265975343,1.844590936568452,-0.2294157338705605,0.7419491891959532,-0.0929813591060608,-0.3306814747123078,0.27031677694051254,-0.2190539771691616,-0.5454007186660997,0.20412414523193206,-0.15294382258037553,-0.4341140500939411,1.144814513197636,-0.34899122022605644,-0.6302424841458696,-0.1203858530857698,-0.568552036113998,1.3307353132150186,-0.8465967650815867,1.6623600272549444,1.0458250331675945,-0.08481889296799727,-0.4685212856658194,0.5799708796235029
-1.4318553477483524,-1.5327368647783928,1.4248870236980242,-0.5421256172169757,-0.2294157338705605,-0.39951110187474415,-0.0929813591060608,-0.3306814747123078,-0.7335121029446794,-0.2190539771691616,-0.4937739263795441,0.20412414523193206,-0.15294382258037553,-0.4341140500939411,0.7793926439599044,-0.34899122022605644,-0.6302424841458696,-0.1203858530857698,-0.568552036113998,-0.3431455839107911,0.9574146064773498,1.6623600272549444,2.091650066335189,-0.08481889296799727,-0.4685212856658194,-0.9071339399239409
0.14656787024195714,0.652427708225426,-0.7018100265975343,-0.5421256172169757,-0.2294157338705605,0.7419491891959532,-0.0929813591060608,-0.3306814747123078,-0.7335121029446794,-0.2190539771691616,-0.9292346961009268,0.20412414523193206,-0.15294382258037553,-0.4341140500939411,1.5102363824353675,-0.34899122022605644,1.5866908771712596,-0.1203858530857698,-0.568552036113998,1.3307353132150186,-0.8465967650815867,1.6623600272549444,-1.0458250331675945,-0.08481889296799727,-0.4685212856658194,0.5799708796235029
0.14656787024195714,-1.5327368647783928,-0.7018100265975343,1.844590936568452,-0.2294157338705605,-2.6824316840161386,-0.0929813591060608,-0.3306814747123078,-0.7335121029446794,-0.2190539771691616,-0.0867453031348152,0.20412414523193206,-0.15294382258037553,-0.4341140500939411,-0.9563612349193203,-0.34899122022605644,-0.6302424841458696,-0.1203858530857698,-0.568552036113998,-1.180086032473696,0.9574146064773498,-0.6015544067498438,1.0458250331675945,-0.08481889296799727,2.1343747458109554,-0.9071339399239409
0.14656787024195714,-1.5327368647783928,1.4248870236980242,-0.5421256172169757,-0.2294157338705605,-2.6824316840161386,-0.0929813591060608,-0.3306814747123078,2.277974536710896,1.8254498097430136,1.9293183463742327,0.20412414523193206,-0.15294382258037553,-0.4341140500939411,-0.4995838983721559,-0.34899122022605644,-0.6302424841458696,-0.1203858530857698,1.7588539596742978,-1.180086032473696,0.9574146064773498,-0.6015544067498438,1.0458250331675945,-0.08481889296799727,-0.4685212856658194,0.5799708796235029
1.7249910882322665,0.652427708225426,-0.7018100265975343,-0.5421256172169757,-0.2294157338705605,0.7419491891959532,-0.0929813591060608,-0.3306814747123078,-0.23159766300208343,-0.2190539771691616,0.7860467722603618,0.20412414523193206,-0.15294382258037553,2.303542121669652,0.048548905484441365,-0.34899122022605644,-0.6302424841458696,-0.1203858530857698,1.7588539596742978,1.3307353132150186,-0.8465967650815867,-0.6015544067498438,0.0,-0.08481889296799727,-0.4685212856658194,-2.394238759471385
0.14656787024195714,-1.5327368647783928,-0.7018100265975343,-0.5421256172169757,-0.2294157338705605,-0.39951110187474415,-0.0929813591060608,-0.3306814747123078,0.019359556969214552,-0.2190539771691616,-0.5109828571417293,0.20412414523193206,-0.15294382258037553,-0.4341140500939411,-0.9563612349193203,-0.34899122022605644,1.5866908771712596,-0.1203858530857698,-0.568552036113998,-0.3431455839107911,0.9574146064773498,1.6623600272549444,0.0,-0.08481889296799727,-0.4685212856658194,0.5799708796235029
0.14656787024195714,-1.5327368647783928,-0.7018100265975343,1.844590936568452,-0.2294157338705605,-0.39951110187474415,-0.0929813591060608,-0.3306814747123078,-0.7335121029446794,-0.2190539771691616,-0.48928464009375666,0.20412414523193206,-0.15294382258037553,-0.4341140500939411,-0.5909393656815888,-0.34899122022605644,-0.6302424841458696,-0.1203858530857698,1.7588539596742978,-0.3431455839107911,0.9574146064773498,-0.6015544067498438,0.0,-0.08481889296799727,-0.4685212856658194,0.5799708796235029
0.14656787024195714,0.652427708225426,-0.7018100265975343,1.844590936568452,-0.2294157338705605,-0.39951110187474415,-0.0929813591060608,-0.3306814747123078,1.2741456568257044,1.8254498097430136,-0.8574061155283277,0.20412414523193206,-0.15294382258037553,-0.4341140500939411,0.048548905484441365,-0.34899122022605644,-0.6302424841458696,-0.1203858530857698,1.7588539596742978,1.3307353132150186,-0.8465967650815867,-0.6015544067498438,-1.0458250331675945,-0.08481889296799727,-0.4685212856658194,0.5799708796235029
1.7249910882322665,0.652427708225426,1.4248870236980242,-0.5421256172169757,-0.2294157338705605,0.7419491891959532,-0.0929813591060608,3.0240581238183513,2.277974536710896,-1.241305870625249,1.656594204512645,0.20412414523193206,-0.15294382258037553,-0.4341140500939411,0.9621035785787702,-0.34899122022605644,-0.6302424841458696,-0.1203858530857698,-0.568552036113998,1.3307353132150186,0.05540892069788158,-0.6015544067498438,-1.0458250331675945,-0.08481889296799727,-0.4685212856658194,0.5799708796235029
0.14656787024195714,0.652427708225426,-0.7018100265975343,-0.5421256172169757,-0.2294157338705605,0.7419491891959532,-0.0929813591060608,-0.3306814747123078,1.7760600967683002,1.8254498097430136,0.31467171225267937,0.20412414523193206,-0.15294382258037553,-0.4341140500939411,0.048548905484441365,-0.34899122022605644,1.5866908771712596,-0.1203858530857698,-0.568552036113998,-0.3431455839107911,-0.8465967650815867,-0.6015544067498438,-1.0458250331675945,-0.08481889296799727,2.1343747458109554,0.5799708796235029
0.14656787024195714,0.652427708225426,-0.7018100265975343,-0.5421256172169757,-0.2294157338705605,1.8834094802666506,-0.0929813591060608,-0.3306814747123078,-0.23159766300208343,-0.2190539771691616,-0.3295408697578198,0.20412414523193206,-0.15294382258037553,-0.4341140500939411,-0.1341620291344244,-0.34899122022605644,1.5866908771712596,-0.1203858530857698,-0.568552036113998,-2.0170264810366008,1.859420292256818,1.6623600272549444,-1.0458250331675945,-0.08481889296799727,-0.4685212856658194,0.5799708796235029
0.14656787024195714,0.652427708225426,1.4248870236980242,-0.5421256172169757,-0.2294157338705605,-0.39951110187474415,-0.0929813591060608,-0.3306814747123078,1.2741456568257044,-0.2190539771691616,-0.328418548186373,0.20412414523193206,-0.15294382258037553,-0.4341140500939411,-1.0477167022287532,-0.34899122022605644,-0.6302424841458696,-0.1203858530857698,-0.568552036113998,0.4937948646521137,-0.8465967650815867,1.6623600272549444,1.0458250331675945,-0.08481889296799727,-0.4685212856658194,-0.9071339399239409
-1.4318553477483524,0.652427708225426,-0.7018100265975343,-0.5421256172169757,-0.2294157338705605,1.8834094802666506,-0.0929813591060608,-0.3306814747123078,0.019359556969214552,-0.2190539771691616,-0.0777667305632403,0.20412414523193206,-0.15294382258037553,-0.4341140500939411,-0.6822948329910217,2.865401597645516,1.5866908771712596,-0.1203858530857698,-0.568552036113998,-0.3431455839107911,-0.8465967650815867,-0.6015544067498438,-1.0458250331675945,-0.08481889296799727,-0.4685212856658194,0.5799708796235029
1.7249910882322665,-1.5327368647783928,-0.7018100265975343,-0.5421256172169757,-0.2294157338705605,0.7419491891959532,-0.0929813591060608,-0.3306814747123078,0.27031677694051254,-0.2190539771691616,1.203924504029077,0.20412414523193206,-0.15294382258037553,2.303542121669652,0.7793926439599044,2.865401597645516,-0.6302424841458696,-0.1203858530857698,-0.568552036113998,1.3307353132150186,0.9574146064773498,-0.6015544067498438,0.0,-0.08481889296799727,-0.4685212856658194,-2.394238759471385
0.14656787024195714,0.652427708225426,1.4248870236980242,-0.5421256172169757,-0.2294157338705605,-0.39951110187474415,-0.0929813591060608,-0.3306814747123078,0.27031677694051254,0.8031979162869259,-0.11405512804002219,0.20412414523193206,-0.15294382258037553,-0.4341140500939411,-0.5909393656815888,-0.34899122022605644,-0.6302424841458696,-0.1203858530857698,-0.568552036113998,-1.180086032473696,-0.8465967650815867,1.6623600272549444,1.0458250331675945,-0.08481889296799727,-0.4685212856658194,0.5799708796235029
-3.0102785657386617,0.652427708225426,1.4248870236980242,-0.5421256172169757,-0.2294157338705605,0.7419491891959532,-0.0929813591060608,-0.3306814747123078,1.7760600967683002,-0.2190539771691616,0.07225025282015703,0.20412414523193206,6.538348415311053,-0.4341140500939411,2.697857457457995,-0.34899122022605644,-0.6302424841458696,-0.1203858530857698,-0.568552036113998,-2.0170264810366008,-0.8465967650815867,-0.6015544067498438,0.0,-0.08481889296799727,-0.4685212856658194,0.5799708796235029
0.14656787024195714,-1.5327368647783928,1.4248870236980242,-0.5421256172169757,-0.2294157338705605,0.7419491891959532,-0.0929813591060608,-0.3306814747123078,-1.2354265428872753,-0.2190539771691616,-0.4653417799028902,0.20412414523193206,-0.15294382258037553,-0.4341140500939411,-0.40822843106272305,-0.34899122022605644,-0.6302424841458696,-0.1203858530857698,-0.568552036113998,0.4937948646521137,0.9574146064773498,1.6623600272549444,0.0,-0.08481889296799727,-0.4685212856658194,0.5799708796235029
1.7249910882322665,-1.5327368647783928,-0.7018100265975343,1.844590936568452,-0.2294157338705605,-0.39951110187474415,-0.0929813591060608,-0.3306814747123078,-1.2354265428872753,-1.241305870625249,-0.6834462719540639,0.20412414523193206,-0.15294382258037553,-0.4341140500939411,3.6114121305523237,-0.34899122022605644,-0.6302424841458696,-0.1203858530857698,1.7588539596742978,-2.0170264810366008,0.9574146064773498,-0.6015544067498438,0.0,-0.08481889296799727,-0.4685212856658194,0.5799708796235029
0.14656787024195714,-1.5327368647783928,-0.7018100265975343,-0.5421256172169757,-0.2294157338705605,-0.39951110187474415,-0.0929813591060608,-0.3306814747123078,-0.23159766300208343,-0.2190539771691616,-0.43466499028334266,0.20412414523193206,-0.15294382258037553,-0.4341140500939411,-1.4131385714664848,-0.34899122022605644,1.5866908771712596,-0.1203858530857698,-0.568552036113998,-0.3431455839107911,0.9574146064773498,-0.6015544067498438,0.0,-0.08481889296799727,2.1343747458109554,-0.9071339399239409
0.14656787024195714,0.652427708225426,-0.7018100265975343,1.844590936568452,-0.2294157338705605,0.7419491891959532,-0.0929813591060608,-0.3306814747123078,0.7722312168831085,-0.2190539771691616,-0.06878815799166539,0.20412414523193206,-0.15294382258037553,-0.4341140500939411,1.053459045888203,-0.34899122022605644,-0.6302424841458696,-0.1203858530857698,-0.568552036113998,1.3307353132150186,-0.8465967650815867,1.6623600272549444,2.091650066335189,-0.08481889296799727,-0.4685212856658194,0.5799708796235029
-1.4318553477483524,-1.5327368647783928,-0.7018100265975343,-0.5421256172169757,-0.2294157338705605,-0.39951110187474415,-0.0929813591060608,-0.3306814747123078,-0.7335121029446794,2.847701703199101,-0.8297221834326384,0.20412414523193206,-0.15294382258037553,-0.4341140500939411,-1.5044940387759176,-0.34899122022605644,1.5866908771712596,-0.1203858530857698,-0.568552036113998,-1.180086032473696,0.9574146064773498,-0.6015544067498438,1.0458250331675945,-0.08481889296799727,2.1343747458109554,-0.9071339399239409
-1.4318553477483524,0.652427708225426,1.4248870236980242,-0.5421256172169757,-0.2294157338705605,1.8834094802666506,-0.0929813591060608,-0.3306814747123078,0.27031677694051254,-0.2190539771691616,-0.24798550223268115,0.20412414523193206,-0.15294382258037553,-0.4341140500939411,1.053459045888203,-0.34899122022605644,-0.6302424841458696,-0.1203858530857698,1.7588539596742978,1.3307353132150186,-0.8465967650815867,-0.6015544067498438,-1.0458250331675945,-0.08481889296799727,-0.4685212856658194,0.5799708796235029
1.7249910882322665,0.652427708225426,-0.7018100265975343,-0.5421256172169757,-0.2294157338705605,1.8834094802666506,-0.0929813591060608,3.0240581238183513,1.2741456568257044,-0.2190539771691616,0.46917798192186416,0.20412414523193206,-0.15294382258037553,-0.4341140500939411,-0.4995838983721559,-0.34899122022605644,1.5866908771712596,-0.1203858530857698,-0.568552036113998,-0.3431455839107911,0.05540892069788158,-0.6015544067498438,1.0458250331675945,-0.08481889296799727,-0.4685212856658194,0.5799708796235029
0.14656787024195714,0.652427708225426,1.4248870236980242,-0.5421256172169757,4.358898943540649,0.7419491891959532,-0.0929813591060608,-0.3306814747123078,0.019359556969214552,-0.2190539771691616,-0.32991497694830213,0.20412414523193206,-0.15294382258037553,-0.4341140500939411,-0.22551749644385727,-0.34899122022605644,-0.6302424841458696,-0.1203858530857698,-0.568552036113998,-1.180086032473696,0.05540892069788158,-0.6015544067498438,2.091650066335189,-0.08481889296799727,-0.4685212856658194,-0.9071339399239409
0.14656787024195714,0.652427708225426,-0.7018100265975343,1.844590936568452,-0.2294157338705605,-0.39951110187474415,-0.0929813591060608,-0.3306814747123078,0.27031677694051254,-0.2190539771691616,-0.6688560915252547,0.20412414523193206,-0.15294382258037553,-0.4341140500939411,-0.6822948329910217,-0.34899122022605644,-0.6302424841458696,-0.1203858530857698,-0.568552036113998,-0.3431455839107911,1.859420292256818,1.6623600272549444,-1.0458250331675945,-0.08481889296799727,-0.4685212856658194,0.5799708796235029
-1.4318553477483524,0.652427708225426,-0.7018100265975343,-0.5421256172169757,-0.2294157338705605,-0.39951110187474415,-0.0929813591060608,-0.3306814747123078,-0.7335121029446794,-0.2190539771691616,-0.7653757466696849,0.20412414523193206,-0.15294382258037553,-0.4341140500939411,0.41397077472217286,-0.34899122022605644,1.5866908771712596,-0.1203858530857698,-0.568552036113998,1.3307353132150186,1.859420292256818,1.6623600272549444,1.0458250331675945,-0.08481889296799727,-0.4685212856658194,0.5799708796235029
-1.4318553477483524,0.652427708225426,-0.7018100265975343,-0.5421256172169757,4.358898943540649,-0.39951110187474415,-0.0929813591060608,-0.3306814747123078,-0.9844693229159773,-1.241305870625249,0.236109202251399,0.20412414523193206,-0.15294382258037553,-0.4341140500939411,2.606501990148562,-0.34899122022605644,1.5866908771712596,-0.1203858530857698,-0.568552036113998,1.3307353132150186,-0.8465967650815867,-0.6015544067498438,-1.0458250331675945,-0.08481889296799727,-0.4685212856658194,0.5799708796235029
0.14656787024195714,-1.5327368647783928,-0.7018100265975343,-0.5421256172169757,-0.2294157338705605,-0.39951110187474415,-0.0929813591060608,-0.3306814747123078,0.27031677694051254,-0.2190539771691616,-0.2850221140904276,0.20412414523193206,-0.15294382258037553,-0.4341140500939411,-0.04280656182499151,-0.34899122022605644,1.5866908771712596,-0.1203858530857698,-0.568552036113998,-1.180086032473696,0.9574146064773498,1.6623600272549444,0.0,-0.08481889296799727,-0.4685212856658194,0.5799708796235029
0.14656787024195714,0.652427708225426,-0.7018100265975343,-0.5421256172169757,-0.2294157338705605,-0.39951110187474415,-0.0929813591060608,-0.3306814747123078,-0.9008169162588779,0.8031979162869259,-0.132012273183172,0.20412414523193206,-0.15294382258037553,-0.4341140500939411,-0.31687296375329016,2.865401597645516,1.5866908771712596,-0.1203858530857698,-0.568552036113998,-0.3431455839107911,-0.8465967650815867,-0.6015544067498438,-1.0458250331675945,-0.08481889296799727,-0.4685212856658194,0.5799708796235029
0.14656787024195714,-1.5327368647783928,-0.7018100265975343,-0.5421256172169757,4.358898943540649,-0.39951110187474415,-0.0929813591060608,-0.3306814747123078,-1.2354265428872753,-0.2190539771691616,-0.6220926927149687,0.20412414523193206,-0.15294382258037553,2.303542121669652,1.8756582516730989,-0.34899122022605644,-0.6302424841458696,-0.1203858530857698,-0.568552036113998,-1.180086032473696,0.9574146064773498,-0.6015544067498438,-1.0458250331675945,-0.08481889296799727,-0.4685212856658194,0.5799708796235029
0.14656787024195714,0.652427708225426,1.4248870236980242,-0.5421256172169757,-0.2294157338705605,1.8834094802666506,-0.0929813591060608,3.0240581238183513,-0.23159766300208343,-0.2190539771691616,-0.38603105552064526,0.20412414523193206,-0.15294382258037553,-0.4341140500939411,-0.6822948329910217,-0.34899122022605644,-0.6302424841458696,-0.1203858530857698,-0.568552036113998,-0.3431455839107911,1.859420292256818,-0.6015544067498438,-1.0458250331675945,-0.08481889296799727,-0.4685212856658194,0.5799708796235029
0.14656787024195714,0.652427708225426,-0.7018100265975343,1.844590936568452,-0.2294157338705605,-0.39951110187474415,-0.0929813591060608,-0.3306814747123078,1.2741456568257044,-0.2190539771691616,0.15679847786915402,0.20412414523193206,-0.15294382258037553,-0.4341140500939411,0.13990437279387424,-0.34899122022605644,-0.6302424841458696,-0.1203858530857698,-0.568552036113998,-0.3431455839107911,-0.8465967650815867,-0.6015544067498438,0.0,-0.08481889296799727,2.1343747458109554,0.5799708796235029
0.14656787024195714,-1.5327368647783928,1.4248870236980242,-0.5421256172169757,-0.2294157338705605,-0.39951110187474415,-0.0929813591060608,-0.3306814747123078,-0.4825548829733814,0.8031979162869259,-0.2131935335178284,0.20412414523193206,-0.15294382258037553,-0.4341140500939411,-0.6822948329910217,-0.34899122022605644,-0.6302424841458696,-0.1203858530857698,1.7588539596742978,-0.3431455839107911,0.9574146064773498,-0.6015544067498438,1.0458250331675945,-0.08481889296799727,-0.4685212856658194,-0.9071339399239409
0.14656787024195714,0.652427708225426,-0.7018100265975343,-0.5421256172169757,-0.2294157338705605,0.7419491891959532,-0.0929813591060608,-0.3306814747123078,2.277974536710896,-1.241305870625249,2.1163719416153763,0.20412414523193206,-0.15294382258037553,2.303542121669652,-0.04280656182499151,2.865401597645516,-0.6302424841458696,-0.1203858530857698,-0.568552036113998,0.4937948646521137,-0.8465967650815867,-0.6015544067498438,-1.0458250331675945,-0.08481889296799727,-0.4685212856658194,-2.394238759471385
0.14656787024195714,0.652427708225426,1.4248870236980242,-0.5421256172169757,-0.2294157338705605,0.7419491891959532,-0.0929813591060608,-0.3306814747123078,2.277974536710896,-1.241305870625249,-0.16830067065995388,0.20412414523193206,-0.15294382258037553,-0.4341140500939411,0.23125984010330713,2.865401597645516,-0.6302424841458696,-0.1203858530857698,-0.568552036113998,1.3307353132150186,-0.8465967650815867,-0.6015544067498438,-1.0458250331675945,-0.08481889296799727,-0.4685212856658194,0.5799708796235029
-1.4318553477483524,-1.5327368647783928,-0.7018100265975343,-0.5421256172169757,-0.2294157338705605,-0.39951110187474415,-0.0929813591060608,3.0240581238183513,0.019359556969214552,2.847701703199101,-0.609373048238571,0.20412414523193206,-0.15294382258037553,-0.4341140500939411,0.048548905484441365,-0.34899122022605644,1.5866908771712596,-0.1203858530857698,-0.568552036113998,1.3307353132150186,0.9574146064773498,-0.6015544067498438,-1.0458250331675945,-0.08481889296799727,-0.4685212856658194,0.5799708796235029
-1.4318553477483524,0.652427708225426,-0.7018100265975343,-0.5421256172169757,-0.2294157338705605,-0.39951110187474415,-0.0929813591060608,-0.3306814747123078,-0.9844693229159773,1.8254498097430136,-0.25958282513763203,0.20412414523193206,-0.15294382258037553,2.303542121669652,1.4188809151259345,-0.34899122022605644,-0.6302424841458696,-0.1203858530857698,1.7588539596742978,1.3307353132150186,-0.8465967650815867,-0.6015544067498438,-1.0458250331675945,-0.08481889296799727,-0.4685212856658194,-2.394238759471385
0.14656787024195714,0.652427708225426,-0.7018100265975343,-0.5421256172169757,-0.2294157338705605,-2.6824316840161386,-0.0929813591060608,-0.3306814747123078,2.277974536710896,-0.2190539771691616,0.5252940604942073,0.20412414523193206,-0.15294382258037553,2.303542121669652,-1.0477167022287532,2.865401597645516,-0.6302424841458696,-0.1203858530857698,-0.568552036113998,1.3307353132150186,-0.8465967650815867,-0.6015544067498438,0.0,-0.08481889296799727,-0.4685212856658194,-2.394238759471385
1.7249910882322665,-1.5327368647783928,1.4248870236980242,-0.5421256172169757,-0.2294157338705605,-0.39951110187474415,-0.0929813591060608,-0.3306814747123078,0.019359556969214552,1.8254498097430136,-0.15670334775500297,0.20412414523193206,-0.15294382258037553,-0.4341140500939411,-0.40822843106272305,-0.34899122022605644,-0.6302424841458696,-0.1203858530857698,1.7588539596742978,0.4937948646521137,0.9574146064773498,-0.6015544067498438,-1.0458250331675945,-0.08481889296799727,-0.4685212856658194,0.5799708796235029
0.14656787024195714,0.652427708225426,-0.7018100265975343,1.844590936568452,-0.2294157338705605,0.7419491891959532,-0.0929813591060608,-0.3306814747123078,-0.7335121029446794,-0.2190539771691616,0.04868149981977291,0.20412414523193206,-0.15294382258037553,-0.4341140500939411,0.5966817093410386,-0.34899122022605644,-0.6302424841458696,-0.1203858530857698,-0.568552036113998,1.3307353132150186,-0.8465967650815867,-0.6015544067498438,-1.0458250331675945,-0.08481889296799727,2.1343747458109554,0.5799708796235029
0.14656787024195714,-1.5327368647783928,1.4248870236980242,-0.5421256172169757,-0.2294157338705605,-0.39951110187474415,-0.0929813591060608,-0.3306814747123078,0.019359556969214552,2.847701703199101,0.05840828677231239,0.20412414523193206,-0.15294382258037553,-0.4341140500939411,-0.5909393656815888,-0.34899122022605644,-0.6302424841458696,-0.1203858530857698,-0.568552036113998,-1.180086032473696,0.9574146064773498,1.6623600272549444,0.0,-0.08481889296799727,-0.4685212856658194,0.5799708796235029
1.7249910882322665,0.652427708225426,-0.7018100265975343,-0.5421256172169757,-0.2294157338705605,-0.39951110187474415,-0.0929813591060608,-0.3306814747123078,-0.7335121029446794,-0.2190539771691616,1.7448835014664648,0.20412414523193206,-0.15294382258037553,2.303542121669652,1.6015918497448003,-0.34899122022605644,-0.6302424841458696,-0.1203858530857698,-0.568552036113998,1.3307353132150186,-0.8465967650815867,-0.6015544067498438,0.0,-0.08481889296799727,2.1343747458109554,-2.394238759471385
-1.4318553477483524,0.652427708225426,-0.7018100265975343,-0.5421256172169757,-0.2294157338705605,-0.39951110187474415,-0.0929813591060608,-0.3306814747123078,0.27031677694051254,-0.2190539771691616,-0.06729172922973624,0.20412414523193206,-0.15294382258037553,-0.4341140500939411,-1.0477167022287532,-0.34899122022605644,1.5866908771712596,-0.1203858530857698,-0.568552036113998,-0.3431455839107911,0.05540892069788158,-0.6015544067498438,0.0,-0.08481889296799727,2.1343747458109554,-0.9071339399239409
-1.4318553477483524,-1.5327368647783928,-0.7018100265975343,1.844590936568452,-0.2294157338705605,-0.39951110187474415,-0.0929813591060608,3.0240581238183513,-0.4825548829733814,-0.2190539771691616,-0.8959391561480032,0.20412414523193206,-0.15294382258037553,-0.4341140500939411,-1.230427636847619,-0.34899122022605644,-0.6302424841458696,-0.1203858530857698,-0.568552036113998,-0.3431455839107911,0.9574146064773498,-0.6015544067498438,0.0,-0.08481889296799727,-0.4685212856658194,0.5799708796235029
0.14656787024195714,-1.5327368647783928,1.4248870236980242,-0.5421256172169757,-0.2294157338705605,-0.39951110187474415,-0.0929813591060608,-0.3306814747123078,-0.7335121029446794,0.8031979162869259,-0.8416936135280716,0.20412414523193206,-0.15294382258037553,-0.4341140500939411,-0.7736503003004546,-0.34899122022605644,-0.6302424841458696,-0.1203858530857698,-0.568552036113998,-1.180086032473696,0.9574146064773498,-0.6015544067498438,1.0458250331675945,-0.08481889296799727,2.1343747458109554,-0.9071339399239409
0.14656787024195714,0.652427708225426,1.4248870236980242,-0.5421256172169757,-0.2294157338705605,-0.39951110187474415,-0.0929813591060608,-0.3306814747123078,1.2741456568257044,-0.2190539771691616,0.37752172025370373,0.20412414523193206,-0.15294382258037553,-0.4341140500939411,-0.8650057676098875,-0.34899122022605644,-0.6302424841458696,-0.1203858530857698,-0.568552036113998,-0.3431455839107911,-0.8465967650815867,1.6623600272549444,2.091650066335189,-0.08481889296799727,-0.4685212856658194,0.5799708796235029
0.14656787024195714,-1.5327368647783928,1.4248870236980242,-0.5421256172169757,-0.2294157338705605,-0.39951110187474415,-0.0929813591060608,-0.3306814747123078,-0.23159766300208343,-0.2190539771691616,-0.303727473614542,0.20412414523193206,-0.15294382258037553,-0.4341140500939411,-0.7736503003004546,-0.34899122022605644,-0.6302424841458696,-0.1203858530857698,-0.568552036113998,-1.180086032473696,0.9574146064773498,1.6623600272549444,0.0,-0.08481889296799727,-0.4685212856658194,0.5799708796235029
0.14656787024195714,-1.5327368647783928,-0.7018100265975343,-0.5421256172169757,-0.2294157338705605,0.7419491891959532,-0.0929813591060608,-0.3306814747123078,-1.4027313562014738,-0.2190539771691616,0.067012752153405,0.20412414523193206,-0.15294382258037553,-0.4341140500939411,0.13990437279387424,-0.34899122022605644,1.5866908771712596,-0.1203858530857698,1.7588539596742978,0.4937948646521137,0.9574146064773498,-0.6015544067498438,-1.0458250331675945,-0.08481889296799727,-0.4685212856658194,0.5799708796235029
0.14656787024195714,0.652427708225426,1.4248870236980242,-0.5421256172169757,-0.2294157338705605,-0.39951110187474415,-0.0929813591060608,-0.3306814747123078,0.27031677694051254,-1.241305870625249,-0.8237364683849218,0.20412414523193206,-0.15294382258037553,-0.4341140500939411,-0.9563612349193203,-0.34899122022605644,-0.6302424841458696,-0.1203858530857698,-0.568552036113998,1.3307353132150186,-0.8465967650815867,1.6623600272549444,-1.0458250331675945,-0.08481889296799727,-0.4685212856658194,0.5799708796235029
0.14656787024195714,0.652427708225426,-0.7018100265975343,-0.5421256172169757,-0.2294157338705605,-0.39951110187474415,-0.0929813591060608,-0.3306814747123078,2.277974536710896,-0.2190539771691616,1.4209066745088037,0.20412414523193206,-0.15294382258037553,-0.4341140500939411,-0.1341620291344244,-0.34899122022605644,1.5866908771712596,-0.1203858530857698,-0.568552036113998,0.4937948646521137,1.859420292256818,1.6623600272549444,0.0,-0.08481889296799727,-0.4685212856658194,0.5799708796235029
1.7249910882322665,0.652427708225426,1.4248870236980242,-0.5421256172169757,-0.2294157338705605,-0.39951110187474415,-0.0929813591060608,-0.3306814747123078,1.5251028767970023,0.8031979162869259,2.015363000185159,0.20412414523193206,-0.15294382258037553,-0.4341140500939411,0.8707481112693373,2.865401597645516,-0.6302424841458696,-0.1203858530857698,-0.568552036113998,1.3307353132150186,-0.8465967650815867,-0.6015544067498438,-1.0458250331675945,-0.08481889296799727,-0.4685212856658194,0.5799708796235029
1.7249910882322665,0.652427708225426,-0.7018100265975343,-0.5421256172169757,-0.2294157338705605,-0.39951110187474415,-0.0929813591060608,3.0240581238183513,-0.23159766300208343,-0.2190539771691616,0.46319226687414755,0.20412414523193206,-0.15294382258037553,-0.4341140500939411,-0.22551749644385727,-0.34899122022605644,1.5866908771712596,-0.1203858530857698,-0.568552036113998,1.3307353132150186,-0.8465967650815867,-0.6015544067498438,1.0458250331675945,-0.08481889296799727,-0.4685212856658194,0.5799708796235029
-1.4318553477483524,0.652427708225426,-0.7018100265975343,-0.5421256172169757,-0.2294157338705605,-0.39951110187474415,-0.0929813591060608,3.0240581238183513,-0.7335121029446794,0.8031979162869259,-0.8095203951465948,0.20412414523193206,-0.15294382258037553,-0.4341140500939411,0.32261530741274,-0.34899122022605644,1.5866908771712596,-0.1203858530857698,-0.568552036113998,0.4937948646521137,-0.8465967650815867,-0.6015544067498438,1.0458250331675945,-0.08481889296799727,-0.4685212856658194,0.5799708796235029
0.14656787024195714,0.652427708225426,1.4248870236980242,-0.5421256172169757,-0.2294157338705605,0.7419491891959532,-0.0929813591060608,-0.3306814747123078,-0.9008169162588779,-1.241305870625249,-0.42344177456887405,-4.898979485566365,-0.15294382258037553,-0.4341140500939411,-0.8650057676098875,-0.34899122022605644,-0.6302424841458696,-0.1203858530857698,-0.568552036113998,-0.3431455839107911,1.859420292256818,-0.6015544067498438,-1.0458250331675945,-0.08481889296799727,2.1343747458109554,0.5799708796235029
-1.4318553477483524,0.652427708225426,1.4248870236980242,-0.5421256172169757,-0.2294157338705605,-0.39951110187474415,-0.0929813591060608,-0.3306814747123078,-0.9844693229159773,-0.2190539771691616,-0.7926855715748918,0.20412414523193206,-0.15294382258037553,-0.4341140500939411,-0.7736503003004546,-0.34899122022605644,-0.6302424841458696,-0.1203858530857698,-0.568552036113998,1.3307353132150186,-0.8465967650815867,1.6623600272549444,1.0458250331675945,-0.08481889296799727,-0.4685212856658194,0.5799708796235029
-1.4318553477483524,-1.5327368647783928,-0.7018100265975343,-0.5421256172169757,-0.2294157338705605,-0.39951110187474415,-0.0929813591060608,-0.3306814747123078,-0.4825548829733814,-1.241305870625249,-0.3796712332824464,0.20412414523193206,-0.15294382258037553,-0.4341140500939411,-0.22551749644385727,-0.34899122022605644,1.5866908771712596,-0.1203858530857698,-0.568552036113998,0.4937948646521137,0.9574146064773498,-0.6015544067498438,-1.0458250331675945,-0.08481889296799727,2.1343747458109554,-0.9071339399239409
1.7249910882322665,0.652427708225426,-0.7018100265975343,-0.5421256172169757,-0.2294157338705605,0.7419491891959532,-0.0929813591060608,-0.3306814747123078,-0.7335121029446794,-0.2190539771691616,-0.6265819790007562,0.20412414523193206,-0.15294382258037553,2.303542121669652,2.7892129247674275,2.865401597645516,-0.6302424841458696,-0.1203858530857698,-0.568552036113998,1.3307353132150186,-0.8465967650815867,-0.6015544067498438,0.0,-0.08481889296799727,-0.4685212856658194,-2.394238759471385
0.14656787024195714,0.652427708225426,1.4248870236980242,-0.5421256172169757,-0.2294157338705605,-0.39951110187474415,-0.0929813591060608,-0.3306814747123078,2.277974536710896,-0.2190539771691616,-0.056068513515267614,0.20412414523193206,-0.15294382258037553,-0.4341140500939411,1.6929473170542333,-0.34899122022605644,-0.6302424841458696,8.306623862918117,-0.568552036113998,-0.3431455839107911,-0.8465967650815867,-0.6015544067498438,0.0,-0.08481889296799727,-0.4685212856658194,0.5799708796235029
0.14656787024195714,0.652427708225426,1.4248870236980242,-0.5421256172169757,-0.2294157338705605,1.8834094802666506,10.754843869934366,-0.3306814747123078,-0.06429284968788476,-0.2190539771691616,-0.21394174789879297,0.20412414523193206,-0.15294382258037553,-0.4341140500939411,-0.5909393656815888,-0.34899122022605644,-0.6302424841458696,-0.1203858530857698,-0.568552036113998,-0.3431455839107911,-0.8465967650815867,-0.6015544067498438,1.0458250331675945,-0.08481889296799727,-0.4685212856658194,0.5799708796235029
0.14656787024195714,0.652427708225426,-0.7018100265975343,-0.5421256172169757,-0.2294157338705605,0.7419491891959532,-0.0929813591060608,-0.3306814747123078,1.2741456568257044,-1.241305870625249,2.7220514830062,0.20412414523193206,-0.15294382258037553,2.303542121669652,0.5966817093410386,2.865401597645516,-0.6302424841458696,-0.1203858530857698,-0.568552036113998,1.3307353132150186,-0.8465967650815867,-0.6015544067498438,-1.0458250331675945,-0.08481889296799727,-0.4685212856658194,-2.394238759471385
0.14656787024195714,0.652427708225426,-0.7018100265975343,1.844590936568452,-0.2294157338705605,0.7419491891959532,-0.0929813591060608,-0.3306814747123078,0.27031677694051254,0.8031979162869259,-0.27604354151885274,0.20412414523193206,-0.15294382258037553,-0.4341140500939411,-0.7736503003004546,-0.34899122022605644,-0.6302424841458696,-0.1203858530857698,1.7588539596742978,0.4937948646521137,1.859420292256818,-0.6015544067498438,-1.0458250331675945,-0.08481889296799727,-0.4685212856658194,0.5799708796235029
0.14656787024195714,0.652427708225426,-0.7018100265975343,-0.5421256172169757,-0.2294157338705605,-0.39951110187474415,-0.0929813591060608,3.0240581238183513,-0.5662072896304807,1.8254498097430136,-0.6699784130967016,0.20412414523193206,-0.15294382258037553,-0.4341140500939411,-0.04280656182499151,-0.34899122022605644,1.5866908771712596,-0.1203858530857698,-0.568552036113998,1.3307353132150186,1.859420292256818,-0.6015544067498438,1.0458250331675945,-0.08481889296799727,-0.4685212856658194,0.5799708796235029
0.14656787024195714,0.652427708225426,1.4248870236980242,-0.5421256172169757,-0.2294157338705605,1.8834094802666506,-0.0929813591060608,3.0240581238183513,-1.2354265428872753,0.8031979162869259,-0.6553882326678924,0.20412414523193206,-0.15294382258037553,-0.4341140500939411,-0.40822843106272305,-0.34899122022605644,-0.6302424841458696,-0.1203858530857698,-0.568552036113998,1.3307353132150186,0.05540892069788158,-0.6015544067498438,1.0458250331675945,-0.08481889296799727,-0.4685212856658194,0.5799708796235029
0.14656787024195714,0.652427708225426,-0.7018100265975343,-0.5421256172169757,-0.2294157338705605,-0.39951110187474415,-0.0929813591060608,-0.3306814747123078,1.2741456568257044,-0.2190539771691616,0.8575012456424786,0.20412414523193206,-0.15294382258037553,2.303542121669652,0.5966817093410386,2.865401597645516,-0.6302424841458696,-0.1203858530857698,-0.568552036113998,1.3307353132150186,-0.8465967650815867,-0.6015544067498438,0.0,-0.08481889296799727,-0.4685212856658194,-2.394238759471385
-1.4318553477483524,0.652427708225426,-0.7018100265975343,1.844590936568452,-0.2294157338705605,-0.39951110187474415,-0.0929813591060608,-0.3306814747123078,0.27031677694051254,-0.2190539771691616,1.5683049075588251,0.20412414523193206,-0.15294382258037553,-0.4341140500939411,0.6880371766504715,-0.34899122022605644,-0.6302424841458696,-0.1203858530857698,1.7588539596742978,-0.3431455839107911,-0.8465967650815867,-0.6015544067498438,-1.0458250331675945,-0.08481889296799727,-0.4685212856658194,0.5799708796235029
0.14656787024195714,0.652427708225426,-0.7018100265975343,-0.5421256172169757,-0.2294157338705605,-1.5409713929454416,-0.0929813591060608,-0.3306814747123078,0.27031677694051254,1.8254498097430136,-0.26856139770920695,0.20412414523193206,-0.15294382258037553,-0.4341140500939411,-1.230427636847619,-0.34899122022605644,1.5866908771712596,-0.1203858530857698,-0.568552036113998,-0.3431455839107911,-0.8465967650815867,-0.6015544067498438,0.0,-0.08481889296799727,2.1343747458109554,0.5799708796235029
0.14656787024195714,0.652427708225426,-0.7018100265975343,-0.5421256172169757,-0.2294157338705605,-0.39951110187474415,-0.0929813591060608,-0.3306814747123078,-1.2354265428872753,0.8031979162869259,-0.6939212732875679,0.20412414523193206,-0.15294382258037553,2.303542121669652,0.5966817093410386,-0.34899122022605644,-0.6302424841458696,-0.1203858530857698,-0.568552036113998,1.3307353132150186,-0.8465967650815867,1.6623600272549444,-1.0458250331675945,-0.08481889296799727,-0.4685212856658194,-2.394238759471385
0.14656787024195714,-1.5327368647783928,-0.7018100265975343,-0.5421256172169757,-0.2294157338705605,-1.5409713929454416,-0.0929813591060608,3.0240581238183513,2.277974536710896,-0.2190539771691616,1.20280218245763,0.20412414523193206,-0.15294382258037553,2.303542121669652,2.1497246536013974,-0.34899122022605644,-0.6302424841458696,-0.1203858530857698,-0.568552036113998,1.3307353132150186,0.9574146064773498,-0.6015544067498438,1.0458250331675945,-0.08481889296799727,-0.4685212856658194,-0.9071339399239409
0.14656787024195714,-1.5327368647783928,-0.7018100265975343,1.844590936568452,-0.2294157338705605,-0.39951110187474415,-0.0929813591060608,-0.3306814747123078,-0.9008169162588779,-0.2190539771691616,-0.7204828838118104,0.20412414523193206,-0.15294382258037553,-0.4341140500939411,-1.139072169538186,-0.34899122022605644,-0.6302424841458696,-0.1203858530857698,-0.568552036113998,-1.180086032473696,0.9574146064773498,-0.6015544067498438,2.091650066335189,-0.08481889296799727,2.1343747458109554,0.5799708796235029
1.7249910882322665,-1.5327368647783928,-0.7018100265975343,-0.5421256172169757,-0.2294157338705605,-0.39951110187474415,-0.0929813591060608,-0.3306814747123078,-0.23159766300208343,-0.2190539771691616,3.6569453520214363,0.20412414523193206,-0.15294382258037553,2.303542121669652,0.23125984010330713,2.865401597645516,-0.6302424841458696,-0.1203858530857698,-0.568552036113998,-2.0170264810366008,0.9574146064773498,-0.6015544067498438,1.0458250331675945,-0.08481889296799727,-0.4685212856658194,-2.394238759471385
0.14656787024195714,0.652427708225426,-0.7018100265975343,-0.5421256172169757,-0.2294157338705605,-1.5409713929454416,-0.0929813591060608,-0.3306814747123078,-0.9844693229159773,0.8031979162869259,-0.6598775189536797,0.20412414523193206,-0.15294382258037553,2.303542121669652,-0.5909393656815888,-0.34899122022605644,-0.6302424841458696,-0.1203858530857698,1.7588539596742978,0.4937948646521137,-0.8465967650815867,-0.6015544067498438,1.0458250331675945,-0.08481889296799727,-0.4685212856658194,0.5799708796235029
-1.4318553477483524,0.652427708225426,-0.7018100265975343,1.844590936568452,-0.2294157338705605,-0.39951110187474415,-0.0929813591060608,-0.3306814747123078,-1.2354265428872753,-0.2190539771691616,-1.0276248871977685,0.20412414523193206,6.538348415311053,-0.4341140500939411,-1.230427636847619,-0.34899122022605644,-0.6302424841458696,-0.1203858530857698,-0.568552036113998,-1.180086032473696,1.859420292256818,-0.6015544067498438,1.0458250331675945,-0.08481889296799727,-0.4685212856658194,0.5799708796235029
0.14656787024195714,0.652427708225426,-0.7018100265975343,-0.5421256172169757,-0.2294157338705605,0.7419491891959532,-0.0929813591060608,-0.3306814747123078,0.019359556969214552,-0.2190539771691616,-0.9838543459113408,0.20412414523193206,-0.15294382258037553,-0.4341140500939411,2.697857457457995,-0.34899122022605644,1.5866908771712596,-0.1203858530857698,1.7588539596742978,1.3307353132150186,-0.8465967650815867,-0.6015544067498438,0.0,-0.08481889296799727,-0.4685212856658194,0.5799708796235029
-1.4318553477483524,0.652427708225426,-0.7018100265975343,-0.5421256172169757,-0.2294157338705605,-0.39951110187474415,-0.0929813591060608,-0.3306814747123078,-1.4027313562014738,-1.241305870625249,-0.6385534090961894,-4.898979485566365,-0.15294382258037553,-0.4341140500939411,-0.5909393656815888,-0.34899122022605644,1.5866908771712596,-0.1203858530857698,1.7588539596742978,-1.180086032473696,-0.8465967650815867,-0.6015544067498438,2.091650066335189,-0.08481889296799727,-0.4685212856658194,0.5799708796235029
-1.4318553477483524,0.652427708225426,-0.7018100265975343,-0.5421256172169757,-0.2294157338705605,0.7419491891959532,-0.0929813591060608,-0.3306814747123078,-0.9844693229159773,-0.2190539771691616,-0.7717355689078838,0.20412414523193206,-0.15294382258037553,-0.4341140500939411,-0.9563612349193203,-0.34899122022605644,1.5866908771712596,-0.1203858530857698,-0.568552036113998,-0.3431455839107911,-0.8465967650815867,1.6623600272549444,0.0,-0.08481889296799727,-0.4685212856658194,0.5799708796235029
0.14656787024195714,0.652427708225426,-0.7018100265975343,-0.5421256172169757,-0.2294157338705605,-0.39951110187474415,-0.0929813591060608,-0.3306814747123078,-0.7335121029446794,2.847701703199101,-0.704396274621072,0.20412414523193206,-0.15294382258037553,-0.4341140500939411,1.6929473170542333,-0.34899122022605644,1.5866908771712596,-0.1203858530857698,1.7588539596742978,1.3307353132150186,-0.8465967650815867,-0.6015544067498438,1.0458250331675945,-0.08481889296799727,-0.4685212856658194,0.5799708796235029
-1.4318553477483524,-1.5327368647783928,-0.7018100265975343,1.844590936568452,-0.2294157338705605,-1.5409713929454416,-0.0929813591060608,-0.3306814747123078,-1.2354265428872753,0.8031979162869259,-0.8491757573377173,0.20412414523193206,-0.15294382258037553,-0.4341140500939411,-0.31687296375329016,-0.34899122022605644,-0.6302424841458696,-0.1203858530857698,1.7588539596742978,-1.180086032473696,0.9574146064773498,-0.6015544067498438,1.0458250331675945,-0.08481889296799727,-0.4685212856658194,0.5799708796235029
0.14656787024195714,0.652427708225426,-0.7018100265975343,1.844590936568452,-0.2294157338705605,-0.39951110187474415,-0.0929813591060608,-0.3306814747123078,-0.23159766300208343,-1.241305870625249,0.06626453777244043,0.20412414523193206,-0.15294382258037553,-0.4341140500939411,-0.40822843106272305,2.865401597645516,-0.6302424841458696,-0.1203858530857698,-0.568552036113998,-0.3431455839107911,-0.8465967650815867,-0.6015544067498438,-1.0458250331675945,-0.08481889296799727,-0.4685212856658194,0.5799708796235029
1.7249910882322665,0.652427708225426,1.4248870236980242,-0.5421256172169757,-0.2294157338705605,-0.39951110187474415,-0.0929813591060608,-0.3306814747123078,-0.7335121029446794,-0.2190539771691616,-0.4926516048080972,0.20412414523193206,-0.15294382258037553,-0.4341140500939411,0.32261530741274,-0.34899122022605644,-0.6302424841458696,-0.1203858530857698,1.7588539596742978,1.3307353132150186,-0.8465967650815867,-0.6015544067498438,-1.0458250331675945,-0.08481889296799727,-0.4685212856658194,0.5799708796235029
-1.4318553477483524,0.652427708225426,-0.7018100265975343,1.844590936568452,-0.2294157338705605,0.7419491891959532,-0.0929813591060608,-0.3306814747123078,0.7722312168831085,-1.241305870625249,0.17026633672651637,0.20412414523193206,-0.15294382258037553,-0.4341140500939411,1.2361699805070687,-0.34899122022605644,-0.6302424841458696,-0.1203858530857698,-0.568552036113998,1.3307353132150186,-0.8465967650815867,1.6623600272549444,2.091650066335189,-0.08481889296799727,-0.4685212856658194,0.5799708796235029
0.14656787024195714,-1.5327368647783928,1.4248870236980242,-0.5421256172169757,-0.2294157338705605,-0.39951110187474415,-0.0929813591060608,-0.3306814747123078,2.277974536710896,-0.2190539771691616,1.3307468416025725,0.20412414523193206,-0.15294382258037553,-0.4341140500939411,-0.40822843106272305,-0.34899122022605644,-0.6302424841458696,-0.1203858530857698,-0.568552036113998,-0.3431455839107911,0.9574146064773498,1.6623600272549444,0.0,-0.08481889296799727,-0.4685212856658194,0.5799708796235029
1.7249910882322665,-1.5327368647783928,1.4248870236980242,-0.5421256172169757,-0.2294157338705605,-0.39951110187474415,-0.0929813591060608,-0.3306814747123078,0.019359556969214552,0.8031979162869259,-0.10395423389700043,0.20412414523193206,-0.15294382258037553,-0.4341140500939411,-0.6822948329910217,-0.34899122022605644,-0.6302424841458696,-0.1203858530857698,1.7588539596742978,-0.3431455839107911,0.9574146064773498,-0.6015544067498438,2.091650066335189,-0.08481889296799727,-0.4685212856658194,0.5799708796235029
0.14656787024195714,-1.5327368647783928,1.4248870236980242,-0.5421256172169757,-0.2294157338705605,-0.39951110187474415,-0.0929813591060608,-0.3306814747123078,0.27031677694051254,1.8254498097430136,0.3412333227769218,0.20412414523193206,-0.15294382258037553,-0.4341140500939411,-0.6822948329910217,2.865401597645516,-0.6302424841458696,-0.1203858530857698,-0.568552036113998,-1.180086032473696,0.9574146064773498,-0.6015544067498438,1.0458250331675945,-0.08481889296799727,-0.4685212856658194,-0.9071339399239409
0.14656787024195714,0.652427708225426,-0.7018100265975343,1.844590936568452,-0.2294157338705605,0.7419491891959532,-0.0929813591060608,-0.3306814747123078,-0.23159766300208343,-0.2190539771691616,-0.6250855502388271,0.20412414523193206,-0.15294382258037553,-0.4341140500939411,-0.31687296375329016,-0.34899122022605644,-0.6302424841458696,-0.1203858530857698,1.7588539596742978,-0.3431455839107911,-0.8465967650815867,-0.6015544067498438,-1.0458250331675945,-0.08481889296799727,-0.4685212856658194,0.5799708796235029
0.14656787024195714,0.652427708225426,-0.7018100265975343,-0.5421256172169757,-0.2294157338705605,0.7419491891959532,-0.0929813591060608,-0.3306814747123078,-0.23159766300208343,-0.2190539771691616,1.1822262869811042,0.20412414523193206,-0.15294382258037553,2.303542121669652,0.5053262420316058,-0.34899122022605644,-0.6302424841458696,-0.1203858530857698,-0.568552036113998,1.3307353132150186,-0.8465967650815867,-0.6015544067498438,1.0458250331675945,-0.08481889296799727,2.1343747458109554,0.5799708796235029
0.14656787024195714,-1.5327368647783928,-0.7018100265975343,1.844590936568452,-0.2294157338705605,-0.39951110187474415,-0.0929813591060608,-0.3306814747123078,0.10301196362631387,-1.241305870625249,-0.7174900262879521,0.20412414523193206,-0.15294382258037553,-0.4341140500939411,-0.9563612349193203,-0.34899122022605644,-0.6302424841458696,-0.1203858530857698,1.7588539596742978,0.4937948646521137,0.9574146064773498,-0.6015544067498438,-1.0458250331675945,-0.08481889296799727,-0.4685212856658194,-0.9071339399239409
0.14656787024195714,0.652427708225426,-0.7018100265975343,1.844590936568452,-0.2294157338705605,1.8834094802666506,-0.0929813591060608,-0.3306814747123078,0.27031677694051254,0.8031979162869259,0.3554493960152487,0.20412414523193206,-0.15294382258037553,-0.4341140500939411,-0.04280656182499151,-0.34899122022605644,-0.6302424841458696,-0.1203858530857698,-0.568552036113998,-0.3431455839107911,-0.8465967650815867,-0.6015544067498438,-1.0458250331675945,-0.08481889296799727,2.1343747458109554,0.5799708796235029
0.14656787024195714,-1.5327368647783928,1.4248870236980242,-0.5421256172169757,-0.2294157338705605,-0.39951110187474415,-0.0929813591060608,-0.3306814747123078,0.27031677694051254,-1.241305870625249,0.7044914047352231,0.20412414523193206,-0.15294382258037553,-0.4341140500939411,0.5966817093410386,-0.34899122022605644,-0.6302424841458696,-0.1203858530857698,-0.568552036113998,1.3307353132150186,0.9574146064773498,1.6623600272549444,1.0458250331675945,-0.08481889296799727,-0.4685212856658194,0.5799708796235029
0.14656787024195714,0.652427708225426,1.4248870236980242,-0.5421256172169757,-0.2294157338705605,1.8834094802666506,-0.0929813591060608,3.0240581238183513,1.2741456568257044,-0.2190539771691616,-0.3950096280922202,0.20412414523193206,-0.15294382258037553,-0.4341140500939411,-1.0477167022287532,-0.34899122022605644,-0.6302424841458696,-0.1203858530857698,-0.568552036113998,0.4937948646521137,-0.8465967650815867,-0.6015544067498438,0.0,-0.08481889296799727,-0.4685212856658194,0.5799708796235029
0.14656787024195714,0.652427708225426,1.4248870236980242,-0.5421256172169757,-0.2294157338705605,-1.5409713929454416,-0.0929813591060608,-0.3306814747123078,-0.7335121029446794,-0.2190539771691616,-0.9367168399105726,0.20412414523193206,-0.15294382258037553,-0.4341140500939411,0.9621035785787702,-0.34899122022605644,-0.6302424841458696,-0.1203858530857698,1.7588539596742978,-1.180086032473696,-0.8465967650815867,-0.6015544067498438,0.0,-0.08481889296799727,-0.4685212856658194,0.5799708796235029
0.14656787024195714,0.652427708225426,1.4248870236980242,-0.5421256172169757,-0.2294157338705605,-0.39951110187474415,-0.0929813591060608,-0.3306814747123078,-0.7335121029446794,-1.241305870625249,-0.8607730802426682,0.20412414523193206,-0.15294382258037553,-0.4341140500939411,-1.139072169538186,-0.34899122022605644,-0.6302424841458696,-0.1203858530857698,1.7588539596742978,-0.3431455839107911,1.859420292256818,-0.6015544067498438,0.0,-0.08481889296799727,-0.4685212856658194,0.5799708796235029
0.14656787024195714,0.652427708225426,-0.7018100265975343,-0.5421256172169757,-0.2294157338705605,1.8834094802666506,-0.0929813591060608,-0.3306814747123078,1.2741456568257044,-0.2190539771691616,-0.3650810528536372,0.20412414523193206,-0.15294382258037553,2.303542121669652,1.9670137189825319,-0.34899122022605644,-0.6302424841458696,-0.1203858530857698,1.7588539596742978,1.3307353132150186,-0.8465967650815867,-0.6015544067498438,1.0458250331675945,-0.08481889296799727,-0.4685212856658194,-2.394238759471385
-1.4318553477483524,-1.5327368647783928,-0.7018100265975343,1.844590936568452,-0.2294157338705605,1.8834094802666506,-0.0929813591060608,-0.3306814747123078,-0.4825548829733814,-0.2190539771691616,0.14707169091661454,0.20412414523193206,-0.15294382258037553,-0.4341140500939411,0.9621035785787702,2.865401597645516,-0.6302424841458696,-0.1203858530857698,-0.568552036113998,-1.180086032473696,0.9574146064773498,-0.6015544067498438,-1.0458250331675945,-0.08481889296799727,-0.4685212856658194,0.5799708796235029
1.7249910882322665,-1.5327368647783928,-0.7018100265975343,1.844590936568452,4.358898943540649,-0.39951110187474415,-0.0929813591060608,-0.3306814747123078,-0.9844693229159773,-0.2190539771691616,-0.7489150302884642,0.20412414523193206,-0.15294382258037553,-0.4341140500939411,2.8805683920768606,-0.34899122022605644,-0.6302424841458696,-0.1203858530857698,-0.568552036113998,0.4937948646521137,0.9574146064773498,-0.6015544067498438,1.0458250331675945,-0.08481889296799727,-0.4685212856658194,0.5799708796235029
1.7249910882322665,0.652427708225426,1.4248870236980242,-0.5421256172169757,-0.2294157338705605,0.7419491891959532,10.754843869934366,-0.3306814747123078,0.27031677694051254,-0.2190539771691616,3.268622088300822,0.20412414523193206,-0.15294382258037553,-0.4341140500939411,0.32261530741274,-0.34899122022605644,-0.6302424841458696,-0.1203858530857698,-0.568552036113998,-0.3431455839107911,-0.8465967650815867,-0.6015544067498438,1.0458250331675945,-0.08481889296799727,-0.4685212856658194,0.5799708796235029
0.14656787024195714,0.652427708225426,-0.7018100265975343,-0.5421256172169757,-0.2294157338705605,-1.5409713929454416,-0.0929813591060608,-0.3306814747123078,0.27031677694051254,1.8254498097430136,-0.13949441699281775,0.20412414523193206,-0.15294382258037553,-0.4341140500939411,-1.230427636847619,-0.34899122022605644,1.5866908771712596,-0.1203858530857698,-0.568552036113998,-0.3431455839107911,-0.8465967650815867,-0.6015544067498438,0.0,-0.08481889296799727,2.1343747458109554,0.5799708796235029
1.7249910882322665,0.652427708225426,1.4248870236980242,-0.5421256172169757,-0.2294157338705605,-0.39951110187474415,-0.0929813591060608,-0.3306814747123078,-1.2354265428872753,-0.2190539771691616,-0.42568641771176774,0.20412414523193206,-0.15294382258037553,-0.4341140500939411,-0.4995838983721559,-0.34899122022605644,-0.6302424841458696,-0.1203858530857698,-0.568552036113998,-1.180086032473696,1.859420292256818,1.6623600272549444,1.0458250331675945,-0.08481889296799727,-0.4685212856658194,-0.9071339399239409
1.7249910882322665,-1.5327368647783928,-0.7018100265975343,1.844590936568452,-0.2294157338705605,-0.39951110187474415,-0.0929813591060608,-0.3306814747123078,0.27031677694051254,-1.241305870625249,0.8350548142135414,0.20412414523193206,-0.15294382258037553,-0.4341140500939411,-0.8650057676098875,2.865401597645516,-0.6302424841458696,-0.1203858530857698,-0.568552036113998,-2.0170264810366008,0.9574146064773498,-0.6015544067498438,-1.0458250331675945,-0.08481889296799727,-0.4685212856658194,-0.9071339399239409
1.7249910882322665,-1.5327368647783928,1.4248870236980242,-0.5421256172169757,-0.2294157338705605,-0.39951110187474415,-0.0929813591060608,-0.3306814747123078,0.27031677694051254,-0.2190539771691616,3.127209570298517,0.20412414523193206,-0.15294382258037553,-0.4341140500939411,-1.139072169538186,2.865401597645516,-0.6302424841458696,-0.1203858530857698,-0.568552036113998,-0.3431455839107911,0.9574146064773498,-0.6015544067498438,1.0458250331675945,-0.08481889296799727,-0.4685212856658194,-0.9071339399239409
0.14656787024195714,0.652427708225426,-0.7018100265975343,-0.5421256172169757,-0.2294157338705605,0.7419491891959532,-0.0929813591060608,-0.3306814747123078,0.27031677694051254,-0.2190539771691616,0.8627387463092308,0.20412414523193206,6.538348415311053,2.303542121669652,0.7793926439599044,-0.34899122022605644,-0.6302424841458696,-0.1203858530857698,-0.568552036113998,1.3307353132150186,-0.8465967650815867,-0.6015544067498438,-1.0458250331675945,-0.08481889296799727,-0.4685212856658194,-2.394238759471385
-1.4318553477483524,0.652427708225426,1.4248870236980242,-0.5421256172169757,-0.2294157338705605,-0.39951110187474415,-0.0929813591060608,-0.3306814747123078,-0.4825548829733814,-0.2190539771691616,-0.7081373465258949,0.20412414523193206,6.538348415311053,-0.4341140500939411,0.23125984010330713,-0.34899122022605644,-0.6302424841458696,-0.1203858530857698,-0.568552036113998,1.3307353132150186,-0.8465967650815867,-0.6015544067498438,1.0458250331675945,-0.08481889296799727,-0.4685212856658194,0.5799708796235029
0.14656787024195714,-1.5327368647783928,-0.7018100265975343,-0.5421256172169757,-0.2294157338705605,-0.39951110187474415,-0.0929813591060608,-0.3306814747123078,-0.4825548829733814,-1.241305870625249,-0.8704998671952077,0.20412414523193206,-0.15294382258037553,-0.4341140500939411,-1.0477167022287532,-0.34899122022605644,1.5866908771712596,8.306623862918117,-0.568552036113998,-1.180086032473696,0.9574146064773498,-0.6015544067498438,-1.0458250331675945,-0.08481889296799727,-0.4685212856658194,0.5799708796235029
0.14656787024195714,0.652427708225426,-0.7018100265975343,-0.5421256172169757,-0.2294157338705605,0.7419491891959532,-0.0929813591060608,-0.3306814747123078,-1.2354265428872753,-0.2190539771691616,-0.6950435948590148,-4.898979485566365,-0.15294382258037553,-0.4341140500939411,0.9621035785787702,-0.34899122022605644,1.5866908771712596,-0.1203858530857698,1.7588539596742978,1.3307353132150186,-0.8465967650815867,-0.6015544067498438,2.091650066335189,-0.08481889296799727,-0.4685212856658194,0.5799708796235029
-1.4318553477483524,0.652427708225426,-0.7018100265975343,-0.5421256172169757,-0.2294157338705605,0.7419491891959532,-0.0929813591060608,-0.3306814747123078,-1.4027313562014738,-0.2190539771691616,-0.6351864443818488,0.20412414523193206,-0.15294382258037553,-0.4341140500939411,0.5966817093410386,-0.34899122022605644,1.5866908771712596,-0.1203858530857698,-0.568552036113998,0.4937948646521137,-0.8465967650815867,1.6623600272549444,-1.0458250331675945,-0.08481889296799727,-0.4685212856658194,0.5799708796235029
-1.4318553477483524,-1.5327368647783928,1.4248870236980242,-0.5421256172169757,-0.2294157338705605,-0.39951110187474415,-0.0929813591060608,-0.3306814747123078,0.27031677694051254,0.8031979162869259,-0.7178641334784344,0.20412414523193206,-0.15294382258037553,-0.4341140500939411,-0.31687296375329016,-0.34899122022605644,-0.6302424841458696,-0.1203858530857698,-0.568552036113998,-0.3431455839107911,0.9574146064773498,1.6623600272549444,0.0,-0.08481889296799727,-0.4685212856658194,0.5799708796235029
0.14656787024195714,0.652427708225426,-0.7018100265975343,-0.5421256172169757,-0.2294157338705605,-0.39951110187474415,-0.0929813591060608,-0.3306814747123078,-0.9844693229159773,0.8031979162869259,0.14071186867841565,-4.898979485566365,-0.15294382258037553,-0.4341140500939411,-0.8650057676098875,-0.34899122022605644,1.5866908771712596,-0.1203858530857698,1.7588539596742978,-0.3431455839107911,-0.8465967650815867,-0.6015544067498438,-1.0458250331675945,-0.08481889296799727,-0.4685212856658194,-0.9071339399239409
-1.4318553477483524,0.652427708225426,1.4248870236980242,-0.5421256172169757,-0.2294157338705605,-0.39951110187474415,-0.0929813591060608,-0.3306814747123078,-0.7335121029446794,-0.2190539771691616,-0.8652623665284557,0.20412414523193206,-0.15294382258037553,-0.4341140500939411,0.5053262420316058,-0.34899122022605644,-0.6302424841458696,-0.1203858530857698,1.7588539596742978,1.3307353132150186,-0.8465967650815867,-0.6015544067498438,1.0458250331675945,-0.08481889296799727,-0.4685212856658194,0.5799708796235029
0.14656787024195714,0.652427708225426,1.4248870236980242,-0.5421256172169757,-0.2294157338705605,0.7419491891959532,-0.0929813591060608,-0.3306814747123078,0.27031677694051254,0.8031979162869259,0.25331813301358425,0.20412414523193206,-0.15294382258037553,-0.4341140500939411,0.13990437279387424,-0.34899122022605644,-0.6302424841458696,-0.1203858530857698,1.7588539596742978,-1.180086032473696,0.05540892069788158,-0.6015544067498438,1.0458250331675945,-0.08481889296799727,-0.4685212856658194,0.5799708796235029
0.14656787024195714,0.652427708225426,-0.7018100265975343,1.844590936568452,-0.2294157338705605,1.8834094802666506,-0.0929813591060608,-0.3306814747123078,-0.4825548829733814,2.847701703199101,-0.6318194796675082,0.20412414523193206,6.538348415311053,-0.4341140500939411,2.3324355882202634,-0.34899122022605644,-0.6302424841458696,-0.1203858530857698,-0.568552036113998,-0.3431455839107911,1.859420292256818,-0.6015544067498438,1.0458250331675945,-0.08481889296799727,-0.4685212856658194,0.5799708796235029
0.14656787024195714,0.652427708225426,1.4248870236980242,-0.5421256172169757,-0.2294157338705605,-1.5409713929454416,-0.0929813591060608,-0.3306814747123078,0.27031677694051254,0.8031979162869259,-0.3276703338054084,0.20412414523193206,-0.15294382258037553,-0.4341140500939411,-0.31687296375329016,-0.34899122022605644,-0.6302424841458696,-0.1203858530857698,1.7588539596742978,0.4937948646521137,-0.8465967650815867,-0.6015544067498438,0.0,-0.08481889296799727,-0.4685212856658194,0.5799708796235029
-3.0102785657386617,0.652427708225426,-0.7018100265975343,-0.5421256172169757,-0.2294157338705605,-0.39951110187474415,10.754843869934366,-0.3306814747123078,2.277974536710896,-1.241305870625249,0.8156012403084625,0.20412414523193206,-0.15294382258037553,2.303542121669652,0.41397077472217286,-0.34899122022605644,-0.6302424841458696,-0.1203858530857698,-0.568552036113998,-2.0170264810366008,-0.8465967650815867,-0.6015544067498438,1.0458250331675945,-0.08481889296799727,-0.4685212856658194,-2.394238759471385
0.14656787024195714,0.652427708225426,-0.7018100265975343,1.844590936568452,-0.2294157338705605,-2.6824316840161386,-0.0929813591060608,3.0240581238183513,0.5212739969118105,-0.2190539771691616,0.7826798075460212,0.20412414523193206,-0.15294382258037553,-0.4341140500939411,1.3275254478165017,-0.34899122022605644,-0.6302424841458696,-0.1203858530857698,-0.568552036113998,-2.0170264810366008,-0.8465967650815867,-0.6015544067498438,0.0,-0.08481889296799727,-0.4685212856658194,0.5799708796235029
1.7249910882322665,0.652427708225426,-0.7018100265975343,-0.5421256172169757,-0.2294157338705605,0.7419491891959532,-0.0929813591060608,-0.3306814747123078,-1.2354265428872753,-0.2190539771691616,0.06850918091533416,0.20412414523193206,-0.15294382258037553,-0.4341140500939411,0.7793926439599044,-0.34899122022605644,1.5866908771712596,-0.1203858530857698,-0.568552036113998,-0.3431455839107911,0.05540892069788158,-0.6015544067498438,0.0,-0.08481889296799727,2.1343747458109554,-0.9071339399239409
0.14656787024195714,0.652427708225426,-0.7018100265975343,-0.5421256172169757,-0.2294157338705605,-0.39951110187474415,-0.0929813591060608,-0.3306814747123078,-0.9844693229159773,-0.2190539771691616,-1.0261284584358394,0.20412414523193206,-0.15294382258037553,-0.4341140500939411,-1.0477167022287532,-0.34899122022605644,1.5866908771712596,-0.1203858530857698,-0.568552036113998,-0.3431455839107911,-0.8465967650815867,1.6623600272549444,1.0458250331675945,-0.08481889296799727,-0.4685212856658194,0.5799708796235029
1.7249910882322665,0.652427708225426,-0.7018100265975343,-0.5421256172169757,-0.2294157338705605,0.7419491891959532,-0.0929813591060608,-0.3306814747123078,-1.2354265428872753,-0.2190539771691616,1.3318691631740194,0.20412414523193206,-0.15294382258037553,2.303542121669652,0.8707481112693373,-0.34899122022605644,-0.6302424841458696,-0.1203858530857698,1.7588539596742978,0.4937948646521137,-0.8465967650815867,-0.6015544067498438,-1.0458250331675945,-0.08481889296799727,-0.4685212856658194,0.5799708796235029
-1.4318553477483524,-1.5327368647783928,-0.7018100265975343,1.844590936568452,4.358898943540649,0.7419491891959532,-0.0929813591060608,-0.3306814747123078,-0.9844693229159773,-1.241305870625249,-0.7320802067167613,0.20412414523193206,-0.15294382258037553,-0.4341140500939411,0.5053262420316058,-0.34899122022605644,-0.6302424841458696,-0.1203858530857698,-0.568552036113998,1.3307353132150186,0.9574146064773498,-0.6015544067498438,-1.0458250331675945,-0.08481889296799727,-0.4685212856658194,-0.9071339399239409
-1.4318553477483524,0.652427708225426,-0.7018100265975343,-0.5421256172169757,-0.2294157338705605,0.7419491891959532,-0.0929813591060608,-0.3306814747123078,-0.23159766300208343,-0.2190539771691616,-0.47619088842687657,0.20412414523193206,-0.15294382258037553,-0.4341140500939411,-0.40822843106272305,-0.34899122022605644,1.5866908771712596,-0.1203858530857698,-0.568552036113998,-1.180086032473696,-0.8465967650815867,-0.6015544067498438,1.0458250331675945,-0.08481889296799727,2.1343747458109554,0.5799708796235029
0.14656787024195714,0.652427708225426,-0.7018100265975343,-0.5421256172169757,-0.2294157338705605,-0.39951110187474415,-0.0929813591060608,3.0240581238183513,2.277974536710896,-1.241305870625249,0.2667859918709466,0.20412414523193206,-0.15294382258037553,-0.4341140500939411,0.23125984010330713,-0.34899122022605644,1.5866908771712596,-0.1203858530857698,-0.568552036113998,-0.3431455839107911,0.05540892069788158,-0.6015544067498438,-1.0458250331675945,-0.08481889296799727,-0.4685212856658194,0.5799708796235029
0.14656787024195714,0.652427708225426,-0.7018100265975343,1.844590936568452,-0.2294157338705605,0.7419491891959532,-0.0929813591060608,-0.3306814747123078,-0.7335121029446794,0.8031979162869259,-0.5225801800466803,0.20412414523193206,-0.15294382258037553,-0.4341140500939411,0.7793926439599044,2.865401597645516,-0.6302424841458696,-0.1203858530857698,-0.568552036113998,-1.180086032473696,-0.8465967650815867,-0.6015544067498438,1.0458250331675945,-0.08481889296799727,-0.4685212856658194,0.5799708796235029
1.7249910882322665,0.652427708225426,1.4248870236980242,-0.5421256172169757,-0.2294157338705605,0.7419491891959532,-0.0929813591060608,-0.3306814747123078,1.2741456568257044,2.847701703199101,0.9390566131676173,0.20412414523193206,-0.15294382258037553,-0.4341140500939411,0.23125984010330713,2.865401597645516,-0.6302424841458696,-0.1203858530857698,-0.568552036113998,1.3307353132150186,-0.8465967650815867,-0.6015544067498438,-1.0458250331675945,-0.08481889296799727,-0.4685212856658194,0.5799708796235029
-1.4318553477483524,0.652427708225426,-0.7018100265975343,-0.5421256172169757,-0.2294157338705605,-0.39951110187474415,-0.0929813591060608,-0.3306814747123078,-0.23159766300208343,-0.2190539771691616,-0.7421811008597831,0.20412414523193206,-0.15294382258037553,-0.4341140500939411,1.053459045888203,-0.34899122022605644,1.5866908771712596,8.306623862918117,-0.568552036113998,-0.3431455839107911,1.859420292256818,-0.6015544067498438,0.0,-0.08481889296799727,-0.4685212856658194,0.5799708796235029
-3.0102785657386617,-1.5327368647783928,-0.7018100265975343,-0.5421256172169757,-0.2294157338705605,-0.39951110187474415,-0.0929813591060608,-0.3306814747123078,-1.2354265428872753,-0.2190539771691616,-0.9460695196726298,0.20412414523193206,-0.15294382258037553,-0.4341140500939411,1.6929473170542333,-0.34899122022605644,1.5866908771712596,-0.1203858530857698,1.7588539596742978,-2.0170264810366008,0.9574146064773498,-0.6015544067498438,-1.0458250331675945,-0.08481889296799727,-0.4685212856658194,0.5799708796235029
0.14656787024195714,0.652427708225426,1.4248870236980242,-0.5421256172169757,-0.2294157338705605,-0.39951110187474415,-0.0929813591060608,-0.3306814747123078,-0.7335121029446794,-0.2190539771691616,-0.9584150569585452,0.20412414523193206,6.538348415311053,-0.4341140500939411,-0.4995838983721559,-0.34899122022605644,-0.6302424841458696,-0.1203858530857698,-0.568552036113998,-0.3431455839107911,-0.8465967650815867,-0.6015544067498438,1.0458250331675945,-0.08481889296799727,-0.4685212856658194,0.5799708796235029
0.14656787024195714,-1.5327368647783928,-0.7018100265975343,1.844590936568452,-0.2294157338705605,-0.39951110187474415,-0.0929813591060608,-0.3306814747123078,-0.9844693229159773,0.8031979162869259,-0.3366489063769833,0.20412414523193206,-0.15294382258037553,-0.4341140500939411,-1.230427636847619,-0.34899122022605644,-0.6302424841458696,-0.1203858530857698,-0.568552036113998,-1.180086032473696,0.9574146064773498,-0.6015544067498438,-1.0458250331675945,-0.08481889296799727,2.1343747458109554,-0.9071339399239409
0.14656787024195714,0.652427708225426,1.4248870236980242,-0.5421256172169757,-0.2294157338705605,-0.39951110187474415,-0.0929813591060608,-0.3306814747123078,-0.23159766300208343,-0.2190539771691616,-0.15782566932644984,0.20412414523193206,-0.15294382258037553,-0.4341140500939411,-1.3217831041570518,2.865401597645516,-0.6302424841458696,-0.1203858530857698,-0.568552036113998,-0.3431455839107911,1.859420292256818,-0.6015544067498438,1.0458250331675945,-0.08481889296799727,-0.4685212856658194,-0.9071339399239409
0.14656787024195714,0.652427708225426,-0.7018100265975343,1.844590936568452,-0.2294157338705605,1.8834094802666506,-0.0929813591060608,-0.3306814747123078,1.7760600967683002,-0.2190539771691616,0.43737887073086973,0.20412414523193206,-0.15294382258037553,-0.4341140500939411,-0.8650057676098875,-0.34899122022605644,-0.6302424841458696,-0.1203858530857698,-0.568552036113998,0.4937948646521137,-0.8465967650815867,1.6623600272549444,0.0,-0.08481889296799727,-0.4685212856658194,0.5799708796235029
-1.4318553477483524,0.652427708225426,-0.7018100265975343,-0.5421256172169757,-0.2294157338705605,-0.39951110187474415,-0.0929813591060608,-0.3306814747123078,0.7722312168831085,-0.2190539771691616,3.291068519729759,0.20412414523193206,6.538348415311053,2.303542121669652,-0.1341620291344244,-0.34899122022605644,-0.6302424841458696,-0.1203858530857698,-0.568552036113998,-1.180086032473696,0.05540892069788158,-0.6015544067498438,0.0,-0.08481889296799727,-0.4685212856658194,0.5799708796235029
0.14656787024195714,-1.5327368647783928,-0.7018100265975343,-0.5421256172169757,4.358898943540649,-1.5409713929454416,-0.0929813591060608,-0.3306814747123078,-1.2354265428872753,-0.2190539771691616,-0.7492891374789465,0.20412414523193206,-0.15294382258037553,2.303542121669652,-0.04280656182499151,-0.34899122022605644,-0.6302424841458696,-0.1203858530857698,-0.568552036113998,1.3307353132150186,0.9574146064773498,-0.6015544067498438,0.0,-0.08481889296799727,-0.4685212856658194,-2.394238759471385
0.14656787024195714,0.652427708225426,-0.7018100265975343,-0.5421256172169757,-0.2294157338705605,0.7419491891959532,-0.0929813591060608,-0.3306814747123078,-0.4825548829733814,-1.241305870625249,-0.6224667999054511,0.20412414523193206,-0.15294382258037553,-0.4341140500939411,1.3275254478165017,-0.34899122022605644,1.5866908771712596,-0.1203858530857698,-0.568552036113998,1.3307353132150186,-0.8465967650815867,1.6623600272549444,1.0458250331675945,-0.08481889296799727,-0.4685212856658194,0.5799708796235029
-3.0102785657386617,-1.5327368647783928,-0.7018100265975343,-0.5421256172169757,4.358898943540649,-0.39951110187474415,-0.0929813591060608,-0.3306814747123078,-0.23159766300208343,-0.2190539771691616,-0.9168891588150113,0.20412414523193206,-0.15294382258037553,-0.4341140500939411,-0.7736503003004546,-0.34899122022605644,1.5866908771712596,-0.1203858530857698,-0.568552036113998,-2.0170264810366008,0.9574146064773498,-0.6015544067498438,0.0,-0.08481889296799727,-0.4685212856658194,0.5799708796235029
-1.4318553477483524,0.652427708225426,-0.7018100265975343,-0.5421256172169757,-0.2294157338705605,0.7419491891959532,-0.0929813591060608,-0.3306814747123078,-1.2354265428872753,-0.2190539771691616,-0.6883096654303337,-4.898979485566365,-0.15294382258037553,-0.4341140500939411,0.41397077472217286,-0.34899122022605644,1.5866908771712596,-0.1203858530857698,1.7588539596742978,-1.180086032473696,-0.8465967650815867,-0.6015544067498438,0.0,-0.08481889296799727,-0.4685212856658194,0.5799708796235029
0.14656787024195714,0.652427708225426,1.4248870236980242,-0.5421256172169757,-0.2294157338705605,-0.39951110187474415,-0.0929813591060608,-0.3306814747123078,-0.7335121029446794,1.8254498097430136,-0.764253425098238,0.20412414523193206,-0.15294382258037553,-0.4341140500939411,-0.8650057676098875,-0.34899122022605644,-0.6302424841458696,-0.1203858530857698,-0.568552036113998,-0.3431455839107911,0.05540892069788158,1.6623600272549444,1.0458250331675945,-0.08481889296799727,-0.4685212856658194,0.5799708796235029
0.14656787024195714,0.652427708225426,1.4248870236980242,-0.5421256172169757,-0.2294157338705605,-0.39951110187474415,-0.0929813591060608,3.0240581238183513,-0.23159766300208343,0.8031979162869259,-0.216560498232169,0.20412414523193206,-0.15294382258037553,-0.4341140500939411,-0.1341620291344244,-0.34899122022605644,-0.6302424841458696,-0.1203858530857698,-0.568552036113998,-0.3431455839107911,-0.8465967650815867,-0.6015544067498438,1.0458250331675945,-0.08481889296799727,-0.4685212856658194,0.5799708796235029
1.7249910882322665,-1.5327368647783928,-0.7018100265975343,-0.5421256172169757,-0.2294157338705605,-1.5409713929454416,-0.0929813591060608,-0.3306814747123078,0.7722312168831085,-1.241305870625249,1.6027227690831956,0.20412414523193206,-0.15294382258037553,-0.4341140500939411,1.6015918497448003,2.865401597645516,1.5866908771712596,-0.1203858530857698,-0.568552036113998,-2.0170264810366008,0.9574146064773498,-0.6015544067498438,-1.0458250331675945,-0.08481889296799727,-0.4685212856658194,0.5799708796235029
-1.4318553477483524,0.652427708225426,-0.7018100265975343,1.844590936568452,4.358898943540649,0.7419491891959532,-0.0929813591060608,-0.3306814747123078,-0.7335121029446794,-1.241305870625249,0.13622258239262822,0.20412414523193206,-0.15294382258037553,-0.4341140500939411,0.13990437279387424,-0.34899122022605644,-0.6302424841458696,-0.1203858530857698,-0.568552036113998,-1.180086032473696,-0.8465967650815867,-0.6015544067498438,-1.0458250331675945,-0.08481889296799727,-0.4685212856658194,0.5799708796235029
0.14656787024195714,0.652427708225426,1.4248870236980242,-0.5421256172169757,-0.2294157338705605,-0.39951110187474415,-0.0929813591060608,-0.3306814747123078,0.27031677694051254,1.8254498097430136,-0.3007346160906837,0.20412414523193206,-0.15294382258037553,-0.4341140500939411,-0.04280656182499151,-0.34899122022605644,-0.6302424841458696,-0.1203858530857698,-0.568552036113998,1.3307353132150186,-0.8465967650815867,1.6623600272549444,-1.0458250331675945,-0.08481889296799727,-0.4685212856658194,0.5799708796235029
0.14656787024195714,-1.5327368647783928,1.4248870236980242,-0.5421256172169757,-0.2294157338705605,-0.39951110187474415,-0.0929813591060608,-0.3306814747123078,-0.4825548829733814,1.8254498097430136,-0.3665774816155663,0.20412414523193206,-0.15294382258037553,-0.4341140500939411,-1.4131385714664848,-0.34899122022605644,-0.6302424841458696,-0.1203858530857698,-0.568552036113998,-0.3431455839107911,0.9574146064773498,-0.6015544067498438,-1.0458250331675945,-0.08481889296799727,2.1343747458109554,-0.9071339399239409
0.14656787024195714,0.652427708225426,-0.7018100265975343,1.844590936568452,-0.2294157338705605,-0.39951110187474415,-0.0929813591060608,3.0240581238183513,1.2741456568257044,-1.241305870625249,1.5742906226065416,0.20412414523193206,-0.15294382258037553,-0.4341140500939411,0.13990437279387424,-0.34899122022605644,-0.6302424841458696,-0.1203858530857698,-0.568552036113998,1.3307353132150186,-0.8465967650815867,-0.6015544067498438,-1.0458250331675945,-0.08481889296799727,-0.4685212856658194,0.5799708796235029
0.14656787024195714,0.652427708225426,-0.7018100265975343,1.844590936568452,-0.2294157338705605,-0.39951110187474415,-0.0929813591060608,-0.3306814747123078,0.5212739969118105,-1.241305870625249,0.7441467669263455,0.20412414523193206,6.538348415311053,-0.4341140500939411,1.144814513197636,-0.34899122022605644,-0.6302424841458696,-0.1203858530857698,-0.568552036113998,1.3307353132150186,-0.8465967650815867,-0.6015544067498438,-1.0458250331675945,-0.08481889296799727,-0.4685212856658194,0.5799708796235029
0.14656787024195714,-1.5327368647783928,-0.7018100265975343,1.844590936568452,-0.2294157338705605,-0.39951110187474415,-0.0929813591060608,-0.3306814747123078,-0.7335121029446794,-0.2190539771691616,-0.5914159030954211,0.20412414523193206,-0.15294382258037553,-0.4341140500939411,-0.4995838983721559,-0.34899122022605644,-0.6302424841458696,-0.1203858530857698,-0.568552036113998,-0.3431455839107911,0.9574146064773498,-0.6015544067498438,0.0,-0.08481889296799727,2.1343747458109554,0.5799708796235029
0.14656787024195714,0.652427708225426,-0.7018100265975343,1.844590936568452,-0.2294157338705605,0.7419491891959532,-0.0929813591060608,-0.3306814747123078,0.27031677694051254,-0.2190539771691616,-0.09123458942060264,0.20412414523193206,-0.15294382258037553,-0.4341140500939411,2.515146522839129,2.865401597645516,-0.6302424841458696,-0.1203858530857698,-0.568552036113998,1.3307353132150186,-0.8465967650815867,-0.6015544067498438,0.0,-0.08481889296799727,-0.4685212856658194,0.5799708796235029
0.14656787024195714,0.652427708225426,-0.7018100265975343,-0.5421256172169757,-0.2294157338705605,0.7419491891959532,-0.0929813591060608,-0.3306814747123078,-0.06429284968788476,-1.241305870625249,0.1062940071540452,0.20412414523193206,-0.15294382258037553,-0.4341140500939411,0.7793926439599044,-0.34899122022605644,1.5866908771712596,-0.1203858530857698,1.7588539596742978,-1.180086032473696,0.05540892069788158,-0.6015544067498438,-1.0458250331675945,-0.08481889296799727,-0.4685212856658194,0.5799708796235029
0.14656787024195714,-1.5327368647783928,-0.7018100265975343,-0.5421256172169757,-0.2294157338705605,0.7419491891959532,-0.0929813591060608,-0.3306814747123078,-0.9008169162588779,-1.241305870625249,-0.3998730215684899,-4.898979485566365,-0.15294382258037553,-0.4341140500939411,-0.7736503003004546,-0.34899122022605644,1.5866908771712596,-0.1203858530857698,-0.568552036113998,-1.180086032473696,0.9574146064773498,-0.6015544067498438,0.0,-0.08481889296799727,2.1343747458109554,-0.9071339399239409
0.14656787024195714,-1.5327368647783928,1.4248870236980242,-0.5421256172169757,-0.2294157338705605,-0.39951110187474415,-0.0929813591060608,-0.3306814747123078,-0.7335121029446794,-0.2190539771691616,-0.6370569803342603,0.20412414523193206,-0.15294382258037553,-0.4341140500939411,-1.139072169538186,-0.34899122022605644,-0.6302424841458696,-0.1203858530857698,-0.568552036113998,-0.3431455839107911,0.9574146064773498,1.6623600272549444,0.0,-0.08481889296799727,-0.4685212856658194,0.5799708796235029
-1.4318553477483524,0.652427708225426,-0.7018100265975343,-0.5421256172169757,-0.2294157338705605,-0.39951110187474415,-0.0929813591060608,-0.3306814747123078,-0.9008169162588779,0.8031979162869259,-0.6669855555728432,-4.898979485566365,-0.15294382258037553,-0.4341140500939411,-0.04280656182499151,-0.34899122022605644,1.5866908771712596,-0.1203858530857698,1.7588539596742978,-0.3431455839107911,-0.8465967650815867,-0.6015544067498438,-1.0458250331675945,-0.08481889296799727,-0.4685212856658194,-0.9071339399239409
0.14656787024195714,0.652427708225426,-0.7018100265975343,-0.5421256172169757,-0.2294157338705605,-0.39951110187474415,-0.0929813591060608,-0.3306814747123078,0.27031677694051254,-0.2190539771691616,-0.8431900422900007,0.20412414523193206,-0.15294382258037553,2.303542121669652,0.23125984010330713,-0.34899122022605644,-0.6302424841458696,-0.1203858530857698,1.7588539596742978,0.4937948646521137,-0.8465967650815867,-0.6015544067498438,2.091650066335189,-0.08481889296799727,-0.4685212856658194,-2.394238759471385
0.14656787024195714,-1.5327368647783928,-0.7018100265975343,-0.5421256172169757,-0.2294157338705605,0.7419491891959532,-0.0929813591060608,-0.3306814747123078,-0.23159766300208343,-0.2190539771691616,-0.5177167865704105,0.20412414523193206,-0.15294382258037553,2.303542121669652,-0.6822948329910217,-0.34899122022605644,-0.6302424841458696,-0.1203858530857698,-0.568552036113998,-0.3431455839107911,0.9574146064773498,-0.6015544067498438,-1.0458250331675945,-0.08481889296799727,2.1343747458109554,0.5799708796235029
0.14656787024195714,-1.5327368647783928,1.4248870236980242,-0.5421256172169757,-0.2294157338705605,1.8834094802666506,-0.0929813591060608,-0.3306814747123078,-0.7335121029446794,-0.2190539771691616,-0.3568506946630268,0.20412414523193206,-0.15294382258037553,-0.4341140500939411,0.048548905484441365,-0.34899122022605644,-0.6302424841458696,-0.1203858530857698,1.7588539596742978,-0.3431455839107911,0.9574146064773498,-0.6015544067498438,2.091650066335189,-0.08481889296799727,-0.4685212856658194,0.5799708796235029
0.14656787024195714,0.652427708225426,-0.7018100265975343,1.844590936568452,4.358898943540649,1.8834094802666506,-0.0929813591060608,-0.3306814747123078,1.2741456568257044,-0.2190539771691616,1.3790066691747875,0.20412414523193206,-0.15294382258037553,-0.4341140500939411,-0.5909393656815888,-0.34899122022605644,-0.6302424841458696,-0.1203858530857698,-0.568552036113998,-0.3431455839107911,-0.8465967650815867,-0.6015544067498438,0.0,-0.08481889296799727,-0.4685212856658194,0.5799708796235029
1.7249910882322665,-1.5327368647783928,1.4248870236980242,-0.5421256172169757,-0.2294157338705605,-0.39951110187474415,-0.0929813591060608,-0.3306814747123078,1.2741456568257044,-0.2190539771691616,0.055415429248454086,0.20412414523193206,-0.15294382258037553,-0.4341140500939411,-0.6822948329910217,-0.34899122022605644,-0.6302424841458696,-0.1203858530857698,-0.568552036113998,-0.3431455839107911,0.9574146064773498,-0.6015544067498438,-1.0458250331675945,-0.08481889296799727,2.1343747458109554,0.5799708796235029
0.14656787024195714,0.652427708225426,-0.7018100265975343,1.844590936568452,-0.2294157338705605,0.7419491891959532,-0.0929813591060608,-0.3306814747123078,-0.7335121029446794,-0.2190539771691616,-0.9389614830534663,0.20412414523193206,-0.15294382258037553,-0.4341140500939411,-0.04280656182499151,-0.34899122022605644,-0.6302424841458696,-0.1203858530857698,1.7588539596742978,1.3307353132150186,-0.8465967650815867,-0.6015544067498438,0.0,-0.08481889296799727,-0.4685212856658194,0.5799708796235029
0.14656787024195714,0.652427708225426,-0.7018100265975343,-0.5421256172169757,-0.2294157338705605,-0.39951110187474415,-0.0929813591060608,-0.3306814747123078,-0.23159766300208343,-0.2190539771691616,-0.2565899676137738,0.20412414523193206,-0.15294382258037553,-0.4341140500939411,0.6880371766504715,-0.34899122022605644,1.5866908771712596,-0.1203858530857698,-0.568552036113998,-0.3431455839107911,-0.8465967650815867,-0.6015544067498438,-1.0458250331675945,-0.08481889296799727,2.1343747458109554,0.5799708796235029
0.14656787024195714,-1.5327368647783928,1.4248870236980242,-0.5421256172169757,4.358898943540649,1.8834094802666506,-0.0929813591060608,-0.3306814747123078,-0.23159766300208343,-1.241305870625249,1.971592458898731,0.20412414523193206,-0.15294382258037553,-0.4341140500939411,-1.139072169538186,-0.34899122022605644,-0.6302424841458696,-0.1203858530857698,-0.568552036113998,-0.3431455839107911,0.9574146064773498,-0.6015544067498438,0.0,-0.08481889296799727,-0.4685212856658194,-0.9071339399239409
0.14656787024195714,0.652427708225426,1.4248870236980242,-0.5421256172169757,-0.2294157338705605,-0.39951110187474415,-0.0929813591060608,-0.3306814747123078,-0.4825548829733814,-0.2190539771691616,-0.06429887170587795,0.20412414523193206,-0.15294382258037553,-0.4341140500939411,-0.22551749644385727,2.865401597645516,-0.6302424841458696,-0.1203858530857698,-0.568552036113998,0.4937948646521137,-0.8465967650815867,-0.6015544067498438,-1.0458250331675945,-0.08481889296799727,-0.4685212856658194,0.5799708796235029
