model_id,accuracy,f1,precision,recall,equalized_odds,cuae,dem_parity,equal_opportunity,predictive_equality,predictive_parity,neg_predictive_parity,acc_robustness
rtc_1,0.6833333333333333,0.5077720207253886,0.47572815533980584,0.5444444444444444,0.45614035087719296,0.33333333333333337,0.3866666666666666,0.16666666666666663,0.45614035087719296,0.07142857142857145,0.33333333333333337,0.021852940772540512
rtc_2,0.6833333333333333,0.5077720207253886,0.47572815533980584,0.5444444444444444,0.45614035087719296,0.33333333333333337,0.3866666666666666,0.16666666666666663,0.45614035087719296,0.07142857142857145,0.33333333333333337,0.021852940772540512
rtc_3,0.6833333333333333,0.5077720207253886,0.47572815533980584,0.5444444444444444,0.45614035087719296,0.33333333333333337,0.3866666666666666,0.16666666666666663,0.45614035087719296,0.07142857142857145,0.33333333333333337,0.02329929490042873
rtc_4,0.6833333333333333,0.5077720207253886,0.47572815533980584,0.5444444444444444,0.45614035087719296,0.33333333333333337,0.3866666666666666,0.16666666666666663,0.45614035087719296,0.07142857142857145,0.33333333333333337,0.021476137683389875
rtc_5,0.6933333333333334,0.5106382978723404,0.4897959183673469,0.5333333333333333,0.5087719298245614,0.3421052631578947,0.42666666666666664,0.16666666666666663,0.5087719298245614,0.020833333333333315,0.3421052631578947,0.02020305089104422
rtc_6,0.6833333333333333,0.5077720207253886,0.47572815533980584,0.5444444444444444,0.45614035087719296,0.33333333333333337,0.3866666666666666,0.16666666666666663,0.45614035087719296,0.07142857142857145,0.33333333333333337,0.021476137683389875
rtc_7,0.6833333333333333,0.5077720207253886,0.47572815533980584,0.5444444444444444,0.45614035087719296,0.33333333333333337,0.3866666666666666,0.16666666666666663,0.45614035087719296,0.07142857142857145,0.33333333333333337,0.021476137683389875
rtc_8,0.6833333333333333,0.5077720207253886,0.47572815533980584,0.5444444444444444,0.45614035087719296,0.33333333333333337,0.3866666666666666,0.16666666666666663,0.45614035087719296,0.07142857142857145,0.33333333333333337,0.02329929490042873
rtc_9,0.6833333333333333,0.5077720207253886,0.47572815533980584,0.5444444444444444,0.45614035087719296,0.33333333333333337,0.3866666666666666,0.16666666666666663,0.45614035087719296,0.07142857142857145,0.33333333333333337,0.021476137683389875
rtc_10,0.6933333333333334,0.5106382978723404,0.4897959183673469,0.5333333333333333,0.5087719298245614,0.3421052631578947,0.42666666666666664,0.16666666666666663,0.5087719298245614,0.020833333333333315,0.3421052631578947,0.02020305089104422
rtc_11,0.6833333333333333,0.5077720207253886,0.47572815533980584,0.5444444444444444,0.45614035087719296,0.33333333333333337,0.3866666666666666,0.16666666666666663,0.45614035087719296,0.07142857142857145,0.33333333333333337,0.021476137683389875
rtc_12,0.6833333333333333,0.5077720207253886,0.47572815533980584,0.5444444444444444,0.45614035087719296,0.33333333333333337,0.3866666666666666,0.16666666666666663,0.45614035087719296,0.07142857142857145,0.33333333333333337,0.021476137683389875
rtc_13,0.6833333333333333,0.5077720207253886,0.47572815533980584,0.5444444444444444,0.45614035087719296,0.33333333333333337,0.3866666666666666,0.16666666666666663,0.45614035087719296,0.07142857142857145,0.33333333333333337,0.02329929490042873
rtc_14,0.6833333333333333,0.5077720207253886,0.47572815533980584,0.5444444444444444,0.45614035087719296,0.33333333333333337,0.3866666666666666,0.16666666666666663,0.45614035087719296,0.07142857142857145,0.33333333333333337,0.021476137683389875
rtc_15,0.6933333333333334,0.5106382978723404,0.4897959183673469,0.5333333333333333,0.5087719298245614,0.3421052631578947,0.42666666666666664,0.16666666666666663,0.5087719298245614,0.020833333333333315,0.3421052631578947,0.02020305089104422
rtc_16,0.6833333333333333,0.5077720207253886,0.47572815533980584,0.5444444444444444,0.45614035087719296,0.33333333333333337,0.3866666666666666,0.16666666666666663,0.45614035087719296,0.07142857142857145,0.33333333333333337,0.021476137683389875
rtc_17,0.6833333333333333,0.5077720207253886,0.47572815533980584,0.5444444444444444,0.45614035087719296,0.33333333333333337,0.3866666666666666,0.16666666666666663,0.45614035087719296,0.07142857142857145,0.33333333333333337,0.021476137683389875
rtc_18,0.6833333333333333,0.5077720207253886,0.47572815533980584,0.5444444444444444,0.45614035087719296,0.33333333333333337,0.3866666666666666,0.16666666666666663,0.45614035087719296,0.07142857142857145,0.33333333333333337,0.023211538298959913
rtc_19,0.6833333333333333,0.5077720207253886,0.47572815533980584,0.5444444444444444,0.45614035087719296,0.33333333333333337,0.3866666666666666,0.16666666666666663,0.45614035087719296,0.07142857142857145,0.33333333333333337,0.021476137683389875
rtc_20,0.6933333333333334,0.5106382978723404,0.4897959183673469,0.5333333333333333,0.5087719298245614,0.3421052631578947,0.42666666666666664,0.16666666666666663,0.5087719298245614,0.020833333333333315,0.3421052631578947,0.02020305089104422
rtc_21,0.6833333333333333,0.5077720207253886,0.47572815533980584,0.5444444444444444,0.45614035087719296,0.33333333333333337,0.3866666666666666,0.16666666666666663,0.45614035087719296,0.07142857142857145,0.33333333333333337,0.021476137683389875
rtc_22,0.6833333333333333,0.5077720207253886,0.47572815533980584,0.5444444444444444,0.45614035087719296,0.33333333333333337,0.3866666666666666,0.16666666666666663,0.45614035087719296,0.07142857142857145,0.33333333333333337,0.021476137683389875
rtc_23,0.6833333333333333,0.5077720207253886,0.47572815533980584,0.5444444444444444,0.45614035087719296,0.33333333333333337,0.3866666666666666,0.16666666666666663,0.45614035087719296,0.07142857142857145,0.33333333333333337,0.023211538298959913
rtc_24,0.6833333333333333,0.5077720207253886,0.47572815533980584,0.5444444444444444,0.45614035087719296,0.33333333333333337,0.3866666666666666,0.16666666666666663,0.45614035087719296,0.07142857142857145,0.33333333333333337,0.021476137683389875
rtc_25,0.6933333333333334,0.5106382978723404,0.4897959183673469,0.5333333333333333,0.5087719298245614,0.3421052631578947,0.42666666666666664,0.16666666666666663,0.5087719298245614,0.020833333333333315,0.3421052631578947,0.02020305089104422
rtc_26,0.6833333333333333,0.5077720207253886,0.47572815533980584,0.5444444444444444,0.45614035087719296,0.33333333333333337,0.3866666666666666,0.16666666666666663,0.45614035087719296,0.07142857142857145,0.33333333333333337,0.021476137683389875
rtc_27,0.6833333333333333,0.5077720207253886,0.47572815533980584,0.5444444444444444,0.45614035087719296,0.33333333333333337,0.3866666666666666,0.16666666666666663,0.45614035087719296,0.07142857142857145,0.33333333333333337,0.021476137683389875
rtc_28,0.6833333333333333,0.5077720207253886,0.47572815533980584,0.5444444444444444,0.45614035087719296,0.33333333333333337,0.3866666666666666,0.16666666666666663,0.45614035087719296,0.07142857142857145,0.33333333333333337,0.023211538298959913
rtc_29,0.6833333333333333,0.5077720207253886,0.47572815533980584,0.5444444444444444,0.45614035087719296,0.33333333333333337,0.3866666666666666,0.16666666666666663,0.45614035087719296,0.07142857142857145,0.33333333333333337,0.021476137683389875
rtc_30,0.6933333333333334,0.5106382978723404,0.4897959183673469,0.5333333333333333,0.5087719298245614,0.3421052631578947,0.42666666666666664,0.16666666666666663,0.5087719298245614,0.020833333333333315,0.3421052631578947,0.02020305089104422
rtc_31,0.6833333333333333,0.5077720207253886,0.47572815533980584,0.5444444444444444,0.45614035087719296,0.33333333333333337,0.3866666666666666,0.16666666666666663,0.45614035087719296,0.07142857142857145,0.33333333333333337,0.021476137683389875
rtc_32,0.6833333333333333,0.5077720207253886,0.47572815533980584,0.5444444444444444,0.45614035087719296,0.33333333333333337,0.3866666666666666,0.16666666666666663,0.45614035087719296,0.07142857142857145,0.33333333333333337,0.021476137683389875
rtc_33,0.6833333333333333,0.5077720207253886,0.47572815533980584,0.5444444444444444,0.45614035087719296,0.33333333333333337,0.3866666666666666,0.16666666666666663,0.45614035087719296,0.07142857142857145,0.33333333333333337,0.02329929490042873
rtc_34,0.6833333333333333,0.5077720207253886,0.47572815533980584,0.5444444444444444,0.45614035087719296,0.33333333333333337,0.3866666666666666,0.16666666666666663,0.45614035087719296,0.07142857142857145,0.33333333333333337,0.021476137683389875
rtc_35,0.6933333333333334,0.5106382978723404,0.4897959183673469,0.5333333333333333,0.5087719298245614,0.3421052631578947,0.42666666666666664,0.16666666666666663,0.5087719298245614,0.020833333333333315,0.3421052631578947,0.02020305089104422
rtc_36,0.6933333333333334,0.5106382978723404,0.4897959183673469,0.5333333333333333,0.5087719298245614,0.3421052631578947,0.42666666666666664,0.16666666666666663,0.5087719298245614,0.020833333333333315,0.3421052631578947,0.024074713637646735
rtc_37,0.6933333333333334,0.5106382978723404,0.4897959183673469,0.5333333333333333,0.5087719298245614,0.3421052631578947,0.42666666666666664,0.16666666666666663,0.5087719298245614,0.020833333333333315,0.3421052631578947,0.024074713637646735
rtc_38,0.6933333333333334,0.5106382978723404,0.4897959183673469,0.5333333333333333,0.5087719298245614,0.3421052631578947,0.42666666666666664,0.16666666666666663,0.5087719298245614,0.020833333333333315,0.3421052631578947,0.024074713637646735
rtc_39,0.6933333333333334,0.5106382978723404,0.4897959183673469,0.5333333333333333,0.5087719298245614,0.3421052631578947,0.42666666666666664,0.16666666666666663,0.5087719298245614,0.020833333333333315,0.3421052631578947,0.024074713637646735
rtc_40,0.6933333333333334,0.5106382978723404,0.4897959183673469,0.5333333333333333,0.5087719298245614,0.3421052631578947,0.42666666666666664,0.16666666666666663,0.5087719298245614,0.020833333333333315,0.3421052631578947,0.018844151368961323
rtc_41,0.6933333333333334,0.5106382978723404,0.4897959183673469,0.5333333333333333,0.5087719298245614,0.3421052631578947,0.42666666666666664,0.16666666666666663,0.5087719298245614,0.020833333333333315,0.3421052631578947,0.024074713637646735
rtc_42,0.6933333333333334,0.5106382978723404,0.4897959183673469,0.5333333333333333,0.5087719298245614,0.3421052631578947,0.42666666666666664,0.16666666666666663,0.5087719298245614,0.020833333333333315,0.3421052631578947,0.024074713637646735
rtc_43,0.6933333333333334,0.5106382978723404,0.4897959183673469,0.5333333333333333,0.5087719298245614,0.3421052631578947,0.42666666666666664,0.16666666666666663,0.5087719298245614,0.020833333333333315,0.3421052631578947,0.024074713637646735
rtc_44,0.6933333333333334,0.5106382978723404,0.4897959183673469,0.5333333333333333,0.5087719298245614,0.3421052631578947,0.42666666666666664,0.16666666666666663,0.5087719298245614,0.020833333333333315,0.3421052631578947,0.024074713637646735
rtc_45,0.6933333333333334,0.5106382978723404,0.4897959183673469,0.5333333333333333,0.5087719298245614,0.3421052631578947,0.42666666666666664,0.16666666666666663,0.5087719298245614,0.020833333333333315,0.3421052631578947,0.018844151368961323
rtc_46,0.6933333333333334,0.5106382978723404,0.4897959183673469,0.5333333333333333,0.5087719298245614,0.3421052631578947,0.42666666666666664,0.16666666666666663,0.5087719298245614,0.020833333333333315,0.3421052631578947,0.02138089935299396
rtc_47,0.6933333333333334,0.5106382978723404,0.4897959183673469,0.5333333333333333,0.5087719298245614,0.3421052631578947,0.42666666666666664,0.16666666666666663,0.5087719298245614,0.020833333333333315,0.3421052631578947,0.02138089935299396
rtc_48,0.6933333333333334,0.5106382978723404,0.4897959183673469,0.5333333333333333,0.5087719298245614,0.3421052631578947,0.42666666666666664,0.16666666666666663,0.5087719298245614,0.020833333333333315,0.3421052631578947,0.02138089935299396
rtc_49,0.6933333333333334,0.5106382978723404,0.4897959183673469,0.5333333333333333,0.5087719298245614,0.3421052631578947,0.42666666666666664,0.16666666666666663,0.5087719298245614,0.020833333333333315,0.3421052631578947,0.02138089935299396
rtc_50,0.6933333333333334,0.5106382978723404,0.4897959183673469,0.5333333333333333,0.5087719298245614,0.3421052631578947,0.42666666666666664,0.16666666666666663,0.5087719298245614,0.020833333333333315,0.3421052631578947,0.020503857277724757
rtc_51,0.65,0.4878048780487805,0.43478260869565216,0.5555555555555556,0.33333333333333337,0.25,0.3466666666666666,0.33333333333333337,0.2368421052631579,0.25,0.094715852442672,0.023299294900428705
rtc_52,0.6566666666666666,0.47715736040609136,0.4392523364485981,0.5222222222222223,0.39473684210526316,0.22499999999999998,0.4666666666666666,0.34761904761904766,0.39473684210526316,0.22499999999999998,0.14032258064516123,0.01916629694999821
rtc_53,0.6633333333333333,0.5024630541871922,0.45132743362831856,0.5666666666666667,0.39473684210526316,0.21822033898305082,0.4666666666666666,0.33333333333333337,0.39473684210526316,0.21822033898305082,0.1166666666666667,0.020898198340468282
rtc_54,0.67,0.48704663212435234,0.4563106796116505,0.5222222222222223,0.2894736842105263,0.2333333333333334,0.30333333333333334,0.17829457364341084,0.2894736842105263,0.1514285714285714,0.2333333333333334,0.028713930346059718
rtc_55,0.6766666666666666,0.46994535519125685,0.46236559139784944,0.4777777777777778,0.4473684210526316,0.2222222222222222,0.4633333333333334,0.3333333333333333,0.4473684210526316,0.2222222222222222,0.21818181818181825,0.011605769149479936
rtc_56,0.6433333333333333,0.47804878048780486,0.4260869565217391,0.5444444444444444,0.33333333333333337,0.25,0.3466666666666666,0.33333333333333337,0.2368421052631579,0.25,0.10686274509803917,0.024159335036125374
rtc_57,0.6633333333333333,0.4873096446700508,0.4485981308411215,0.5333333333333333,0.39473684210526316,0.22877358490566035,0.4666666666666666,0.3449612403100776,0.39473684210526316,0.22877358490566035,0.1166666666666667,0.023904572186687893
rtc_58,0.6533333333333333,0.49019607843137253,0.43859649122807015,0.5555555555555556,0.39473684210526316,0.22844827586206895,0.4666666666666666,0.33333333333333337,0.39473684210526316,0.22844827586206895,0.12586206896551722,0.01840585532389304
rtc_59,0.67,0.48704663212435234,0.4563106796116505,0.5222222222222223,0.2894736842105263,0.2333333333333334,0.30333333333333334,0.17829457364341084,0.2894736842105263,0.1514285714285714,0.2333333333333334,0.028713930346059718
rtc_60,0.6766666666666666,0.46994535519125685,0.46236559139784944,0.4777777777777778,0.4473684210526316,0.2222222222222222,0.4633333333333334,0.3333333333333333,0.4473684210526316,0.2222222222222222,0.21818181818181825,0.011605769149479936
rtc_61,0.6433333333333333,0.4830917874396135,0.42735042735042733,0.5555555555555556,0.33333333333333337,0.25,0.3466666666666666,0.33333333333333337,0.2368421052631579,0.25,0.09939148073022308,0.023299294900428702
rtc_62,0.6566666666666666,0.49261083743842365,0.4424778761061947,0.5555555555555556,0.39473684210526316,0.22844827586206895,0.4666666666666666,0.33333333333333337,0.39473684210526316,0.22844827586206895,0.12118644067796613,0.017728105208558366
rtc_63,0.66,0.5048543689320388,0.4482758620689655,0.5777777777777777,0.34210526315789475,0.21120689655172414,0.42666666666666664,0.33333333333333337,0.34210526315789475,0.21120689655172414,0.10526315789473684,0.018844151368961323
rtc_64,0.67,0.48704663212435234,0.4563106796116505,0.5222222222222223,0.2894736842105263,0.2333333333333334,0.30333333333333334,0.17829457364341084,0.2894736842105263,0.1514285714285714,0.2333333333333334,0.027627256579733903
rtc_65,0.6766666666666666,0.46994535519125685,0.46236559139784944,0.4777777777777778,0.4473684210526316,0.2222222222222222,0.4633333333333334,0.3333333333333333,0.4473684210526316,0.2222222222222222,0.21818181818181825,0.011605769149479936
rtc_66,0.65,0.4878048780487805,0.43478260869565216,0.5555555555555556,0.33333333333333337,0.25,0.3466666666666666,0.33333333333333337,0.2368421052631579,0.25,0.09939148073022308,0.019166296949998197
rtc_67,0.6633333333333333,0.4975124378109453,0.45045045045045046,0.5555555555555556,0.39473684210526316,0.2142857142857143,0.4666666666666666,0.33333333333333337,0.39473684210526316,0.2142857142857143,0.12118644067796613,0.016659862556700843
rtc_68,0.6566666666666666,0.49261083743842365,0.4424778761061947,0.5555555555555556,0.34210526315789475,0.22149122807017546,0.42666666666666664,0.33333333333333337,0.34210526315789475,0.22149122807017546,0.11329170383586085,0.018405855323893033
rtc_69,0.67,0.48704663212435234,0.4563106796116505,0.5222222222222223,0.2894736842105263,0.2333333333333334,0.30333333333333334,0.17829457364341084,0.2894736842105263,0.1514285714285714,0.2333333333333334,0.027627256579733903
rtc_70,0.6766666666666666,0.46994535519125685,0.46236559139784944,0.4777777777777778,0.4473684210526316,0.2222222222222222,0.4633333333333334,0.3333333333333333,0.4473684210526316,0.2222222222222222,0.21818181818181825,0.011605769149479936
rtc_71,0.65,0.4878048780487805,0.43478260869565216,0.5555555555555556,0.33333333333333337,0.25,0.3466666666666666,0.33333333333333337,0.2368421052631579,0.25,0.09939148073022308,0.018952141659173725
rtc_72,0.6633333333333333,0.4975124378109453,0.45045045045045046,0.5555555555555556,0.39473684210526316,0.2142857142857143,0.4666666666666666,0.33333333333333337,0.39473684210526316,0.2142857142857143,0.12118644067796613,0.018294640678379583
rtc_73,0.6633333333333333,0.5073170731707317,0.45217391304347826,0.5777777777777777,0.33333333333333337,0.20394736842105265,0.3866666666666666,0.33333333333333337,0.2894736842105263,0.20394736842105265,0.09195402298850575,0.01653690986112891
rtc_74,0.67,0.48704663212435234,0.4563106796116505,0.5222222222222223,0.2894736842105263,0.2333333333333334,0.30333333333333334,0.17829457364341084,0.2894736842105263,0.1514285714285714,0.2333333333333334,0.021476137683389858
rtc_75,0.6766666666666666,0.46994535519125685,0.46236559139784944,0.4777777777777778,0.4473684210526316,0.2222222222222222,0.4633333333333334,0.3333333333333333,0.4473684210526316,0.2222222222222222,0.21818181818181825,0.011605769149479936
rtc_76,0.6566666666666666,0.4717948717948718,0.4380952380952381,0.5111111111111111,0.39473684210526316,0.22115384615384615,0.4666666666666666,0.34761904761904766,0.39473684210526316,0.22115384615384615,0.14508196721311473,0.024989793835051285
rtc_77,0.66,0.4742268041237113,0.4423076923076923,0.5111111111111111,0.39473684210526316,0.22115384615384615,0.4666666666666666,0.34761904761904766,0.39473684210526316,0.22115384615384615,0.14032258064516123,0.02231499907401901
rtc_78,0.6633333333333333,0.47668393782383417,0.44660194174757284,0.5111111111111111,0.39473684210526316,0.21323529411764708,0.4666666666666666,0.34761904761904766,0.39473684210526316,0.21323529411764708,0.14032258064516123,0.02099562636671296
rtc_79,0.6666666666666666,0.45652173913043476,0.44680851063829785,0.4666666666666667,0.39473684210526316,0.25,0.38333333333333336,0.2480620155038759,0.39473684210526316,0.19999999999999996,0.25,0.02806697529198359
rtc_80,0.6766666666666666,0.46994535519125685,0.46236559139784944,0.4777777777777778,0.4473684210526316,0.2222222222222222,0.4633333333333334,0.3333333333333333,0.4473684210526316,0.2222222222222222,0.21818181818181825,0.011605769149479936
rtc_81,0.65,0.450261780104712,0.42574257425742573,0.4777777777777778,0.39473684210526316,0.25,0.38333333333333336,0.22480620155038755,0.39473684210526316,0.21224489795918366,0.25,0.023211538298959875
rtc_82,0.6533333333333333,0.45263157894736844,0.43,0.4777777777777778,0.39473684210526316,0.25,0.38333333333333336,0.22480620155038755,0.39473684210526316,0.21224489795918366,0.25,0.019378085666072194
rtc_83,0.6566666666666666,0.455026455026455,0.43434343434343436,0.4777777777777778,0.39473684210526316,0.25,0.38333333333333336,0.22480620155038755,0.39473684210526316,0.20416666666666666,0.25,0.020000000000000004
rtc_84,0.6666666666666666,0.45652173913043476,0.44680851063829785,0.4666666666666667,0.39473684210526316,0.25,0.38333333333333336,0.2480620155038759,0.39473684210526316,0.19999999999999996,0.25,0.029067128499108308
rtc_85,0.6766666666666666,0.46994535519125685,0.46236559139784944,0.4777777777777778,0.4473684210526316,0.2222222222222222,0.4633333333333334,0.3333333333333333,0.4473684210526316,0.2222222222222222,0.21818181818181825,0.011605769149479936
rtc_86,0.6633333333333333,0.45989304812834225,0.44329896907216493,0.4777777777777778,0.6140350877192982,0.3571428571428571,0.5066666666666666,0.22480620155038755,0.6140350877192982,0.33695652173913043,0.3571428571428571,0.025314350209527665
rtc_87,0.6633333333333333,0.45989304812834225,0.44329896907216493,0.4777777777777778,0.6140350877192982,0.3571428571428571,0.5066666666666666,0.22480620155038755,0.6140350877192982,0.33695652173913043,0.3571428571428571,0.025314350209527665
rtc_88,0.6633333333333333,0.45989304812834225,0.44329896907216493,0.4777777777777778,0.6140350877192982,0.3571428571428571,0.5066666666666666,0.22480620155038755,0.6140350877192982,0.33695652173913043,0.3571428571428571,0.025314350209527665
rtc_89,0.6633333333333333,0.45989304812834225,0.44329896907216493,0.4777777777777778,0.6140350877192982,0.3571428571428571,0.5066666666666666,0.22480620155038755,0.6140350877192982,0.33695652173913043,0.3571428571428571,0.03516723892883194
rtc_90,0.6666666666666666,0.46808510638297873,0.4489795918367347,0.4888888888888889,0.6140350877192982,0.3571428571428571,0.5066666666666666,0.2015503875968992,0.6140350877192982,0.324468085106383,0.3571428571428571,0.013850513878332357
rtc_91,0.69,0.45614035087719296,0.48148148148148145,0.43333333333333335,0.4473684210526316,0.21818181818181825,0.4633333333333334,0.3333333333333333,0.4473684210526316,0.21666666666666662,0.21818181818181825,0.025314350209527665
rtc_92,0.69,0.45614035087719296,0.48148148148148145,0.43333333333333335,0.4473684210526316,0.21818181818181825,0.4633333333333334,0.3333333333333333,0.4473684210526316,0.21666666666666662,0.21818181818181825,0.025314350209527665
rtc_93,0.69,0.45614035087719296,0.48148148148148145,0.43333333333333335,0.4473684210526316,0.21818181818181825,0.4633333333333334,0.3333333333333333,0.4473684210526316,0.21666666666666662,0.21818181818181825,0.025793528693239712
rtc_94,0.69,0.45614035087719296,0.48148148148148145,0.43333333333333335,0.4473684210526316,0.21818181818181825,0.4633333333333334,0.3333333333333333,0.4473684210526316,0.21666666666666662,0.21818181818181825,0.03516723892883194
rtc_95,0.6933333333333334,0.46511627906976744,0.4878048780487805,0.4444444444444444,0.4473684210526316,0.21818181818181825,0.4633333333333334,0.3333333333333333,0.4473684210526316,0.20325203252032514,0.21818181818181825,0.012289036095775174
rtc_96,0.69,0.45614035087719296,0.48148148148148145,0.43333333333333335,0.4473684210526316,0.21818181818181825,0.4633333333333334,0.3333333333333333,0.4473684210526316,0.21666666666666662,0.21818181818181825,0.021852940772540512
rtc_97,0.69,0.45614035087719296,0.48148148148148145,0.43333333333333335,0.4473684210526316,0.21818181818181825,0.4633333333333334,0.3333333333333333,0.4473684210526316,0.21666666666666662,0.21818181818181825,0.021852940772540512
rtc_98,0.69,0.45614035087719296,0.48148148148148145,0.43333333333333335,0.4473684210526316,0.21818181818181825,0.4633333333333334,0.3333333333333333,0.4473684210526316,0.21666666666666662,0.21818181818181825,0.021852940772540512
rtc_99,0.69,0.45614035087719296,0.48148148148148145,0.43333333333333335,0.4473684210526316,0.21818181818181825,0.4633333333333334,0.3333333333333333,0.4473684210526316,0.21666666666666662,0.21818181818181825,0.018844151368961334
rtc_100,0.6933333333333334,0.46511627906976744,0.4878048780487805,0.4444444444444444,0.4473684210526316,0.21818181818181825,0.4633333333333334,0.3333333333333333,0.4473684210526316,0.20325203252032514,0.21818181818181825,0.023299294900428702
rtc_101,0.6466666666666666,0.4752475247524752,0.42857142857142855,0.5333333333333333,0.6666666666666667,0.48214285714285715,0.3866666666666666,0.6666666666666667,0.24789915966386555,0.48214285714285715,0.08686868686868687,0.030505937862946624
rtc_102,0.6533333333333333,0.48514851485148514,0.4375,0.5444444444444444,0.6666666666666667,0.425,0.4666666666666666,0.6666666666666667,0.2894736842105263,0.425,0.09595959595959602,0.02878491668515699
rtc_103,0.67,0.5025125628140703,0.45871559633027525,0.5555555555555556,0.5,0.1910377358490566,0.5066666666666666,0.5,0.39473684210526316,0.1910377358490566,0.07967165620473204,0.023035022137995884
rtc_104,0.6833333333333333,0.4864864864864865,0.47368421052631576,0.5,0.5,0.3714285714285714,0.38333333333333336,0.5,0.3067226890756303,0.3714285714285714,0.21355932203389838,0.029623487647611038
rtc_105,0.6866666666666666,0.4268292682926829,0.47297297297297297,0.3888888888888889,0.3333333333333333,0.5555555555555556,0.2533333333333333,0.09523809523809523,0.3333333333333333,0.5555555555555556,0.32608695652173914,0.024578072191550355
rtc_106,0.6366666666666667,0.4577114427860697,0.4144144144144144,0.5111111111111111,0.5,0.42857142857142855,0.30333333333333334,0.5,0.2394957983193277,0.42857142857142855,0.2148148148148148,0.023647064796066923
rtc_107,0.6566666666666666,0.4824120603015075,0.44036697247706424,0.5333333333333333,0.6666666666666667,0.425,0.4666666666666666,0.6666666666666667,0.2894736842105263,0.425,0.10553410553410547,0.018952141659173725
rtc_108,0.68,0.5151515151515151,0.4722222222222222,0.5666666666666667,0.5,0.18055555555555558,0.5066666666666666,0.5,0.39473684210526316,0.18055555555555558,0.07831136220966728,0.027701027756664772
rtc_109,0.6833333333333333,0.4864864864864865,0.47368421052631576,0.5,0.5,0.3714285714285714,0.38333333333333336,0.5,0.3067226890756303,0.3714285714285714,0.21355932203389838,0.02364706479606695
rtc_110,0.6866666666666666,0.4268292682926829,0.47297297297297297,0.3888888888888889,0.3333333333333333,0.5555555555555556,0.2533333333333333,0.09523809523809523,0.3333333333333333,0.5555555555555556,0.32608695652173914,0.024578072191550355
rtc_111,0.64,0.47058823529411764,0.42105263157894735,0.5333333333333333,0.6666666666666667,0.48214285714285715,0.3866666666666666,0.6666666666666667,0.2394957983193277,0.48214285714285715,0.08511722731906224,0.013997084244475294
rtc_112,0.66,0.49,0.44545454545454544,0.5444444444444444,0.6666666666666667,0.375,0.5066666666666666,0.6666666666666667,0.34210526315789475,0.375,0.07797270955165692,0.011428571428571432
rtc_113,0.6766666666666666,0.5174129353233831,0.46846846846846846,0.5777777777777777,0.5,0.22499999999999998,0.4666666666666666,0.5,0.34210526315789475,0.22499999999999998,0.07568807339449546,0.029829447168315884
rtc_114,0.69,0.4972972972972973,0.4842105263157895,0.5111111111111111,0.3333333333333333,0.23809523809523808,0.3433333333333334,0.3333333333333333,0.3067226890756303,0.23809523809523808,0.21355932203389838,0.029829447168315863
rtc_115,0.6866666666666666,0.4268292682926829,0.47297297297297297,0.3888888888888889,0.3333333333333333,0.5555555555555556,0.2533333333333333,0.09523809523809523,0.3333333333333333,0.5555555555555556,0.32608695652173914,0.024578072191550355
rtc_116,0.6566666666666666,0.49261083743842365,0.4424778761061947,0.5555555555555556,0.6666666666666667,0.48214285714285715,0.3866666666666666,0.6666666666666667,0.25630252100840334,0.48214285714285715,0.10346585117227325,0.020898198340468282
rtc_117,0.6666666666666666,0.494949494949495,0.4537037037037037,0.5444444444444444,0.6666666666666667,0.375,0.5066666666666666,0.6666666666666667,0.34210526315789475,0.375,0.08133971291866038,0.01829464067837958
rtc_118,0.68,0.5151515151515151,0.4722222222222222,0.5666666666666667,0.6666666666666667,0.425,0.4666666666666666,0.6666666666666667,0.2894736842105263,0.425,0.0788288288288288,0.02657296462534039
rtc_119,0.69,0.4972972972972973,0.4842105263157895,0.5111111111111111,0.3333333333333333,0.23809523809523808,0.3433333333333334,0.3333333333333333,0.3067226890756303,0.23809523809523808,0.21355932203389838,0.02364706479606695
rtc_120,0.6866666666666666,0.4268292682926829,0.47297297297297297,0.3888888888888889,0.3333333333333333,0.5555555555555556,0.2533333333333333,0.09523809523809523,0.3333333333333333,0.5555555555555556,0.32608695652173914,0.024578072191550355
rtc_121,0.67,0.5025125628140703,0.45871559633027525,0.5555555555555556,0.6666666666666667,0.45833333333333337,0.42666666666666664,0.6666666666666667,0.273109243697479,0.45833333333333337,0.09198672356567095,0.013552618543578768
rtc_122,0.68,0.5051546391752577,0.47115384615384615,0.5444444444444444,0.6666666666666667,0.2916666666666667,0.5466666666666666,0.6666666666666667,0.39473684210526316,0.2916666666666667,0.08004926108374377,0.012453996981544785
rtc_123,0.6733333333333333,0.5,0.46226415094339623,0.5444444444444444,0.6666666666666667,0.375,0.5066666666666666,0.6666666666666667,0.34210526315789475,0.375,0.07844050947499215,0.024327694808466308
rtc_124,0.68,0.49473684210526314,0.47,0.5222222222222223,0.3333333333333333,0.23809523809523808,0.3433333333333334,0.3333333333333333,0.2899159663865546,0.23809523809523808,0.21034482758620687,0.022767682072156036
rtc_125,0.6866666666666666,0.4268292682926829,0.47297297297297297,0.3888888888888889,0.3333333333333333,0.5555555555555556,0.2533333333333333,0.09523809523809523,0.3333333333333333,0.5555555555555556,0.32608695652173914,0.024578072191550355
rtc_126,0.67,0.4648648648648649,0.45263157894736844,0.4777777777777778,0.6666666666666667,0.2916666666666667,0.5466666666666666,0.6666666666666667,0.39473684210526316,0.2916666666666667,0.0937413840639647,0.03175158681556126
rtc_127,0.6733333333333333,0.4673913043478261,0.4574468085106383,0.4777777777777778,0.6666666666666667,0.2916666666666667,0.5466666666666666,0.6666666666666667,0.39473684210526316,0.2916666666666667,0.08913308913308915,0.02089819834046828
rtc_128,0.6766666666666666,0.46994535519125685,0.46236559139784944,0.4777777777777778,0.6666666666666667,0.2916666666666667,0.5466666666666666,0.6666666666666667,0.39473684210526316,0.2916666666666667,0.09079903147699753,0.022587697572631276
rtc_129,0.6733333333333333,0.449438202247191,0.45454545454545453,0.4444444444444444,0.39473684210526316,0.20952380952380956,0.42333333333333334,0.3333333333333333,0.39473684210526316,0.1464285714285714,0.20952380952380956,0.01969149821727174
rtc_130,0.6866666666666666,0.4268292682926829,0.47297297297297297,0.3888888888888889,0.3333333333333333,0.5555555555555556,0.2533333333333333,0.09523809523809523,0.3333333333333333,0.5555555555555556,0.32608695652173914,0.024578072191550355
rtc_131,0.6566666666666666,0.44324324324324327,0.43157894736842106,0.45555555555555555,0.39473684210526316,0.20952380952380956,0.42333333333333334,0.3333333333333333,0.39473684210526316,0.16233766233766228,0.20952380952380956,0.026954231805876024
rtc_132,0.66,0.44565217391304346,0.43617021276595747,0.45555555555555555,0.39473684210526316,0.20952380952380956,0.42333333333333334,0.3333333333333333,0.39473684210526316,0.16233766233766228,0.20952380952380956,0.02490799396308957
rtc_133,0.6633333333333333,0.44808743169398907,0.44086021505376344,0.45555555555555555,0.39473684210526316,0.20952380952380956,0.42333333333333334,0.3333333333333333,0.39473684210526316,0.15282392026578068,0.20952380952380956,0.021852940772540522
rtc_134,0.6733333333333333,0.449438202247191,0.45454545454545453,0.4444444444444444,0.39473684210526316,0.20952380952380956,0.42333333333333334,0.3333333333333333,0.39473684210526316,0.1464285714285714,0.20952380952380956,0.007284313590846844
rtc_135,0.6866666666666666,0.4268292682926829,0.47297297297297297,0.3888888888888889,0.3333333333333333,0.5555555555555556,0.2533333333333333,0.09523809523809523,0.3333333333333333,0.5555555555555556,0.32608695652173914,0.027847983842311325
rtc_136,0.67,0.4530386740331492,0.45054945054945056,0.45555555555555555,0.6140350877192982,0.31818181818181823,0.5466666666666666,0.3333333333333333,0.6140350877192982,0.23076923076923073,0.31818181818181823,0.026878411031752543
rtc_137,0.67,0.4530386740331492,0.45054945054945056,0.45555555555555555,0.6140350877192982,0.31818181818181823,0.5466666666666666,0.3333333333333333,0.6140350877192982,0.23076923076923073,0.31818181818181823,0.02089819834046828
rtc_138,0.67,0.4530386740331492,0.45054945054945056,0.45555555555555555,0.6140350877192982,0.31818181818181823,0.5466666666666666,0.3333333333333333,0.6140350877192982,0.23076923076923073,0.31818181818181823,0.02657296462534039
rtc_139,0.67,0.4530386740331492,0.45054945054945056,0.45555555555555555,0.6140350877192982,0.31818181818181823,0.5466666666666666,0.3333333333333333,0.6140350877192982,0.23076923076923073,0.31818181818181823,0.02618614682831908
rtc_140,0.68,0.4,0.45714285714285713,0.35555555555555557,0.5,0.6,0.2966666666666667,0.16666666666666669,0.5,0.6,0.4350649350649351,0.01498298354528788
rtc_141,0.6966666666666667,0.4484848484848485,0.49333333333333335,0.4111111111111111,0.5,0.19527559055118116,0.5033333333333334,0.5,0.4473684210526316,0.0875576036866359,0.19527559055118116,0.025152595516655732
rtc_142,0.6966666666666667,0.4484848484848485,0.49333333333333335,0.4111111111111111,0.5,0.19527559055118116,0.5033333333333334,0.5,0.4473684210526316,0.0875576036866359,0.19527559055118116,0.02089819834046828
rtc_143,0.6966666666666667,0.4484848484848485,0.49333333333333335,0.4111111111111111,0.5,0.19527559055118116,0.5033333333333334,0.5,0.4473684210526316,0.0875576036866359,0.19527559055118116,0.021476137683389872
rtc_144,0.6966666666666667,0.4484848484848485,0.49333333333333335,0.4111111111111111,0.5,0.19527559055118116,0.5033333333333334,0.5,0.4473684210526316,0.0875576036866359,0.19527559055118116,0.02784798384231131
rtc_145,0.7066666666666667,0.3888888888888889,0.5185185185185185,0.3111111111111111,0.3333333333333333,0.5,0.2533333333333333,0.047619047619047616,0.3333333333333333,0.5,0.32608695652173914,0.01228903609577518
rtc_146,0.6966666666666667,0.4484848484848485,0.49333333333333335,0.4111111111111111,0.5,0.19527559055118116,0.5033333333333334,0.5,0.4473684210526316,0.0875576036866359,0.19527559055118116,0.014568627181693668
rtc_147,0.6966666666666667,0.4484848484848485,0.49333333333333335,0.4111111111111111,0.5,0.19527559055118116,0.5033333333333334,0.5,0.4473684210526316,0.0875576036866359,0.19527559055118116,0.014568627181693668
rtc_148,0.6966666666666667,0.4484848484848485,0.49333333333333335,0.4111111111111111,0.5,0.19527559055118116,0.5033333333333334,0.5,0.4473684210526316,0.0875576036866359,0.19527559055118116,0.014568627181693668
rtc_149,0.6966666666666667,0.4484848484848485,0.49333333333333335,0.4111111111111111,0.5,0.19527559055118116,0.5033333333333334,0.5,0.4473684210526316,0.0875576036866359,0.19527559055118116,0.010690449676496985
rtc_150,0.7066666666666667,0.3888888888888889,0.5185185185185185,0.3111111111111111,0.3333333333333333,0.5,0.2533333333333333,0.047619047619047616,0.3333333333333333,0.5,0.32608695652173914,0.023299294900428702
rtc_151,0.67,0.5123152709359606,0.46017699115044247,0.5777777777777777,0.5,0.375,0.3466666666666666,0.5,0.23109243697478993,0.375,0.09460297766749381,0.01948311670997979
rtc_152,0.6866666666666666,0.5154639175257731,0.4807692307692308,0.5555555555555556,0.5,0.2916666666666667,0.42666666666666664,0.5,0.2894736842105263,0.2916666666666667,0.08124098124098122,0.01456862718169367
rtc_153,0.7,0.5408163265306123,0.5,0.5888888888888889,0.5,0.22499999999999998,0.4666666666666666,0.5,0.34210526315789475,0.22499999999999998,0.089622641509434,0.0318157963590287
rtc_154,0.71,0.49122807017543857,0.5185185185185185,0.4666666666666667,0.17543859649122806,0.2706766917293233,0.1766666666666667,0.04285714285714287,0.17543859649122806,0.09999999999999998,0.2706766917293233,0.024989793835051295
rtc_155,0.6866666666666666,0.4268292682926829,0.47297297297297297,0.3888888888888889,0.3333333333333333,0.5555555555555556,0.2533333333333333,0.09523809523809523,0.3333333333333333,0.5555555555555556,0.32608695652173914,0.02020305089104422
rtc_156,0.6666666666666666,0.494949494949495,0.4537037037037037,0.5444444444444444,0.6666666666666667,0.48214285714285715,0.3866666666666666,0.6666666666666667,0.2394957983193277,0.48214285714285715,0.10796645702306085,0.009476070829586866
rtc_157,0.6566666666666666,0.46632124352331605,0.4368932038834951,0.5,0.3333333333333333,0.2857142857142857,0.30333333333333334,0.3333333333333333,0.24789915966386555,0.2857142857142857,0.19464285714285712,0.01590789817951437
rtc_158,0.6933333333333334,0.5257731958762887,0.49038461538461536,0.5666666666666667,0.5,0.17857142857142855,0.5066666666666666,0.5,0.39473684210526316,0.17857142857142855,0.08018867924528306,0.030838618778461276
rtc_159,0.71,0.49122807017543857,0.5185185185185185,0.4666666666666667,0.17543859649122806,0.2706766917293233,0.1766666666666667,0.04285714285714287,0.17543859649122806,0.09999999999999998,0.2706766917293233,0.026108095546424383
rtc_160,0.6866666666666666,0.4268292682926829,0.47297297297297297,0.3888888888888889,0.3333333333333333,0.5555555555555556,0.2533333333333333,0.09523809523809523,0.3333333333333333,0.5555555555555556,0.32608695652173914,0.02020305089104422
rtc_161,0.66,0.49504950495049505,0.44642857142857145,0.5555555555555556,0.5,0.375,0.3466666666666666,0.5,0.2226890756302521,0.375,0.07711213517665128,0.015386185163241447
rtc_162,0.68,0.52,0.4727272727272727,0.5777777777777777,0.5,0.22499999999999998,0.4666666666666666,0.5,0.34210526315789475,0.22499999999999998,0.07692307692307687,0.014568627181693683
rtc_163,0.7,0.5408163265306123,0.5,0.5888888888888889,0.5,0.22499999999999998,0.4666666666666666,0.5,0.34210526315789475,0.22499999999999998,0.089622641509434,0.03452298849598449
rtc_164,0.71,0.49122807017543857,0.5185185185185185,0.4666666666666667,0.17543859649122806,0.2706766917293233,0.1766666666666667,0.04285714285714287,0.17543859649122806,0.09999999999999998,0.2706766917293233,0.02657296462534039
rtc_165,0.6866666666666666,0.4268292682926829,0.47297297297297297,0.3888888888888889,0.3333333333333333,0.5555555555555556,0.2533333333333333,0.09523809523809523,0.3333333333333333,0.5555555555555556,0.32608695652173914,0.02020305089104422
rtc_166,0.6833333333333333,0.5226130653266332,0.47706422018348627,0.5777777777777777,0.5,0.4285714285714286,0.30333333333333334,0.5,0.08123249299719887,0.4285714285714286,0.07767734027884177,0.019897697538834466
rtc_167,0.6933333333333334,0.5257731958762887,0.49038461538461536,0.5666666666666667,0.5,0.2698412698412699,0.42333333333333334,0.5,0.22807017543859648,0.2698412698412699,0.06600955794504182,0.02089819834046829
rtc_168,0.6866666666666666,0.5154639175257731,0.4807692307692308,0.5555555555555556,0.5,0.22499999999999998,0.4666666666666666,0.5,0.34210526315789475,0.22499999999999998,0.07407407407407407,0.021852940772540543
rtc_169,0.7033333333333334,0.47953216374269003,0.5061728395061729,0.45555555555555555,0.17543859649122806,0.2400468384074942,0.21666666666666667,0.16666666666666669,0.17543859649122806,0.19999999999999996,0.2400468384074942,0.029760952365713793
rtc_170,0.6866666666666666,0.4268292682926829,0.47297297297297297,0.3888888888888889,0.3333333333333333,0.5555555555555556,0.2533333333333333,0.09523809523809523,0.3333333333333333,0.5555555555555556,0.32608695652173914,0.02020305089104422
rtc_171,0.6933333333333334,0.5208333333333334,0.49019607843137253,0.5555555555555556,0.5,0.380952380952381,0.3433333333333334,0.5,0.12280701754385964,0.380952380952381,0.08279708279708275,0.01470804305855287
rtc_172,0.7033333333333334,0.5240641711229946,0.5051546391752577,0.5444444444444444,0.5,0.2542857142857143,0.4633333333333334,0.5,0.2807017543859649,0.2542857142857143,0.0714285714285714,0.011605769149479953
rtc_173,0.6966666666666667,0.5185185185185185,0.494949494949495,0.5444444444444444,0.5,0.26330532212885155,0.42333333333333334,0.5,0.22807017543859648,0.26330532212885155,0.06981981981981977,0.014708043058552849
rtc_174,0.7,0.48863636363636365,0.5,0.4777777777777778,0.17543859649122806,0.2706766917293233,0.1766666666666667,0.034883720930232565,0.17543859649122806,0.12380952380952381,0.2706766917293233,0.016659862556700843
rtc_175,0.6866666666666666,0.4268292682926829,0.47297297297297297,0.3888888888888889,0.3333333333333333,0.5555555555555556,0.2533333333333333,0.09523809523809523,0.3333333333333333,0.5555555555555556,0.32608695652173914,0.02020305089104422
rtc_176,0.69,0.4685714285714286,0.4823529411764706,0.45555555555555555,0.6666666666666667,0.2724252491694352,0.5033333333333334,0.6666666666666667,0.2807017543859649,0.2724252491694352,0.0794117647058824,0.024578072191550386
rtc_177,0.6933333333333334,0.47126436781609193,0.4880952380952381,0.45555555555555555,0.6666666666666667,0.2724252491694352,0.5033333333333334,0.6666666666666667,0.2807017543859649,0.2724252491694352,0.07536231884057976,0.021852940772540543
rtc_178,0.6966666666666667,0.47398843930635837,0.4939759036144578,0.45555555555555555,0.6666666666666667,0.2619047619047619,0.5033333333333334,0.6666666666666667,0.2807017543859649,0.2619047619047619,0.07536231884057976,0.01840585532389305
rtc_179,0.6933333333333334,0.425,0.4857142857142857,0.37777777777777777,0.2807017543859649,0.24675324675324684,0.2966666666666667,0.16666666666666669,0.2807017543859649,0.2121212121212121,0.24675324675324684,0.013997084244475292
rtc_180,0.6866666666666666,0.4268292682926829,0.47297297297297297,0.3888888888888889,0.3333333333333333,0.5555555555555556,0.2533333333333333,0.09523809523809523,0.3333333333333333,0.5555555555555556,0.32608695652173914,0.02020305089104422
rtc_181,0.6766666666666666,0.44571428571428573,0.4588235294117647,0.43333333333333335,0.3333333333333333,0.26190476190476186,0.38,0.3333333333333333,0.2807017543859649,0.26190476190476186,0.1515151515151516,0.015252968931473296
rtc_182,0.68,0.4482758620689655,0.4642857142857143,0.43333333333333335,0.3333333333333333,0.26190476190476186,0.38,0.3333333333333333,0.2807017543859649,0.26190476190476186,0.1515151515151516,0.01498298354528788
rtc_183,0.6833333333333333,0.4508670520231214,0.46987951807228917,0.43333333333333335,0.3333333333333333,0.25203252032520324,0.38,0.3333333333333333,0.2807017543859649,0.25203252032520324,0.1515151515151516,0.01840585532389305
rtc_184,0.6933333333333334,0.425,0.4857142857142857,0.37777777777777777,0.2807017543859649,0.24675324675324684,0.2966666666666667,0.16666666666666669,0.2807017543859649,0.2121212121212121,0.24675324675324684,0.011428571428571427
rtc_185,0.6866666666666666,0.4268292682926829,0.47297297297297297,0.3888888888888889,0.3333333333333333,0.5555555555555556,0.2533333333333333,0.09523809523809523,0.3333333333333333,0.5555555555555556,0.32608695652173914,0.022314999074019015
rtc_186,0.69,0.45614035087719296,0.48148148148148145,0.43333333333333335,0.5,0.5641025641025641,0.5033333333333334,0.3333333333333333,0.5,0.5641025641025641,0.22608695652173916,0.022767682072156056
rtc_187,0.69,0.45614035087719296,0.48148148148148145,0.43333333333333335,0.5,0.5641025641025641,0.5033333333333334,0.3333333333333333,0.5,0.5641025641025641,0.22608695652173916,0.018952141659173725
rtc_188,0.69,0.45614035087719296,0.48148148148148145,0.43333333333333335,0.5,0.5641025641025641,0.5033333333333334,0.3333333333333333,0.5,0.5641025641025641,0.22608695652173916,0.024907993963089584
rtc_189,0.69,0.4294478527607362,0.4794520547945205,0.3888888888888889,0.5,0.5483870967741935,0.42,0.16666666666666669,0.5,0.5483870967741935,0.32608695652173914,0.026108095546424393
rtc_190,0.68,0.4,0.45714285714285713,0.35555555555555557,0.5,0.6,0.2966666666666667,0.16666666666666669,0.5,0.6,0.4350649350649351,0.013850513878332363
rtc_191,0.7166666666666667,0.45161290322580644,0.5384615384615384,0.3888888888888889,0.5,0.5151515151515151,0.46,0.5,0.3333333333333333,0.5151515151515151,0.125,0.01840585532389305
rtc_192,0.7166666666666667,0.45161290322580644,0.5384615384615384,0.3888888888888889,0.5,0.5151515151515151,0.46,0.5,0.3333333333333333,0.5151515151515151,0.125,0.022767682072156056
rtc_193,0.7166666666666667,0.45161290322580644,0.5384615384615384,0.3888888888888889,0.5,0.5151515151515151,0.46,0.5,0.3333333333333333,0.5151515151515151,0.125,0.024159335036125388
rtc_194,0.7166666666666667,0.4217687074829932,0.543859649122807,0.34444444444444444,0.33333333333333337,0.4782608695652174,0.3766666666666667,0.33333333333333337,0.3333333333333333,0.4782608695652174,0.22023809523809523,0.026108095546424372
rtc_195,0.7066666666666667,0.3888888888888889,0.5185185185185185,0.3111111111111111,0.3333333333333333,0.5,0.2533333333333333,0.047619047619047616,0.3333333333333333,0.5,0.32608695652173914,0.01228903609577518
rtc_196,0.6966666666666667,0.4484848484848485,0.49333333333333335,0.4111111111111111,0.5,0.19527559055118116,0.5033333333333334,0.5,0.4473684210526316,0.0875576036866359,0.19527559055118116,0.014568627181693668
rtc_197,0.6966666666666667,0.4484848484848485,0.49333333333333335,0.4111111111111111,0.5,0.19527559055118116,0.5033333333333334,0.5,0.4473684210526316,0.0875576036866359,0.19527559055118116,0.014568627181693668
rtc_198,0.6966666666666667,0.4484848484848485,0.49333333333333335,0.4111111111111111,0.5,0.19527559055118116,0.5033333333333334,0.5,0.4473684210526316,0.0875576036866359,0.19527559055118116,0.014568627181693668
rtc_199,0.6966666666666667,0.4484848484848485,0.49333333333333335,0.4111111111111111,0.5,0.19527559055118116,0.5033333333333334,0.5,0.4473684210526316,0.0875576036866359,0.19527559055118116,0.010690449676496985
rtc_200,0.7066666666666667,0.3888888888888889,0.5185185185185185,0.3111111111111111,0.3333333333333333,0.5,0.2533333333333333,0.047619047619047616,0.3333333333333333,0.5,0.32608695652173914,0.023299294900428702
rtc_201,0.6833333333333333,0.47513812154696133,0.4725274725274725,0.4777777777777778,0.2095238095238095,0.5,0.1388888888888889,0.2095238095238095,0.20175438596491227,0.5,0.08913308913308915,0.005345224838248469
rtc_202,0.69,0.4861878453038674,0.4835164835164835,0.4888888888888889,0.3333333333333333,0.5142857142857143,0.1388888888888889,0.3333333333333333,0.10606060606060605,0.5142857142857143,0.10622710622710618,0.021852940772540495
rtc_203,0.7233333333333334,0.5257142857142857,0.5411764705882353,0.5111111111111111,0.3333333333333333,0.2666666666666666,0.3,0.3333333333333333,0.17543859649122806,0.2666666666666666,0.16384180790960456,0.040406101782088436
rtc_204,0.7066666666666667,0.47619047619047616,0.5128205128205128,0.4444444444444444,0.17543859649122806,0.2400468384074942,0.21666666666666667,0.16666666666666669,0.17543859649122806,0.19999999999999996,0.2400468384074942,0.023904572186687897
rtc_205,0.6866666666666666,0.4268292682926829,0.47297297297297297,0.3888888888888889,0.3333333333333333,0.5555555555555556,0.2533333333333333,0.09523809523809523,0.3333333333333333,0.5555555555555556,0.32608695652173914,0.02020305089104422
rtc_206,0.69,0.4745762711864407,0.4827586206896552,0.4666666666666667,0.3333333333333333,0.55,0.15123456790123457,0.3333333333333333,0.14912280701754385,0.55,0.09243697478991597,0.009476070829586859
rtc_207,0.7066666666666667,0.5,0.5116279069767442,0.4888888888888889,0.3333333333333333,0.46666666666666673,0.1766666666666667,0.3333333333333333,0.07575757575757577,0.46666666666666673,0.10924369747899154,0.017728105208558404
rtc_208,0.71,0.5084745762711864,0.5172413793103449,0.5,0.3333333333333333,0.2666666666666666,0.3,0.3333333333333333,0.17543859649122806,0.2666666666666666,0.15536723163841815,0.039227229193559934
rtc_209,0.7066666666666667,0.47619047619047616,0.5128205128205128,0.4444444444444444,0.17543859649122806,0.2400468384074942,0.21666666666666667,0.16666666666666669,0.17543859649122806,0.19999999999999996,0.2400468384074942,0.026954231805876024
rtc_210,0.6866666666666666,0.4268292682926829,0.47297297297297297,0.3888888888888889,0.3333333333333333,0.5555555555555556,0.2533333333333333,0.09523809523809523,0.3333333333333333,0.5555555555555556,0.32608695652173914,0.02020305089104422
rtc_211,0.6766666666666666,0.46994535519125685,0.46236559139784944,0.4777777777777778,0.3333333333333333,0.41666666666666663,0.20987654320987653,0.3333333333333333,0.11484593837535012,0.41666666666666663,0.1420289855072464,0.015649215928719026
rtc_212,0.6966666666666667,0.4972375690607735,0.4945054945054945,0.5,0.3333333333333333,0.2666666666666666,0.3,0.3333333333333333,0.17543859649122806,0.2666666666666666,0.14912280701754388,0.015907898179514345
rtc_213,0.71,0.5084745762711864,0.5172413793103449,0.5,0.3333333333333333,0.2666666666666666,0.3,0.3333333333333333,0.17543859649122806,0.2666666666666666,0.15536723163841815,0.040406101782088436
rtc_214,0.7133333333333334,0.4880952380952381,0.5256410256410257,0.45555555555555555,0.17543859649122806,0.2706766917293233,0.1766666666666667,0.07142857142857145,0.17543859649122806,0.09999999999999998,0.2706766917293233,0.02962348764761103
rtc_215,0.6866666666666666,0.4268292682926829,0.47297297297297297,0.3888888888888889,0.3333333333333333,0.5555555555555556,0.2533333333333333,0.09523809523809523,0.3333333333333333,0.5555555555555556,0.32608695652173914,0.02020305089104422
rtc_216,0.6933333333333334,0.5053763440860215,0.4895833333333333,0.5222222222222223,0.3333333333333333,0.5142857142857143,0.13666666666666666,0.3333333333333333,0.10606060606060605,0.5142857142857143,0.11027568922305764,0.01456862718169367
rtc_217,0.7033333333333334,0.5082872928176796,0.5054945054945055,0.5111111111111111,0.3333333333333333,0.3319148936170213,0.2566666666666667,0.3333333333333333,0.15231259968102073,0.3319148936170213,0.10310559006211184,0.019483116709979823
rtc_218,0.6966666666666667,0.4972375690607735,0.4945054945054945,0.5,0.3333333333333333,0.2666666666666666,0.3,0.3333333333333333,0.17543859649122806,0.2666666666666666,0.1507246376811595,0.03175158681556125
rtc_219,0.7066666666666667,0.47619047619047616,0.5128205128205128,0.4444444444444444,0.17543859649122806,0.2400468384074942,0.21666666666666667,0.16666666666666669,0.17543859649122806,0.19999999999999996,0.2400468384074942,0.022767682072156063
rtc_220,0.6866666666666666,0.4268292682926829,0.47297297297297297,0.3888888888888889,0.3333333333333333,0.5555555555555556,0.2533333333333333,0.09523809523809523,0.3333333333333333,0.5555555555555556,0.32608695652173914,0.02020305089104422
rtc_221,0.7,0.48863636363636365,0.5,0.4777777777777778,0.1782945736434109,0.4166666666666667,0.09333333333333332,0.1782945736434109,0.07575757575757577,0.4166666666666667,0.19703389830508478,0.013997084244475298
rtc_222,0.71,0.49122807017543857,0.5185185185185185,0.4666666666666667,0.17464114832535885,0.2616279069767442,0.21333333333333332,0.16666666666666669,0.17464114832535885,0.2616279069767442,0.19318181818181823,0.01895214165917371
rtc_223,0.7033333333333334,0.48554913294797686,0.5060240963855421,0.4666666666666667,0.16666666666666669,0.2727272727272727,0.1733333333333333,0.16666666666666669,0.12200956937799043,0.2727272727272727,0.18855932203389836,0.023035022137995846
rtc_224,0.7033333333333334,0.47953216374269003,0.5061728395061729,0.45555555555555555,0.17543859649122806,0.2706766917293233,0.1766666666666667,0.05813953488372092,0.17543859649122806,0.1365853658536585,0.2706766917293233,0.01498298354528789
rtc_225,0.6866666666666666,0.4268292682926829,0.47297297297297297,0.3888888888888889,0.3333333333333333,0.5555555555555556,0.2533333333333333,0.09523809523809523,0.3333333333333333,0.5555555555555556,0.32608695652173914,0.02020305089104422
rtc_226,0.6966666666666667,0.4276729559748428,0.4927536231884058,0.37777777777777777,0.33333333333333337,0.2777777777777778,0.2533333333333333,0.33333333333333337,0.1594896331738437,0.2777777777777778,0.1686507936507936,0.011605769149479937
rtc_227,0.7,0.43037974683544306,0.5,0.37777777777777777,0.33333333333333337,0.2777777777777778,0.2533333333333333,0.33333333333333337,0.14433811802232854,0.2777777777777778,0.1686507936507936,0.006998542122237627
rtc_228,0.7033333333333334,0.43312101910828027,0.5074626865671642,0.37777777777777777,0.33333333333333337,0.2642857142857143,0.2533333333333333,0.33333333333333337,0.14433811802232854,0.2642857142857143,0.17027559055118113,0.02099562636671296
rtc_229,0.6966666666666667,0.4129032258064516,0.49230769230769234,0.35555555555555557,0.2807017543859649,0.24675324675324684,0.2966666666666667,0.17441860465116277,0.2807017543859649,0.22916666666666663,0.24675324675324684,0.0124539969815448
rtc_230,0.6866666666666666,0.4268292682926829,0.47297297297297297,0.3888888888888889,0.3333333333333333,0.5555555555555556,0.2533333333333333,0.09523809523809523,0.3333333333333333,0.5555555555555556,0.32608695652173914,0.02020305089104422
rtc_231,0.6833333333333333,0.4025157232704403,0.463768115942029,0.35555555555555557,0.17464114832535885,0.26262626262626265,0.15722772277227726,0.038095238095238126,0.17464114832535885,0.23809523809523808,0.26262626262626265,0.017261494247992226
rtc_232,0.6866666666666666,0.4050632911392405,0.47058823529411764,0.35555555555555557,0.1594896331738437,0.26262626262626265,0.14732673267326735,0.038095238095238126,0.1594896331738437,0.23809523809523808,0.26262626262626265,0.00857142857142857
rtc_233,0.69,0.40764331210191085,0.47761194029850745,0.35555555555555557,0.1594896331738437,0.26262626262626265,0.14732673267326735,0.038095238095238126,0.1594896331738437,0.22549019607843135,0.26262626262626265,0.021476137683389872
rtc_234,0.6966666666666667,0.4129032258064516,0.49230769230769234,0.35555555555555557,0.2807017543859649,0.24675324675324684,0.2966666666666667,0.17441860465116277,0.2807017543859649,0.22916666666666663,0.24675324675324684,0.012453996981544787
rtc_235,0.6866666666666666,0.4268292682926829,0.47297297297297297,0.3888888888888889,0.3333333333333333,0.5555555555555556,0.2533333333333333,0.09523809523809523,0.3333333333333333,0.5555555555555556,0.32608695652173914,0.022314999074019015
rtc_236,0.69,0.4294478527607362,0.4794520547945205,0.3888888888888889,0.5,0.5675675675675675,0.42,0.16666666666666669,0.5,0.5675675675675675,0.32608695652173914,0.016536909861128903
rtc_237,0.69,0.4294478527607362,0.4794520547945205,0.3888888888888889,0.5,0.5675675675675675,0.42,0.16666666666666669,0.5,0.5675675675675675,0.32608695652173914,0.016536909861128903
rtc_238,0.69,0.4294478527607362,0.4794520547945205,0.3888888888888889,0.5,0.5675675675675675,0.42,0.16666666666666669,0.5,0.5675675675675675,0.32608695652173914,0.024907993963089584
rtc_239,0.6933333333333334,0.4177215189873418,0.4852941176470588,0.36666666666666664,0.5,0.5454545454545454,0.42,0.16666666666666669,0.5,0.5454545454545454,0.32608695652173914,0.026108095546424393
rtc_240,0.68,0.4,0.45714285714285713,0.35555555555555557,0.5,0.6,0.2966666666666667,0.16666666666666669,0.5,0.6,0.4350649350649351,0.013850513878332363
rtc_241,0.7166666666666667,0.45161290322580644,0.5384615384615384,0.3888888888888889,0.5,0.5151515151515151,0.46,0.5,0.3333333333333333,0.5151515151515151,0.125,0.01840585532389305
rtc_242,0.7166666666666667,0.45161290322580644,0.5384615384615384,0.3888888888888889,0.5,0.5151515151515151,0.46,0.5,0.3333333333333333,0.5151515151515151,0.125,0.01840585532389305
rtc_243,0.7166666666666667,0.45161290322580644,0.5384615384615384,0.3888888888888889,0.5,0.5151515151515151,0.46,0.5,0.3333333333333333,0.5151515151515151,0.125,0.01884415136896133
rtc_244,0.7166666666666667,0.4217687074829932,0.543859649122807,0.34444444444444444,0.33333333333333337,0.4782608695652174,0.3766666666666667,0.33333333333333337,0.3333333333333333,0.4782608695652174,0.22023809523809523,0.026108095546424372
rtc_245,0.7066666666666667,0.3888888888888889,0.5185185185185185,0.3111111111111111,0.3333333333333333,0.5,0.2533333333333333,0.047619047619047616,0.3333333333333333,0.5,0.32608695652173914,0.01228903609577518
rtc_246,0.6966666666666667,0.4484848484848485,0.49333333333333335,0.4111111111111111,0.5,0.19527559055118116,0.5033333333333334,0.5,0.4473684210526316,0.0875576036866359,0.19527559055118116,0.014568627181693668
rtc_247,0.6966666666666667,0.4484848484848485,0.49333333333333335,0.4111111111111111,0.5,0.19527559055118116,0.5033333333333334,0.5,0.4473684210526316,0.0875576036866359,0.19527559055118116,0.014568627181693668
rtc_248,0.6966666666666667,0.4484848484848485,0.49333333333333335,0.4111111111111111,0.5,0.19527559055118116,0.5033333333333334,0.5,0.4473684210526316,0.0875576036866359,0.19527559055118116,0.014568627181693668
rtc_249,0.6966666666666667,0.4484848484848485,0.49333333333333335,0.4111111111111111,0.5,0.19527559055118116,0.5033333333333334,0.5,0.4473684210526316,0.0875576036866359,0.19527559055118116,0.010690449676496985
rtc_250,0.7066666666666667,0.3888888888888889,0.5185185185185185,0.3111111111111111,0.3333333333333333,0.5,0.2533333333333333,0.047619047619047616,0.3333333333333333,0.5,0.32608695652173914,0.023299294900428702
rtc_251,0.65,0.467005076142132,0.42990654205607476,0.5111111111111111,0.3333333333333333,0.4666666666666666,0.17326732673267325,0.3333333333333333,0.16347687400318978,0.4666666666666666,0.15064102564102566,0.026496052844273456
rtc_252,0.6966666666666667,0.48,0.49411764705882355,0.4666666666666667,0.5,0.6333333333333334,0.1766666666666667,0.5,0.09649122807017543,0.6333333333333334,0.09404761904761905,0.026108095546424372
rtc_253,0.7066666666666667,0.5,0.5116279069767442,0.4888888888888889,0.5,0.41666666666666663,0.33999999999999997,0.5,0.17543859649122806,0.41666666666666663,0.15536723163841815,0.03763411392091284
rtc_254,0.7,0.45121951219512196,0.5,0.4111111111111111,0.17543859649122806,0.23344947735191646,0.21666666666666667,0.16666666666666669,0.17543859649122806,0.19999999999999996,0.23344947735191646,0.026108095546424386
rtc_255,0.6866666666666666,0.4268292682926829,0.47297297297297297,0.3888888888888889,0.3333333333333333,0.5555555555555556,0.2533333333333333,0.09523809523809523,0.3333333333333333,0.5555555555555556,0.32608695652173914,0.02020305089104422
rtc_256,0.69,0.4861878453038674,0.4835164835164835,0.4888888888888889,0.23809523809523808,0.46666666666666673,0.12654320987654322,0.23809523809523808,0.14912280701754385,0.46666666666666673,0.10310559006211184,0.013552618543578766
rtc_257,0.6933333333333334,0.48314606741573035,0.48863636363636365,0.4777777777777778,0.3333333333333333,0.4,0.21666666666666667,0.3333333333333333,0.08452950558213718,0.4,0.09605911330049255,0.013997084244475308
rtc_258,0.7033333333333334,0.48554913294797686,0.5060240963855421,0.4666666666666667,0.5,0.3333333333333333,0.38,0.5,0.22807017543859648,0.3333333333333333,0.14845938375350143,0.030639443699324597
rtc_259,0.7,0.45121951219512196,0.5,0.4111111111111111,0.17543859649122806,0.23344947735191646,0.21666666666666667,0.16666666666666669,0.17543859649122806,0.19999999999999996,0.23344947735191646,0.027994168488950602
rtc_260,0.6866666666666666,0.4268292682926829,0.47297297297297297,0.3888888888888889,0.3333333333333333,0.5555555555555556,0.2533333333333333,0.09523809523809523,0.3333333333333333,0.5555555555555556,0.32608695652173914,0.02020305089104422
rtc_261,0.6766666666666666,0.46408839779005523,0.46153846153846156,0.4666666666666667,0.5,0.5238095238095237,0.2222222222222222,0.5,0.13165266106442575,0.5238095238095237,0.14529914529914534,0.019483116709979802
rtc_262,0.7,0.4943820224719101,0.5,0.4888888888888889,0.5,0.41666666666666663,0.33999999999999997,0.5,0.17543859649122806,0.41666666666666663,0.1522988505747127,0.017261494247992264
rtc_263,0.71,0.49710982658959535,0.5180722891566265,0.4777777777777778,0.5,0.3333333333333333,0.38,0.5,0.22807017543859648,0.3333333333333333,0.15384615384615385,0.036811710647786065
rtc_264,0.7,0.45121951219512196,0.5,0.4111111111111111,0.17543859649122806,0.23344947735191646,0.21666666666666667,0.16666666666666669,0.17543859649122806,0.19999999999999996,0.23344947735191646,0.025314350209527648
rtc_265,0.6866666666666666,0.4268292682926829,0.47297297297297297,0.3888888888888889,0.3333333333333333,0.5555555555555556,0.2533333333333333,0.09523809523809523,0.3333333333333333,0.5555555555555556,0.32608695652173914,0.02020305089104422
rtc_266,0.69,0.4972972972972973,0.4842105263157895,0.5111111111111111,0.5,0.6333333333333334,0.1766666666666667,0.5,0.10606060606060605,0.6333333333333334,0.11027568922305764,0.01989769753883447
rtc_267,0.7,0.5,0.5,0.5,0.5,0.46666666666666673,0.2966666666666667,0.5,0.15231259968102073,0.46666666666666673,0.10310559006211184,0.022406267344797347
rtc_268,0.7,0.5054945054945055,0.5,0.5111111111111111,0.5,0.4666666666666666,0.3,0.5,0.13165266106442575,0.4666666666666666,0.1594202898550725,0.03768830273792264
rtc_269,0.7,0.45121951219512196,0.5,0.4111111111111111,0.17543859649122806,0.23344947735191646,0.21666666666666667,0.16666666666666669,0.17543859649122806,0.19999999999999996,0.23344947735191646,0.025394841192330257
rtc_270,0.6866666666666666,0.4268292682926829,0.47297297297297297,0.3888888888888889,0.3333333333333333,0.5555555555555556,0.2533333333333333,0.09523809523809523,0.3333333333333333,0.5555555555555556,0.32608695652173914,0.02020305089104422
rtc_271,0.6966666666666667,0.48,0.49411764705882355,0.4666666666666667,0.3449612403100776,0.55,0.1333333333333333,0.3449612403100776,0.07575757575757577,0.55,0.19703389830508478,0.023473823893078546
rtc_272,0.7066666666666667,0.4823529411764706,0.5125,0.45555555555555555,0.33333333333333337,0.2616279069767442,0.2533333333333333,0.33333333333333337,0.17464114832535885,0.2616279069767442,0.19012605042016806,0.029067128499108315
rtc_273,0.7066666666666667,0.4942528735632184,0.5119047619047619,0.4777777777777778,0.3449612403100776,0.5,0.1733333333333333,0.3449612403100776,0.06937799043062201,0.5,0.19703389830508478,0.023035022137995846
rtc_274,0.7033333333333334,0.47953216374269003,0.5061728395061729,0.45555555555555555,0.17543859649122806,0.2706766917293233,0.1766666666666667,0.05813953488372092,0.17543859649122806,0.1365853658536585,0.2706766917293233,0.01498298354528789
rtc_275,0.6866666666666666,0.4268292682926829,0.47297297297297297,0.3888888888888889,0.3333333333333333,0.5555555555555556,0.2533333333333333,0.09523809523809523,0.3333333333333333,0.5555555555555556,0.32608695652173914,0.02020305089104422
rtc_276,0.6933333333333334,0.4177215189873418,0.4852941176470588,0.36666666666666664,0.5,0.75,0.29333333333333333,0.5,0.1594896331738437,0.75,0.1686507936507936,0.008329931278350449
rtc_277,0.6966666666666667,0.42038216560509556,0.4925373134328358,0.36666666666666664,0.5,0.75,0.29333333333333333,0.5,0.14433811802232854,0.75,0.1686507936507936,0.022314999074019036
rtc_278,0.7,0.4230769230769231,0.5,0.36666666666666664,0.5,0.75,0.29333333333333333,0.5,0.14433811802232854,0.75,0.17027559055118113,0.022406267344797316
rtc_279,0.6966666666666667,0.4129032258064516,0.49230769230769234,0.35555555555555557,0.2807017543859649,0.24675324675324684,0.2966666666666667,0.17441860465116277,0.2807017543859649,0.22916666666666663,0.24675324675324684,0.0124539969815448
rtc_280,0.6866666666666666,0.4268292682926829,0.47297297297297297,0.3888888888888889,0.3333333333333333,0.5555555555555556,0.2533333333333333,0.09523809523809523,0.3333333333333333,0.5555555555555556,0.32608695652173914,0.02020305089104422
rtc_281,0.68,0.3924050632911392,0.45588235294117646,0.34444444444444444,0.20476190476190478,0.23809523809523808,0.19722772277227724,0.20476190476190478,0.17464114832535885,0.23809523809523808,0.22705314009661837,0.013850513878332357
rtc_282,0.6833333333333333,0.39490445859872614,0.4626865671641791,0.34444444444444444,0.20476190476190478,0.23809523809523808,0.18732673267326733,0.20476190476190478,0.1594896331738437,0.23809523809523808,0.22705314009661837,0.016288220358559133
rtc_283,0.6866666666666666,0.3974358974358974,0.4696969696969697,0.34444444444444444,0.20476190476190478,0.22705314009661837,0.18732673267326733,0.20476190476190478,0.1594896331738437,0.22549019607843135,0.22705314009661837,0.01525296893147331
rtc_284,0.6966666666666667,0.4129032258064516,0.49230769230769234,0.35555555555555557,0.2807017543859649,0.24675324675324684,0.2966666666666667,0.17441860465116277,0.2807017543859649,0.22916666666666663,0.24675324675324684,0.012453996981544787
rtc_285,0.6866666666666666,0.4268292682926829,0.47297297297297297,0.3888888888888889,0.3333333333333333,0.5555555555555556,0.2533333333333333,0.09523809523809523,0.3333333333333333,0.5555555555555556,0.32608695652173914,0.022314999074019015
rtc_286,0.69,0.4294478527607362,0.4794520547945205,0.3888888888888889,0.5,0.5675675675675675,0.42,0.16666666666666669,0.5,0.5675675675675675,0.32608695652173914,0.016536909861128903
rtc_287,0.69,0.4294478527607362,0.4794520547945205,0.3888888888888889,0.5,0.5675675675675675,0.42,0.16666666666666669,0.5,0.5675675675675675,0.32608695652173914,0.016536909861128903
rtc_288,0.69,0.4294478527607362,0.4794520547945205,0.3888888888888889,0.5,0.5675675675675675,0.42,0.16666666666666669,0.5,0.5675675675675675,0.32608695652173914,0.02099562636671298
rtc_289,0.6933333333333334,0.4177215189873418,0.4852941176470588,0.36666666666666664,0.5,0.5454545454545454,0.42,0.16666666666666669,0.5,0.5454545454545454,0.32608695652173914,0.026108095546424393
rtc_290,0.68,0.4,0.45714285714285713,0.35555555555555557,0.5,0.6,0.2966666666666667,0.16666666666666669,0.5,0.6,0.4350649350649351,0.013850513878332363
rtc_291,0.7166666666666667,0.45161290322580644,0.5384615384615384,0.3888888888888889,0.5,0.5151515151515151,0.46,0.5,0.3333333333333333,0.5151515151515151,0.125,0.01840585532389305
rtc_292,0.7166666666666667,0.45161290322580644,0.5384615384615384,0.3888888888888889,0.5,0.5151515151515151,0.46,0.5,0.3333333333333333,0.5151515151515151,0.125,0.024578072191550372
rtc_293,0.7166666666666667,0.45161290322580644,0.5384615384615384,0.3888888888888889,0.5,0.5151515151515151,0.46,0.5,0.3333333333333333,0.5151515151515151,0.125,0.022406267344797337
rtc_294,0.7166666666666667,0.4217687074829932,0.543859649122807,0.34444444444444444,0.33333333333333337,0.4782608695652174,0.3766666666666667,0.33333333333333337,0.3333333333333333,0.4782608695652174,0.22023809523809523,0.023647064796066923
rtc_295,0.7066666666666667,0.3888888888888889,0.5185185185185185,0.3111111111111111,0.3333333333333333,0.5,0.2533333333333333,0.047619047619047616,0.3333333333333333,0.5,0.32608695652173914,0.01228903609577518
rtc_296,0.6966666666666667,0.4484848484848485,0.49333333333333335,0.4111111111111111,0.5,0.19527559055118116,0.5033333333333334,0.5,0.4473684210526316,0.0875576036866359,0.19527559055118116,0.014568627181693668
rtc_297,0.6966666666666667,0.4484848484848485,0.49333333333333335,0.4111111111111111,0.5,0.19527559055118116,0.5033333333333334,0.5,0.4473684210526316,0.0875576036866359,0.19527559055118116,0.014568627181693668
rtc_298,0.6966666666666667,0.4484848484848485,0.49333333333333335,0.4111111111111111,0.5,0.19527559055118116,0.5033333333333334,0.5,0.4473684210526316,0.0875576036866359,0.19527559055118116,0.014568627181693668
rtc_299,0.6966666666666667,0.4484848484848485,0.49333333333333335,0.4111111111111111,0.5,0.19527559055118116,0.5033333333333334,0.5,0.4473684210526316,0.0875576036866359,0.19527559055118116,0.010690449676496985
rtc_300,0.7066666666666667,0.3888888888888889,0.5185185185185185,0.3111111111111111,0.3333333333333333,0.5,0.2533333333333333,0.047619047619047616,0.3333333333333333,0.5,0.32608695652173914,0.023299294900428702
rtc_301,0.6733333333333333,0.4842105263157895,0.46,0.5111111111111111,0.23809523809523808,0.36666666666666664,0.18316831683168316,0.23809523809523808,0.1331269349845201,0.36666666666666664,0.16060606060606064,0.02138089935299396
rtc_302,0.68,0.42857142857142855,0.46153846153846156,0.4,0.3333333333333333,0.46666666666666673,0.1820987654320988,0.3333333333333333,0.06060606060606061,0.46666666666666673,0.08114035087719296,0.04508495382302713
rtc_303,0.6966666666666667,0.47398843930635837,0.4939759036144578,0.45555555555555555,0.33333333333333337,0.35,0.2566666666666667,0.33333333333333337,0.17543859649122806,0.35,0.23690476190476195,0.03539860483818247
rtc_304,0.7,0.45121951219512196,0.5,0.4111111111111111,0.17543859649122806,0.23344947735191646,0.21666666666666667,0.16666666666666669,0.17543859649122806,0.19999999999999996,0.23344947735191646,0.03142857142857141
rtc_305,0.6866666666666666,0.4268292682926829,0.47297297297297297,0.3888888888888889,0.3333333333333333,0.5555555555555556,0.2533333333333333,0.09523809523809523,0.3333333333333333,0.5555555555555556,0.32608695652173914,0.02020305089104422
rtc_306,0.6966666666666667,0.5081081081081081,0.49473684210526314,0.5222222222222223,0.3333333333333333,0.55,0.10973597359735976,0.3333333333333333,0.14912280701754385,0.55,0.1145431145431145,0.029416086117105708
rtc_307,0.7,0.47058823529411764,0.5,0.4444444444444444,0.3333333333333333,0.46666666666666673,0.1766666666666667,0.3333333333333333,0.043859649122807015,0.46666666666666673,0.09243697478991597,0.022767682072156036
rtc_308,0.7,0.47674418604651164,0.5,0.45555555555555555,0.33333333333333337,0.35,0.2566666666666667,0.33333333333333337,0.17543859649122806,0.35,0.2384887839433294,0.03545621041711676
rtc_309,0.7066666666666667,0.4634146341463415,0.5135135135135135,0.4222222222222222,0.17543859649122806,0.2706766917293233,0.17904290429042907,0.12857142857142856,0.17543859649122806,0.11282051282051281,0.2706766917293233,0.02657296462534039
rtc_310,0.6866666666666666,0.4268292682926829,0.47297297297297297,0.3888888888888889,0.3333333333333333,0.5555555555555556,0.2533333333333333,0.09523809523809523,0.3333333333333333,0.5555555555555556,0.32608695652173914,0.02020305089104422
rtc_311,0.68,0.4666666666666667,0.4666666666666667,0.4666666666666667,0.5,0.5238095238095237,0.2222222222222222,0.5,0.13165266106442575,0.5238095238095237,0.14529914529914534,0.014568627181693697
rtc_312,0.69,0.4624277456647399,0.4819277108433735,0.4444444444444444,0.5,0.41666666666666663,0.33999999999999997,0.5,0.17543859649122806,0.41666666666666663,0.12994350282485878,0.018405855323893067
rtc_313,0.69,0.45614035087719296,0.48148148148148145,0.43333333333333335,0.33333333333333337,0.26666666666666666,0.2966666666666667,0.33333333333333337,0.22807017543859648,0.26666666666666666,0.22857142857142865,0.03499271061118824
rtc_314,0.7,0.45121951219512196,0.5,0.4111111111111111,0.17543859649122806,0.23344947735191646,0.21666666666666667,0.16666666666666669,0.17543859649122806,0.19999999999999996,0.23344947735191646,0.026108095546424386
rtc_315,0.6866666666666666,0.4268292682926829,0.47297297297297297,0.3888888888888889,0.3333333333333333,0.5555555555555556,0.2533333333333333,0.09523809523809523,0.3333333333333333,0.5555555555555556,0.32608695652173914,0.02020305089104422
rtc_316,0.7,0.5054945054945055,0.5,0.5111111111111111,0.5,0.6333333333333334,0.1766666666666667,0.5,0.09649122807017543,0.6333333333333334,0.11330049261083741,0.027479120088101907
rtc_317,0.6966666666666667,0.49162011173184356,0.4943820224719101,0.4888888888888889,0.5,0.46666666666666673,0.2966666666666667,0.5,0.15231259968102073,0.46666666666666673,0.09605911330049255,0.029485382057928996
rtc_318,0.6833333333333333,0.4632768361581921,0.47126436781609193,0.45555555555555555,0.33333333333333337,0.35,0.2566666666666667,0.33333333333333337,0.17543859649122806,0.35,0.23199023199023205,0.032888184094918116
rtc_319,0.7066666666666667,0.4634146341463415,0.5135135135135135,0.4222222222222222,0.17543859649122806,0.2706766917293233,0.17904290429042907,0.12857142857142856,0.17543859649122806,0.11282051282051281,0.2706766917293233,0.02996596709057576
rtc_320,0.6866666666666666,0.4268292682926829,0.47297297297297297,0.3888888888888889,0.3333333333333333,0.5555555555555556,0.2533333333333333,0.09523809523809523,0.3333333333333333,0.5555555555555556,0.32608695652173914,0.02020305089104422
rtc_321,0.6966666666666667,0.47398843930635837,0.4939759036144578,0.45555555555555555,0.33333333333333337,0.55,0.1333333333333333,0.33333333333333337,0.07575757575757577,0.55,0.19166666666666665,0.019483116709979775
rtc_322,0.7066666666666667,0.4823529411764706,0.5125,0.45555555555555555,0.33333333333333337,0.2616279069767442,0.2533333333333333,0.33333333333333337,0.17464114832535885,0.2616279069767442,0.19012605042016806,0.025793528693239705
rtc_323,0.7066666666666667,0.4942528735632184,0.5119047619047619,0.4777777777777778,0.3449612403100776,0.5,0.1733333333333333,0.3449612403100776,0.06937799043062201,0.5,0.19703389830508478,0.01895214165917371
rtc_324,0.7033333333333334,0.47953216374269003,0.5061728395061729,0.45555555555555555,0.17543859649122806,0.2706766917293233,0.1766666666666667,0.05813953488372092,0.17543859649122806,0.1365853658536585,0.2706766917293233,0.01498298354528789
rtc_325,0.6866666666666666,0.4268292682926829,0.47297297297297297,0.3888888888888889,0.3333333333333333,0.5555555555555556,0.2533333333333333,0.09523809523809523,0.3333333333333333,0.5555555555555556,0.32608695652173914,0.02020305089104422
rtc_326,0.6933333333333334,0.4177215189873418,0.4852941176470588,0.36666666666666664,0.5,0.75,0.29333333333333333,0.5,0.1594896331738437,0.75,0.1686507936507936,0.011605769149479937
rtc_327,0.6966666666666667,0.42038216560509556,0.4925373134328358,0.36666666666666664,0.5,0.75,0.29333333333333333,0.5,0.14433811802232854,0.75,0.1686507936507936,0.029829447168315856
rtc_328,0.7,0.4230769230769231,0.5,0.36666666666666664,0.5,0.75,0.29333333333333333,0.5,0.14433811802232854,0.75,0.17027559055118113,0.030169588688489825
rtc_329,0.6966666666666667,0.4129032258064516,0.49230769230769234,0.35555555555555557,0.2807017543859649,0.24675324675324684,0.2966666666666667,0.17441860465116277,0.2807017543859649,0.22916666666666663,0.24675324675324684,0.0124539969815448
rtc_330,0.6866666666666666,0.4268292682926829,0.47297297297297297,0.3888888888888889,0.3333333333333333,0.5555555555555556,0.2533333333333333,0.09523809523809523,0.3333333333333333,0.5555555555555556,0.32608695652173914,0.02020305089104422
rtc_331,0.68,0.3924050632911392,0.45588235294117646,0.34444444444444444,0.20476190476190478,0.23809523809523808,0.19722772277227724,0.20476190476190478,0.17464114832535885,0.23809523809523808,0.22705314009661837,0.013850513878332357
rtc_332,0.6833333333333333,0.39490445859872614,0.4626865671641791,0.34444444444444444,0.20476190476190478,0.23809523809523808,0.18732673267326733,0.20476190476190478,0.1594896331738437,0.23809523809523808,0.22705314009661837,0.016288220358559133
rtc_333,0.6866666666666666,0.3974358974358974,0.4696969696969697,0.34444444444444444,0.20476190476190478,0.22705314009661837,0.18732673267326733,0.20476190476190478,0.1594896331738437,0.22549019607843135,0.22705314009661837,0.016288220358559133
rtc_334,0.6966666666666667,0.4129032258064516,0.49230769230769234,0.35555555555555557,0.2807017543859649,0.24675324675324684,0.2966666666666667,0.17441860465116277,0.2807017543859649,0.22916666666666663,0.24675324675324684,0.012453996981544787
rtc_335,0.6866666666666666,0.4268292682926829,0.47297297297297297,0.3888888888888889,0.3333333333333333,0.5555555555555556,0.2533333333333333,0.09523809523809523,0.3333333333333333,0.5555555555555556,0.32608695652173914,0.022314999074019015
rtc_336,0.69,0.4294478527607362,0.4794520547945205,0.3888888888888889,0.5,0.5675675675675675,0.42,0.16666666666666669,0.5,0.5675675675675675,0.32608695652173914,0.02231499907401901
rtc_337,0.69,0.4294478527607362,0.4794520547945205,0.3888888888888889,0.5,0.5675675675675675,0.42,0.16666666666666669,0.5,0.5675675675675675,0.32608695652173914,0.020503857277724753
rtc_338,0.69,0.4294478527607362,0.4794520547945205,0.3888888888888889,0.5,0.5675675675675675,0.42,0.16666666666666669,0.5,0.5675675675675675,0.32608695652173914,0.020898198340468303
rtc_339,0.6933333333333334,0.4177215189873418,0.4852941176470588,0.36666666666666664,0.5,0.5454545454545454,0.42,0.16666666666666669,0.5,0.5454545454545454,0.32608695652173914,0.026108095546424393
rtc_340,0.68,0.4,0.45714285714285713,0.35555555555555557,0.5,0.6,0.2966666666666667,0.16666666666666669,0.5,0.6,0.4350649350649351,0.013850513878332363
rtc_341,0.7166666666666667,0.45161290322580644,0.5384615384615384,0.3888888888888889,0.5,0.5151515151515151,0.46,0.5,0.3333333333333333,0.5151515151515151,0.125,0.01840585532389305
rtc_342,0.7166666666666667,0.45161290322580644,0.5384615384615384,0.3888888888888889,0.5,0.5151515151515151,0.46,0.5,0.3333333333333333,0.5151515151515151,0.125,0.018952141659173725
rtc_343,0.7166666666666667,0.45161290322580644,0.5384615384615384,0.3888888888888889,0.5,0.5151515151515151,0.46,0.5,0.3333333333333333,0.5151515151515151,0.125,0.018405855323893053
rtc_344,0.7166666666666667,0.4217687074829932,0.543859649122807,0.34444444444444444,0.33333333333333337,0.4782608695652174,0.3766666666666667,0.33333333333333337,0.3333333333333333,0.4782608695652174,0.22023809523809523,0.026108095546424372
rtc_345,0.7066666666666667,0.3888888888888889,0.5185185185185185,0.3111111111111111,0.3333333333333333,0.5,0.2533333333333333,0.047619047619047616,0.3333333333333333,0.5,0.32608695652173914,0.01228903609577518
rtc_346,0.6966666666666667,0.4484848484848485,0.49333333333333335,0.4111111111111111,0.5,0.19527559055118116,0.5033333333333334,0.5,0.4473684210526316,0.0875576036866359,0.19527559055118116,0.014568627181693668
rtc_347,0.6966666666666667,0.4484848484848485,0.49333333333333335,0.4111111111111111,0.5,0.19527559055118116,0.5033333333333334,0.5,0.4473684210526316,0.0875576036866359,0.19527559055118116,0.014568627181693668
rtc_348,0.6966666666666667,0.4484848484848485,0.49333333333333335,0.4111111111111111,0.5,0.19527559055118116,0.5033333333333334,0.5,0.4473684210526316,0.0875576036866359,0.19527559055118116,0.014568627181693668
rtc_349,0.6966666666666667,0.4484848484848485,0.49333333333333335,0.4111111111111111,0.5,0.19527559055118116,0.5033333333333334,0.5,0.4473684210526316,0.0875576036866359,0.19527559055118116,0.010690449676496985
rtc_350,0.7066666666666667,0.3888888888888889,0.5185185185185185,0.3111111111111111,0.3333333333333333,0.5,0.2533333333333333,0.047619047619047616,0.3333333333333333,0.5,0.32608695652173914,0.023299294900428702
rtc_351,0.6666666666666666,0.47368421052631576,0.45,0.5,0.1331269349845201,0.3,0.10185185185185186,0.07774086378737538,0.1331269349845201,0.3,0.24839124839124838,0.04318918987951706
rtc_352,0.6933333333333334,0.4523809523809524,0.48717948717948717,0.4222222222222222,0.3333333333333333,0.46666666666666673,0.1766666666666667,0.3333333333333333,0.04545454545454547,0.46666666666666673,0.08441920035638717,0.027994168488950588
rtc_353,0.6933333333333334,0.4588235294117647,0.4875,0.43333333333333335,0.33333333333333337,0.26666666666666666,0.2966666666666667,0.33333333333333337,0.22807017543859648,0.26666666666666666,0.23022432113341207,0.023299294900428702
rtc_354,0.7066666666666667,0.4634146341463415,0.5135135135135135,0.4222222222222222,0.17543859649122806,0.2706766917293233,0.17904290429042907,0.12857142857142856,0.17543859649122806,0.11282051282051281,0.2706766917293233,0.02657296462534039
rtc_355,0.6866666666666666,0.4268292682926829,0.47297297297297297,0.3888888888888889,0.3333333333333333,0.5555555555555556,0.2533333333333333,0.09523809523809523,0.3333333333333333,0.5555555555555556,0.32608695652173914,0.02020305089104422
rtc_356,0.7133333333333334,0.5168539325842697,0.5227272727272727,0.5111111111111111,0.3333333333333333,0.55,0.14933993399339934,0.3333333333333333,0.14912280701754385,0.55,0.11904761904761907,0.021852940772540495
rtc_357,0.7,0.47058823529411764,0.5,0.4444444444444444,0.3333333333333333,0.5142857142857143,0.16975308641975312,0.3333333333333333,0.09649122807017543,0.5142857142857143,0.08079625292740045,0.026496052844273442
rtc_358,0.7,0.47674418604651164,0.5,0.45555555555555555,0.33333333333333337,0.35,0.2566666666666667,0.33333333333333337,0.17543859649122806,0.35,0.2384887839433294,0.028356333201827424
rtc_359,0.7,0.45121951219512196,0.5,0.4111111111111111,0.17543859649122806,0.23344947735191646,0.21666666666666667,0.16666666666666669,0.17543859649122806,0.19999999999999996,0.23344947735191646,0.02657296462534039
rtc_360,0.6866666666666666,0.4268292682926829,0.47297297297297297,0.3888888888888889,0.3333333333333333,0.5555555555555556,0.2533333333333333,0.09523809523809523,0.3333333333333333,0.5555555555555556,0.32608695652173914,0.02020305089104422
rtc_361,0.67,0.44692737430167595,0.449438202247191,0.4444444444444444,0.5,0.5238095238095237,0.2222222222222222,0.5,0.12324929971988793,0.5238095238095237,0.13675213675213682,0.016288220358559133
rtc_362,0.7033333333333334,0.47337278106508873,0.5063291139240507,0.4444444444444444,0.33333333333333337,0.35,0.2566666666666667,0.33333333333333337,0.17543859649122806,0.35,0.23022432113341207,0.025793528693239733
rtc_363,0.6966666666666667,0.46153846153846156,0.4936708860759494,0.43333333333333335,0.33333333333333337,0.26666666666666666,0.2966666666666667,0.33333333333333337,0.22807017543859648,0.26666666666666666,0.23529411764705888,0.03245090483314444
rtc_364,0.7066666666666667,0.4634146341463415,0.5135135135135135,0.4222222222222222,0.17543859649122806,0.2706766917293233,0.17904290429042907,0.12857142857142856,0.17543859649122806,0.11282051282051281,0.2706766917293233,0.02996596709057576
rtc_365,0.6866666666666666,0.4268292682926829,0.47297297297297297,0.3888888888888889,0.3333333333333333,0.5555555555555556,0.2533333333333333,0.09523809523809523,0.3333333333333333,0.5555555555555556,0.32608695652173914,0.02020305089104422
rtc_366,0.6866666666666666,0.4835164835164835,0.4782608695652174,0.4888888888888889,0.5,0.6333333333333334,0.1766666666666667,0.5,0.10606060606060605,0.6333333333333334,0.10467980295566504,0.027627256579733864
rtc_367,0.69,0.4745762711864407,0.4827586206896552,0.4666666666666667,0.3476190476190476,0.4166666666666667,0.2265346534653465,0.3476190476190476,0.15231259968102073,0.4166666666666667,0.17841880341880345,0.032071349029490936
rtc_368,0.69,0.48044692737430167,0.48314606741573035,0.4777777777777778,0.3476190476190476,0.39999999999999997,0.21666666666666667,0.3476190476190476,0.13165266106442575,0.39999999999999997,0.24053724053724057,0.0318157963590287
rtc_369,0.7,0.45121951219512196,0.5,0.4111111111111111,0.17543859649122806,0.23344947735191646,0.21666666666666667,0.16666666666666669,0.17543859649122806,0.19999999999999996,0.23344947735191646,0.026108095546424386
rtc_370,0.6866666666666666,0.4268292682926829,0.47297297297297297,0.3888888888888889,0.3333333333333333,0.5555555555555556,0.2533333333333333,0.09523809523809523,0.3333333333333333,0.5555555555555556,0.32608695652173914,0.02020305089104422
rtc_371,0.6966666666666667,0.47398843930635837,0.4939759036144578,0.45555555555555555,0.33333333333333337,0.55,0.1333333333333333,0.33333333333333337,0.07575757575757577,0.55,0.19166666666666665,0.016536909861128886
rtc_372,0.7066666666666667,0.4823529411764706,0.5125,0.45555555555555555,0.33333333333333337,0.2616279069767442,0.2533333333333333,0.33333333333333337,0.17464114832535885,0.2616279069767442,0.19012605042016806,0.025793528693239705
rtc_373,0.7066666666666667,0.4942528735632184,0.5119047619047619,0.4777777777777778,0.3449612403100776,0.5,0.1733333333333333,0.3449612403100776,0.06937799043062201,0.5,0.19703389830508478,0.027701027756664706
rtc_374,0.7033333333333334,0.47953216374269003,0.5061728395061729,0.45555555555555555,0.17543859649122806,0.2706766917293233,0.1766666666666667,0.05813953488372092,0.17543859649122806,0.1365853658536585,0.2706766917293233,0.01603567451474545
rtc_375,0.6866666666666666,0.4268292682926829,0.47297297297297297,0.3888888888888889,0.3333333333333333,0.5555555555555556,0.2533333333333333,0.09523809523809523,0.3333333333333333,0.5555555555555556,0.32608695652173914,0.02020305089104422
rtc_376,0.6933333333333334,0.4177215189873418,0.4852941176470588,0.36666666666666664,0.5,0.75,0.29333333333333333,0.5,0.1594896331738437,0.75,0.1686507936507936,0.01916629694999821
rtc_377,0.6966666666666667,0.42038216560509556,0.4925373134328358,0.36666666666666664,0.5,0.75,0.29333333333333333,0.5,0.14433811802232854,0.75,0.1686507936507936,0.01470804305855287
rtc_378,0.7,0.4230769230769231,0.5,0.36666666666666664,0.5,0.75,0.29333333333333333,0.5,0.14433811802232854,0.75,0.17027559055118113,0.030169588688489825
rtc_379,0.6966666666666667,0.4129032258064516,0.49230769230769234,0.35555555555555557,0.2807017543859649,0.24675324675324684,0.2966666666666667,0.17441860465116277,0.2807017543859649,0.22916666666666663,0.24675324675324684,0.0124539969815448
rtc_380,0.6866666666666666,0.4268292682926829,0.47297297297297297,0.3888888888888889,0.3333333333333333,0.5555555555555556,0.2533333333333333,0.09523809523809523,0.3333333333333333,0.5555555555555556,0.32608695652173914,0.02020305089104422
rtc_381,0.68,0.3924050632911392,0.45588235294117646,0.34444444444444444,0.20476190476190478,0.23809523809523808,0.19722772277227724,0.20476190476190478,0.17464114832535885,0.23809523809523808,0.22705314009661837,0.013248026422136717
rtc_382,0.6833333333333333,0.39490445859872614,0.4626865671641791,0.34444444444444444,0.20476190476190478,0.23809523809523808,0.18732673267326733,0.20476190476190478,0.1594896331738437,0.23809523809523808,0.22705314009661837,0.01525296893147331
rtc_383,0.6866666666666666,0.3974358974358974,0.4696969696969697,0.34444444444444444,0.20476190476190478,0.22705314009661837,0.18732673267326733,0.20476190476190478,0.1594896331738437,0.22549019607843135,0.22705314009661837,0.01525296893147331
rtc_384,0.6966666666666667,0.4129032258064516,0.49230769230769234,0.35555555555555557,0.2807017543859649,0.24675324675324684,0.2966666666666667,0.17441860465116277,0.2807017543859649,0.22916666666666663,0.24675324675324684,0.009476070829586859
rtc_385,0.6866666666666666,0.4268292682926829,0.47297297297297297,0.3888888888888889,0.3333333333333333,0.5555555555555556,0.2533333333333333,0.09523809523809523,0.3333333333333333,0.5555555555555556,0.32608695652173914,0.022314999074019015
rtc_386,0.69,0.4294478527607362,0.4794520547945205,0.3888888888888889,0.5,0.5675675675675675,0.42,0.16666666666666669,0.5,0.5675675675675675,0.32608695652173914,0.02231499907401901
rtc_387,0.69,0.4294478527607362,0.4794520547945205,0.3888888888888889,0.5,0.5675675675675675,0.42,0.16666666666666669,0.5,0.5675675675675675,0.32608695652173914,0.016903085094570336
rtc_388,0.69,0.4294478527607362,0.4794520547945205,0.3888888888888889,0.5,0.5675675675675675,0.42,0.16666666666666669,0.5,0.5675675675675675,0.32608695652173914,0.020898198340468303
rtc_389,0.6933333333333334,0.4177215189873418,0.4852941176470588,0.36666666666666664,0.5,0.5454545454545454,0.42,0.16666666666666669,0.5,0.5454545454545454,0.32608695652173914,0.025714285714285724
rtc_390,0.68,0.4,0.45714285714285713,0.35555555555555557,0.5,0.6,0.2966666666666667,0.16666666666666669,0.5,0.6,0.4350649350649351,0.013850513878332363
rtc_391,0.7166666666666667,0.45161290322580644,0.5384615384615384,0.3888888888888889,0.5,0.5151515151515151,0.46,0.5,0.3333333333333333,0.5151515151515151,0.125,0.024578072191550372
rtc_392,0.7166666666666667,0.45161290322580644,0.5384615384615384,0.3888888888888889,0.5,0.5151515151515151,0.46,0.5,0.3333333333333333,0.5151515151515151,0.125,0.018952141659173725
rtc_393,0.7166666666666667,0.45161290322580644,0.5384615384615384,0.3888888888888889,0.5,0.5151515151515151,0.46,0.5,0.3333333333333333,0.5151515151515151,0.125,0.01884415136896133
rtc_394,0.7166666666666667,0.4217687074829932,0.543859649122807,0.34444444444444444,0.33333333333333337,0.4782608695652174,0.3766666666666667,0.33333333333333337,0.3333333333333333,0.4782608695652174,0.22023809523809523,0.026108095546424372
rtc_395,0.7066666666666667,0.3888888888888889,0.5185185185185185,0.3111111111111111,0.3333333333333333,0.5,0.2533333333333333,0.047619047619047616,0.3333333333333333,0.5,0.32608695652173914,0.01228903609577518
rtc_396,0.6966666666666667,0.4484848484848485,0.49333333333333335,0.4111111111111111,0.5,0.19527559055118116,0.5033333333333334,0.5,0.4473684210526316,0.0875576036866359,0.19527559055118116,0.014568627181693668
rtc_397,0.6966666666666667,0.4484848484848485,0.49333333333333335,0.4111111111111111,0.5,0.19527559055118116,0.5033333333333334,0.5,0.4473684210526316,0.0875576036866359,0.19527559055118116,0.014568627181693668
rtc_398,0.6966666666666667,0.4484848484848485,0.49333333333333335,0.4111111111111111,0.5,0.19527559055118116,0.5033333333333334,0.5,0.4473684210526316,0.0875576036866359,0.19527559055118116,0.014568627181693668
rtc_399,0.6966666666666667,0.4484848484848485,0.49333333333333335,0.4111111111111111,0.5,0.19527559055118116,0.5033333333333334,0.5,0.4473684210526316,0.0875576036866359,0.19527559055118116,0.010690449676496985
rtc_400,0.7066666666666667,0.3888888888888889,0.5185185185185185,0.3111111111111111,0.3333333333333333,0.5,0.2533333333333333,0.047619047619047616,0.3333333333333333,0.5,0.32608695652173914,0.023299294900428702
rtc_401,0.67,0.47619047619047616,0.45454545454545453,0.5,0.3333333333333333,0.4444444444444444,0.19306930693069307,0.3333333333333333,0.14114832535885166,0.4444444444444444,0.14984709480122327,0.0257142857142857
rtc_402,0.69,0.43636363636363634,0.48,0.4,0.29047619047619044,0.4666666666666666,0.07722772277227724,0.29047619047619044,0.043859649122807015,0.4666666666666666,0.23306233062330617,0.023647064796066916
rtc_403,0.7033333333333334,0.47337278106508873,0.5063291139240507,0.4444444444444444,0.33333333333333337,0.35,0.2566666666666667,0.33333333333333337,0.17543859649122806,0.35,0.24523809523809526,0.029416086117105722
rtc_404,0.7,0.45121951219512196,0.5,0.4111111111111111,0.17543859649122806,0.23344947735191646,0.21666666666666667,0.16666666666666669,0.17543859649122806,0.19999999999999996,0.23344947735191646,0.02806697529198357
rtc_405,0.6866666666666666,0.4268292682926829,0.47297297297297297,0.3888888888888889,0.3333333333333333,0.5555555555555556,0.2533333333333333,0.09523809523809523,0.3333333333333333,0.5555555555555556,0.32608695652173914,0.02020305089104422
rtc_406,0.6666666666666666,0.45054945054945056,0.44565217391304346,0.45555555555555555,0.14912280701754385,0.4166666666666667,0.06987654320987652,0.07142857142857145,0.14912280701754385,0.4166666666666667,0.1875,0.018294640678379583
rtc_407,0.6866666666666666,0.45977011494252873,0.47619047619047616,0.4444444444444444,0.16666666666666669,0.4166666666666667,0.09333333333333332,0.16666666666666669,0.06060606060606061,0.4166666666666667,0.18008474576271183,0.02194613070819603
rtc_408,0.6933333333333334,0.4523809523809524,0.48717948717948717,0.4222222222222222,0.33333333333333337,0.26666666666666666,0.2966666666666667,0.33333333333333337,0.22807017543859648,0.26666666666666666,0.23529411764705888,0.026108095546424376
rtc_409,0.7066666666666667,0.4634146341463415,0.5135135135135135,0.4222222222222222,0.17543859649122806,0.2706766917293233,0.17904290429042907,0.12857142857142856,0.17543859649122806,0.11282051282051281,0.2706766917293233,0.02806697529198357
rtc_410,0.6866666666666666,0.4268292682926829,0.47297297297297297,0.3888888888888889,0.3333333333333333,0.5555555555555556,0.2533333333333333,0.09523809523809523,0.3333333333333333,0.5555555555555556,0.32608695652173914,0.02020305089104422
rtc_411,0.6866666666666666,0.45348837209302323,0.47560975609756095,0.43333333333333335,0.33333333333333337,0.45714285714285713,0.16975308641975312,0.33333333333333337,0.15686274509803919,0.45714285714285713,0.23185011709601877,0.024578072191550355
rtc_412,0.7033333333333334,0.47337278106508873,0.5063291139240507,0.4444444444444444,0.33333333333333337,0.35,0.2566666666666667,0.33333333333333337,0.17543859649122806,0.35,0.23022432113341207,0.031751586815561256
rtc_413,0.71,0.49122807017543857,0.5185185185185185,0.4666666666666667,0.33333333333333337,0.35,0.2566666666666667,0.33333333333333337,0.17543859649122806,0.35,0.24523809523809526,0.028066975291983595
rtc_414,0.7066666666666667,0.4634146341463415,0.5135135135135135,0.4222222222222222,0.17543859649122806,0.2706766917293233,0.17904290429042907,0.12857142857142856,0.17543859649122806,0.11282051282051281,0.2706766917293233,0.02695423180587602
rtc_415,0.6866666666666666,0.4268292682926829,0.47297297297297297,0.3888888888888889,0.3333333333333333,0.5555555555555556,0.2533333333333333,0.09523809523809523,0.3333333333333333,0.5555555555555556,0.32608695652173914,0.02020305089104422
rtc_416,0.6866666666666666,0.4835164835164835,0.4782608695652174,0.4888888888888889,0.5,0.6333333333333334,0.1766666666666667,0.5,0.10606060606060605,0.6333333333333334,0.10467980295566504,0.031428571428571424
rtc_417,0.69,0.4745762711864407,0.4827586206896552,0.4666666666666667,0.3476190476190476,0.4166666666666667,0.2265346534653465,0.3476190476190476,0.15231259968102073,0.4166666666666667,0.17841880341880345,0.02996596709057578
rtc_418,0.69,0.48044692737430167,0.48314606741573035,0.4777777777777778,0.3476190476190476,0.39999999999999997,0.21666666666666667,0.3476190476190476,0.13165266106442575,0.39999999999999997,0.24053724053724057,0.0318157963590287
rtc_419,0.7066666666666667,0.4634146341463415,0.5135135135135135,0.4222222222222222,0.17543859649122806,0.2706766917293233,0.17904290429042907,0.12857142857142856,0.17543859649122806,0.11282051282051281,0.2706766917293233,0.02695423180587602
rtc_420,0.6866666666666666,0.4268292682926829,0.47297297297297297,0.3888888888888889,0.3333333333333333,0.5555555555555556,0.2533333333333333,0.09523809523809523,0.3333333333333333,0.5555555555555556,0.32608695652173914,0.02020305089104422
rtc_421,0.7066666666666667,0.4883720930232558,0.5121951219512195,0.4666666666666667,0.3449612403100776,0.55,0.1333333333333333,0.3449612403100776,0.06060606060606061,0.55,0.19999999999999996,0.02194613070819603
rtc_422,0.7066666666666667,0.4823529411764706,0.5125,0.45555555555555555,0.33333333333333337,0.2616279069767442,0.2533333333333333,0.33333333333333337,0.17464114832535885,0.2616279069767442,0.19012605042016806,0.0345820526768863
rtc_423,0.7066666666666667,0.4942528735632184,0.5119047619047619,0.4777777777777778,0.3449612403100776,0.5,0.1733333333333333,0.3449612403100776,0.06937799043062201,0.5,0.19703389830508478,0.027701027756664706
rtc_424,0.7033333333333334,0.47953216374269003,0.5061728395061729,0.45555555555555555,0.17543859649122806,0.2706766917293233,0.1766666666666667,0.05813953488372092,0.17543859649122806,0.1365853658536585,0.2706766917293233,0.01603567451474545
rtc_425,0.6866666666666666,0.4268292682926829,0.47297297297297297,0.3888888888888889,0.3333333333333333,0.5555555555555556,0.2533333333333333,0.09523809523809523,0.3333333333333333,0.5555555555555556,0.32608695652173914,0.02020305089104422
rtc_426,0.6933333333333334,0.4177215189873418,0.4852941176470588,0.36666666666666664,0.5,0.75,0.29333333333333333,0.5,0.1594896331738437,0.75,0.1686507936507936,0.01916629694999821
rtc_427,0.6966666666666667,0.42038216560509556,0.4925373134328358,0.36666666666666664,0.5,0.75,0.29333333333333333,0.5,0.14433811802232854,0.75,0.1686507936507936,0.011605769149479937
rtc_428,0.7,0.4230769230769231,0.5,0.36666666666666664,0.5,0.75,0.29333333333333333,0.5,0.14433811802232854,0.75,0.17027559055118113,0.02099562636671296
rtc_429,0.6966666666666667,0.4129032258064516,0.49230769230769234,0.35555555555555557,0.2807017543859649,0.24675324675324684,0.2966666666666667,0.17441860465116277,0.2807017543859649,0.22916666666666663,0.24675324675324684,0.009476070829586859
rtc_430,0.6866666666666666,0.4268292682926829,0.47297297297297297,0.3888888888888889,0.3333333333333333,0.5555555555555556,0.2533333333333333,0.09523809523809523,0.3333333333333333,0.5555555555555556,0.32608695652173914,0.02020305089104422
rtc_431,0.68,0.3924050632911392,0.45588235294117646,0.34444444444444444,0.20476190476190478,0.23809523809523808,0.19722772277227724,0.20476190476190478,0.17464114832535885,0.23809523809523808,0.22705314009661837,0.013850513878332357
rtc_432,0.6833333333333333,0.39490445859872614,0.4626865671641791,0.34444444444444444,0.20476190476190478,0.23809523809523808,0.18732673267326733,0.20476190476190478,0.1594896331738437,0.23809523809523808,0.22705314009661837,0.01525296893147331
rtc_433,0.6866666666666666,0.3974358974358974,0.4696969696969697,0.34444444444444444,0.20476190476190478,0.22705314009661837,0.18732673267326733,0.20476190476190478,0.1594896331738437,0.22549019607843135,0.22705314009661837,0.01525296893147331
rtc_434,0.6966666666666667,0.4129032258064516,0.49230769230769234,0.35555555555555557,0.2807017543859649,0.24675324675324684,0.2966666666666667,0.17441860465116277,0.2807017543859649,0.22916666666666663,0.24675324675324684,0.012453996981544787
rtc_435,0.6866666666666666,0.4268292682926829,0.47297297297297297,0.3888888888888889,0.3333333333333333,0.5555555555555556,0.2533333333333333,0.09523809523809523,0.3333333333333333,0.5555555555555556,0.32608695652173914,0.022314999074019015
rtc_436,0.69,0.4294478527607362,0.4794520547945205,0.3888888888888889,0.5,0.5675675675675675,0.42,0.16666666666666669,0.5,0.5675675675675675,0.32608695652173914,0.016536909861128903
rtc_437,0.69,0.4294478527607362,0.4794520547945205,0.3888888888888889,0.5,0.5675675675675675,0.42,0.16666666666666669,0.5,0.5675675675675675,0.32608695652173914,0.020503857277724753
rtc_438,0.69,0.4294478527607362,0.4794520547945205,0.3888888888888889,0.5,0.5675675675675675,0.42,0.16666666666666669,0.5,0.5675675675675675,0.32608695652173914,0.020898198340468303
rtc_439,0.6933333333333334,0.4177215189873418,0.4852941176470588,0.36666666666666664,0.5,0.5454545454545454,0.42,0.16666666666666669,0.5,0.5454545454545454,0.32608695652173914,0.026108095546424393
rtc_440,0.68,0.4,0.45714285714285713,0.35555555555555557,0.5,0.6,0.2966666666666667,0.16666666666666669,0.5,0.6,0.4350649350649351,0.013850513878332363
rtc_441,0.7166666666666667,0.45161290322580644,0.5384615384615384,0.3888888888888889,0.5,0.5151515151515151,0.46,0.5,0.3333333333333333,0.5151515151515151,0.125,0.024578072191550372
rtc_442,0.7166666666666667,0.45161290322580644,0.5384615384615384,0.3888888888888889,0.5,0.5151515151515151,0.46,0.5,0.3333333333333333,0.5151515151515151,0.125,0.018952141659173725
rtc_443,0.7166666666666667,0.45161290322580644,0.5384615384615384,0.3888888888888889,0.5,0.5151515151515151,0.46,0.5,0.3333333333333333,0.5151515151515151,0.125,0.024159335036125388
rtc_444,0.7166666666666667,0.4217687074829932,0.543859649122807,0.34444444444444444,0.33333333333333337,0.4782608695652174,0.3766666666666667,0.33333333333333337,0.3333333333333333,0.4782608695652174,0.22023809523809523,0.026108095546424372
rtc_445,0.7066666666666667,0.3888888888888889,0.5185185185185185,0.3111111111111111,0.3333333333333333,0.5,0.2533333333333333,0.047619047619047616,0.3333333333333333,0.5,0.32608695652173914,0.01228903609577518
rtc_446,0.6966666666666667,0.4484848484848485,0.49333333333333335,0.4111111111111111,0.5,0.19527559055118116,0.5033333333333334,0.5,0.4473684210526316,0.0875576036866359,0.19527559055118116,0.014568627181693668
rtc_447,0.6966666666666667,0.4484848484848485,0.49333333333333335,0.4111111111111111,0.5,0.19527559055118116,0.5033333333333334,0.5,0.4473684210526316,0.0875576036866359,0.19527559055118116,0.014568627181693668
rtc_448,0.6966666666666667,0.4484848484848485,0.49333333333333335,0.4111111111111111,0.5,0.19527559055118116,0.5033333333333334,0.5,0.4473684210526316,0.0875576036866359,0.19527559055118116,0.014568627181693668
rtc_449,0.6966666666666667,0.4484848484848485,0.49333333333333335,0.4111111111111111,0.5,0.19527559055118116,0.5033333333333334,0.5,0.4473684210526316,0.0875576036866359,0.19527559055118116,0.010690449676496985
rtc_450,0.7066666666666667,0.3888888888888889,0.5185185185185185,0.3111111111111111,0.3333333333333333,0.5,0.2533333333333333,0.047619047619047616,0.3333333333333333,0.5,0.32608695652173914,0.023299294900428702
rtc_451,0.6766666666666666,0.46994535519125685,0.46236559139784944,0.4777777777777778,0.2636001769128704,0.35,0.19604938271604938,0.04285714285714287,0.2636001769128704,0.35,0.23891625615763545,0.028356333201827427
rtc_452,0.6966666666666667,0.4678362573099415,0.49382716049382713,0.4444444444444444,0.16666666666666669,0.35,0.1333333333333333,0.16666666666666669,0.043785935426802314,0.35,0.17500000000000004,0.03245090483314445
rtc_453,0.6833333333333333,0.4378698224852071,0.46835443037974683,0.4111111111111111,0.33333333333333337,0.26666666666666666,0.2966666666666667,0.33333333333333337,0.22807017543859648,0.26666666666666666,0.22857142857142865,0.03768830273792264
rtc_454,0.7,0.45121951219512196,0.5,0.4111111111111111,0.17543859649122806,0.23344947735191646,0.21666666666666667,0.16666666666666669,0.17543859649122806,0.19999999999999996,0.23344947735191646,0.026108095546424386
rtc_455,0.6866666666666666,0.4268292682926829,0.47297297297297297,0.3888888888888889,0.3333333333333333,0.5555555555555556,0.2533333333333333,0.09523809523809523,0.3333333333333333,0.5555555555555556,0.32608695652173914,0.02020305089104422
rtc_456,0.67,0.4530386740331492,0.45054945054945056,0.45555555555555555,0.2666666666666666,0.46666666666666673,0.12654320987654322,0.2666666666666666,0.14912280701754385,0.46666666666666673,0.108274647887324,0.02303502213799588
rtc_457,0.6766666666666666,0.4393063583815029,0.4578313253012048,0.4222222222222222,0.5,0.6333333333333334,0.1766666666666667,0.5,0.09649122807017543,0.6333333333333334,0.07384987893462469,0.026496052844273442
rtc_458,0.7066666666666667,0.4823529411764706,0.5125,0.45555555555555555,0.33333333333333337,0.35,0.2566666666666667,0.33333333333333337,0.17543859649122806,0.35,0.24523809523809526,0.033986792152486615
rtc_459,0.7066666666666667,0.4634146341463415,0.5135135135135135,0.4222222222222222,0.17543859649122806,0.2706766917293233,0.17904290429042907,0.12857142857142856,0.17543859649122806,0.11282051282051281,0.2706766917293233,0.026108095546424386
rtc_460,0.6866666666666666,0.4268292682926829,0.47297297297297297,0.3888888888888889,0.3333333333333333,0.5555555555555556,0.2533333333333333,0.09523809523809523,0.3333333333333333,0.5555555555555556,0.32608695652173914,0.02020305089104422
rtc_461,0.6733333333333333,0.4367816091954023,0.4523809523809524,0.4222222222222222,0.33333333333333337,0.45714285714285713,0.16975308641975312,0.33333333333333337,0.14845938375350137,0.45714285714285713,0.22365339578454335,0.02089819834046828
rtc_462,0.6866666666666666,0.4470588235294118,0.475,0.4222222222222222,0.33333333333333337,0.35,0.2566666666666667,0.33333333333333337,0.17543859649122806,0.35,0.2184873949579832,0.01653690986112893
rtc_463,0.6933333333333334,0.46511627906976744,0.4878048780487805,0.4444444444444444,0.33333333333333337,0.35,0.2566666666666667,0.33333333333333337,0.17543859649122806,0.35,0.23690476190476195,0.03948649988881502
rtc_464,0.7066666666666667,0.4634146341463415,0.5135135135135135,0.4222222222222222,0.17543859649122806,0.2706766917293233,0.17904290429042907,0.12857142857142856,0.17543859649122806,0.11282051282051281,0.2706766917293233,0.03368521749300454
rtc_465,0.6866666666666666,0.4268292682926829,0.47297297297297297,0.3888888888888889,0.3333333333333333,0.5555555555555556,0.2533333333333333,0.09523809523809523,0.3333333333333333,0.5555555555555556,0.32608695652173914,0.02020305089104422
rtc_466,0.6866666666666666,0.4835164835164835,0.4782608695652174,0.4888888888888889,0.5,0.6333333333333334,0.1766666666666667,0.5,0.10606060606060605,0.6333333333333334,0.10467980295566504,0.031428571428571424
rtc_467,0.69,0.4745762711864407,0.4827586206896552,0.4666666666666667,0.3476190476190476,0.4166666666666667,0.2265346534653465,0.3476190476190476,0.15231259968102073,0.4166666666666667,0.17841880341880345,0.02996596709057578
rtc_468,0.69,0.48044692737430167,0.48314606741573035,0.4777777777777778,0.3476190476190476,0.39999999999999997,0.21666666666666667,0.3476190476190476,0.13165266106442575,0.39999999999999997,0.24053724053724057,0.034404555939406556
rtc_469,0.7066666666666667,0.4634146341463415,0.5135135135135135,0.4222222222222222,0.17543859649122806,0.2706766917293233,0.17904290429042907,0.12857142857142856,0.17543859649122806,0.11282051282051281,0.2706766917293233,0.02695423180587602
rtc_470,0.6866666666666666,0.4268292682926829,0.47297297297297297,0.3888888888888889,0.3333333333333333,0.5555555555555556,0.2533333333333333,0.09523809523809523,0.3333333333333333,0.5555555555555556,0.32608695652173914,0.02020305089104422
rtc_471,0.6966666666666667,0.47398843930635837,0.4939759036144578,0.45555555555555555,0.33333333333333337,0.55,0.1333333333333333,0.33333333333333337,0.07575757575757577,0.55,0.19166666666666665,0.020995626366712934
rtc_472,0.7066666666666667,0.4823529411764706,0.5125,0.45555555555555555,0.33333333333333337,0.2616279069767442,0.2533333333333333,0.33333333333333337,0.17464114832535885,0.2616279069767442,0.19012605042016806,0.022767682072156036
rtc_473,0.7066666666666667,0.4942528735632184,0.5119047619047619,0.4777777777777778,0.3449612403100776,0.5,0.1733333333333333,0.3449612403100776,0.06937799043062201,0.5,0.19703389830508478,0.027701027756664706
rtc_474,0.7033333333333334,0.47953216374269003,0.5061728395061729,0.45555555555555555,0.17543859649122806,0.2706766917293233,0.1766666666666667,0.05813953488372092,0.17543859649122806,0.1365853658536585,0.2706766917293233,0.017728105208558366
rtc_475,0.6866666666666666,0.4268292682926829,0.47297297297297297,0.3888888888888889,0.3333333333333333,0.5555555555555556,0.2533333333333333,0.09523809523809523,0.3333333333333333,0.5555555555555556,0.32608695652173914,0.02020305089104422
rtc_476,0.6933333333333334,0.4177215189873418,0.4852941176470588,0.36666666666666664,0.5,0.75,0.29333333333333333,0.5,0.1594896331738437,0.75,0.1686507936507936,0.011605769149479937
rtc_477,0.6966666666666667,0.42038216560509556,0.4925373134328358,0.36666666666666664,0.5,0.75,0.29333333333333333,0.5,0.14433811802232854,0.75,0.1686507936507936,0.022314999074019036
rtc_478,0.7,0.4230769230769231,0.5,0.36666666666666664,0.5,0.75,0.29333333333333333,0.5,0.14433811802232854,0.75,0.17027559055118113,0.01895214165917371
rtc_479,0.6966666666666667,0.4129032258064516,0.49230769230769234,0.35555555555555557,0.2807017543859649,0.24675324675324684,0.2966666666666667,0.17441860465116277,0.2807017543859649,0.22916666666666663,0.24675324675324684,0.015386185163241436
rtc_480,0.6866666666666666,0.4268292682926829,0.47297297297297297,0.3888888888888889,0.3333333333333333,0.5555555555555556,0.2533333333333333,0.09523809523809523,0.3333333333333333,0.5555555555555556,0.32608695652173914,0.02020305089104422
rtc_481,0.68,0.3924050632911392,0.45588235294117646,0.34444444444444444,0.20476190476190478,0.23809523809523808,0.19722772277227724,0.20476190476190478,0.17464114832535885,0.23809523809523808,0.22705314009661837,0.013248026422136717
rtc_482,0.6833333333333333,0.39490445859872614,0.4626865671641791,0.34444444444444444,0.20476190476190478,0.23809523809523808,0.18732673267326733,0.20476190476190478,0.1594896331738437,0.23809523809523808,0.22705314009661837,0.01525296893147331
rtc_483,0.6866666666666666,0.3974358974358974,0.4696969696969697,0.34444444444444444,0.20476190476190478,0.22705314009661837,0.18732673267326733,0.20476190476190478,0.1594896331738437,0.22549019607843135,0.22705314009661837,0.01525296893147331
rtc_484,0.6966666666666667,0.4129032258064516,0.49230769230769234,0.35555555555555557,0.2807017543859649,0.24675324675324684,0.2966666666666667,0.17441860465116277,0.2807017543859649,0.22916666666666663,0.24675324675324684,0.009476070829586859
rtc_485,0.6866666666666666,0.4268292682926829,0.47297297297297297,0.3888888888888889,0.3333333333333333,0.5555555555555556,0.2533333333333333,0.09523809523809523,0.3333333333333333,0.5555555555555556,0.32608695652173914,0.022314999074019015
rtc_486,0.69,0.4294478527607362,0.4794520547945205,0.3888888888888889,0.5,0.5675675675675675,0.42,0.16666666666666669,0.5,0.5675675675675675,0.32608695652173914,0.016536909861128903
rtc_487,0.69,0.4294478527607362,0.4794520547945205,0.3888888888888889,0.5,0.5675675675675675,0.42,0.16666666666666669,0.5,0.5675675675675675,0.32608695652173914,0.020503857277724753
rtc_488,0.69,0.4294478527607362,0.4794520547945205,0.3888888888888889,0.5,0.5675675675675675,0.42,0.16666666666666669,0.5,0.5675675675675675,0.32608695652173914,0.024907993963089584
rtc_489,0.6933333333333334,0.4177215189873418,0.4852941176470588,0.36666666666666664,0.5,0.5454545454545454,0.42,0.16666666666666669,0.5,0.5454545454545454,0.32608695652173914,0.026108095546424393
rtc_490,0.68,0.4,0.45714285714285713,0.35555555555555557,0.5,0.6,0.2966666666666667,0.16666666666666669,0.5,0.6,0.4350649350649351,0.013850513878332363
rtc_491,0.7166666666666667,0.45161290322580644,0.5384615384615384,0.3888888888888889,0.5,0.5151515151515151,0.46,0.5,0.3333333333333333,0.5151515151515151,0.125,0.018952141659173725
rtc_492,0.7166666666666667,0.45161290322580644,0.5384615384615384,0.3888888888888889,0.5,0.5151515151515151,0.46,0.5,0.3333333333333333,0.5151515151515151,0.125,0.022767682072156056
rtc_493,0.7166666666666667,0.45161290322580644,0.5384615384615384,0.3888888888888889,0.5,0.5151515151515151,0.46,0.5,0.3333333333333333,0.5151515151515151,0.125,0.024159335036125388
rtc_494,0.7166666666666667,0.4217687074829932,0.543859649122807,0.34444444444444444,0.33333333333333337,0.4782608695652174,0.3766666666666667,0.33333333333333337,0.3333333333333333,0.4782608695652174,0.22023809523809523,0.023647064796066923
rtc_495,0.7066666666666667,0.3888888888888889,0.5185185185185185,0.3111111111111111,0.3333333333333333,0.5,0.2533333333333333,0.047619047619047616,0.3333333333333333,0.5,0.32608695652173914,0.01228903609577518
rtc_496,0.6966666666666667,0.4484848484848485,0.49333333333333335,0.4111111111111111,0.5,0.19527559055118116,0.5033333333333334,0.5,0.4473684210526316,0.0875576036866359,0.19527559055118116,0.014568627181693668
rtc_497,0.6966666666666667,0.4484848484848485,0.49333333333333335,0.4111111111111111,0.5,0.19527559055118116,0.5033333333333334,0.5,0.4473684210526316,0.0875576036866359,0.19527559055118116,0.014568627181693668
rtc_498,0.6966666666666667,0.4484848484848485,0.49333333333333335,0.4111111111111111,0.5,0.19527559055118116,0.5033333333333334,0.5,0.4473684210526316,0.0875576036866359,0.19527559055118116,0.014568627181693668
rtc_499,0.6966666666666667,0.4484848484848485,0.49333333333333335,0.4111111111111111,0.5,0.19527559055118116,0.5033333333333334,0.5,0.4473684210526316,0.0875576036866359,0.19527559055118116,0.010690449676496985
rtc_500,0.7066666666666667,0.3888888888888889,0.5185185185185185,0.3111111111111111,0.3333333333333333,0.5,0.2533333333333333,0.047619047619047616,0.3333333333333333,0.5,0.32608695652173914,0.023299294900428702
rtc_501,0.69,0.23140495867768596,0.45161290322580644,0.15555555555555556,0.3333333333333333,0.6666666666666666,0.21,0.3333333333333333,0.1212121212121212,0.6666666666666666,0.20330969267139476,0.020995626366712986
rtc_502,0.69,0.23140495867768596,0.45161290322580644,0.15555555555555556,0.3333333333333333,0.6666666666666666,0.21,0.3333333333333333,0.1212121212121212,0.6666666666666666,0.20330969267139476,0.020995626366712986
rtc_503,0.69,0.23140495867768596,0.45161290322580644,0.15555555555555556,0.3333333333333333,0.6666666666666666,0.21,0.3333333333333333,0.1212121212121212,0.6666666666666666,0.20330969267139476,0.022857142857142885
rtc_504,0.69,0.23140495867768596,0.45161290322580644,0.15555555555555556,0.3333333333333333,0.6666666666666666,0.21,0.3333333333333333,0.1212121212121212,0.6666666666666666,0.20330969267139476,0.0241593350361254
rtc_505,0.7,0.22413793103448276,0.5,0.14444444444444443,0.3333333333333333,0.6666666666666666,0.25,0.3333333333333333,0.16666666666666666,0.6666666666666666,0.2066822066822066,0.02490799396308957
rtc_506,0.69,0.23140495867768596,0.45161290322580644,0.15555555555555556,0.3333333333333333,0.6666666666666666,0.21,0.3333333333333333,0.1212121212121212,0.6666666666666666,0.20330969267139476,0.020995626366712986
rtc_507,0.69,0.23140495867768596,0.45161290322580644,0.15555555555555556,0.3333333333333333,0.6666666666666666,0.21,0.3333333333333333,0.1212121212121212,0.6666666666666666,0.20330969267139476,0.020995626366712986
rtc_508,0.69,0.23140495867768596,0.45161290322580644,0.15555555555555556,0.3333333333333333,0.6666666666666666,0.21,0.3333333333333333,0.1212121212121212,0.6666666666666666,0.20330969267139476,0.022857142857142885
rtc_509,0.69,0.23140495867768596,0.45161290322580644,0.15555555555555556,0.3333333333333333,0.6666666666666666,0.21,0.3333333333333333,0.1212121212121212,0.6666666666666666,0.20330969267139476,0.0241593350361254
rtc_510,0.7,0.22413793103448276,0.5,0.14444444444444443,0.3333333333333333,0.6666666666666666,0.25,0.3333333333333333,0.16666666666666666,0.6666666666666666,0.2066822066822066,0.02490799396308957
rtc_511,0.69,0.23140495867768596,0.45161290322580644,0.15555555555555556,0.3333333333333333,0.6666666666666666,0.21,0.3333333333333333,0.1212121212121212,0.6666666666666666,0.20330969267139476,0.020995626366712986
rtc_512,0.69,0.23140495867768596,0.45161290322580644,0.15555555555555556,0.3333333333333333,0.6666666666666666,0.21,0.3333333333333333,0.1212121212121212,0.6666666666666666,0.20330969267139476,0.020995626366712986
rtc_513,0.69,0.23140495867768596,0.45161290322580644,0.15555555555555556,0.3333333333333333,0.6666666666666666,0.21,0.3333333333333333,0.1212121212121212,0.6666666666666666,0.20330969267139476,0.022857142857142885
rtc_514,0.69,0.23140495867768596,0.45161290322580644,0.15555555555555556,0.3333333333333333,0.6666666666666666,0.21,0.3333333333333333,0.1212121212121212,0.6666666666666666,0.20330969267139476,0.0241593350361254
rtc_515,0.7,0.22413793103448276,0.5,0.14444444444444443,0.3333333333333333,0.6666666666666666,0.25,0.3333333333333333,0.16666666666666666,0.6666666666666666,0.2066822066822066,0.02490799396308957
rtc_516,0.69,0.23140495867768596,0.45161290322580644,0.15555555555555556,0.3333333333333333,0.6666666666666666,0.21,0.3333333333333333,0.1212121212121212,0.6666666666666666,0.20330969267139476,0.020995626366712986
rtc_517,0.69,0.23140495867768596,0.45161290322580644,0.15555555555555556,0.3333333333333333,0.6666666666666666,0.21,0.3333333333333333,0.1212121212121212,0.6666666666666666,0.20330969267139476,0.020995626366712986
rtc_518,0.69,0.23140495867768596,0.45161290322580644,0.15555555555555556,0.3333333333333333,0.6666666666666666,0.21,0.3333333333333333,0.1212121212121212,0.6666666666666666,0.20330969267139476,0.022857142857142885
rtc_519,0.69,0.23140495867768596,0.45161290322580644,0.15555555555555556,0.3333333333333333,0.6666666666666666,0.21,0.3333333333333333,0.1212121212121212,0.6666666666666666,0.20330969267139476,0.0241593350361254
rtc_520,0.7,0.22413793103448276,0.5,0.14444444444444443,0.3333333333333333,0.6666666666666666,0.25,0.3333333333333333,0.16666666666666666,0.6666666666666666,0.2066822066822066,0.02490799396308957
rtc_521,0.69,0.23140495867768596,0.45161290322580644,0.15555555555555556,0.3333333333333333,0.6666666666666666,0.21,0.3333333333333333,0.1212121212121212,0.6666666666666666,0.20330969267139476,0.020995626366712986
rtc_522,0.69,0.23140495867768596,0.45161290322580644,0.15555555555555556,0.3333333333333333,0.6666666666666666,0.21,0.3333333333333333,0.1212121212121212,0.6666666666666666,0.20330969267139476,0.020995626366712986
rtc_523,0.69,0.23140495867768596,0.45161290322580644,0.15555555555555556,0.3333333333333333,0.6666666666666666,0.21,0.3333333333333333,0.1212121212121212,0.6666666666666666,0.20330969267139476,0.022857142857142885
rtc_524,0.69,0.23140495867768596,0.45161290322580644,0.15555555555555556,0.3333333333333333,0.6666666666666666,0.21,0.3333333333333333,0.1212121212121212,0.6666666666666666,0.20330969267139476,0.0241593350361254
rtc_525,0.7,0.22413793103448276,0.5,0.14444444444444443,0.3333333333333333,0.6666666666666666,0.25,0.3333333333333333,0.16666666666666666,0.6666666666666666,0.2066822066822066,0.02490799396308957
rtc_526,0.69,0.23140495867768596,0.45161290322580644,0.15555555555555556,0.3333333333333333,0.6666666666666666,0.21,0.3333333333333333,0.1212121212121212,0.6666666666666666,0.20330969267139476,0.022857142857142885
rtc_527,0.69,0.23140495867768596,0.45161290322580644,0.15555555555555556,0.3333333333333333,0.6666666666666666,0.21,0.3333333333333333,0.1212121212121212,0.6666666666666666,0.20330969267139476,0.022857142857142885
rtc_528,0.69,0.23140495867768596,0.45161290322580644,0.15555555555555556,0.3333333333333333,0.6666666666666666,0.21,0.3333333333333333,0.1212121212121212,0.6666666666666666,0.20330969267139476,0.022857142857142885
rtc_529,0.69,0.23140495867768596,0.45161290322580644,0.15555555555555556,0.3333333333333333,0.6666666666666666,0.21,0.3333333333333333,0.1212121212121212,0.6666666666666666,0.20330969267139476,0.0241593350361254
rtc_530,0.7,0.22413793103448276,0.5,0.14444444444444443,0.3333333333333333,0.6666666666666666,0.25,0.3333333333333333,0.16666666666666666,0.6666666666666666,0.2066822066822066,0.02490799396308957
rtc_531,0.69,0.23140495867768596,0.45161290322580644,0.15555555555555556,0.3333333333333333,0.6666666666666666,0.21,0.3333333333333333,0.1212121212121212,0.6666666666666666,0.20330969267139476,0.022857142857142885
rtc_532,0.69,0.23140495867768596,0.45161290322580644,0.15555555555555556,0.3333333333333333,0.6666666666666666,0.21,0.3333333333333333,0.1212121212121212,0.6666666666666666,0.20330969267139476,0.022857142857142885
rtc_533,0.69,0.23140495867768596,0.45161290322580644,0.15555555555555556,0.3333333333333333,0.6666666666666666,0.21,0.3333333333333333,0.1212121212121212,0.6666666666666666,0.20330969267139476,0.022857142857142885
rtc_534,0.69,0.23140495867768596,0.45161290322580644,0.15555555555555556,0.3333333333333333,0.6666666666666666,0.21,0.3333333333333333,0.1212121212121212,0.6666666666666666,0.20330969267139476,0.0241593350361254
rtc_535,0.7,0.22413793103448276,0.5,0.14444444444444443,0.3333333333333333,0.6666666666666666,0.25,0.3333333333333333,0.16666666666666666,0.6666666666666666,0.2066822066822066,0.02490799396308957
rtc_536,0.7,0.22413793103448276,0.5,0.14444444444444443,0.3333333333333333,0.6666666666666666,0.25,0.3333333333333333,0.16666666666666666,0.6666666666666666,0.2066822066822066,0.02347382389307856
rtc_537,0.7,0.22413793103448276,0.5,0.14444444444444443,0.3333333333333333,0.6666666666666666,0.25,0.3333333333333333,0.16666666666666666,0.6666666666666666,0.2066822066822066,0.02347382389307856
rtc_538,0.7,0.22413793103448276,0.5,0.14444444444444443,0.3333333333333333,0.6666666666666666,0.25,0.3333333333333333,0.16666666666666666,0.6666666666666666,0.2066822066822066,0.02347382389307856
rtc_539,0.7,0.22413793103448276,0.5,0.14444444444444443,0.3333333333333333,0.6666666666666666,0.25,0.3333333333333333,0.16666666666666666,0.6666666666666666,0.2066822066822066,0.02490799396308957
rtc_540,0.7,0.22413793103448276,0.5,0.14444444444444443,0.3333333333333333,0.6666666666666666,0.25,0.3333333333333333,0.16666666666666666,0.6666666666666666,0.2066822066822066,0.02347382389307856
rtc_541,0.7,0.22413793103448276,0.5,0.14444444444444443,0.3333333333333333,0.6666666666666666,0.25,0.3333333333333333,0.16666666666666666,0.6666666666666666,0.2066822066822066,0.02347382389307856
rtc_542,0.7,0.22413793103448276,0.5,0.14444444444444443,0.3333333333333333,0.6666666666666666,0.25,0.3333333333333333,0.16666666666666666,0.6666666666666666,0.2066822066822066,0.02347382389307856
rtc_543,0.7,0.22413793103448276,0.5,0.14444444444444443,0.3333333333333333,0.6666666666666666,0.25,0.3333333333333333,0.16666666666666666,0.6666666666666666,0.2066822066822066,0.02347382389307856
rtc_544,0.7,0.22413793103448276,0.5,0.14444444444444443,0.3333333333333333,0.6666666666666666,0.25,0.3333333333333333,0.16666666666666666,0.6666666666666666,0.2066822066822066,0.02490799396308957
rtc_545,0.7,0.22413793103448276,0.5,0.14444444444444443,0.3333333333333333,0.6666666666666666,0.25,0.3333333333333333,0.16666666666666666,0.6666666666666666,0.2066822066822066,0.02347382389307856
rtc_546,0.7,0.22413793103448276,0.5,0.14444444444444443,0.3333333333333333,0.6666666666666666,0.25,0.3333333333333333,0.16666666666666666,0.6666666666666666,0.2066822066822066,0.02347382389307856
rtc_547,0.7,0.22413793103448276,0.5,0.14444444444444443,0.3333333333333333,0.6666666666666666,0.25,0.3333333333333333,0.16666666666666666,0.6666666666666666,0.2066822066822066,0.02347382389307856
rtc_548,0.7,0.22413793103448276,0.5,0.14444444444444443,0.3333333333333333,0.6666666666666666,0.25,0.3333333333333333,0.16666666666666666,0.6666666666666666,0.2066822066822066,0.02347382389307856
rtc_549,0.7,0.22413793103448276,0.5,0.14444444444444443,0.3333333333333333,0.6666666666666666,0.25,0.3333333333333333,0.16666666666666666,0.6666666666666666,0.2066822066822066,0.02490799396308957
rtc_550,0.7,0.22413793103448276,0.5,0.14444444444444443,0.3333333333333333,0.6666666666666666,0.25,0.3333333333333333,0.16666666666666666,0.6666666666666666,0.2066822066822066,0.02347382389307856
rtc_551,0.6833333333333333,0.20168067226890757,0.41379310344827586,0.13333333333333333,0.3333333333333333,0.6666666666666666,0.2103960396039604,0.3333333333333333,0.13636363636363635,0.6666666666666666,0.19621749408983447,0.01916629694999821
rtc_552,0.68,0.1864406779661017,0.39285714285714285,0.12222222222222222,0.3333333333333333,0.6666666666666666,0.2202970297029703,0.3333333333333333,0.13636363636363635,0.6666666666666666,0.19621749408983447,0.019691498217271754
rtc_553,0.6866666666666666,0.2033898305084746,0.42857142857142855,0.13333333333333333,0.3333333333333333,0.6666666666666666,0.25,0.3333333333333333,0.16666666666666666,0.6666666666666666,0.20444444444444443,0.016035674514745447
rtc_554,0.6766666666666666,0.19834710743801653,0.3870967741935484,0.13333333333333333,0.3333333333333333,0.6666666666666666,0.21,0.3333333333333333,0.11403508771929824,0.6666666666666666,0.19621749408983447,0.011605769149479934
rtc_555,0.71,0.36496350364963503,0.5319148936170213,0.2777777777777778,0.2424242424242424,0.3650793650793651,0.1080246913580247,0.16666666666666666,0.2424242424242424,0.3137254901960785,0.3650793650793651,0.01948311670997979
rtc_556,0.6833333333333333,0.20168067226890757,0.41379310344827586,0.13333333333333333,0.3333333333333333,0.6666666666666666,0.2103960396039604,0.3333333333333333,0.13636363636363635,0.6666666666666666,0.19621749408983447,0.02213133340689953
rtc_557,0.68,0.1864406779661017,0.39285714285714285,0.12222222222222222,0.3333333333333333,0.6666666666666666,0.2202970297029703,0.3333333333333333,0.13636363636363635,0.6666666666666666,0.19621749408983447,0.016288220358559143
rtc_558,0.6866666666666666,0.2033898305084746,0.42857142857142855,0.13333333333333333,0.3333333333333333,0.6666666666666666,0.25,0.3333333333333333,0.16666666666666666,0.6666666666666666,0.20444444444444443,0.012289036095775181
rtc_559,0.6766666666666666,0.19834710743801653,0.3870967741935484,0.13333333333333333,0.3333333333333333,0.6666666666666666,0.21,0.3333333333333333,0.11403508771929824,0.6666666666666666,0.19621749408983447,0.011605769149479934
rtc_560,0.71,0.36496350364963503,0.5319148936170213,0.2777777777777778,0.2424242424242424,0.3650793650793651,0.1080246913580247,0.16666666666666666,0.2424242424242424,0.3137254901960785,0.3650793650793651,0.01948311670997979
rtc_561,0.6766666666666666,0.19834710743801653,0.3870967741935484,0.13333333333333333,0.3333333333333333,0.6666666666666666,0.21,0.3333333333333333,0.1212121212121212,0.6666666666666666,0.19444444444444442,0.015252968931473335
rtc_562,0.68,0.2,0.4,0.13333333333333333,0.3333333333333333,0.6666666666666666,0.21,0.3333333333333333,0.1212121212121212,0.6666666666666666,0.19621749408983447,0.015907898179514376
rtc_563,0.6866666666666666,0.2033898305084746,0.42857142857142855,0.13333333333333333,0.3333333333333333,0.6666666666666666,0.25,0.3333333333333333,0.16666666666666666,0.6666666666666666,0.20444444444444443,0.012777531299998802
rtc_564,0.6833333333333333,0.21487603305785125,0.41935483870967744,0.14444444444444443,0.3333333333333333,0.6666666666666666,0.21,0.3333333333333333,0.11403508771929824,0.6666666666666666,0.19968919968919963,0.006998542122237667
rtc_565,0.71,0.36496350364963503,0.5319148936170213,0.2777777777777778,0.2424242424242424,0.3650793650793651,0.1080246913580247,0.16666666666666666,0.2424242424242424,0.3137254901960785,0.3650793650793651,0.01948311670997979
rtc_566,0.68,0.2,0.4,0.13333333333333333,0.3333333333333333,0.6666666666666666,0.21,0.3333333333333333,0.1212121212121212,0.6666666666666666,0.19621749408983447,0.020503857277724764
rtc_567,0.6833333333333333,0.20168067226890757,0.41379310344827586,0.13333333333333333,0.3333333333333333,0.6666666666666666,0.21,0.3333333333333333,0.1212121212121212,0.6666666666666666,0.1979655712050078,0.019691498217271754
rtc_568,0.6833333333333333,0.20168067226890757,0.41379310344827586,0.13333333333333333,0.3333333333333333,0.6666666666666666,0.21,0.3333333333333333,0.11403508771929824,0.6666666666666666,0.19968919968919963,0.016659862556700846
rtc_569,0.6833333333333333,0.21487603305785125,0.41935483870967744,0.14444444444444443,0.3333333333333333,0.6666666666666666,0.21,0.3333333333333333,0.11403508771929824,0.6666666666666666,0.19968919968919963,0.006998542122237667
rtc_570,0.71,0.36496350364963503,0.5319148936170213,0.2777777777777778,0.2424242424242424,0.3650793650793651,0.1080246913580247,0.16666666666666666,0.2424242424242424,0.3137254901960785,0.3650793650793651,0.01948311670997979
rtc_571,0.68,0.2,0.4,0.13333333333333333,0.3333333333333333,0.6666666666666666,0.21,0.3333333333333333,0.1212121212121212,0.6666666666666666,0.19621749408983447,0.023904572186687865
rtc_572,0.6833333333333333,0.20168067226890757,0.41379310344827586,0.13333333333333333,0.3333333333333333,0.6666666666666666,0.21,0.3333333333333333,0.1212121212121212,0.6666666666666666,0.1979655712050078,0.02099562636671296
rtc_573,0.6866666666666666,0.2033898305084746,0.42857142857142855,0.13333333333333333,0.3333333333333333,0.6666666666666666,0.21,0.3333333333333333,0.1212121212121212,0.6666666666666666,0.19968919968919963,0.013248026422136717
rtc_574,0.6766666666666666,0.224,0.4,0.15555555555555556,0.3333333333333333,0.6666666666666666,0.21,0.3333333333333333,0.11403508771929824,0.6666666666666666,0.1998401278976818,0.008571428571428593
rtc_575,0.71,0.36496350364963503,0.5319148936170213,0.2777777777777778,0.2424242424242424,0.3650793650793651,0.1080246913580247,0.16666666666666666,0.2424242424242424,0.3137254901960785,0.3650793650793651,0.01948311670997979
rtc_576,0.68,0.2,0.4,0.13333333333333333,0.3333333333333333,0.6666666666666666,0.21,0.3333333333333333,0.1212121212121212,0.6666666666666666,0.19621749408983447,0.02000000000000001
rtc_577,0.6833333333333333,0.20168067226890757,0.41379310344827586,0.13333333333333333,0.3333333333333333,0.6666666666666666,0.21,0.3333333333333333,0.1212121212121212,0.6666666666666666,0.1979655712050078,0.017142857142857165
rtc_578,0.6866666666666666,0.2033898305084746,0.42857142857142855,0.13333333333333333,0.3333333333333333,0.6666666666666666,0.21,0.3333333333333333,0.1212121212121212,0.6666666666666666,0.19968919968919963,0.013997084244475301
rtc_579,0.6766666666666666,0.224,0.4,0.15555555555555556,0.3333333333333333,0.6666666666666666,0.21,0.3333333333333333,0.11403508771929824,0.6666666666666666,0.1998401278976818,0.006388765649999426
rtc_580,0.71,0.36496350364963503,0.5319148936170213,0.2777777777777778,0.2424242424242424,0.3650793650793651,0.1080246913580247,0.16666666666666666,0.2424242424242424,0.3137254901960785,0.3650793650793651,0.01948311670997979
rtc_581,0.68,0.2,0.4,0.13333333333333333,0.3333333333333333,0.6666666666666666,0.21,0.3333333333333333,0.1212121212121212,0.6666666666666666,0.19621749408983447,0.017728105208558352
rtc_582,0.6833333333333333,0.20168067226890757,0.41379310344827586,0.13333333333333333,0.3333333333333333,0.6666666666666666,0.21,0.3333333333333333,0.1212121212121212,0.6666666666666666,0.1979655712050078,0.01470804305855285
rtc_583,0.6866666666666666,0.2033898305084746,0.42857142857142855,0.13333333333333333,0.3333333333333333,0.6666666666666666,0.21,0.3333333333333333,0.1212121212121212,0.6666666666666666,0.19968919968919963,0.01309307341415954
rtc_584,0.6866666666666666,0.2033898305084746,0.42857142857142855,0.13333333333333333,0.3333333333333333,0.6666666666666666,0.21,0.3333333333333333,0.1212121212121212,0.6666666666666666,0.19968919968919963,0.008329931278350449
rtc_585,0.7166666666666667,0.4217687074829932,0.543859649122807,0.34444444444444444,0.2424242424242424,0.30952380952380953,0.1733333333333333,0.015503875968992276,0.2424242424242424,0.18279569892473113,0.30952380952380953,0.01948311670997979
rtc_586,0.6966666666666667,0.2222222222222222,0.48148148148148145,0.14444444444444443,0.3333333333333333,0.6666666666666666,0.25,0.3333333333333333,0.16666666666666666,0.6666666666666666,0.20500782472613455,0.020203050891044228
rtc_587,0.7,0.22413793103448276,0.5,0.14444444444444443,0.3333333333333333,0.6666666666666666,0.25,0.3333333333333333,0.16666666666666666,0.6666666666666666,0.2066822066822066,0.020203050891044228
rtc_588,0.7,0.22413793103448276,0.5,0.14444444444444443,0.3333333333333333,0.6666666666666666,0.25,0.3333333333333333,0.16666666666666666,0.6666666666666666,0.2066822066822066,0.020203050891044228
rtc_589,0.7,0.22413793103448276,0.5,0.14444444444444443,0.3333333333333333,0.6666666666666666,0.25,0.3333333333333333,0.16666666666666666,0.6666666666666666,0.2066822066822066,0.01714285714285716
rtc_590,0.7166666666666667,0.4217687074829932,0.543859649122807,0.34444444444444444,0.2424242424242424,0.30952380952380953,0.1733333333333333,0.015503875968992276,0.2424242424242424,0.18279569892473113,0.30952380952380953,0.01840585532389304
rtc_591,0.6966666666666667,0.2222222222222222,0.48148148148148145,0.14444444444444443,0.3333333333333333,0.6666666666666666,0.25,0.3333333333333333,0.16666666666666666,0.6666666666666666,0.20500782472613455,0.02089819834046829
rtc_592,0.7,0.22413793103448276,0.5,0.14444444444444443,0.3333333333333333,0.6666666666666666,0.25,0.3333333333333333,0.16666666666666666,0.6666666666666666,0.2066822066822066,0.02089819834046829
rtc_593,0.7,0.22413793103448276,0.5,0.14444444444444443,0.3333333333333333,0.6666666666666666,0.25,0.3333333333333333,0.16666666666666666,0.6666666666666666,0.2066822066822066,0.02089819834046829
rtc_594,0.7,0.22413793103448276,0.5,0.14444444444444443,0.3333333333333333,0.6666666666666666,0.25,0.3333333333333333,0.16666666666666666,0.6666666666666666,0.2066822066822066,0.01749635530559415
rtc_595,0.7166666666666667,0.4217687074829932,0.543859649122807,0.34444444444444444,0.2424242424242424,0.30952380952380953,0.1733333333333333,0.015503875968992276,0.2424242424242424,0.18279569892473113,0.30952380952380953,0.018626292586293284
rtc_596,0.7,0.22413793103448276,0.5,0.14444444444444443,0.3333333333333333,0.6666666666666666,0.25,0.3333333333333333,0.16666666666666666,0.6666666666666666,0.2066822066822066,0.019483116709979813
rtc_597,0.7,0.22413793103448276,0.5,0.14444444444444443,0.3333333333333333,0.6666666666666666,0.25,0.3333333333333333,0.16666666666666666,0.6666666666666666,0.2066822066822066,0.019483116709979813
rtc_598,0.7,0.22413793103448276,0.5,0.14444444444444443,0.3333333333333333,0.6666666666666666,0.25,0.3333333333333333,0.16666666666666666,0.6666666666666666,0.2066822066822066,0.019483116709979813
rtc_599,0.7,0.22413793103448276,0.5,0.14444444444444443,0.3333333333333333,0.6666666666666666,0.25,0.3333333333333333,0.16666666666666666,0.6666666666666666,0.2066822066822066,0.019483116709979813
rtc_600,0.7166666666666667,0.4217687074829932,0.543859649122807,0.34444444444444444,0.2424242424242424,0.30952380952380953,0.1733333333333333,0.015503875968992276,0.2424242424242424,0.18279569892473113,0.30952380952380953,0.024074713637646742
rtc_601,0.7,0.4230769230769231,0.5,0.36666666666666664,0.2121212121212121,0.3421052631578947,0.1254125412541254,0.16666666666666669,0.2121212121212121,0.19047619047619052,0.3421052631578947,0.028784916685156967
rtc_602,0.7033333333333334,0.4258064516129032,0.5076923076923077,0.36666666666666664,0.19047619047619047,0.3421052631578947,0.12962962962962962,0.16666666666666669,0.19047619047619047,0.06060606060606055,0.3421052631578947,0.03927922024247865
rtc_603,0.69,0.41509433962264153,0.4782608695652174,0.36666666666666664,0.3484848484848485,0.41353383458646614,0.19884488448844886,0.16666666666666669,0.3484848484848485,0.1454545454545454,0.41353383458646614,0.004517539514526275
rtc_604,0.6833333333333333,0.3448275862068966,0.45454545454545453,0.2777777777777778,0.2072829131652661,0.3450292397660819,0.08950617283950618,0.16666666666666666,0.2072829131652661,0.21666666666666673,0.3450292397660819,0.01948311670997981
rtc_605,0.7066666666666667,0.5,0.5116279069767442,0.4888888888888889,0.5,0.125,0.5066666666666666,0.5,0.39473684210526316,0.125,0.09202898550724636,0.01937808566607219
rtc_606,0.7033333333333334,0.43312101910828027,0.5074626865671642,0.37777777777777777,0.18207282913165265,0.3421052631578947,0.12345679012345678,0.16666666666666669,0.18207282913165265,0.09462915601023014,0.3421052631578947,0.024578072191550386
rtc_607,0.71,0.43137254901960786,0.5238095238095238,0.36666666666666664,0.2121212121212121,0.3421052631578947,0.13580246913580246,0.16666666666666669,0.2121212121212121,0.15029761904761907,0.3421052631578947,0.03452298849598453
rtc_608,0.69,0.41509433962264153,0.4782608695652174,0.36666666666666664,0.3484848484848485,0.41353383458646614,0.19884488448844886,0.16666666666666669,0.3484848484848485,0.1454545454545454,0.41353383458646614,0.007824607964359527
rtc_609,0.69,0.3586206896551724,0.4727272727272727,0.28888888888888886,0.22408963585434172,0.3450292397660819,0.10185185185185186,0.1761904761904762,0.22408963585434172,0.2121212121212121,0.3450292397660819,0.01948311670997981
rtc_610,0.7066666666666667,0.5,0.5116279069767442,0.4888888888888889,0.5,0.125,0.5066666666666666,0.5,0.39473684210526316,0.125,0.09202898550724636,0.01937808566607219
rtc_611,0.6966666666666667,0.42038216560509556,0.4925373134328358,0.36666666666666664,0.19696969696969696,0.3421052631578947,0.11728395061728394,0.16666666666666669,0.19696969696969696,0.1623376623376624,0.3421052631578947,0.018952141659173728
rtc_612,0.7,0.43037974683544306,0.5,0.37777777777777777,0.18207282913165265,0.3421052631578947,0.12345679012345678,0.16666666666666669,0.18207282913165265,0.07107843137254899,0.3421052631578947,0.021476137683389872
rtc_613,0.69,0.41509433962264153,0.4782608695652174,0.36666666666666664,0.3484848484848485,0.41353383458646614,0.19884488448844886,0.16666666666666669,0.3484848484848485,0.1454545454545454,0.41353383458646614,0.003499271061118868
rtc_614,0.6833333333333333,0.3448275862068966,0.45454545454545453,0.2777777777777778,0.2072829131652661,0.3450292397660819,0.08950617283950618,0.16666666666666666,0.2072829131652661,0.21666666666666673,0.3450292397660819,0.01948311670997981
rtc_615,0.7066666666666667,0.5,0.5116279069767442,0.4888888888888889,0.5,0.125,0.5066666666666666,0.5,0.39473684210526316,0.125,0.09202898550724636,0.01937808566607219
rtc_616,0.6833333333333333,0.39490445859872614,0.4626865671641791,0.34444444444444444,0.3484848484848485,0.3609022556390978,0.20679012345679015,0.015503875968992276,0.3484848484848485,0.2121212121212121,0.3609022556390978,0.024907993963089556
rtc_617,0.6866666666666666,0.3974358974358974,0.4696969696969697,0.34444444444444444,0.3487394957983193,0.3609022556390978,0.212962962962963,0.015503875968992276,0.3487394957983193,0.2121212121212121,0.3609022556390978,0.022406267344797316
rtc_618,0.68,0.3924050632911392,0.45588235294117646,0.34444444444444444,0.3403361344537815,0.3609022556390978,0.20679012345679015,0.015503875968992276,0.3403361344537815,0.18840579710144928,0.3609022556390978,0.021476137683389875
rtc_619,0.6833333333333333,0.3448275862068966,0.45454545454545453,0.2777777777777778,0.2072829131652661,0.3450292397660819,0.08950617283950618,0.16666666666666666,0.2072829131652661,0.21666666666666673,0.3450292397660819,0.01948311670997981
rtc_620,0.7066666666666667,0.5,0.5116279069767442,0.4888888888888889,0.5,0.125,0.5066666666666666,0.5,0.39473684210526316,0.125,0.09202898550724636,0.01937808566607219
rtc_621,0.6866666666666666,0.3974358974358974,0.4696969696969697,0.34444444444444444,0.3487394957983193,0.3609022556390978,0.212962962962963,0.015503875968992276,0.3487394957983193,0.2121212121212121,0.3609022556390978,0.024989793835051302
rtc_622,0.6866666666666666,0.3974358974358974,0.4696969696969697,0.34444444444444444,0.3487394957983193,0.3609022556390978,0.212962962962963,0.015503875968992276,0.3487394957983193,0.2121212121212121,0.3609022556390978,0.025152595516655746
rtc_623,0.6866666666666666,0.3974358974358974,0.4696969696969697,0.34444444444444444,0.3487394957983193,0.3609022556390978,0.212962962962963,0.015503875968992276,0.3487394957983193,0.2121212121212121,0.3609022556390978,0.016035674514745482
rtc_624,0.6833333333333333,0.3624161073825503,0.4576271186440678,0.3,0.19887955182072828,0.3450292397660819,0.0771604938271605,0.1761904761904762,0.19887955182072828,0.2121212121212121,0.3450292397660819,0.01937808566607221
rtc_625,0.7066666666666667,0.5,0.5116279069767442,0.4888888888888889,0.5,0.125,0.5066666666666666,0.5,0.39473684210526316,0.125,0.09202898550724636,0.01937808566607219
rtc_626,0.6866666666666666,0.3974358974358974,0.4696969696969697,0.34444444444444444,0.3487394957983193,0.3609022556390978,0.212962962962963,0.015503875968992276,0.3487394957983193,0.2121212121212121,0.3609022556390978,0.020503857277724743
rtc_627,0.6866666666666666,0.3974358974358974,0.4696969696969697,0.34444444444444444,0.3487394957983193,0.3609022556390978,0.212962962962963,0.015503875968992276,0.3487394957983193,0.2121212121212121,0.3609022556390978,0.019378085666072208
rtc_628,0.6866666666666666,0.3974358974358974,0.4696969696969697,0.34444444444444444,0.3487394957983193,0.3609022556390978,0.212962962962963,0.015503875968992276,0.3487394957983193,0.2121212121212121,0.3609022556390978,0.01590789817951437
rtc_629,0.6866666666666666,0.4050632911392405,0.47058823529411764,0.35555555555555557,0.3487394957983193,0.4144736842105263,0.12345679012345678,0.2054263565891473,0.3487394957983193,0.29166666666666663,0.4144736842105263,0.01069044967649698
rtc_630,0.7066666666666667,0.5,0.5116279069767442,0.4888888888888889,0.5,0.125,0.5066666666666666,0.5,0.39473684210526316,0.125,0.09202898550724636,0.01937808566607219
rtc_631,0.68,0.3924050632911392,0.45588235294117646,0.34444444444444444,0.3484848484848485,0.3609022556390978,0.20061728395061731,0.015503875968992276,0.3484848484848485,0.2121212121212121,0.3609022556390978,0.016035674514745475
rtc_632,0.68,0.3924050632911392,0.45588235294117646,0.34444444444444444,0.3484848484848485,0.3609022556390978,0.20061728395061731,0.015503875968992276,0.3484848484848485,0.2121212121212121,0.3609022556390978,0.01749635530559415
rtc_633,0.6866666666666666,0.3974358974358974,0.4696969696969697,0.34444444444444444,0.3487394957983193,0.3609022556390978,0.212962962962963,0.015503875968992276,0.3487394957983193,0.2121212121212121,0.3609022556390978,0.015907898179514372
rtc_634,0.6866666666666666,0.3974358974358974,0.4696969696969697,0.34444444444444444,0.3487394957983193,0.3609022556390978,0.212962962962963,0.015503875968992276,0.3487394957983193,0.2121212121212121,0.3609022556390978,0.01324802642213675
rtc_635,0.7133333333333334,0.5376344086021505,0.5208333333333334,0.5555555555555556,0.6666666666666667,0.2647058823529411,0.59,0.6666666666666667,0.39473684210526316,0.16666666666666663,0.2647058823529411,0.021476137683389872
rtc_636,0.6966666666666667,0.4129032258064516,0.49230769230769234,0.35555555555555557,0.36363636363636365,0.3714285714285715,0.21666666666666667,0.038759689922480633,0.36363636363636365,0.17142857142857137,0.3714285714285715,0.006998542122237654
rtc_637,0.7,0.4155844155844156,0.5,0.35555555555555557,0.36363636363636365,0.3714285714285715,0.21666666666666667,0.038759689922480633,0.36363636363636365,0.17142857142857137,0.3714285714285715,0.006998542122237654
rtc_638,0.7,0.4155844155844156,0.5,0.35555555555555557,0.36363636363636365,0.3714285714285715,0.21666666666666667,0.038759689922480633,0.36363636363636365,0.17142857142857137,0.3714285714285715,0.01665986255670088
rtc_639,0.7,0.4155844155844156,0.5,0.35555555555555557,0.36363636363636365,0.3714285714285715,0.21666666666666667,0.038759689922480633,0.36363636363636365,0.17142857142857137,0.3714285714285715,0.01840585532389305
rtc_640,0.71,0.5797101449275363,0.5128205128205128,0.6666666666666666,0.45614035087719296,0.2068965517241379,0.5133333333333334,0.37209302325581395,0.45614035087719296,0.11785714285714283,0.2068965517241379,0.01470804305855285
rtc_641,0.6966666666666667,0.4129032258064516,0.49230769230769234,0.35555555555555557,0.36363636363636365,0.3714285714285715,0.21666666666666667,0.038759689922480633,0.36363636363636365,0.17142857142857137,0.3714285714285715,0.00728431359084684
rtc_642,0.7,0.4155844155844156,0.5,0.35555555555555557,0.36363636363636365,0.3714285714285715,0.21666666666666667,0.038759689922480633,0.36363636363636365,0.17142857142857137,0.3714285714285715,0.00728431359084684
rtc_643,0.7,0.4155844155844156,0.5,0.35555555555555557,0.36363636363636365,0.3714285714285715,0.21666666666666667,0.038759689922480633,0.36363636363636365,0.17142857142857137,0.3714285714285715,0.009476070829586859
rtc_644,0.7,0.4155844155844156,0.5,0.35555555555555557,0.36363636363636365,0.3714285714285715,0.21666666666666667,0.038759689922480633,0.36363636363636365,0.17142857142857137,0.3714285714285715,0.012289036095775181
rtc_645,0.71,0.5797101449275363,0.5128205128205128,0.6666666666666666,0.45614035087719296,0.2068965517241379,0.5133333333333334,0.37209302325581395,0.45614035087719296,0.11785714285714283,0.2068965517241379,0.012289036095775174
rtc_646,0.7,0.4155844155844156,0.5,0.35555555555555557,0.36363636363636365,0.3714285714285715,0.21666666666666667,0.038759689922480633,0.36363636363636365,0.17142857142857137,0.3714285714285715,0.011428571428571437
rtc_647,0.7,0.4155844155844156,0.5,0.35555555555555557,0.36363636363636365,0.3714285714285715,0.21666666666666667,0.038759689922480633,0.36363636363636365,0.17142857142857137,0.3714285714285715,0.011428571428571437
rtc_648,0.7,0.4155844155844156,0.5,0.35555555555555557,0.36363636363636365,0.3714285714285715,0.21666666666666667,0.038759689922480633,0.36363636363636365,0.17142857142857137,0.3714285714285715,0.011428571428571437
rtc_649,0.7,0.4155844155844156,0.5,0.35555555555555557,0.36363636363636365,0.3714285714285715,0.21666666666666667,0.038759689922480633,0.36363636363636365,0.17142857142857137,0.3714285714285715,0.011428571428571437
rtc_650,0.71,0.5797101449275363,0.5128205128205128,0.6666666666666666,0.45614035087719296,0.2068965517241379,0.5133333333333334,0.37209302325581395,0.45614035087719296,0.11785714285714283,0.2068965517241379,0.027627256579733892
rtc_651,0.7,0.5454545454545454,0.5,0.6,0.6666666666666667,0.35,0.4666666666666666,0.6666666666666667,0.17543859649122806,0.35,0.24193548387096775,0.03510915922127002
rtc_652,0.72,0.5578947368421052,0.53,0.5888888888888889,0.6666666666666667,0.3571428571428571,0.42333333333333334,0.6666666666666667,0.16746411483253587,0.3571428571428571,0.25,0.03953815000885157
rtc_653,0.7133333333333334,0.5567010309278351,0.5192307692307693,0.6,0.6666666666666667,0.35,0.4666666666666666,0.6666666666666667,0.17543859649122806,0.35,0.24590163934426235,0.006388765649999426
rtc_654,0.7166666666666667,0.5251396648044693,0.5280898876404494,0.5222222222222223,0.6666666666666667,0.5,0.38,0.6666666666666667,0.16746411483253587,0.5,0.07142857142857151,0.01989769753883447
rtc_655,0.7033333333333334,0.40268456375838924,0.5084745762711864,0.3333333333333333,0.6666666666666666,0.5714285714285714,0.5833333333333334,0.6666666666666666,0.5,0.5714285714285714,0.18787878787878787,0.02020305089104422
rtc_656,0.7066666666666667,0.5463917525773195,0.5096153846153846,0.5888888888888889,0.6666666666666667,0.4571428571428571,0.38333333333333336,0.6666666666666667,0.12998405103668265,0.4571428571428571,0.24193548387096775,0.02531435020952766
rtc_657,0.7233333333333334,0.5654450261780105,0.5346534653465347,0.6,0.6666666666666667,0.37566137566137564,0.42333333333333334,0.6666666666666667,0.1371610845295056,0.37566137566137564,0.23076923076923073,0.026878411031752574
rtc_658,0.7133333333333334,0.5567010309278351,0.5192307692307693,0.6,0.6666666666666667,0.35,0.4666666666666666,0.6666666666666667,0.17543859649122806,0.35,0.24590163934426235,0.012289036095775181
rtc_659,0.71,0.5139664804469274,0.5168539325842697,0.5111111111111111,0.6666666666666667,0.5,0.38,0.6666666666666667,0.15231259968102073,0.5,0.07948717948717954,0.01989769753883447
rtc_660,0.7033333333333334,0.40268456375838924,0.5084745762711864,0.3333333333333333,0.6666666666666666,0.5714285714285714,0.5833333333333334,0.6666666666666666,0.5,0.5714285714285714,0.18787878787878787,0.02020305089104422
rtc_661,0.7133333333333334,0.5567010309278351,0.5192307692307693,0.6,0.6666666666666667,0.40259740259740256,0.42333333333333334,0.6666666666666667,0.15231259968102073,0.40259740259740256,0.2222222222222222,0.02657296462534041
rtc_662,0.72,0.5670103092783505,0.5288461538461539,0.6111111111111112,0.6666666666666667,0.36657681940700804,0.42333333333333334,0.6666666666666667,0.18261562998405106,0.36657681940700804,0.2295081967213115,0.025793528693239733
rtc_663,0.7133333333333334,0.5567010309278351,0.5192307692307693,0.6,0.6666666666666667,0.35,0.4666666666666666,0.6666666666666667,0.17543859649122806,0.35,0.24590163934426235,0.005714285714285744
rtc_664,0.71,0.5139664804469274,0.5168539325842697,0.5111111111111111,0.6666666666666667,0.5,0.38,0.6666666666666667,0.15231259968102073,0.5,0.07948717948717954,0.01989769753883447
rtc_665,0.7033333333333334,0.40268456375838924,0.5084745762711864,0.3333333333333333,0.6666666666666666,0.5714285714285714,0.5833333333333334,0.6666666666666666,0.5,0.5714285714285714,0.18787878787878787,0.02020305089104422
rtc_666,0.7133333333333334,0.532608695652174,0.5212765957446809,0.5444444444444444,0.5,0.46666666666666673,0.2966666666666667,0.5,0.16746411483253587,0.46666666666666673,0.11904761904761907,0.02747912008810195
rtc_667,0.7166666666666667,0.5355191256830601,0.5268817204301075,0.5444444444444444,0.5,0.46666666666666673,0.2966666666666667,0.5,0.16746411483253587,0.46666666666666673,0.12049689440993783,0.03149343955006943
rtc_668,0.7166666666666667,0.5502645502645502,0.5252525252525253,0.5777777777777777,0.8333333333333334,0.4166666666666667,0.5466666666666666,0.8333333333333334,0.22807017543859648,0.4166666666666667,0.24193548387096775,0.017261494247992268
rtc_669,0.7166666666666667,0.5251396648044693,0.5280898876404494,0.5222222222222223,0.6666666666666667,0.5,0.38,0.6666666666666667,0.16746411483253587,0.5,0.07142857142857151,0.018294640678379583
rtc_670,0.7033333333333334,0.40268456375838924,0.5084745762711864,0.3333333333333333,0.6666666666666666,0.5714285714285714,0.5833333333333334,0.6666666666666666,0.5,0.5714285714285714,0.18787878787878787,0.02020305089104422
rtc_671,0.7166666666666667,0.5355191256830601,0.5268817204301075,0.5444444444444444,0.5,0.46666666666666673,0.2966666666666667,0.5,0.16746411483253587,0.46666666666666673,0.12049689440993783,0.028356333201827445
rtc_672,0.7166666666666667,0.5355191256830601,0.5268817204301075,0.5444444444444444,0.5,0.46666666666666673,0.2966666666666667,0.5,0.16746411483253587,0.46666666666666673,0.12049689440993783,0.03410667538946662
rtc_673,0.7166666666666667,0.5251396648044693,0.5280898876404494,0.5222222222222223,0.6666666666666667,0.5,0.38,0.6666666666666667,0.16746411483253587,0.5,0.07142857142857151,0.014708043058552889
rtc_674,0.71,0.5245901639344263,0.5161290322580645,0.5333333333333333,0.6666666666666667,0.5,0.38,0.6666666666666667,0.16746411483253587,0.5,0.07142857142857151,0.01456862718169367
rtc_675,0.7033333333333334,0.40268456375838924,0.5084745762711864,0.3333333333333333,0.6666666666666666,0.5714285714285714,0.5833333333333334,0.6666666666666666,0.5,0.5714285714285714,0.18787878787878787,0.02020305089104422
rtc_676,0.7033333333333334,0.518918918918919,0.5052631578947369,0.5333333333333333,0.8333333333333334,0.4166666666666667,0.5466666666666666,0.8333333333333334,0.22807017543859648,0.4166666666666667,0.25,0.026954231805876028
rtc_677,0.7033333333333334,0.518918918918919,0.5052631578947369,0.5333333333333333,0.8333333333333334,0.4166666666666667,0.5466666666666666,0.8333333333333334,0.22807017543859648,0.4166666666666667,0.25,0.024989793835051313
rtc_678,0.7033333333333334,0.518918918918919,0.5052631578947369,0.5333333333333333,0.8333333333333334,0.4166666666666667,0.5466666666666666,0.8333333333333334,0.22807017543859648,0.4166666666666667,0.25,0.015907898179514372
rtc_679,0.7033333333333334,0.5240641711229946,0.5051546391752577,0.5444444444444444,0.6666666666666667,0.380952380952381,0.4633333333333334,0.6666666666666667,0.22807017543859648,0.380952380952381,0.06649688737973969,0.00728431359084681
rtc_680,0.7033333333333334,0.40268456375838924,0.5084745762711864,0.3333333333333333,0.6666666666666666,0.5714285714285714,0.5833333333333334,0.6666666666666666,0.5,0.5714285714285714,0.18787878787878787,0.02020305089104422
rtc_681,0.6966666666666667,0.5133689839572193,0.4948453608247423,0.5333333333333333,0.8333333333333334,0.4166666666666667,0.5466666666666666,0.8333333333333334,0.22807017543859648,0.4166666666666667,0.25,0.021189138534559074
rtc_682,0.6966666666666667,0.5133689839572193,0.4948453608247423,0.5333333333333333,0.8333333333333334,0.4166666666666667,0.5466666666666666,0.8333333333333334,0.22807017543859648,0.4166666666666667,0.25,0.02285714285714289
rtc_683,0.7033333333333334,0.518918918918919,0.5052631578947369,0.5333333333333333,0.8333333333333334,0.4166666666666667,0.5466666666666666,0.8333333333333334,0.22807017543859648,0.4166666666666667,0.25,0.01665986255670088
rtc_684,0.7033333333333334,0.518918918918919,0.5052631578947369,0.5333333333333333,0.8333333333333334,0.4166666666666667,0.5466666666666666,0.8333333333333334,0.22807017543859648,0.4166666666666667,0.25,0.008571428571428542
rtc_685,0.71,0.4528301886792453,0.5217391304347826,0.4,0.8333333333333334,0.625,0.6666666666666666,0.8333333333333334,0.5,0.625,0.10132340777502058,0.022314999074019015
rtc_686,0.7066666666666667,0.5728155339805825,0.5086206896551724,0.6555555555555556,0.5,0.21052631578947367,0.51,0.5,0.34210526315789475,0.19298245614035087,0.21052631578947367,0.0053452248382485044
rtc_687,0.71,0.5756097560975609,0.5130434782608696,0.6555555555555556,0.5,0.21052631578947367,0.51,0.5,0.34210526315789475,0.18452380952380948,0.21052631578947367,0.0053452248382485044
rtc_688,0.71,0.5756097560975609,0.5130434782608696,0.6555555555555556,0.5,0.21052631578947367,0.51,0.5,0.34210526315789475,0.18452380952380948,0.21052631578947367,0.007824607964359527
rtc_689,0.71,0.5756097560975609,0.5130434782608696,0.6555555555555556,0.5,0.21052631578947367,0.51,0.5,0.34210526315789475,0.18452380952380948,0.21052631578947367,0.006388765649999426
rtc_690,0.7066666666666667,0.5111111111111111,0.5111111111111111,0.5111111111111111,0.5614035087719298,0.14689265536723173,0.59,0.5,0.5614035087719298,0.07828282828282829,0.14689265536723173,0.01428571428571428
rtc_691,0.7066666666666667,0.5728155339805825,0.5086206896551724,0.6555555555555556,0.5,0.21052631578947367,0.51,0.5,0.34210526315789475,0.19298245614035087,0.21052631578947367,0.005714285714285733
rtc_692,0.71,0.5756097560975609,0.5130434782608696,0.6555555555555556,0.5,0.21052631578947367,0.51,0.5,0.34210526315789475,0.18452380952380948,0.21052631578947367,0.005714285714285733
rtc_693,0.71,0.5756097560975609,0.5130434782608696,0.6555555555555556,0.5,0.21052631578947367,0.51,0.5,0.34210526315789475,0.18452380952380948,0.21052631578947367,0.008329931278350442
rtc_694,0.71,0.5756097560975609,0.5130434782608696,0.6555555555555556,0.5,0.21052631578947367,0.51,0.5,0.34210526315789475,0.18452380952380948,0.21052631578947367,0.009035079029052533
rtc_695,0.7066666666666667,0.5111111111111111,0.5111111111111111,0.5111111111111111,0.5614035087719298,0.14689265536723173,0.59,0.5,0.5614035087719298,0.07828282828282829,0.14689265536723173,0.013248026422136712
rtc_696,0.71,0.5756097560975609,0.5130434782608696,0.6555555555555556,0.5,0.21052631578947367,0.51,0.5,0.34210526315789475,0.18452380952380948,0.21052631578947367,0.011428571428571437
rtc_697,0.71,0.5756097560975609,0.5130434782608696,0.6555555555555556,0.5,0.21052631578947367,0.51,0.5,0.34210526315789475,0.18452380952380948,0.21052631578947367,0.011428571428571437
rtc_698,0.71,0.5756097560975609,0.5130434782608696,0.6555555555555556,0.5,0.21052631578947367,0.51,0.5,0.34210526315789475,0.18452380952380948,0.21052631578947367,0.011428571428571437
rtc_699,0.71,0.5756097560975609,0.5130434782608696,0.6555555555555556,0.5,0.21052631578947367,0.51,0.5,0.34210526315789475,0.18452380952380948,0.21052631578947367,0.011428571428571437
rtc_700,0.71,0.5797101449275363,0.5128205128205128,0.6666666666666666,0.45614035087719296,0.2068965517241379,0.5133333333333334,0.37209302325581395,0.45614035087719296,0.11785714285714283,0.2068965517241379,0.027627256579733892
rtc_701,0.71,0.5297297297297298,0.5157894736842106,0.5444444444444444,0.5,0.5434782608695652,0.2566666666666667,0.5,0.2878787878787879,0.5434782608695652,0.0866510538641686,0.03213491965486282
rtc_702,0.69,0.5026737967914439,0.4845360824742268,0.5222222222222223,0.3914728682170543,0.41111111111111115,0.3,0.3914728682170543,0.21291866028708134,0.41111111111111115,0.09999999999999998,0.04659858980085741
rtc_703,0.6866666666666666,0.5154639175257731,0.4807692307692308,0.5555555555555556,0.36821705426356593,0.19946808510638298,0.3866666666666666,0.36821705426356593,0.34210526315789475,0.19946808510638298,0.13888888888888884,0.02948538205792897
rtc_704,0.7066666666666667,0.4358974358974359,0.5151515151515151,0.37777777777777777,0.6666666666666666,0.8,0.33666666666666667,0.6666666666666666,0.10685805422647529,0.8,0.07359307359307354,0.016659862556700888
rtc_705,0.7066666666666667,0.45,0.5142857142857142,0.4,0.6666666666666667,0.5135135135135135,0.6266666666666666,0.6666666666666667,0.5,0.5135135135135135,0.09870129870129873,0.02020305089104422
rtc_706,0.6866666666666666,0.4946236559139785,0.4791666666666667,0.5111111111111111,0.3333333333333333,0.6,0.20594059405940596,0.3333333333333333,0.30303030303030304,0.6,0.050000000000000044,0.032763842689084915
rtc_707,0.69,0.5026737967914439,0.4845360824742268,0.5222222222222223,0.24322169059011167,0.35813953488372097,0.23564356435643563,0.22480620155038755,0.24322169059011167,0.35813953488372097,0.13571428571428568,0.043330716823151726
rtc_708,0.6866666666666666,0.5154639175257731,0.4807692307692308,0.5555555555555556,0.36821705426356593,0.19946808510638298,0.3866666666666666,0.36821705426356593,0.34210526315789475,0.19946808510638298,0.13888888888888884,0.028066975291983556
rtc_709,0.7,0.4230769230769231,0.5,0.36666666666666664,0.6666666666666666,0.8,0.33666666666666667,0.6666666666666666,0.09170653907496013,0.8,0.0703296703296703,0.016659862556700888
rtc_710,0.7066666666666667,0.45,0.5142857142857142,0.4,0.6666666666666667,0.5135135135135135,0.6266666666666666,0.6666666666666667,0.5,0.5135135135135135,0.09870129870129873,0.02020305089104422
rtc_711,0.69,0.5230769230769231,0.4857142857142857,0.5666666666666667,0.3449612403100776,0.28571428571428575,0.38333333333333336,0.3449612403100776,0.22807017543859648,0.28571428571428575,0.07807017543859651,0.04379917061930252
rtc_712,0.6933333333333334,0.5157894736842106,0.49,0.5444444444444444,0.3914728682170543,0.30124223602484473,0.38333333333333336,0.3914728682170543,0.22807017543859648,0.30124223602484473,0.0703389830508474,0.03686710828732554
rtc_713,0.6866666666666666,0.5154639175257731,0.4807692307692308,0.5555555555555556,0.36821705426356593,0.19946808510638298,0.3866666666666666,0.36821705426356593,0.34210526315789475,0.19946808510638298,0.13888888888888884,0.031102201510110353
rtc_714,0.7,0.4230769230769231,0.5,0.36666666666666664,0.6666666666666666,0.8,0.33666666666666667,0.6666666666666666,0.09170653907496013,0.8,0.0703296703296703,0.013850513878332388
rtc_715,0.7066666666666667,0.45,0.5142857142857142,0.4,0.6666666666666667,0.5135135135135135,0.6266666666666666,0.6666666666666667,0.5,0.5135135135135135,0.09870129870129873,0.02020305089104422
rtc_716,0.7,0.5108695652173914,0.5,0.5222222222222223,0.5,0.46666666666666673,0.2966666666666667,0.5,0.1977671451355662,0.46666666666666673,0.10467980295566504,0.04725095831011779
rtc_717,0.7033333333333334,0.5240641711229946,0.5051546391752577,0.5444444444444444,0.3333333333333333,0.17777777777777776,0.33999999999999997,0.3333333333333333,0.22807017543859648,0.17777777777777776,0.15384615384615385,0.04025429372458676
rtc_718,0.71,0.5347593582887701,0.5154639175257731,0.5555555555555556,0.8333333333333334,0.4166666666666667,0.5466666666666666,0.8333333333333334,0.22807017543859648,0.4166666666666667,0.24193548387096775,0.0353986048381825
rtc_719,0.7066666666666667,0.4358974358974359,0.5151515151515151,0.37777777777777777,0.6666666666666666,0.8,0.33666666666666667,0.6666666666666666,0.10685805422647529,0.8,0.07359307359307354,0.013850513878332388
rtc_720,0.7066666666666667,0.45,0.5142857142857142,0.4,0.6666666666666667,0.5135135135135135,0.6266666666666666,0.6666666666666667,0.5,0.5135135135135135,0.09870129870129873,0.02020305089104422
rtc_721,0.7033333333333334,0.4971751412429379,0.5057471264367817,0.4888888888888889,0.6666666666666666,0.8,0.33666666666666667,0.6666666666666666,0.15231259968102073,0.8,0.10622710622710618,0.043892261416392034
rtc_722,0.7033333333333334,0.4971751412429379,0.5057471264367817,0.4888888888888889,0.6666666666666666,0.8,0.33666666666666667,0.6666666666666666,0.15231259968102073,0.8,0.10622710622710618,0.043892261416392055
rtc_723,0.7033333333333334,0.48554913294797686,0.5060240963855421,0.4666666666666667,0.8333333333333334,0.8333333333333334,0.42,0.8333333333333334,0.15231259968102073,0.8333333333333334,0.09420289855072472,0.033319725113401734
rtc_724,0.7,0.4375,0.5,0.3888888888888889,0.6666666666666666,0.8,0.33666666666666667,0.6666666666666666,0.10685805422647529,0.8,0.0747767857142857,0.01895214165917371
rtc_725,0.7066666666666667,0.45,0.5142857142857142,0.4,0.6666666666666667,0.5135135135135135,0.6266666666666666,0.6666666666666667,0.5,0.5135135135135135,0.09870129870129873,0.02020305089104422
rtc_726,0.69,0.48044692737430167,0.48314606741573035,0.4777777777777778,1.0,0.75,0.5866666666666667,1.0,0.22807017543859648,0.75,0.26865671641791045,0.031167748898959187
rtc_727,0.69,0.48044692737430167,0.48314606741573035,0.4777777777777778,1.0,0.75,0.5866666666666667,1.0,0.22807017543859648,0.75,0.26865671641791045,0.029623487647611038
rtc_728,0.69,0.48044692737430167,0.48314606741573035,0.4777777777777778,1.0,0.75,0.5866666666666667,1.0,0.22807017543859648,0.75,0.26865671641791045,0.03338091841585124
rtc_729,0.6933333333333334,0.43902439024390244,0.4864864864864865,0.4,0.6666666666666666,0.6666666666666666,0.42,0.6666666666666666,0.22807017543859648,0.6666666666666666,0.12698412698412698,0.015252968931473312
rtc_730,0.7066666666666667,0.45,0.5142857142857142,0.4,0.6666666666666667,0.5135135135135135,0.6266666666666666,0.6666666666666667,0.5,0.5135135135135135,0.09870129870129873,0.02020305089104422
rtc_731,0.6833333333333333,0.47513812154696133,0.4725274725274725,0.4777777777777778,1.0,0.75,0.5866666666666667,1.0,0.22807017543859648,0.75,0.26865671641791045,0.02687841103175253
rtc_732,0.6833333333333333,0.47513812154696133,0.4725274725274725,0.4777777777777778,1.0,0.75,0.5866666666666667,1.0,0.22807017543859648,0.75,0.26865671641791045,0.029416086117105722
rtc_733,0.69,0.48044692737430167,0.48314606741573035,0.4777777777777778,1.0,0.75,0.5866666666666667,1.0,0.22807017543859648,0.75,0.26865671641791045,0.025793528693239705
rtc_734,0.6933333333333334,0.43209876543209874,0.4861111111111111,0.3888888888888889,0.8333333333333334,0.7142857142857143,0.5033333333333334,0.8333333333333334,0.22807017543859648,0.7142857142857143,0.08767123287671241,0.013850513878332376
rtc_735,0.7133333333333334,0.49411764705882355,0.525,0.4666666666666667,0.8333333333333334,0.5111111111111111,0.71,0.8333333333333334,0.5,0.5111111111111111,0.2894736842105263,0.022314999074019015
rtc_736,0.6933333333333334,0.54,0.4909090909090909,0.6,0.6666666666666667,0.2666666666666666,0.55,0.6666666666666667,0.34210526315789475,0.2666666666666666,0.23333333333333328,0.004517539514526275
rtc_737,0.6966666666666667,0.542713567839196,0.4954128440366973,0.6,0.6666666666666667,0.2666666666666666,0.55,0.6666666666666667,0.34210526315789475,0.2666666666666666,0.23333333333333328,0.004517539514526275
rtc_738,0.6966666666666667,0.542713567839196,0.4954128440366973,0.6,0.6666666666666667,0.2666666666666666,0.55,0.6666666666666667,0.34210526315789475,0.2666666666666666,0.23333333333333328,0.007824607964359527
rtc_739,0.7,0.5054945054945055,0.5,0.5111111111111111,0.5,0.22499999999999998,0.4666666666666666,0.5,0.34210526315789475,0.22499999999999998,0.07113507960965593,0.006388765649999426
rtc_740,0.7066666666666667,0.5111111111111111,0.5111111111111111,0.5111111111111111,0.5614035087719298,0.14689265536723173,0.59,0.5,0.5614035087719298,0.07828282828282829,0.14689265536723173,0.01428571428571428
rtc_741,0.6933333333333334,0.54,0.4909090909090909,0.6,0.6666666666666667,0.2666666666666666,0.55,0.6666666666666667,0.34210526315789475,0.2666666666666666,0.23333333333333328,0.005714285714285733
rtc_742,0.6966666666666667,0.542713567839196,0.4954128440366973,0.6,0.6666666666666667,0.2666666666666666,0.55,0.6666666666666667,0.34210526315789475,0.2666666666666666,0.23333333333333328,0.005714285714285733
rtc_743,0.6966666666666667,0.542713567839196,0.4954128440366973,0.6,0.6666666666666667,0.2666666666666666,0.55,0.6666666666666667,0.34210526315789475,0.2666666666666666,0.23333333333333328,0.008329931278350442
rtc_744,0.7,0.5054945054945055,0.5,0.5111111111111111,0.5,0.22499999999999998,0.4666666666666666,0.5,0.34210526315789475,0.22499999999999998,0.07113507960965593,0.009035079029052533
rtc_745,0.7066666666666667,0.5111111111111111,0.5111111111111111,0.5111111111111111,0.5614035087719298,0.14689265536723173,0.59,0.5,0.5614035087719298,0.07828282828282829,0.14689265536723173,0.013248026422136712
rtc_746,0.71,0.5756097560975609,0.5130434782608696,0.6555555555555556,0.5,0.21052631578947367,0.51,0.5,0.34210526315789475,0.18452380952380948,0.21052631578947367,0.011428571428571437
rtc_747,0.71,0.5756097560975609,0.5130434782608696,0.6555555555555556,0.5,0.21052631578947367,0.51,0.5,0.34210526315789475,0.18452380952380948,0.21052631578947367,0.011428571428571437
rtc_748,0.71,0.5756097560975609,0.5130434782608696,0.6555555555555556,0.5,0.21052631578947367,0.51,0.5,0.34210526315789475,0.18452380952380948,0.21052631578947367,0.011428571428571437
rtc_749,0.71,0.5756097560975609,0.5130434782608696,0.6555555555555556,0.5,0.21052631578947367,0.51,0.5,0.34210526315789475,0.18452380952380948,0.21052631578947367,0.011428571428571437
rtc_750,0.71,0.5797101449275363,0.5128205128205128,0.6666666666666666,0.45614035087719296,0.2068965517241379,0.5133333333333334,0.37209302325581395,0.45614035087719296,0.11785714285714283,0.2068965517241379,0.027627256579733892
rtc_751,0.6866666666666666,0.4946236559139785,0.4791666666666667,0.5111111111111111,0.43798449612403106,0.33650793650793653,0.3433333333333334,0.43798449612403106,0.17543859649122806,0.33650793650793653,0.0643274853801169,0.0320713490294909
rtc_752,0.6666666666666666,0.45652173913043476,0.44680851063829785,0.4666666666666667,0.3333333333333333,0.2666666666666666,0.3,0.3333333333333333,0.2057416267942584,0.2666666666666666,0.13333333333333341,0.03681171064778605
rtc_753,0.69,0.5130890052356021,0.48514851485148514,0.5444444444444444,0.3914728682170543,0.19318181818181818,0.3950617283950617,0.3914728682170543,0.34210526315789475,0.19318181818181818,0.13888888888888884,0.022857142857142864
rtc_754,0.69,0.4,0.47692307692307695,0.34444444444444444,0.5,0.75,0.2533333333333333,0.5,0.06280406899601948,0.75,0.1484375,0.02240626734479734
rtc_755,0.7066666666666667,0.45,0.5142857142857142,0.4,0.6666666666666667,0.5135135135135135,0.6266666666666666,0.6666666666666667,0.5,0.5135135135135135,0.09870129870129873,0.02020305089104422
rtc_756,0.6866666666666666,0.4777777777777778,0.4777777777777778,0.4777777777777778,0.3333333333333333,0.6,0.20594059405940596,0.3333333333333333,0.30303030303030304,0.6,0.050000000000000044,0.029416086117105736
rtc_757,0.68,0.4838709677419355,0.46875,0.5,0.5,0.43333333333333335,0.3,0.5,0.17543859649122806,0.43333333333333335,0.074712643678161,0.04025429372458677
rtc_758,0.69,0.5130890052356021,0.48514851485148514,0.5444444444444444,0.3914728682170543,0.19318181818181818,0.3950617283950617,0.3914728682170543,0.34210526315789475,0.19318181818181818,0.13888888888888884,0.029760952365713782
rtc_759,0.69,0.4,0.47692307692307695,0.34444444444444444,0.5,0.75,0.2533333333333333,0.5,0.06280406899601948,0.75,0.1484375,0.01916629694999821
rtc_760,0.7066666666666667,0.45,0.5142857142857142,0.4,0.6666666666666667,0.5135135135135135,0.6266666666666666,0.6666666666666667,0.5,0.5135135135135135,0.09870129870129873,0.02020305089104422
rtc_761,0.69,0.5026737967914439,0.4845360824742268,0.5222222222222223,0.5,0.31003039513677816,0.42333333333333334,0.5,0.22807017543859648,0.31003039513677816,0.03533026113671278,0.04393873285494199
rtc_762,0.69,0.5079365079365079,0.48484848484848486,0.5333333333333333,0.41472868217054265,0.2956810631229236,0.3433333333333334,0.41472868217054265,0.17543859649122806,0.2956810631229236,0.06624319419237745,0.03288818409491812
rtc_763,0.69,0.5130890052356021,0.48514851485148514,0.5444444444444444,0.3914728682170543,0.19318181818181818,0.3950617283950617,0.3914728682170543,0.34210526315789475,0.19318181818181818,0.13888888888888884,0.026726124191242425
rtc_764,0.69,0.4,0.47692307692307695,0.34444444444444444,0.5,0.75,0.2533333333333333,0.5,0.06280406899601948,0.75,0.1484375,0.011605769149479937
rtc_765,0.7066666666666667,0.45,0.5142857142857142,0.4,0.6666666666666667,0.5135135135135135,0.6266666666666666,0.6666666666666667,0.5,0.5135135135135135,0.09870129870129873,0.02020305089104422
rtc_766,0.6966666666666667,0.4858757062146893,0.4942528735632184,0.4777777777777778,0.40476190476190477,0.4166666666666667,0.25623762376237624,0.40476190476190477,0.16746411483253587,0.4166666666666667,0.17500000000000004,0.043892261416392034
rtc_767,0.6933333333333334,0.4888888888888889,0.4888888888888889,0.4888888888888889,0.26666666666666666,0.23809523809523814,0.2566666666666667,0.26666666666666666,0.22807017543859648,0.1384615384615384,0.23809523809523814,0.04100771455544949
rtc_768,0.7,0.5,0.5,0.5,0.6666666666666667,0.380952380952381,0.4633333333333334,0.6666666666666667,0.22807017543859648,0.380952380952381,0.043588376432951215,0.036589281356759165
rtc_769,0.6866666666666666,0.38961038961038963,0.46875,0.3333333333333333,0.5,0.75,0.2533333333333333,0.5,0.06280406899601948,0.75,0.15452755905511806,0.01916629694999821
rtc_770,0.7066666666666667,0.45,0.5142857142857142,0.4,0.6666666666666667,0.5135135135135135,0.6266666666666666,0.6666666666666667,0.5,0.5135135135135135,0.09870129870129873,0.02020305089104422
rtc_771,0.6933333333333334,0.4588235294117647,0.4875,0.43333333333333335,0.5142857142857142,0.75,0.2665346534653465,0.5142857142857142,0.15231259968102073,0.75,0.1717479674796748,0.036867108287325555
rtc_772,0.6933333333333334,0.4588235294117647,0.4875,0.43333333333333335,0.5142857142857142,0.75,0.2665346534653465,0.5142857142857142,0.15231259968102073,0.75,0.1717479674796748,0.03901857223927904
rtc_773,0.6933333333333334,0.4457831325301205,0.4868421052631579,0.4111111111111111,0.6666666666666666,0.8,0.33666666666666667,0.6666666666666666,0.15231259968102073,0.8,0.0669642857142857,0.028784916685156987
rtc_774,0.6966666666666667,0.3973509933774834,0.4918032786885246,0.3333333333333333,0.37142857142857144,0.6666666666666666,0.16999999999999998,0.37142857142857144,0.06140350877192982,0.6666666666666666,0.2273901808785529,0.01895214165917371
rtc_775,0.7066666666666667,0.45,0.5142857142857142,0.4,0.6666666666666667,0.5135135135135135,0.6266666666666666,0.6666666666666667,0.5,0.5135135135135135,0.09870129870129873,0.02020305089104422
rtc_776,0.68,0.4418604651162791,0.4634146341463415,0.4222222222222222,0.8333333333333334,0.7142857142857143,0.5033333333333334,0.8333333333333334,0.22807017543859648,0.7142857142857143,0.06865671641791049,0.0387561713321444
rtc_777,0.68,0.4418604651162791,0.4634146341463415,0.4222222222222222,0.8333333333333334,0.7142857142857143,0.5033333333333334,0.8333333333333334,0.22807017543859648,0.7142857142857143,0.06865671641791049,0.03602720060833853
rtc_778,0.68,0.4418604651162791,0.4634146341463415,0.4222222222222222,0.8333333333333334,0.7142857142857143,0.5033333333333334,0.8333333333333334,0.22807017543859648,0.7142857142857143,0.06865671641791049,0.03338091841585124
rtc_779,0.6933333333333334,0.425,0.4857142857142857,0.37777777777777777,0.5,0.6,0.33666666666666667,0.5,0.22807017543859648,0.6,0.22057142857142864,0.016035674514745465
rtc_780,0.7066666666666667,0.45,0.5142857142857142,0.4,0.6666666666666667,0.5135135135135135,0.6266666666666666,0.6666666666666667,0.5,0.5135135135135135,0.09870129870129873,0.02020305089104422
rtc_781,0.6733333333333333,0.4367816091954023,0.4523809523809524,0.4222222222222222,0.8333333333333334,0.7142857142857143,0.5033333333333334,0.8333333333333334,0.22807017543859648,0.7142857142857143,0.06865671641791049,0.022406267344797323
rtc_782,0.6733333333333333,0.4367816091954023,0.4523809523809524,0.4222222222222222,0.8333333333333334,0.7142857142857143,0.5033333333333334,0.8333333333333334,0.22807017543859648,0.7142857142857143,0.06865671641791049,0.022587697572631286
rtc_783,0.68,0.4418604651162791,0.4634146341463415,0.4222222222222222,0.8333333333333334,0.7142857142857143,0.5033333333333334,0.8333333333333334,0.22807017543859648,0.7142857142857143,0.06865671641791049,0.025793528693239705
rtc_784,0.6933333333333334,0.38666666666666666,0.48333333333333334,0.32222222222222224,0.6666666666666666,0.6666666666666666,0.42,0.6666666666666666,0.22807017543859648,0.6666666666666666,0.11195928753180662,0.013850513878332376
rtc_785,0.7133333333333334,0.49411764705882355,0.525,0.4666666666666667,0.8333333333333334,0.5111111111111111,0.71,0.8333333333333334,0.5,0.5111111111111111,0.2894736842105263,0.022314999074019015
rtc_786,0.6833333333333333,0.5077720207253886,0.47572815533980584,0.5444444444444444,0.5,0.22499999999999998,0.4666666666666666,0.5,0.34210526315789475,0.22499999999999998,0.05530973451327437,0.0053452248382485044
rtc_787,0.6866666666666666,0.5104166666666666,0.4803921568627451,0.5444444444444444,0.5,0.22499999999999998,0.4666666666666666,0.5,0.34210526315789475,0.22499999999999998,0.05701754385964908,0.004517539514526275
rtc_788,0.6866666666666666,0.5104166666666666,0.4803921568627451,0.5444444444444444,0.5,0.22499999999999998,0.4666666666666666,0.5,0.34210526315789475,0.22499999999999998,0.05701754385964908,0.007824607964359527
rtc_789,0.7,0.5054945054945055,0.5,0.5111111111111111,0.5,0.22499999999999998,0.4666666666666666,0.5,0.34210526315789475,0.22499999999999998,0.07113507960965593,0.006388765649999426
rtc_790,0.7066666666666667,0.5111111111111111,0.5111111111111111,0.5111111111111111,0.5614035087719298,0.14689265536723173,0.59,0.5,0.5614035087719298,0.07828282828282829,0.14689265536723173,0.01428571428571428
rtc_791,0.6933333333333334,0.54,0.4909090909090909,0.6,0.6666666666666667,0.2666666666666666,0.55,0.6666666666666667,0.34210526315789475,0.2666666666666666,0.23333333333333328,0.005714285714285733
rtc_792,0.6966666666666667,0.542713567839196,0.4954128440366973,0.6,0.6666666666666667,0.2666666666666666,0.55,0.6666666666666667,0.34210526315789475,0.2666666666666666,0.23333333333333328,0.005714285714285733
rtc_793,0.6966666666666667,0.542713567839196,0.4954128440366973,0.6,0.6666666666666667,0.2666666666666666,0.55,0.6666666666666667,0.34210526315789475,0.2666666666666666,0.23333333333333328,0.008329931278350442
rtc_794,0.7,0.5054945054945055,0.5,0.5111111111111111,0.5,0.22499999999999998,0.4666666666666666,0.5,0.34210526315789475,0.22499999999999998,0.07113507960965593,0.009035079029052533
rtc_795,0.7066666666666667,0.5111111111111111,0.5111111111111111,0.5111111111111111,0.5614035087719298,0.14689265536723173,0.59,0.5,0.5614035087719298,0.07828282828282829,0.14689265536723173,0.013248026422136712
rtc_796,0.71,0.5756097560975609,0.5130434782608696,0.6555555555555556,0.5,0.21052631578947367,0.51,0.5,0.34210526315789475,0.18452380952380948,0.21052631578947367,0.011428571428571437
rtc_797,0.71,0.5756097560975609,0.5130434782608696,0.6555555555555556,0.5,0.21052631578947367,0.51,0.5,0.34210526315789475,0.18452380952380948,0.21052631578947367,0.011428571428571437
rtc_798,0.71,0.5756097560975609,0.5130434782608696,0.6555555555555556,0.5,0.21052631578947367,0.51,0.5,0.34210526315789475,0.18452380952380948,0.21052631578947367,0.011428571428571437
rtc_799,0.71,0.5756097560975609,0.5130434782608696,0.6555555555555556,0.5,0.21052631578947367,0.51,0.5,0.34210526315789475,0.18452380952380948,0.21052631578947367,0.011428571428571437
rtc_800,0.71,0.5797101449275363,0.5128205128205128,0.6666666666666666,0.45614035087719296,0.2068965517241379,0.5133333333333334,0.37209302325581395,0.45614035087719296,0.11785714285714283,0.2068965517241379,0.027627256579733892
rtc_801,0.7,0.4827586206896552,0.5,0.4666666666666667,0.5077519379844961,0.28828828828828823,0.43827160493827155,0.5077519379844961,0.39473684210526316,0.28828828828828823,0.14473684210526316,0.03833259389999642
rtc_802,0.6866666666666666,0.43373493975903615,0.47368421052631576,0.4,0.22807017543859648,0.23809523809523814,0.2566666666666667,0.21196013289036542,0.22807017543859648,0.21764705882352942,0.23809523809523814,0.04389226141639207
rtc_803,0.7133333333333334,0.5113636363636364,0.5232558139534884,0.5,0.34210526315789475,0.28888888888888886,0.3487654320987655,0.2480620155038759,0.34210526315789475,0.09774436090225563,0.28888888888888886,0.03162277660168379
rtc_804,0.69,0.4,0.47692307692307695,0.34444444444444444,0.5,0.75,0.2533333333333333,0.5,0.06280406899601948,0.75,0.1484375,0.01916629694999821
rtc_805,0.7066666666666667,0.45,0.5142857142857142,0.4,0.6666666666666667,0.5135135135135135,0.6266666666666666,0.6666666666666667,0.5,0.5135135135135135,0.09870129870129873,0.02020305089104422
rtc_806,0.7166666666666667,0.5029239766081871,0.5308641975308642,0.4777777777777778,0.31782945736434104,0.3945945945945946,0.21666666666666667,0.31782945736434104,0.09170653907496013,0.3945945945945946,0.13571428571428568,0.047294129592133874
rtc_807,0.6866666666666666,0.44047619047619047,0.47435897435897434,0.4111111111111111,0.3410852713178294,0.4,0.21666666666666667,0.3410852713178294,0.09968102073365231,0.4,0.08571428571428574,0.04090806018078958
rtc_808,0.7133333333333334,0.5113636363636364,0.5232558139534884,0.5,0.34210526315789475,0.28888888888888886,0.3487654320987655,0.2480620155038759,0.34210526315789475,0.09774436090225563,0.28888888888888886,0.03175158681556127
rtc_809,0.69,0.4,0.47692307692307695,0.34444444444444444,0.5,0.75,0.2533333333333333,0.5,0.06280406899601948,0.75,0.1484375,0.015252968931473312
rtc_810,0.7066666666666667,0.45,0.5142857142857142,0.4,0.6666666666666667,0.5135135135135135,0.6266666666666666,0.6666666666666667,0.5,0.5135135135135135,0.09870129870129873,0.02020305089104422
rtc_811,0.7166666666666667,0.4970414201183432,0.5316455696202531,0.4666666666666667,0.3333333333333333,0.37500000000000006,0.2566666666666667,0.3333333333333333,0.08801415302963292,0.37500000000000006,0.09523809523809523,0.03642156795423419
rtc_812,0.72,0.5172413793103449,0.5357142857142857,0.5,0.2480620155038759,0.19298245614035087,0.2654320987654321,0.2480620155038759,0.17543859649122806,0.19298245614035087,0.17543859649122806,0.04759523213987906
rtc_813,0.7066666666666667,0.5111111111111111,0.5111111111111111,0.5111111111111111,0.34210526315789475,0.28888888888888886,0.3364197530864198,0.2480620155038759,0.34210526315789475,0.12142857142857139,0.28888888888888886,0.038065464555640666
rtc_814,0.69,0.4,0.47692307692307695,0.34444444444444444,0.5,0.75,0.2533333333333333,0.5,0.06280406899601948,0.75,0.1484375,0.011605769149479937
rtc_815,0.7066666666666667,0.45,0.5142857142857142,0.4,0.6666666666666667,0.5135135135135135,0.6266666666666666,0.6666666666666667,0.5,0.5135135135135135,0.09870129870129873,0.02020305089104422
rtc_816,0.7133333333333334,0.4880952380952381,0.5256410256410257,0.45555555555555555,0.40476190476190477,0.3333333333333333,0.2265346534653465,0.40476190476190477,0.12200956937799043,0.3333333333333333,0.24444444444444446,0.04025429372458678
rtc_817,0.71,0.48520710059171596,0.5189873417721519,0.45555555555555555,0.23809523809523808,0.30952380952380953,0.19643564356435642,0.23809523809523808,0.22807017543859648,0.06984126984126987,0.30952380952380953,0.03597050946289765
rtc_818,0.7166666666666667,0.4970414201183432,0.5316455696202531,0.4666666666666667,0.5,0.3333333333333333,0.38,0.5,0.22807017543859648,0.3333333333333333,0.13333333333333341,0.03398679215248662
rtc_819,0.6933333333333334,0.4025974025974026,0.484375,0.34444444444444444,0.5,0.75,0.2533333333333333,0.5,0.07655502392344499,0.75,0.15794573643410847,0.011605769149479937
rtc_820,0.7066666666666667,0.45,0.5142857142857142,0.4,0.6666666666666667,0.5135135135135135,0.6266666666666666,0.6666666666666667,0.5,0.5135135135135135,0.09870129870129873,0.02020305089104422
rtc_821,0.71,0.4528301886792453,0.5217391304347826,0.4,0.4857142857142857,0.6666666666666666,0.2071287128712871,0.4857142857142857,0.07655502392344499,0.6666666666666666,0.23972003499562555,0.03741657386773943
rtc_822,0.71,0.4528301886792453,0.5217391304347826,0.4,0.4857142857142857,0.6666666666666666,0.2071287128712871,0.4857142857142857,0.07655502392344499,0.6666666666666666,0.23972003499562555,0.03410667538946665
rtc_823,0.71,0.43870967741935485,0.5230769230769231,0.37777777777777777,0.5,0.75,0.2533333333333333,0.5,0.07655502392344499,0.75,0.15530303030303028,0.028784916685156987
rtc_824,0.6966666666666667,0.3973509933774834,0.4918032786885246,0.3333333333333333,0.37142857142857144,0.6666666666666666,0.16999999999999998,0.37142857142857144,0.06140350877192982,0.6666666666666666,0.2273901808785529,0.01895214165917371
rtc_825,0.7066666666666667,0.45,0.5142857142857142,0.4,0.6666666666666667,0.5135135135135135,0.6266666666666666,0.6666666666666667,0.5,0.5135135135135135,0.09870129870129873,0.02020305089104422
rtc_826,0.6966666666666667,0.43478260869565216,0.49295774647887325,0.3888888888888889,0.6666666666666666,0.6666666666666666,0.42,0.6666666666666666,0.22807017543859648,0.6666666666666666,0.11286089238845143,0.03686710828732556
rtc_827,0.6966666666666667,0.43478260869565216,0.49295774647887325,0.3888888888888889,0.6666666666666666,0.6666666666666666,0.42,0.6666666666666666,0.22807017543859648,0.6666666666666666,0.11286089238845143,0.02878491668515698
rtc_828,0.6966666666666667,0.43478260869565216,0.49295774647887325,0.3888888888888889,0.6666666666666666,0.6666666666666666,0.42,0.6666666666666666,0.22807017543859648,0.6666666666666666,0.11286089238845143,0.03338091841585124
rtc_829,0.6933333333333334,0.425,0.4857142857142857,0.37777777777777777,0.5,0.6,0.33666666666666667,0.5,0.22807017543859648,0.6,0.22057142857142864,0.016035674514745465
rtc_830,0.7066666666666667,0.45,0.5142857142857142,0.4,0.6666666666666667,0.5135135135135135,0.6266666666666666,0.6666666666666667,0.5,0.5135135135135135,0.09870129870129873,0.02020305089104422
rtc_831,0.69,0.4294478527607362,0.4794520547945205,0.3888888888888889,0.6666666666666666,0.6666666666666666,0.42,0.6666666666666666,0.22807017543859648,0.6666666666666666,0.1093333333333334,0.024074713637646763
rtc_832,0.69,0.4294478527607362,0.4794520547945205,0.3888888888888889,0.6666666666666666,0.6666666666666666,0.42,0.6666666666666666,0.22807017543859648,0.6666666666666666,0.1093333333333334,0.02539484119233027
rtc_833,0.6966666666666667,0.43478260869565216,0.49295774647887325,0.3888888888888889,0.6666666666666666,0.6666666666666666,0.42,0.6666666666666666,0.22807017543859648,0.6666666666666666,0.11286089238845143,0.025793528693239705
rtc_834,0.6933333333333334,0.38666666666666666,0.48333333333333334,0.32222222222222224,0.6666666666666666,0.6666666666666666,0.42,0.6666666666666666,0.22807017543859648,0.6666666666666666,0.11195928753180662,0.013850513878332376
rtc_835,0.7133333333333334,0.49411764705882355,0.525,0.4666666666666667,0.8333333333333334,0.5111111111111111,0.71,0.8333333333333334,0.5,0.5111111111111111,0.2894736842105263,0.022314999074019015
rtc_836,0.6833333333333333,0.5077720207253886,0.47572815533980584,0.5444444444444444,0.5,0.22499999999999998,0.4666666666666666,0.5,0.34210526315789475,0.22499999999999998,0.05530973451327437,0.004517539514526275
rtc_837,0.6866666666666666,0.5104166666666666,0.4803921568627451,0.5444444444444444,0.5,0.22499999999999998,0.4666666666666666,0.5,0.34210526315789475,0.22499999999999998,0.05701754385964908,0.0053452248382485044
rtc_838,0.6866666666666666,0.5104166666666666,0.4803921568627451,0.5444444444444444,0.5,0.22499999999999998,0.4666666666666666,0.5,0.34210526315789475,0.22499999999999998,0.05701754385964908,0.007824607964359527
rtc_839,0.7,0.5054945054945055,0.5,0.5111111111111111,0.5,0.22499999999999998,0.4666666666666666,0.5,0.34210526315789475,0.22499999999999998,0.07113507960965593,0.006388765649999426
rtc_840,0.7066666666666667,0.5111111111111111,0.5111111111111111,0.5111111111111111,0.5614035087719298,0.14689265536723173,0.59,0.5,0.5614035087719298,0.07828282828282829,0.14689265536723173,0.01428571428571428
rtc_841,0.6933333333333334,0.54,0.4909090909090909,0.6,0.6666666666666667,0.2666666666666666,0.55,0.6666666666666667,0.34210526315789475,0.2666666666666666,0.23333333333333328,0.005714285714285733
rtc_842,0.6966666666666667,0.542713567839196,0.4954128440366973,0.6,0.6666666666666667,0.2666666666666666,0.55,0.6666666666666667,0.34210526315789475,0.2666666666666666,0.23333333333333328,0.005714285714285733
rtc_843,0.6966666666666667,0.542713567839196,0.4954128440366973,0.6,0.6666666666666667,0.2666666666666666,0.55,0.6666666666666667,0.34210526315789475,0.2666666666666666,0.23333333333333328,0.008329931278350442
rtc_844,0.7,0.5054945054945055,0.5,0.5111111111111111,0.5,0.22499999999999998,0.4666666666666666,0.5,0.34210526315789475,0.22499999999999998,0.07113507960965593,0.009035079029052533
rtc_845,0.7066666666666667,0.5111111111111111,0.5111111111111111,0.5111111111111111,0.5614035087719298,0.14689265536723173,0.59,0.5,0.5614035087719298,0.07828282828282829,0.14689265536723173,0.013248026422136712
rtc_846,0.71,0.5756097560975609,0.5130434782608696,0.6555555555555556,0.5,0.21052631578947367,0.51,0.5,0.34210526315789475,0.18452380952380948,0.21052631578947367,0.011428571428571437
rtc_847,0.71,0.5756097560975609,0.5130434782608696,0.6555555555555556,0.5,0.21052631578947367,0.51,0.5,0.34210526315789475,0.18452380952380948,0.21052631578947367,0.011428571428571437
rtc_848,0.71,0.5756097560975609,0.5130434782608696,0.6555555555555556,0.5,0.21052631578947367,0.51,0.5,0.34210526315789475,0.18452380952380948,0.21052631578947367,0.011428571428571437
rtc_849,0.71,0.5756097560975609,0.5130434782608696,0.6555555555555556,0.5,0.21052631578947367,0.51,0.5,0.34210526315789475,0.18452380952380948,0.21052631578947367,0.011428571428571437
rtc_850,0.71,0.5797101449275363,0.5128205128205128,0.6666666666666666,0.45614035087719296,0.2068965517241379,0.5133333333333334,0.37209302325581395,0.45614035087719296,0.11785714285714283,0.2068965517241379,0.027627256579733892
rtc_851,0.6966666666666667,0.4678362573099415,0.49382716049382713,0.4444444444444444,0.2945736434108527,0.24561403508771928,0.3,0.2945736434108527,0.22807017543859648,0.24561403508771928,0.18333333333333335,0.046642364906612895
rtc_852,0.6733333333333333,0.4166666666666667,0.44871794871794873,0.3888888888888889,0.23521594684385377,0.23809523809523814,0.2566666666666667,0.23521594684385377,0.22807017543859648,0.23636363636363633,0.23809523809523814,0.05724989974146822
rtc_853,0.7033333333333334,0.5082872928176796,0.5054945054945055,0.5111111111111111,0.34210526315789475,0.28888888888888886,0.3364197530864198,0.2480620155038759,0.34210526315789475,0.12142857142857139,0.28888888888888886,0.022857142857142857
rtc_854,0.6933333333333334,0.4025974025974026,0.484375,0.34444444444444444,0.5,0.75,0.2533333333333333,0.5,0.07655502392344499,0.75,0.15794573643410847,0.01916629694999821
rtc_855,0.7066666666666667,0.45,0.5142857142857142,0.4,0.6666666666666667,0.5135135135135135,0.6266666666666666,0.6666666666666667,0.5,0.5135135135135135,0.09870129870129873,0.02020305089104422
rtc_856,0.7133333333333334,0.4880952380952381,0.5256410256410257,0.45555555555555555,0.32624584717607974,0.36764705882352944,0.1465346534653465,0.32624584717607974,0.09170653907496013,0.36764705882352944,0.22499999999999998,0.04894811914003376
rtc_857,0.68,0.4146341463414634,0.4594594594594595,0.37777777777777777,0.25847176079734213,0.38333333333333336,0.16134946828016133,0.25847176079734213,0.09968102073365231,0.38333333333333336,0.17500000000000004,0.04115674368825125
rtc_858,0.7033333333333334,0.5082872928176796,0.5054945054945055,0.5111111111111111,0.34210526315789475,0.28888888888888886,0.3364197530864198,0.2480620155038759,0.34210526315789475,0.12142857142857139,0.28888888888888886,0.03614031611621006
rtc_859,0.69,0.4,0.47692307692307695,0.34444444444444444,0.5,0.75,0.2533333333333333,0.5,0.06280406899601948,0.75,0.1484375,0.015252968931473312
rtc_860,0.7066666666666667,0.45,0.5142857142857142,0.4,0.6666666666666667,0.5135135135135135,0.6266666666666666,0.6666666666666667,0.5,0.5135135135135135,0.09870129870129873,0.02020305089104422
rtc_861,0.7166666666666667,0.5142857142857142,0.5294117647058824,0.5,0.2480620155038759,0.19298245614035087,0.3,0.2480620155038759,0.22807017543859648,0.19298245614035087,0.18333333333333335,0.04844521416518047
rtc_862,0.72,0.5116279069767442,0.5365853658536586,0.4888888888888889,0.2713178294573643,0.19444444444444442,0.2777777777777778,0.2713178294573643,0.17543859649122806,0.19444444444444442,0.17543859649122806,0.04575890679441989
rtc_863,0.71,0.5084745762711864,0.5172413793103449,0.5,0.34210526315789475,0.28888888888888886,0.3487654320987655,0.2480620155038759,0.34210526315789475,0.09774436090225563,0.28888888888888886,0.01829464067837958
rtc_864,0.6866666666666666,0.38961038961038963,0.46875,0.3333333333333333,0.5,0.75,0.2533333333333333,0.5,0.06280406899601948,0.75,0.15452755905511806,0.011605769149479937
rtc_865,0.7066666666666667,0.45,0.5142857142857142,0.4,0.6666666666666667,0.5135135135135135,0.6266666666666666,0.6666666666666667,0.5,0.5135135135135135,0.09870129870129873,0.02020305089104422
rtc_866,0.7066666666666667,0.46987951807228917,0.5131578947368421,0.43333333333333335,0.40476190476190477,0.3333333333333333,0.23643564356435642,0.40476190476190477,0.1371610845295056,0.3333333333333333,0.23350694444444442,0.04977500397195529
rtc_867,0.71,0.47904191616766467,0.5194805194805194,0.4444444444444444,0.23809523809523808,0.30952380952380953,0.19643564356435642,0.23809523809523808,0.22807017543859648,0.07070707070707072,0.30952380952380953,0.05162660285597902
rtc_868,0.7133333333333334,0.49411764705882355,0.525,0.4666666666666667,0.5,0.3333333333333333,0.38,0.5,0.22807017543859648,0.3333333333333333,0.13333333333333341,0.042039825627320435
rtc_869,0.69,0.4,0.47692307692307695,0.34444444444444444,0.5,0.75,0.2533333333333333,0.5,0.06280406899601948,0.75,0.1484375,0.011605769149479937
rtc_870,0.7066666666666667,0.45,0.5142857142857142,0.4,0.6666666666666667,0.5135135135135135,0.6266666666666666,0.6666666666666667,0.5,0.5135135135135135,0.09870129870129873,0.02020305089104422
rtc_871,0.7133333333333334,0.44871794871794873,0.5303030303030303,0.3888888888888889,0.4857142857142857,0.6666666666666666,0.19722772277227724,0.4857142857142857,0.06140350877192982,0.6666666666666666,0.23514211886304903,0.04549052379454474
rtc_872,0.7133333333333334,0.44871794871794873,0.5303030303030303,0.3888888888888889,0.4857142857142857,0.6666666666666666,0.19722772277227724,0.4857142857142857,0.06140350877192982,0.6666666666666666,0.23514211886304903,0.04318918987951708
rtc_873,0.71,0.43870967741935485,0.5230769230769231,0.37777777777777777,0.5,0.75,0.2533333333333333,0.5,0.07655502392344499,0.75,0.15530303030303028,0.0290671284991083
rtc_874,0.6966666666666667,0.3973509933774834,0.4918032786885246,0.3333333333333333,0.37142857142857144,0.6666666666666666,0.16999999999999998,0.37142857142857144,0.06140350877192982,0.6666666666666666,0.2273901808785529,0.01895214165917371
rtc_875,0.7066666666666667,0.45,0.5142857142857142,0.4,0.6666666666666667,0.5135135135135135,0.6266666666666666,0.6666666666666667,0.5,0.5135135135135135,0.09870129870129873,0.02020305089104422
rtc_876,0.6966666666666667,0.43478260869565216,0.49295774647887325,0.3888888888888889,0.6666666666666666,0.6666666666666666,0.42,0.6666666666666666,0.22807017543859648,0.6666666666666666,0.11286089238845143,0.0387561713321444
rtc_877,0.6966666666666667,0.43478260869565216,0.49295774647887325,0.3888888888888889,0.6666666666666666,0.6666666666666666,0.42,0.6666666666666666,0.22807017543859648,0.6666666666666666,0.11286089238845143,0.03574284572341943
rtc_878,0.6966666666666667,0.43478260869565216,0.49295774647887325,0.3888888888888889,0.6666666666666666,0.6666666666666666,0.42,0.6666666666666666,0.22807017543859648,0.6666666666666666,0.11286089238845143,0.03338091841585124
rtc_879,0.6933333333333334,0.425,0.4857142857142857,0.37777777777777777,0.5,0.6,0.33666666666666667,0.5,0.22807017543859648,0.6,0.22057142857142864,0.015252968931473312
rtc_880,0.7066666666666667,0.45,0.5142857142857142,0.4,0.6666666666666667,0.5135135135135135,0.6266666666666666,0.6666666666666667,0.5,0.5135135135135135,0.09870129870129873,0.02020305089104422
rtc_881,0.69,0.4294478527607362,0.4794520547945205,0.3888888888888889,0.6666666666666666,0.6666666666666666,0.42,0.6666666666666666,0.22807017543859648,0.6666666666666666,0.1093333333333334,0.024074713637646763
rtc_882,0.69,0.4294478527607362,0.4794520547945205,0.3888888888888889,0.6666666666666666,0.6666666666666666,0.42,0.6666666666666666,0.22807017543859648,0.6666666666666666,0.1093333333333334,0.03077237032648288
rtc_883,0.6966666666666667,0.43478260869565216,0.49295774647887325,0.3888888888888889,0.6666666666666666,0.6666666666666666,0.42,0.6666666666666666,0.22807017543859648,0.6666666666666666,0.11286089238845143,0.025793528693239705
rtc_884,0.6933333333333334,0.38666666666666666,0.48333333333333334,0.32222222222222224,0.6666666666666666,0.6666666666666666,0.42,0.6666666666666666,0.22807017543859648,0.6666666666666666,0.11195928753180662,0.013850513878332376
rtc_885,0.7133333333333334,0.49411764705882355,0.525,0.4666666666666667,0.8333333333333334,0.5111111111111111,0.71,0.8333333333333334,0.5,0.5111111111111111,0.2894736842105263,0.022314999074019015
rtc_886,0.6833333333333333,0.5077720207253886,0.47572815533980584,0.5444444444444444,0.5,0.22499999999999998,0.4666666666666666,0.5,0.34210526315789475,0.22499999999999998,0.05530973451327437,0.004517539514526275
rtc_887,0.6866666666666666,0.5104166666666666,0.4803921568627451,0.5444444444444444,0.5,0.22499999999999998,0.4666666666666666,0.5,0.34210526315789475,0.22499999999999998,0.05701754385964908,0.004517539514526275
rtc_888,0.6866666666666666,0.5104166666666666,0.4803921568627451,0.5444444444444444,0.5,0.22499999999999998,0.4666666666666666,0.5,0.34210526315789475,0.22499999999999998,0.05701754385964908,0.007824607964359527
rtc_889,0.7,0.5054945054945055,0.5,0.5111111111111111,0.5,0.22499999999999998,0.4666666666666666,0.5,0.34210526315789475,0.22499999999999998,0.07113507960965593,0.006388765649999426
rtc_890,0.7066666666666667,0.5111111111111111,0.5111111111111111,0.5111111111111111,0.5614035087719298,0.14689265536723173,0.59,0.5,0.5614035087719298,0.07828282828282829,0.14689265536723173,0.01428571428571428
rtc_891,0.6933333333333334,0.54,0.4909090909090909,0.6,0.6666666666666667,0.2666666666666666,0.55,0.6666666666666667,0.34210526315789475,0.2666666666666666,0.23333333333333328,0.005714285714285733
rtc_892,0.6966666666666667,0.542713567839196,0.4954128440366973,0.6,0.6666666666666667,0.2666666666666666,0.55,0.6666666666666667,0.34210526315789475,0.2666666666666666,0.23333333333333328,0.005714285714285733
rtc_893,0.6966666666666667,0.542713567839196,0.4954128440366973,0.6,0.6666666666666667,0.2666666666666666,0.55,0.6666666666666667,0.34210526315789475,0.2666666666666666,0.23333333333333328,0.008329931278350442
rtc_894,0.7,0.5054945054945055,0.5,0.5111111111111111,0.5,0.22499999999999998,0.4666666666666666,0.5,0.34210526315789475,0.22499999999999998,0.07113507960965593,0.009035079029052533
rtc_895,0.7066666666666667,0.5111111111111111,0.5111111111111111,0.5111111111111111,0.5614035087719298,0.14689265536723173,0.59,0.5,0.5614035087719298,0.07828282828282829,0.14689265536723173,0.013248026422136712
rtc_896,0.71,0.5756097560975609,0.5130434782608696,0.6555555555555556,0.5,0.21052631578947367,0.51,0.5,0.34210526315789475,0.18452380952380948,0.21052631578947367,0.011428571428571437
rtc_897,0.71,0.5756097560975609,0.5130434782608696,0.6555555555555556,0.5,0.21052631578947367,0.51,0.5,0.34210526315789475,0.18452380952380948,0.21052631578947367,0.011428571428571437
rtc_898,0.71,0.5756097560975609,0.5130434782608696,0.6555555555555556,0.5,0.21052631578947367,0.51,0.5,0.34210526315789475,0.18452380952380948,0.21052631578947367,0.011428571428571437
rtc_899,0.71,0.5756097560975609,0.5130434782608696,0.6555555555555556,0.5,0.21052631578947367,0.51,0.5,0.34210526315789475,0.18452380952380948,0.21052631578947367,0.011428571428571437
rtc_900,0.71,0.5797101449275363,0.5128205128205128,0.6666666666666666,0.45614035087719296,0.2068965517241379,0.5133333333333334,0.37209302325581395,0.45614035087719296,0.11785714285714283,0.2068965517241379,0.027627256579733892
rtc_901,0.67,0.4530386740331492,0.45054945054945056,0.45555555555555555,0.5,0.5476190476190477,0.24691358024691357,0.5,0.10606060606060605,0.5476190476190477,0.08333333333333337,0.03440455593940656
rtc_902,0.6833333333333333,0.4311377245508982,0.4675324675324675,0.4,0.38759689922480617,0.42500000000000004,0.2566666666666667,0.38759689922480617,0.16746411483253587,0.42500000000000004,0.09523809523809523,0.0574278606921194
rtc_903,0.7133333333333334,0.5168539325842697,0.5227272727272727,0.5111111111111111,0.34210526315789475,0.28888888888888886,0.34259259259259267,0.2480620155038759,0.34210526315789475,0.10989010989010983,0.28888888888888886,0.022767682072156053
rtc_904,0.6866666666666666,0.38961038961038963,0.46875,0.3333333333333333,0.5,0.75,0.2533333333333333,0.5,0.06280406899601948,0.75,0.15452755905511806,0.01916629694999821
rtc_905,0.7066666666666667,0.45,0.5142857142857142,0.4,0.6666666666666667,0.5135135135135135,0.6266666666666666,0.6666666666666667,0.5,0.5135135135135135,0.09870129870129873,0.02020305089104422
rtc_906,0.71,0.47904191616766467,0.5194805194805194,0.4444444444444444,0.3643410852713178,0.36764705882352944,0.12345679012345678,0.3643410852713178,0.09170653907496013,0.36764705882352944,0.26973684210526316,0.046379094516422636
rtc_907,0.69,0.45614035087719296,0.48148148148148145,0.43333333333333335,0.3643410852713178,0.4060606060606061,0.21666666666666667,0.3643410852713178,0.11483253588516745,0.4060606060606061,0.08571428571428574,0.044400772194057275
rtc_908,0.7133333333333334,0.5168539325842697,0.5227272727272727,0.5111111111111111,0.34210526315789475,0.28888888888888886,0.34259259259259267,0.2480620155038759,0.34210526315789475,0.10989010989010983,0.28888888888888886,0.02672612419124245
rtc_909,0.69,0.4,0.47692307692307695,0.34444444444444444,0.5,0.75,0.2533333333333333,0.5,0.06280406899601948,0.75,0.1484375,0.015252968931473312
rtc_910,0.7066666666666667,0.45,0.5142857142857142,0.4,0.6666666666666667,0.5135135135135135,0.6266666666666666,0.6666666666666667,0.5,0.5135135135135135,0.09870129870129873,0.02020305089104422
rtc_911,0.7033333333333334,0.4971751412429379,0.5057471264367817,0.4888888888888889,0.2713178294573643,0.2713178294573643,0.26,0.2713178294573643,0.17543859649122806,0.2713178294573643,0.17543859649122806,0.03697765458727082
rtc_912,0.72,0.5116279069767442,0.5365853658536586,0.4888888888888889,0.2713178294573643,0.19444444444444442,0.2777777777777778,0.2713178294573643,0.17543859649122806,0.19444444444444442,0.17543859649122806,0.04485805276602165
rtc_913,0.7133333333333334,0.5168539325842697,0.5227272727272727,0.5111111111111111,0.34210526315789475,0.28888888888888886,0.34259259259259267,0.2480620155038759,0.34210526315789475,0.10989010989010983,0.28888888888888886,0.03077237032648288
rtc_914,0.6866666666666666,0.38961038961038963,0.46875,0.3333333333333333,0.5,0.75,0.2533333333333333,0.5,0.06280406899601948,0.75,0.15452755905511806,0.01916629694999821
rtc_915,0.7066666666666667,0.45,0.5142857142857142,0.4,0.6666666666666667,0.5135135135135135,0.6266666666666666,0.6666666666666667,0.5,0.5135135135135135,0.09870129870129873,0.02020305089104422
rtc_916,0.7133333333333334,0.4691358024691358,0.5277777777777778,0.4222222222222222,0.3761904761904762,0.3333333333333333,0.19683168316831684,0.3761904761904762,0.09170653907496013,0.3333333333333333,0.23350694444444442,0.050990195135927854
rtc_917,0.71,0.47904191616766467,0.5194805194805194,0.4444444444444444,0.23809523809523808,0.30952380952380953,0.19643564356435642,0.23809523809523808,0.22807017543859648,0.07070707070707072,0.30952380952380953,0.046860627048162073
rtc_918,0.7233333333333334,0.5029940119760479,0.5454545454545454,0.4666666666666667,0.5,0.3333333333333333,0.38,0.5,0.22807017543859648,0.3333333333333333,0.134920634920635,0.04115674368825121
rtc_919,0.6933333333333334,0.4025974025974026,0.484375,0.34444444444444444,0.5,0.75,0.2533333333333333,0.5,0.07655502392344499,0.75,0.15794573643410847,0.015252968931473312
rtc_920,0.7066666666666667,0.45,0.5142857142857142,0.4,0.6666666666666667,0.5135135135135135,0.6266666666666666,0.6666666666666667,0.5,0.5135135135135135,0.09870129870129873,0.02020305089104422
rtc_921,0.7133333333333334,0.44871794871794873,0.5303030303030303,0.3888888888888889,0.4857142857142857,0.6666666666666666,0.19722772277227724,0.4857142857142857,0.06140350877192982,0.6666666666666666,0.23514211886304903,0.03953815000885157
rtc_922,0.7133333333333334,0.44871794871794873,0.5303030303030303,0.3888888888888889,0.4857142857142857,0.6666666666666666,0.19722772277227724,0.4857142857142857,0.06140350877192982,0.6666666666666666,0.23514211886304903,0.045535364144312085
rtc_923,0.71,0.43870967741935485,0.5230769230769231,0.37777777777777777,0.5,0.75,0.2533333333333333,0.5,0.07655502392344499,0.75,0.15530303030303028,0.024989793835051313
rtc_924,0.6966666666666667,0.3973509933774834,0.4918032786885246,0.3333333333333333,0.37142857142857144,0.6666666666666666,0.16999999999999998,0.37142857142857144,0.06140350877192982,0.6666666666666666,0.2273901808785529,0.021189138534559043
rtc_925,0.7066666666666667,0.45,0.5142857142857142,0.4,0.6666666666666667,0.5135135135135135,0.6266666666666666,0.6666666666666667,0.5,0.5135135135135135,0.09870129870129873,0.02020305089104422
rtc_926,0.6966666666666667,0.43478260869565216,0.49295774647887325,0.3888888888888889,0.6666666666666666,0.6666666666666666,0.42,0.6666666666666666,0.22807017543859648,0.6666666666666666,0.11286089238845143,0.0387561713321444
rtc_927,0.6966666666666667,0.43478260869565216,0.49295774647887325,0.3888888888888889,0.6666666666666666,0.6666666666666666,0.42,0.6666666666666666,0.22807017543859648,0.6666666666666666,0.11286089238845143,0.0351672389288319
rtc_928,0.6966666666666667,0.43478260869565216,0.49295774647887325,0.3888888888888889,0.6666666666666666,0.6666666666666666,0.42,0.6666666666666666,0.22807017543859648,0.6666666666666666,0.11286089238845143,0.03276384268908493
rtc_929,0.6933333333333334,0.425,0.4857142857142857,0.37777777777777777,0.5,0.6,0.33666666666666667,0.5,0.22807017543859648,0.6,0.22057142857142864,0.015252968931473312
rtc_930,0.7066666666666667,0.45,0.5142857142857142,0.4,0.6666666666666667,0.5135135135135135,0.6266666666666666,0.6666666666666667,0.5,0.5135135135135135,0.09870129870129873,0.02020305089104422
rtc_931,0.69,0.4294478527607362,0.4794520547945205,0.3888888888888889,0.6666666666666666,0.6666666666666666,0.42,0.6666666666666666,0.22807017543859648,0.6666666666666666,0.1093333333333334,0.024074713637646763
rtc_932,0.69,0.4294478527607362,0.4794520547945205,0.3888888888888889,0.6666666666666666,0.6666666666666666,0.42,0.6666666666666666,0.22807017543859648,0.6666666666666666,0.1093333333333334,0.03077237032648288
rtc_933,0.6966666666666667,0.43478260869565216,0.49295774647887325,0.3888888888888889,0.6666666666666666,0.6666666666666666,0.42,0.6666666666666666,0.22807017543859648,0.6666666666666666,0.11286089238845143,0.025793528693239705
rtc_934,0.6933333333333334,0.38666666666666666,0.48333333333333334,0.32222222222222224,0.6666666666666666,0.6666666666666666,0.42,0.6666666666666666,0.22807017543859648,0.6666666666666666,0.11195928753180662,0.013850513878332376
rtc_935,0.7133333333333334,0.49411764705882355,0.525,0.4666666666666667,0.8333333333333334,0.5111111111111111,0.71,0.8333333333333334,0.5,0.5111111111111111,0.2894736842105263,0.022314999074019015
rtc_936,0.6833333333333333,0.5077720207253886,0.47572815533980584,0.5444444444444444,0.5,0.22499999999999998,0.4666666666666666,0.5,0.34210526315789475,0.22499999999999998,0.05530973451327437,0.004517539514526275
rtc_937,0.6866666666666666,0.5104166666666666,0.4803921568627451,0.5444444444444444,0.5,0.22499999999999998,0.4666666666666666,0.5,0.34210526315789475,0.22499999999999998,0.05701754385964908,0.0053452248382485044
rtc_938,0.6866666666666666,0.5104166666666666,0.4803921568627451,0.5444444444444444,0.5,0.22499999999999998,0.4666666666666666,0.5,0.34210526315789475,0.22499999999999998,0.05701754385964908,0.007824607964359527
rtc_939,0.7,0.5054945054945055,0.5,0.5111111111111111,0.5,0.22499999999999998,0.4666666666666666,0.5,0.34210526315789475,0.22499999999999998,0.07113507960965593,0.006388765649999426
rtc_940,0.7066666666666667,0.5111111111111111,0.5111111111111111,0.5111111111111111,0.5614035087719298,0.14689265536723173,0.59,0.5,0.5614035087719298,0.07828282828282829,0.14689265536723173,0.01428571428571428
rtc_941,0.6933333333333334,0.54,0.4909090909090909,0.6,0.6666666666666667,0.2666666666666666,0.55,0.6666666666666667,0.34210526315789475,0.2666666666666666,0.23333333333333328,0.005714285714285733
rtc_942,0.6966666666666667,0.542713567839196,0.4954128440366973,0.6,0.6666666666666667,0.2666666666666666,0.55,0.6666666666666667,0.34210526315789475,0.2666666666666666,0.23333333333333328,0.005714285714285733
rtc_943,0.6966666666666667,0.542713567839196,0.4954128440366973,0.6,0.6666666666666667,0.2666666666666666,0.55,0.6666666666666667,0.34210526315789475,0.2666666666666666,0.23333333333333328,0.008329931278350442
rtc_944,0.7,0.5054945054945055,0.5,0.5111111111111111,0.5,0.22499999999999998,0.4666666666666666,0.5,0.34210526315789475,0.22499999999999998,0.07113507960965593,0.009035079029052533
rtc_945,0.7066666666666667,0.5111111111111111,0.5111111111111111,0.5111111111111111,0.5614035087719298,0.14689265536723173,0.59,0.5,0.5614035087719298,0.07828282828282829,0.14689265536723173,0.013248026422136712
rtc_946,0.71,0.5756097560975609,0.5130434782608696,0.6555555555555556,0.5,0.21052631578947367,0.51,0.5,0.34210526315789475,0.18452380952380948,0.21052631578947367,0.011428571428571437
rtc_947,0.71,0.5756097560975609,0.5130434782608696,0.6555555555555556,0.5,0.21052631578947367,0.51,0.5,0.34210526315789475,0.18452380952380948,0.21052631578947367,0.011428571428571437
rtc_948,0.71,0.5756097560975609,0.5130434782608696,0.6555555555555556,0.5,0.21052631578947367,0.51,0.5,0.34210526315789475,0.18452380952380948,0.21052631578947367,0.011428571428571437
rtc_949,0.71,0.5756097560975609,0.5130434782608696,0.6555555555555556,0.5,0.21052631578947367,0.51,0.5,0.34210526315789475,0.18452380952380948,0.21052631578947367,0.011428571428571437
rtc_950,0.71,0.5797101449275363,0.5128205128205128,0.6666666666666666,0.45614035087719296,0.2068965517241379,0.5133333333333334,0.37209302325581395,0.45614035087719296,0.11785714285714283,0.2068965517241379,0.027627256579733892
rtc_951,0.69,0.4624277456647399,0.4819277108433735,0.4444444444444444,0.22727272727272727,0.6097560975609756,0.13663366336633664,0.2095238095238095,0.22727272727272727,0.6097560975609756,0.13333333333333341,0.03539860483818246
rtc_952,0.6833333333333333,0.4171779141104294,0.4657534246575342,0.37777777777777777,0.23521594684385377,0.30000000000000004,0.15144847818115148,0.23521594684385377,0.18207282913165265,0.12941176470588234,0.30000000000000004,0.05030519103331145
rtc_953,0.7266666666666667,0.5176470588235295,0.55,0.4888888888888889,0.35714285714285715,0.28888888888888886,0.37345679012345684,0.2713178294573643,0.35714285714285715,0.09375,0.28888888888888886,0.02710523708715753
rtc_954,0.6866666666666666,0.38961038961038963,0.46875,0.3333333333333333,0.5,0.75,0.2533333333333333,0.5,0.06280406899601948,0.75,0.15452755905511806,0.015252968931473312
rtc_955,0.7066666666666667,0.45,0.5142857142857142,0.4,0.6666666666666667,0.5135135135135135,0.6266666666666666,0.6666666666666667,0.5,0.5135135135135135,0.09870129870129873,0.02020305089104422
rtc_956,0.6766666666666666,0.4327485380116959,0.4567901234567901,0.4111111111111111,0.188704318936877,0.2777777777777778,0.1243124312431243,0.188704318936877,0.09090909090909091,0.27777777777777773,0.2777777777777778,0.02913725436338736
rtc_957,0.6966666666666667,0.44171779141104295,0.4931506849315068,0.4,0.29235880398671094,0.2666666666666666,0.20957095709570958,0.29235880398671094,0.14667685255920548,0.2666666666666666,0.24444444444444446,0.04417035666782943
rtc_958,0.7266666666666667,0.5176470588235295,0.55,0.4888888888888889,0.35714285714285715,0.28888888888888886,0.37345679012345684,0.2713178294573643,0.35714285714285715,0.09375,0.28888888888888886,0.02799416848895062
rtc_959,0.69,0.4,0.47692307692307695,0.34444444444444444,0.5,0.75,0.2533333333333333,0.5,0.06280406899601948,0.75,0.1484375,0.02240626734479734
rtc_960,0.7066666666666667,0.45,0.5142857142857142,0.4,0.6666666666666667,0.5135135135135135,0.6266666666666666,0.6666666666666667,0.5,0.5135135135135135,0.09870129870129873,0.02020305089104422
rtc_961,0.7233333333333334,0.5088757396449705,0.5443037974683544,0.4777777777777778,0.07655502392344499,0.275,0.1333333333333333,0.07242524916943516,0.07655502392344499,0.275,0.22499999999999998,0.0443547848464572
rtc_962,0.7166666666666667,0.5029239766081871,0.5308641975308642,0.4777777777777778,0.19047619047619047,0.2706766917293233,0.20679012345679015,0.1760797342192691,0.19047619047619047,0.09999999999999998,0.2706766917293233,0.03763411392091285
rtc_963,0.72,0.5172413793103449,0.5357142857142857,0.5,0.34210526315789475,0.28888888888888886,0.36111111111111116,0.2713178294573643,0.34210526315789475,0.11601307189542487,0.28888888888888886,0.023299294900428702
rtc_964,0.69,0.4,0.47692307692307695,0.34444444444444444,0.5,0.75,0.2533333333333333,0.5,0.06280406899601948,0.75,0.1484375,0.015252968931473312
rtc_965,0.7066666666666667,0.45,0.5142857142857142,0.4,0.6666666666666667,0.5135135135135135,0.6266666666666666,0.6666666666666667,0.5,0.5135135135135135,0.09870129870129873,0.02020305089104422
rtc_966,0.7133333333333334,0.4691358024691358,0.5277777777777778,0.4222222222222222,0.3761904761904762,0.3333333333333333,0.19683168316831684,0.3761904761904762,0.09170653907496013,0.3333333333333333,0.23350694444444442,0.052992105688546884
rtc_967,0.71,0.47904191616766467,0.5194805194805194,0.4444444444444444,0.23809523809523808,0.30952380952380953,0.19643564356435642,0.23809523809523808,0.22807017543859648,0.07070707070707072,0.30952380952380953,0.042039825627320476
rtc_968,0.7233333333333334,0.5029940119760479,0.5454545454545454,0.4666666666666667,0.5,0.3333333333333333,0.38,0.5,0.22807017543859648,0.3333333333333333,0.134920634920635,0.03539860483818248
rtc_969,0.69,0.4,0.47692307692307695,0.34444444444444444,0.5,0.75,0.2533333333333333,0.5,0.06280406899601948,0.75,0.1484375,0.01916629694999821
rtc_970,0.7066666666666667,0.45,0.5142857142857142,0.4,0.6666666666666667,0.5135135135135135,0.6266666666666666,0.6666666666666667,0.5,0.5135135135135135,0.09870129870129873,0.02020305089104422
rtc_971,0.7133333333333334,0.44871794871794873,0.5303030303030303,0.3888888888888889,0.4857142857142857,0.6666666666666666,0.19722772277227724,0.4857142857142857,0.06140350877192982,0.6666666666666666,0.23514211886304903,0.04174754056057847
rtc_972,0.7133333333333334,0.44871794871794873,0.5303030303030303,0.3888888888888889,0.4857142857142857,0.6666666666666666,0.19722772277227724,0.4857142857142857,0.06140350877192982,0.6666666666666666,0.23514211886304903,0.04435478484645722
rtc_973,0.71,0.43870967741935485,0.5230769230769231,0.37777777777777777,0.5,0.75,0.2533333333333333,0.5,0.07655502392344499,0.75,0.15530303030303028,0.0290671284991083
rtc_974,0.6966666666666667,0.3973509933774834,0.4918032786885246,0.3333333333333333,0.37142857142857144,0.6666666666666666,0.16999999999999998,0.37142857142857144,0.06140350877192982,0.6666666666666666,0.2273901808785529,0.01895214165917371
rtc_975,0.7066666666666667,0.45,0.5142857142857142,0.4,0.6666666666666667,0.5135135135135135,0.6266666666666666,0.6666666666666667,0.5,0.5135135135135135,0.09870129870129873,0.02020305089104422
rtc_976,0.6966666666666667,0.43478260869565216,0.49295774647887325,0.3888888888888889,0.6666666666666666,0.6666666666666666,0.42,0.6666666666666666,0.22807017543859648,0.6666666666666666,0.11286089238845143,0.03790428331834744
rtc_977,0.6966666666666667,0.43478260869565216,0.49295774647887325,0.3888888888888889,0.6666666666666666,0.6666666666666666,0.42,0.6666666666666666,0.22807017543859648,0.6666666666666666,0.11286089238845143,0.028784916685156984
rtc_978,0.6966666666666667,0.43478260869565216,0.49295774647887325,0.3888888888888889,0.6666666666666666,0.6666666666666666,0.42,0.6666666666666666,0.22807017543859648,0.6666666666666666,0.11286089238845143,0.03338091841585124
rtc_979,0.6933333333333334,0.425,0.4857142857142857,0.37777777777777777,0.5,0.6,0.33666666666666667,0.5,0.22807017543859648,0.6,0.22057142857142864,0.015252968931473312
rtc_980,0.7066666666666667,0.45,0.5142857142857142,0.4,0.6666666666666667,0.5135135135135135,0.6266666666666666,0.6666666666666667,0.5,0.5135135135135135,0.09870129870129873,0.02020305089104422
rtc_981,0.69,0.4294478527607362,0.4794520547945205,0.3888888888888889,0.6666666666666666,0.6666666666666666,0.42,0.6666666666666666,0.22807017543859648,0.6666666666666666,0.1093333333333334,0.024578072191550383
rtc_982,0.69,0.4294478527607362,0.4794520547945205,0.3888888888888889,0.6666666666666666,0.6666666666666666,0.42,0.6666666666666666,0.22807017543859648,0.6666666666666666,0.1093333333333334,0.03077237032648288
rtc_983,0.6966666666666667,0.43478260869565216,0.49295774647887325,0.3888888888888889,0.6666666666666666,0.6666666666666666,0.42,0.6666666666666666,0.22807017543859648,0.6666666666666666,0.11286089238845143,0.025793528693239705
rtc_984,0.6933333333333334,0.38666666666666666,0.48333333333333334,0.32222222222222224,0.6666666666666666,0.6666666666666666,0.42,0.6666666666666666,0.22807017543859648,0.6666666666666666,0.11195928753180662,0.013850513878332376
rtc_985,0.7133333333333334,0.49411764705882355,0.525,0.4666666666666667,0.8333333333333334,0.5111111111111111,0.71,0.8333333333333334,0.5,0.5111111111111111,0.2894736842105263,0.022314999074019015
rtc_986,0.6833333333333333,0.5077720207253886,0.47572815533980584,0.5444444444444444,0.5,0.22499999999999998,0.4666666666666666,0.5,0.34210526315789475,0.22499999999999998,0.05530973451327437,0.0053452248382485044
rtc_987,0.6866666666666666,0.5104166666666666,0.4803921568627451,0.5444444444444444,0.5,0.22499999999999998,0.4666666666666666,0.5,0.34210526315789475,0.22499999999999998,0.05701754385964908,0.004517539514526275
rtc_988,0.6866666666666666,0.5104166666666666,0.4803921568627451,0.5444444444444444,0.5,0.22499999999999998,0.4666666666666666,0.5,0.34210526315789475,0.22499999999999998,0.05701754385964908,0.007824607964359527
rtc_989,0.7,0.5054945054945055,0.5,0.5111111111111111,0.5,0.22499999999999998,0.4666666666666666,0.5,0.34210526315789475,0.22499999999999998,0.07113507960965593,0.006388765649999426
rtc_990,0.7066666666666667,0.5111111111111111,0.5111111111111111,0.5111111111111111,0.5614035087719298,0.14689265536723173,0.59,0.5,0.5614035087719298,0.07828282828282829,0.14689265536723173,0.01428571428571428
rtc_991,0.6933333333333334,0.54,0.4909090909090909,0.6,0.6666666666666667,0.2666666666666666,0.55,0.6666666666666667,0.34210526315789475,0.2666666666666666,0.23333333333333328,0.005714285714285733
rtc_992,0.6966666666666667,0.542713567839196,0.4954128440366973,0.6,0.6666666666666667,0.2666666666666666,0.55,0.6666666666666667,0.34210526315789475,0.2666666666666666,0.23333333333333328,0.005714285714285733
rtc_993,0.6966666666666667,0.542713567839196,0.4954128440366973,0.6,0.6666666666666667,0.2666666666666666,0.55,0.6666666666666667,0.34210526315789475,0.2666666666666666,0.23333333333333328,0.008329931278350442
rtc_994,0.7,0.5054945054945055,0.5,0.5111111111111111,0.5,0.22499999999999998,0.4666666666666666,0.5,0.34210526315789475,0.22499999999999998,0.07113507960965593,0.009035079029052533
rtc_995,0.7066666666666667,0.5111111111111111,0.5111111111111111,0.5111111111111111,0.5614035087719298,0.14689265536723173,0.59,0.5,0.5614035087719298,0.07828282828282829,0.14689265536723173,0.013248026422136712
rtc_996,0.71,0.5756097560975609,0.5130434782608696,0.6555555555555556,0.5,0.21052631578947367,0.51,0.5,0.34210526315789475,0.18452380952380948,0.21052631578947367,0.011428571428571437
rtc_997,0.71,0.5756097560975609,0.5130434782608696,0.6555555555555556,0.5,0.21052631578947367,0.51,0.5,0.34210526315789475,0.18452380952380948,0.21052631578947367,0.011428571428571437
rtc_998,0.71,0.5756097560975609,0.5130434782608696,0.6555555555555556,0.5,0.21052631578947367,0.51,0.5,0.34210526315789475,0.18452380952380948,0.21052631578947367,0.011428571428571437
rtc_999,0.71,0.5756097560975609,0.5130434782608696,0.6555555555555556,0.5,0.21052631578947367,0.51,0.5,0.34210526315789475,0.18452380952380948,0.21052631578947367,0.011428571428571437
rtc_1000,0.71,0.5797101449275363,0.5128205128205128,0.6666666666666666,0.45614035087719296,0.2068965517241379,0.5133333333333334,0.37209302325581395,0.45614035087719296,0.11785714285714283,0.2068965517241379,0.027627256579733892
