model_id,val_accuracy,test_accuracy,val_f1,test_f1,val_precision,test_precision,val_recall,test_recall,val_equalized_odds,test_equalized_odds,val_cuae,test_cuae,val_dem_parity,test_dem_parity,val_equal_opportunity,test_equal_opportunity,val_predictive_equality,test_predictive_equality,val_predictive_parity,test_predictive_parity,val_neg_predictive_parity,test_neg_predictive_parity,val_acc_robustness,test_acc_robustness
rtc_1,0.7057142857142857,0.7066666666666668,0.32331819585912525,0.3118957145822961,0.6320677451971688,0.5383102189867678,0.29047619047619044,0.2822222222222222,0.29293506493506494,0.30350877192982456,0.6680125786163522,0.5017543859649123,0.1894357669357669,0.24723432343234322,0.29293506493506494,0.20571428571428568,0.15836424445120095,0.23684210526315788,0.6166666666666666,0.4267857142857143,0.2857641009493893,0.2521680975488366,0.027642880817111904,0.021852940772540512
rtc_2,0.7057142857142857,0.7066666666666668,0.32331819585912525,0.3118957145822961,0.6320677451971688,0.5383102189867678,0.29047619047619044,0.2822222222222222,0.29293506493506494,0.30350877192982456,0.6680125786163522,0.5017543859649123,0.1894357669357669,0.24723432343234322,0.29293506493506494,0.20571428571428568,0.15836424445120095,0.23684210526315788,0.6166666666666666,0.4267857142857143,0.2857641009493893,0.2521680975488366,0.028011159308734008,0.021852940772540512
rtc_3,0.7042857142857144,0.7053333333333335,0.32614540896859634,0.3143298198255079,0.6235761746559089,0.5336336035765523,0.3,0.2866666666666666,0.2853160173160173,0.2964322571133716,0.6177948717948717,0.5002898550724637,0.20743172207457922,0.23923432343234322,0.2853160173160173,0.20571428571428568,0.1620006080875646,0.229765590446705,0.6132161172161171,0.44033613445378156,0.25392037786774635,0.2514689118270601,0.029579200055994216,0.02329929490042873
rtc_4,0.7042857142857143,0.7086666666666668,0.3179242244154446,0.3105771117436367,0.6273309030919056,0.547544986945578,0.2857142857142857,0.27999999999999997,0.29293506493506494,0.30350877192982456,0.6680125786163522,0.5350877192982456,0.1887554948269234,0.24723432343234322,0.29293506493506494,0.20571428571428568,0.15836424445120095,0.23684210526315788,0.6166666666666666,0.46011904761904765,0.2857641009493893,0.2524977349476979,0.028824721902405058,0.021476137683389875
rtc_5,0.6928571428571428,0.7026666666666667,0.3496784696784697,0.3515649004336712,0.40025510204081627,0.4173232381167267,0.3476190476190476,0.3466666666666667,0.37142857142857144,0.33539594540386536,0.5141196581196581,0.38114979757085016,0.22942185227899511,0.2805432098765432,0.37142857142857144,0.13308970099667775,0.18712176712176715,0.3315199764116173,0.4782222222222222,0.1783624505398699,0.24048005453665833,0.311093008722115,0.032824488634505364,0.02020305089104422
rtc_6,0.7028571428571428,0.7053333333333335,0.31686658295589937,0.31106232337457335,0.6220677451971689,0.5316361366730857,0.2857142857142857,0.2822222222222222,0.29293506493506494,0.30350877192982456,0.6513459119496855,0.5017543859649123,0.19283712747998463,0.24723432343234322,0.29293506493506494,0.20571428571428568,0.15836424445120095,0.23684210526315788,0.5999999999999999,0.4267857142857143,0.28747141802256004,0.2524977349476979,0.02708082140326114,0.021476137683389875
rtc_7,0.7028571428571428,0.7053333333333335,0.31686658295589937,0.31106232337457335,0.6220677451971689,0.5316361366730857,0.2857142857142857,0.2822222222222222,0.29293506493506494,0.30350877192982456,0.6513459119496855,0.5017543859649123,0.19283712747998463,0.24723432343234322,0.29293506493506494,0.20571428571428568,0.15836424445120095,0.23684210526315788,0.5999999999999999,0.4267857142857143,0.28747141802256004,0.2524977349476979,0.027642880817111904,0.021476137683389875
rtc_8,0.7042857142857144,0.7053333333333335,0.32614540896859634,0.3143298198255079,0.6235761746559089,0.5336336035765523,0.3,0.2866666666666666,0.2853160173160173,0.2964322571133716,0.6177948717948717,0.5002898550724637,0.20743172207457922,0.23923432343234322,0.2853160173160173,0.20571428571428568,0.1620006080875646,0.229765590446705,0.6132161172161171,0.44033613445378156,0.25392037786774635,0.2514689118270601,0.029579200055994216,0.02329929490042873
rtc_9,0.7042857142857143,0.7086666666666668,0.3179242244154446,0.3105771117436367,0.6273309030919056,0.547544986945578,0.2857142857142857,0.27999999999999997,0.29293506493506494,0.30350877192982456,0.6680125786163522,0.5350877192982456,0.1887554948269234,0.24723432343234322,0.29293506493506494,0.20571428571428568,0.15836424445120095,0.23684210526315788,0.6166666666666666,0.46011904761904765,0.2857641009493893,0.2524977349476979,0.028824721902405058,0.021476137683389875
rtc_10,0.6928571428571428,0.7026666666666667,0.3496784696784697,0.3515649004336712,0.40025510204081627,0.4173232381167267,0.3476190476190476,0.3466666666666667,0.37142857142857144,0.33539594540386536,0.5141196581196581,0.38114979757085016,0.22942185227899511,0.2805432098765432,0.37142857142857144,0.13308970099667775,0.18712176712176715,0.3315199764116173,0.4782222222222222,0.1783624505398699,0.24048005453665833,0.311093008722115,0.032824488634505364,0.02020305089104422
rtc_11,0.7028571428571428,0.7053333333333335,0.31686658295589937,0.31106232337457335,0.6220677451971689,0.5316361366730857,0.2857142857142857,0.2822222222222222,0.29293506493506494,0.30350877192982456,0.6513459119496855,0.5017543859649123,0.19283712747998463,0.24723432343234322,0.29293506493506494,0.20571428571428568,0.15836424445120095,0.23684210526315788,0.5999999999999999,0.4267857142857143,0.28747141802256004,0.2524977349476979,0.02733010678844443,0.021476137683389875
rtc_12,0.7028571428571428,0.7053333333333335,0.31686658295589937,0.31106232337457335,0.6220677451971689,0.5316361366730857,0.2857142857142857,0.2822222222222222,0.29293506493506494,0.30350877192982456,0.6513459119496855,0.5017543859649123,0.19283712747998463,0.24723432343234322,0.29293506493506494,0.20571428571428568,0.15836424445120095,0.23684210526315788,0.5999999999999999,0.4267857142857143,0.28747141802256004,0.2524977349476979,0.02733010678844443,0.021476137683389875
rtc_13,0.7042857142857144,0.7053333333333335,0.32614540896859634,0.3143298198255079,0.6235761746559089,0.5336336035765523,0.3,0.2866666666666666,0.2853160173160173,0.2964322571133716,0.6177948717948717,0.5002898550724637,0.20743172207457922,0.23923432343234322,0.2853160173160173,0.20571428571428568,0.1620006080875646,0.229765590446705,0.6132161172161171,0.44033613445378156,0.25392037786774635,0.2514689118270601,0.029354650470877146,0.02329929490042873
rtc_14,0.7042857142857143,0.7086666666666668,0.3179242244154446,0.3105771117436367,0.6273309030919056,0.547544986945578,0.2857142857142857,0.27999999999999997,0.29293506493506494,0.30350877192982456,0.6680125786163522,0.5350877192982456,0.1887554948269234,0.24723432343234322,0.29293506493506494,0.20571428571428568,0.15836424445120095,0.23684210526315788,0.6166666666666666,0.46011904761904765,0.2857641009493893,0.2524977349476979,0.028824721902405058,0.021476137683389875
rtc_15,0.6928571428571428,0.7026666666666667,0.3496784696784697,0.3515649004336712,0.40025510204081627,0.4173232381167267,0.3476190476190476,0.3466666666666667,0.37142857142857144,0.33539594540386536,0.5141196581196581,0.38114979757085016,0.22942185227899511,0.2805432098765432,0.37142857142857144,0.13308970099667775,0.18712176712176715,0.3315199764116173,0.4782222222222222,0.1783624505398699,0.24048005453665833,0.311093008722115,0.032824488634505364,0.02020305089104422
rtc_16,0.7042857142857143,0.7066666666666668,0.3179242244154446,0.3093387943783171,0.6273309030919056,0.5385656468284024,0.2857142857142857,0.27999999999999997,0.29293506493506494,0.30350877192982456,0.6680125786163522,0.5017543859649123,0.1887554948269234,0.24723432343234322,0.29293506493506494,0.20571428571428568,0.15836424445120095,0.23684210526315788,0.6166666666666666,0.4267857142857143,0.2857641009493893,0.2524977349476979,0.02733010678844443,0.021476137683389875
rtc_17,0.7042857142857143,0.7066666666666668,0.3179242244154446,0.3093387943783171,0.6273309030919056,0.5385656468284024,0.2857142857142857,0.27999999999999997,0.29293506493506494,0.30350877192982456,0.6680125786163522,0.5017543859649123,0.1887554948269234,0.24723432343234322,0.29293506493506494,0.20571428571428568,0.15836424445120095,0.23684210526315788,0.6166666666666666,0.4267857142857143,0.2857641009493893,0.2524977349476979,0.02733010678844443,0.021476137683389875
rtc_18,0.7057142857142857,0.7060000000000001,0.3229691794603996,0.3097340512953131,0.6288393325506456,0.537337307280256,0.29523809523809524,0.2822222222222222,0.2853160173160173,0.2964322571133716,0.6344615384615384,0.5002898550724637,0.20335008942151797,0.23923432343234322,0.2853160173160173,0.20571428571428568,0.15836424445120095,0.229765590446705,0.6298827838827838,0.44033613445378156,0.25221306079457556,0.25103320405524937,0.030001574864034968,0.023211538298959913
rtc_19,0.7042857142857143,0.7086666666666668,0.3179242244154446,0.3105771117436367,0.6273309030919056,0.547544986945578,0.2857142857142857,0.27999999999999997,0.29293506493506494,0.30350877192982456,0.6680125786163522,0.5350877192982456,0.1887554948269234,0.24723432343234322,0.29293506493506494,0.20571428571428568,0.15836424445120095,0.23684210526315788,0.6166666666666666,0.46011904761904765,0.2857641009493893,0.2524977349476979,0.028824721902405058,0.021476137683389875
rtc_20,0.6928571428571428,0.7026666666666667,0.3496784696784697,0.3515649004336712,0.40025510204081627,0.4173232381167267,0.3476190476190476,0.3466666666666667,0.37142857142857144,0.33539594540386536,0.5141196581196581,0.38114979757085016,0.22942185227899511,0.2805432098765432,0.37142857142857144,0.13308970099667775,0.18712176712176715,0.3315199764116173,0.4782222222222222,0.1783624505398699,0.24048005453665833,0.311093008722115,0.032824488634505364,0.02020305089104422
rtc_21,0.7042857142857143,0.7066666666666668,0.3179242244154446,0.3093387943783171,0.6273309030919056,0.5385656468284024,0.2857142857142857,0.27999999999999997,0.29293506493506494,0.30350877192982456,0.6680125786163522,0.5017543859649123,0.1887554948269234,0.24723432343234322,0.29293506493506494,0.20571428571428568,0.15836424445120095,0.23684210526315788,0.6166666666666666,0.4267857142857143,0.2857641009493893,0.2524977349476979,0.029126486031420762,0.021476137683389875
rtc_22,0.7042857142857143,0.7066666666666668,0.3179242244154446,0.3093387943783171,0.6273309030919056,0.5385656468284024,0.2857142857142857,0.27999999999999997,0.29293506493506494,0.30350877192982456,0.6680125786163522,0.5017543859649123,0.1887554948269234,0.24723432343234322,0.29293506493506494,0.20571428571428568,0.15836424445120095,0.23684210526315788,0.6166666666666666,0.4267857142857143,0.2857641009493893,0.2524977349476979,0.029126486031420762,0.021476137683389875
rtc_23,0.7057142857142857,0.7060000000000001,0.3229691794603996,0.3097340512953131,0.6288393325506456,0.537337307280256,0.29523809523809524,0.2822222222222222,0.2853160173160173,0.2964322571133716,0.6344615384615384,0.5002898550724637,0.20335008942151797,0.23923432343234322,0.2853160173160173,0.20571428571428568,0.15836424445120095,0.229765590446705,0.6298827838827838,0.44033613445378156,0.25221306079457556,0.25103320405524937,0.0292209101491016,0.023211538298959913
rtc_24,0.7042857142857143,0.7086666666666668,0.3179242244154446,0.3105771117436367,0.6273309030919056,0.547544986945578,0.2857142857142857,0.27999999999999997,0.29293506493506494,0.30350877192982456,0.6680125786163522,0.5350877192982456,0.1887554948269234,0.24723432343234322,0.29293506493506494,0.20571428571428568,0.15836424445120095,0.23684210526315788,0.6166666666666666,0.46011904761904765,0.2857641009493893,0.2524977349476979,0.030767596047717293,0.021476137683389875
rtc_25,0.6928571428571428,0.7026666666666667,0.3496784696784697,0.3515649004336712,0.40025510204081627,0.4173232381167267,0.3476190476190476,0.3466666666666667,0.37142857142857144,0.33539594540386536,0.5141196581196581,0.38114979757085016,0.22942185227899511,0.2805432098765432,0.37142857142857144,0.13308970099667775,0.18712176712176715,0.3315199764116173,0.4782222222222222,0.1783624505398699,0.24048005453665833,0.311093008722115,0.032824488634505364,0.02020305089104422
rtc_26,0.7042857142857143,0.7066666666666668,0.3179242244154446,0.3093387943783171,0.6273309030919056,0.5385656468284024,0.2857142857142857,0.27999999999999997,0.29293506493506494,0.30350877192982456,0.6680125786163522,0.5017543859649123,0.1887554948269234,0.24723432343234322,0.29293506493506494,0.20571428571428568,0.15836424445120095,0.23684210526315788,0.6166666666666666,0.4267857142857143,0.2857641009493893,0.2524977349476979,0.029264002498758174,0.021476137683389875
rtc_27,0.7042857142857143,0.7066666666666668,0.3179242244154446,0.3093387943783171,0.6273309030919056,0.5385656468284024,0.2857142857142857,0.27999999999999997,0.29293506493506494,0.30350877192982456,0.6680125786163522,0.5017543859649123,0.1887554948269234,0.24723432343234322,0.29293506493506494,0.20571428571428568,0.15836424445120095,0.23684210526315788,0.6166666666666666,0.4267857142857143,0.2857641009493893,0.2524977349476979,0.029264002498758174,0.021476137683389875
rtc_28,0.7057142857142857,0.7060000000000001,0.3229691794603996,0.3097340512953131,0.6288393325506456,0.537337307280256,0.29523809523809524,0.2822222222222222,0.2853160173160173,0.2964322571133716,0.6344615384615384,0.5002898550724637,0.20335008942151797,0.23923432343234322,0.2853160173160173,0.20571428571428568,0.15836424445120095,0.229765590446705,0.6298827838827838,0.44033613445378156,0.25221306079457556,0.25103320405524937,0.02937562122582573,0.023211538298959913
rtc_29,0.7042857142857143,0.7086666666666668,0.3179242244154446,0.3105771117436367,0.6273309030919056,0.547544986945578,0.2857142857142857,0.27999999999999997,0.29293506493506494,0.30350877192982456,0.6680125786163522,0.5350877192982456,0.1887554948269234,0.24723432343234322,0.29293506493506494,0.20571428571428568,0.15836424445120095,0.23684210526315788,0.6166666666666666,0.46011904761904765,0.2857641009493893,0.2524977349476979,0.030308951254027515,0.021476137683389875
rtc_30,0.6928571428571428,0.7026666666666667,0.3496784696784697,0.3515649004336712,0.40025510204081627,0.4173232381167267,0.3476190476190476,0.3466666666666667,0.37142857142857144,0.33539594540386536,0.5141196581196581,0.38114979757085016,0.22942185227899511,0.2805432098765432,0.37142857142857144,0.13308970099667775,0.18712176712176715,0.3315199764116173,0.4782222222222222,0.1783624505398699,0.24048005453665833,0.311093008722115,0.032824488634505364,0.02020305089104422
rtc_31,0.7028571428571428,0.7086666666666668,0.3086218988340493,0.3051721277116504,0.4273309030919057,0.5052323134950691,0.28095238095238095,0.2777777777777778,0.28493506493506493,0.2960127591706539,0.503910014513788,0.48708771929824557,0.1862554948269234,0.2412145214521452,0.28493506493506493,0.2,0.15836424445120095,0.22934609250398724,0.41666666666666663,0.36011904761904756,0.2857641009493893,0.2544977349476979,0.028810284955137565,0.021476137683389875
rtc_32,0.7028571428571428,0.7086666666666668,0.3086218988340493,0.3051721277116504,0.4273309030919057,0.5052323134950691,0.28095238095238095,0.2777777777777778,0.28493506493506493,0.2960127591706539,0.503910014513788,0.48708771929824557,0.1862554948269234,0.2412145214521452,0.28493506493506493,0.2,0.15836424445120095,0.22934609250398724,0.41666666666666663,0.36011904761904756,0.2857641009493893,0.2544977349476979,0.028810284955137565,0.021476137683389875
rtc_33,0.7042857142857143,0.708,0.3136668538790043,0.30556738462864647,0.42883933255064566,0.5040039739469225,0.29047619047619044,0.27999999999999997,0.2773160173160173,0.288936244354201,0.47035897435897434,0.4856231884057971,0.200850089421518,0.2332145214521452,0.2773160173160173,0.2,0.15836424445120095,0.22226957768753436,0.42988278388278384,0.37366946778711485,0.25221306079457556,0.2530332040552493,0.029074130344429176,0.02329929490042873
rtc_34,0.7028571428571428,0.7106666666666668,0.3086218988340493,0.3063665854278473,0.4273309030919057,0.5075449869455779,0.28095238095238095,0.2777777777777778,0.28493506493506493,0.29298245614035084,0.503910014513788,0.48708771929824557,0.1862554948269234,0.23923432343234322,0.28493506493506493,0.2,0.15836424445120095,0.2263157894736842,0.41666666666666663,0.36011904761904756,0.2857641009493893,0.2544977349476979,0.029932486855636393,0.021476137683389875
rtc_35,0.6928571428571428,0.7026666666666667,0.3496784696784697,0.3515649004336712,0.40025510204081627,0.4173232381167267,0.3476190476190476,0.3466666666666667,0.37142857142857144,0.33539594540386536,0.5141196581196581,0.38114979757085016,0.22942185227899511,0.2805432098765432,0.37142857142857144,0.13308970099667775,0.18712176712176715,0.3315199764116173,0.4782222222222222,0.1783624505398699,0.24048005453665833,0.311093008722115,0.03165227359417728,0.02020305089104422
rtc_36,0.7014285714285714,0.7126666666666667,0.30492441984245267,0.30693984085723763,0.42467309578293555,0.5103585395510861,0.2761904761904762,0.27555555555555555,0.28493506493506493,0.30350877192982456,0.503910014513788,0.48884210526315786,0.1862554948269234,0.24723432343234322,0.28493506493506493,0.2,0.15836424445120095,0.23684210526315788,0.41666666666666663,0.35,0.2857641009493893,0.2562521209126102,0.029889839987729462,0.024074713637646735
rtc_37,0.7014285714285714,0.7126666666666667,0.30492441984245267,0.30693984085723763,0.42467309578293555,0.5103585395510861,0.2761904761904762,0.27555555555555555,0.28493506493506493,0.30350877192982456,0.503910014513788,0.48884210526315786,0.1862554948269234,0.24723432343234322,0.28493506493506493,0.2,0.15836424445120095,0.23684210526315788,0.41666666666666663,0.35,0.2857641009493893,0.2562521209126102,0.029889839987729462,0.024074713637646735
rtc_38,0.7014285714285714,0.7126666666666667,0.30492441984245267,0.30693984085723763,0.42467309578293555,0.5103585395510861,0.2761904761904762,0.27555555555555555,0.28493506493506493,0.30350877192982456,0.503910014513788,0.48884210526315786,0.1862554948269234,0.24723432343234322,0.28493506493506493,0.2,0.15836424445120095,0.23684210526315788,0.41666666666666663,0.35,0.2857641009493893,0.2562521209126102,0.02835076379281313,0.024074713637646735
rtc_39,0.7014285714285714,0.7126666666666667,0.30492441984245267,0.30693984085723763,0.42467309578293555,0.5103585395510861,0.2761904761904762,0.27555555555555555,0.28493506493506493,0.30350877192982456,0.503910014513788,0.48884210526315786,0.1862554948269234,0.24723432343234322,0.28493506493506493,0.2,0.15836424445120095,0.23684210526315788,0.41666666666666663,0.35,0.2857641009493893,0.2562521209126102,0.029596098943354448,0.024074713637646735
rtc_40,0.6914285714285715,0.7013333333333333,0.3634003883184211,0.35906117581985486,0.3888515932688865,0.4052374681362198,0.3619047619047619,0.35333333333333333,0.39142857142857146,0.3648533097449506,0.5041196581196581,0.39140620782726043,0.2416667502381788,0.2972098765432099,0.39142857142857146,0.162547065337763,0.19803085803085801,0.3315199764116173,0.4682222222222222,0.18861886079628012,0.23604546473621485,0.30048289014337937,0.0319815836395467,0.018844151368961323
rtc_41,0.7014285714285714,0.7126666666666667,0.30492441984245267,0.30693984085723763,0.42467309578293555,0.5103585395510861,0.2761904761904762,0.27555555555555555,0.28493506493506493,0.30350877192982456,0.503910014513788,0.48884210526315786,0.1862554948269234,0.24723432343234322,0.28493506493506493,0.2,0.15836424445120095,0.23684210526315788,0.41666666666666663,0.35,0.2857641009493893,0.2562521209126102,0.029889839987729462,0.024074713637646735
rtc_42,0.7014285714285714,0.7126666666666667,0.30492441984245267,0.30693984085723763,0.42467309578293555,0.5103585395510861,0.2761904761904762,0.27555555555555555,0.28493506493506493,0.30350877192982456,0.503910014513788,0.48884210526315786,0.1862554948269234,0.24723432343234322,0.28493506493506493,0.2,0.15836424445120095,0.23684210526315788,0.41666666666666663,0.35,0.2857641009493893,0.2562521209126102,0.029889839987729462,0.024074713637646735
rtc_43,0.7014285714285714,0.7126666666666667,0.30492441984245267,0.30693984085723763,0.42467309578293555,0.5103585395510861,0.2761904761904762,0.27555555555555555,0.28493506493506493,0.30350877192982456,0.503910014513788,0.48884210526315786,0.1862554948269234,0.24723432343234322,0.28493506493506493,0.2,0.15836424445120095,0.23684210526315788,0.41666666666666663,0.35,0.2857641009493893,0.2562521209126102,0.02835076379281313,0.024074713637646735
rtc_44,0.7014285714285714,0.7126666666666667,0.30492441984245267,0.30693984085723763,0.42467309578293555,0.5103585395510861,0.2761904761904762,0.27555555555555555,0.28493506493506493,0.30350877192982456,0.503910014513788,0.48884210526315786,0.1862554948269234,0.24723432343234322,0.28493506493506493,0.2,0.15836424445120095,0.23684210526315788,0.41666666666666663,0.35,0.2857641009493893,0.2562521209126102,0.029596098943354448,0.024074713637646735
rtc_45,0.6914285714285715,0.7013333333333333,0.3634003883184211,0.35906117581985486,0.3888515932688865,0.4052374681362198,0.3619047619047619,0.35333333333333333,0.39142857142857146,0.3648533097449506,0.5041196581196581,0.39140620782726043,0.2416667502381788,0.2972098765432099,0.39142857142857146,0.162547065337763,0.19803085803085801,0.3315199764116173,0.4682222222222222,0.18861886079628012,0.23604546473621485,0.30048289014337937,0.0319815836395467,0.018844151368961323
rtc_46,0.6985714285714286,0.71,0.291288056206089,0.30042051748398163,0.4212406015037594,0.5062083419226276,0.2523809523809524,0.26666666666666666,0.31445887445887444,0.30350877192982456,0.5006853146853147,0.5221754385964912,0.20787711644854504,0.23056765676567656,0.31445887445887444,0.1695238095238095,0.16814685314685313,0.23684210526315788,0.4493333333333333,0.34717741935483865,0.2825394011209159,0.28958545424594345,0.03500558684376663,0.02138089935299396
rtc_47,0.6985714285714286,0.71,0.291288056206089,0.30042051748398163,0.4212406015037594,0.5062083419226276,0.2523809523809524,0.26666666666666666,0.31445887445887444,0.30350877192982456,0.5006853146853147,0.5221754385964912,0.20787711644854504,0.23056765676567656,0.31445887445887444,0.1695238095238095,0.16814685314685313,0.23684210526315788,0.4493333333333333,0.34717741935483865,0.2825394011209159,0.28958545424594345,0.03500558684376663,0.02138089935299396
rtc_48,0.6985714285714286,0.71,0.291288056206089,0.30042051748398163,0.4212406015037594,0.5062083419226276,0.2523809523809524,0.26666666666666666,0.31445887445887444,0.30350877192982456,0.5006853146853147,0.5221754385964912,0.20787711644854504,0.23056765676567656,0.31445887445887444,0.1695238095238095,0.16814685314685313,0.23684210526315788,0.4493333333333333,0.34717741935483865,0.2825394011209159,0.28958545424594345,0.033087986910960654,0.02138089935299396
rtc_49,0.6985714285714286,0.71,0.291288056206089,0.30042051748398163,0.4212406015037594,0.5062083419226276,0.2523809523809524,0.26666666666666666,0.31445887445887444,0.30350877192982456,0.5006853146853147,0.5221754385964912,0.20787711644854504,0.23056765676567656,0.31445887445887444,0.1695238095238095,0.16814685314685313,0.23684210526315788,0.4493333333333333,0.34717741935483865,0.2825394011209159,0.28958545424594345,0.03432597547082851,0.02138089935299396
rtc_50,0.6971428571428572,0.7046666666666667,0.3611781660961989,0.35673248047142386,0.39828141783029003,0.41075379646808213,0.3476190476190476,0.34222222222222215,0.3780952380952381,0.3719298245614035,0.5006853146853147,0.39059649122807016,0.2632883718598004,0.30599999999999994,0.3780952380952381,0.17238095238095236,0.21430069930069928,0.3385964912280702,0.4493333333333334,0.1568548387096774,0.23282076490774145,0.2996731735441891,0.0333513753243441,0.020503857277724757
rtc_51,0.7028571428571428,0.6986666666666667,0.42571936391161014,0.42463597372838846,0.5168866523675961,0.49452425495836005,0.3952380952380953,0.3977777777777778,0.41128087598675833,0.3166488413547237,0.5548314498213078,0.4540909090909091,0.23263702144275672,0.20039261703948172,0.41128087598675833,0.2542857142857143,0.21262237762237762,0.19454652674466916,0.5320728291316527,0.41833333333333333,0.2828050031316819,0.22901467630079134,0.03445713280495304,0.023299294900428705
rtc_52,0.7071428571428573,0.7026666666666667,0.4386600817373494,0.41957083724679567,0.5158508158508159,0.5252173166201821,0.4095238095238095,0.3888888888888889,0.4402164502164502,0.3056175197351668,0.5509831782846948,0.5084610191032211,0.2366209003698075,0.19865786578657865,0.4402164502164502,0.24190476190476193,0.1998471094123268,0.17614222722581854,0.5126691729323308,0.46465367965367965,0.2794302684959915,0.22424134409224158,0.03053713770586709,0.01916629694999821
rtc_53,0.7057142857142857,0.7086666666666666,0.43025554900174495,0.4430077641537686,0.5124207410236822,0.5304184882543396,0.40476190476190477,0.4066666666666666,0.41164502164502165,0.33561175666438825,0.5489243943191312,0.4516644823066841,0.21846711078744652,0.21024129079574622,0.41164502164502165,0.2571428571428571,0.18465795074490726,0.1961990537841931,0.5212301587301587,0.40411960132890357,0.2783742097925862,0.2296407251717177,0.03479748064747407,0.020898198340468282
rtc_54,0.7157142857142859,0.7073333333333334,0.4378535691035691,0.43018989708922406,0.525948314108252,0.5347964933685346,0.4095238095238095,0.4,0.42683982683982685,0.320577915376677,0.5653826565591271,0.5163400627553135,0.27106236073188333,0.2485969930326366,0.42683982683982685,0.24857142857142858,0.23631646131646136,0.2452253628724217,0.5653826565591271,0.4441666666666667,0.24921989757221027,0.2110481324633832,0.030631129355192382,0.028713930346059718
rtc_55,0.7257142857142858,0.688,0.46971976571924223,0.40336778878078833,0.5776033591731266,0.47961310952235514,0.42380952380952375,0.37333333333333335,0.45335064935064934,0.367895675016418,0.7006593406593408,0.30443114679593997,0.25110310217453075,0.3288744652243002,0.4063809523809524,0.19754152823920265,0.23958874458874463,0.34940828005843483,0.6647619047619049,0.2755717453278429,0.2677210773681659,0.26531322542192104,0.042376107029074475,0.011605769149479936
rtc_56,0.7028571428571428,0.7,0.4407806754643359,0.428017484152992,0.517324175541493,0.49570571388778684,0.41904761904761906,0.40444444444444444,0.41128087598675833,0.3166488413547237,0.5542604521914867,0.4540909090909091,0.2370849544621183,0.19020999877765557,0.41128087598675833,0.2542857142857143,0.21262237762237762,0.1903006178547974,0.5315018315018315,0.41833333333333333,0.27865785152536515,0.23436474069128038,0.0340466479272526,0.024159335036125374
rtc_57,0.7,0.7093333333333334,0.42650309884352444,0.42898318050437056,0.5003205128205128,0.5333044153850001,0.4,0.39555555555555555,0.4302164502164502,0.313964858670741,0.5394794188861984,0.492077922077922,0.2420630772405558,0.19865786578657865,0.4302164502164502,0.24857142857142858,0.20698996655518398,0.17948078753032312,0.5011654135338346,0.4503125943823618,0.2740127349349411,0.2253130145217102,0.03382144782653908,0.023904572186687893
rtc_58,0.7100000000000002,0.7093333333333334,0.4462738831253422,0.4457660786516698,0.5224853577794754,0.5303465231006246,0.4238095238095238,0.4111111111111111,0.4216450216450216,0.3384688995215311,0.5575355054302422,0.4516644823066841,0.2304765299397228,0.21024129079574622,0.4216450216450216,0.25999999999999995,0.18983036453801072,0.19922935681449613,0.5298412698412699,0.40411960132890357,0.27186761155211703,0.23677864872074778,0.03609530877661048,0.01840585532389304
rtc_59,0.7157142857142859,0.7073333333333334,0.4378535691035691,0.43018989708922406,0.525948314108252,0.5347964933685346,0.4095238095238095,0.4,0.42683982683982685,0.320577915376677,0.5653826565591271,0.5163400627553135,0.27106236073188333,0.2485969930326366,0.42683982683982685,0.24857142857142858,0.23631646131646136,0.2452253628724217,0.5653826565591271,0.4441666666666667,0.24921989757221027,0.2110481324633832,0.030380777644327166,0.028713930346059718
rtc_60,0.7257142857142858,0.688,0.46971976571924223,0.40336778878078833,0.5776033591731266,0.47961310952235514,0.42380952380952375,0.37333333333333335,0.45335064935064934,0.367895675016418,0.7006593406593408,0.30443114679593997,0.25110310217453075,0.3288744652243002,0.4063809523809524,0.19754152823920265,0.23958874458874463,0.34940828005843483,0.6647619047619049,0.2755717453278429,0.2677210773681659,0.26531322542192104,0.04257008567799901,0.011605769149479936
rtc_61,0.7114285714285714,0.6906666666666668,0.4456157201102737,0.41550517318938374,0.530729084710202,0.4773843900397573,0.41904761904761906,0.39555555555555555,0.41164502164502165,0.338327369225202,0.570111892306832,0.46215488215488215,0.23560278155137399,0.20205182740496275,0.41164502164502165,0.2542857142857143,0.21262237762237762,0.21365981799418332,0.5524176567178596,0.42696969696969694,0.2776262336632542,0.22988194628842398,0.034234519005732086,0.023299294900428702
rtc_62,0.7157142857142859,0.7020000000000001,0.44940820390282754,0.42927633197991344,0.5296064719594131,0.5118389626011138,0.41904761904761906,0.4022222222222222,0.42593073593073594,0.3280406587916128,0.5632306340564053,0.48644812514377733,0.2217284569059355,0.18315951595159516,0.42593073593073594,0.2514950166112957,0.1998471094123268,0.19663061396807527,0.5304720133667502,0.44747506117071334,0.27571545235328665,0.2324148570812866,0.03190594118207245,0.017728105208558366
rtc_63,0.7085714285714286,0.7060000000000001,0.4356072164586756,0.4377446062590318,0.5194550547491723,0.5239668753511137,0.4095238095238095,0.4022222222222222,0.4216450216450216,0.33561175666438825,0.5600355054302423,0.4716644823066842,0.22663037609356898,0.20396968585747466,0.4216450216450216,0.2571428571428571,0.18983036453801072,0.19978287965904065,0.53234126984127,0.4241196013289036,0.2762236721581776,0.23330446467314303,0.03488946319539698,0.018844151368961323
rtc_64,0.7200000000000001,0.708,0.43690017927306063,0.428708254208736,0.5435953729317815,0.5369241529430027,0.40476190476190477,0.3977777777777778,0.42683982683982685,0.320577915376677,0.5653826565591271,0.5163400627553135,0.2703820886230398,0.25230069673634026,0.42683982683982685,0.24857142857142858,0.22722555222555224,0.2452253628724217,0.5653826565591271,0.4441666666666667,0.24921989757221027,0.2110481324633832,0.030380777644327166,0.027627256579733906
rtc_65,0.7257142857142858,0.688,0.46971976571924223,0.40336778878078833,0.5776033591731266,0.47961310952235514,0.42380952380952375,0.37333333333333335,0.45335064935064934,0.367895675016418,0.7006593406593408,0.30443114679593997,0.25110310217453075,0.3288744652243002,0.4063809523809524,0.19754152823920265,0.23958874458874463,0.34940828005843483,0.6647619047619049,0.2755717453278429,0.2677210773681659,0.26531322542192104,0.04257008567799901,0.011605769149479936
rtc_66,0.7142857142857144,0.7046666666666667,0.44966323803964475,0.4322038226738817,0.5336079161730316,0.5193907428717555,0.4238095238095238,0.40444444444444444,0.41164502164502165,0.3335153391500141,0.5975359486248778,0.46492877492877493,0.2288220935676785,0.20502481359247038,0.41164502164502165,0.25999999999999995,0.2058763458763459,0.18634956374894457,0.5647773279352226,0.4297435897435897,0.2683573678765581,0.22470640006437206,0.032181501720751016,0.019166296949998197
rtc_67,0.7171428571428573,0.7113333333333334,0.4491725606049945,0.43647231322485897,0.5378231399984108,0.5429456051195182,0.419047619047619,0.4022222222222222,0.41164502164502165,0.3203050406765577,0.5974106353416697,0.4890740740740741,0.21501342161947162,0.2029438943894389,0.41164502164502165,0.2542857142857143,0.1941880341880342,0.17287872086633696,0.5646520146520146,0.45010101010101006,0.2705795900987803,0.22497706935571066,0.029156935089494695,0.016659862556700843
rtc_68,0.7185714285714286,0.7133333333333334,0.44368865913932004,0.43395017169342054,0.5414581974696752,0.5483321882859035,0.4095238095238095,0.3955555555555556,0.4016450216450217,0.3132411242008765,0.5994719726971249,0.4843628950050968,0.20616988420450566,0.20518469624740251,0.4016450216450217,0.24857142857142858,0.1876945276945277,0.17089247182126438,0.5667133520074696,0.44510101010101,0.2705738430055246,0.22713850492790016,0.03368507747486647,0.018405855323893033
rtc_69,0.7200000000000001,0.708,0.43690017927306063,0.428708254208736,0.5435953729317815,0.5369241529430027,0.40476190476190477,0.3977777777777778,0.42683982683982685,0.320577915376677,0.5653826565591271,0.5163400627553135,0.2703820886230398,0.25230069673634026,0.42683982683982685,0.24857142857142858,0.22722555222555224,0.2452253628724217,0.5653826565591271,0.4441666666666667,0.24921989757221027,0.2110481324633832,0.030631129355192382,0.027627256579733906
rtc_70,0.7257142857142858,0.688,0.46971976571924223,0.40336778878078833,0.5776033591731266,0.47961310952235514,0.42380952380952375,0.37333333333333335,0.45335064935064934,0.367895675016418,0.7006593406593408,0.30443114679593997,0.25110310217453075,0.3288744652243002,0.4063809523809524,0.19754152823920265,0.23958874458874463,0.34940828005843483,0.6647619047619049,0.2755717453278429,0.2677210773681659,0.26531322542192104,0.042199028096805105,0.011605769149479936
rtc_71,0.7042857142857143,0.7040000000000001,0.4144637497249056,0.41257643329812826,0.5180492709904476,0.5328816150624759,0.380952380952381,0.37111111111111106,0.4168398268398269,0.31430849851902487,0.5707571961882307,0.5246115288220551,0.2215411755156466,0.22762742940960762,0.4168398268398269,0.24285714285714288,0.19818403818403818,0.18596625252972002,0.5379985754985755,0.46231292517006806,0.27089891235358643,0.2196146041565445,0.03286355763273409,0.018952141659173725
rtc_72,0.7085714285714287,0.714,0.4207885662948784,0.42615837865837863,0.5244253698170749,0.5719185384845762,0.38571428571428573,0.38,0.4068398268398269,0.31733880154932786,0.5793398172708517,0.5130173259235045,0.19888896615247376,0.21929837428187265,0.4068398268398269,0.24285714285714288,0.18000222000222002,0.17656976666264593,0.5465811965811965,0.4507187222715173,0.26912899721502725,0.22522671520113197,0.032340825078419566,0.018294640678379583
rtc_73,0.712857142857143,0.7146666666666668,0.4242671997573958,0.4221516308142941,0.5352241409384267,0.5725654141255164,0.38571428571428573,0.3733333333333333,0.4068398268398269,0.31733880154932786,0.5865293597545118,0.5130173259235045,0.19888896615247376,0.22216257181273683,0.4068398268398269,0.24285714285714288,0.18000222000222002,0.17522013590125046,0.5537707390648567,0.4487629399585922,0.2705738430055246,0.2250859897321912,0.037006603612955394,0.01653690986112891
rtc_74,0.7185714285714286,0.7133333333333334,0.43372279240952294,0.4290848530643677,0.547787827252113,0.5716264918142174,0.39999999999999997,0.3933333333333333,0.4511255411255412,0.3177207725195342,0.5786726998491705,0.5056257770410278,0.2546857048063553,0.2500638063806381,0.4511255411255412,0.24571428571428572,0.22022289970565828,0.24117647058823533,0.5786726998491705,0.433452380952381,0.2583631120812785,0.2125615948464108,0.03399233273981783,0.021476137683389858
rtc_75,0.7257142857142858,0.688,0.46971976571924223,0.40336778878078833,0.5776033591731266,0.47961310952235514,0.42380952380952375,0.37333333333333335,0.45335064935064934,0.367895675016418,0.7006593406593408,0.30443114679593997,0.25110310217453075,0.3288744652243002,0.4063809523809524,0.19754152823920265,0.23958874458874463,0.34940828005843483,0.6647619047619049,0.2755717453278429,0.2677210773681659,0.26531322542192104,0.042199028096805105,0.011605769149479936
rtc_76,0.7042857142857143,0.7080000000000002,0.4008367960529329,0.4104128628640904,0.5206665461883679,0.543297683963308,0.35714285714285715,0.3622222222222222,0.4077922077922079,0.34461152882205515,0.5703703703703703,0.5150877192982456,0.2336757590788016,0.24864637574868595,0.4077922077922079,0.2761904761904762,0.22123441775615688,0.19458003297012585,0.557037037037037,0.45278911564625857,0.26850421490921045,0.21994673280267668,0.0355298395650503,0.024989793835051285
rtc_77,0.7085714285714287,0.7126666666666666,0.40426491538568055,0.4127715862055485,0.5282117865067174,0.5709620167454458,0.35714285714285715,0.36,0.4077922077922079,0.34175438596491226,0.5743589743589743,0.5017543859649123,0.2136399809034885,0.24270578168928,0.4077922077922079,0.2733333333333333,0.20305259957433872,0.1844705346253334,0.561025641025641,0.43945578231292526,0.2707264371314327,0.21994673280267668,0.034816219281040825,0.02231499907401901
rtc_78,0.7100000000000002,0.7126666666666667,0.40534151994054596,0.4110684478116193,0.5316509399458709,0.5698739102032299,0.35714285714285715,0.3577777777777778,0.4077922077922079,0.34175438596491226,0.5743589743589743,0.5017543859649123,0.2136399809034885,0.24270578168928,0.4077922077922079,0.2733333333333333,0.20305259957433872,0.18375752214761504,0.561025641025641,0.4375000000000001,0.2714609004082688,0.21880497604125218,0.038573001064595054,0.02099562636671296
rtc_79,0.7185714285714286,0.7166666666666667,0.41884938590820947,0.42527307704030787,0.5511337868480726,0.5793777360850532,0.3714285714285714,0.38,0.43779220779220784,0.3532389798024473,0.5633561495002173,0.4958524568858313,0.24864273876338924,0.28334775699792203,0.43779220779220784,0.2733333333333333,0.18021568469844332,0.2726669615214507,0.5392399267399267,0.4240517241379311,0.26642654401798027,0.2139039073510749,0.03190492198511693,0.02806697529198359
rtc_80,0.7257142857142858,0.688,0.46971976571924223,0.40336778878078833,0.5776033591731266,0.47961310952235514,0.42380952380952375,0.37333333333333335,0.45335064935064934,0.367895675016418,0.7006593406593408,0.30443114679593997,0.25110310217453075,0.3288744652243002,0.4063809523809524,0.19754152823920265,0.23958874458874463,0.34940828005843483,0.6647619047619049,0.2755717453278429,0.2677210773681659,0.26531322542192104,0.043950968635812535,0.011605769149479936
rtc_81,0.712857142857143,0.714,0.42436315971435346,0.41871147389897934,0.5413800373690447,0.5556112295664535,0.38095238095238093,0.36666666666666664,0.4177922077922078,0.34175438596491226,0.5804985754985755,0.4817543859649122,0.22383797781244885,0.2524488448844885,0.4177922077922078,0.2733333333333333,0.20305259957433872,0.1881374559393135,0.5671652421652421,0.4175,0.2680879281537176,0.22316768625582828,0.03533542697264067,0.023211538298959875
rtc_82,0.7157142857142859,0.7166666666666667,0.426631858757246,0.42065212986025385,0.5452215739836906,0.5787675177227416,0.38095238095238093,0.36666666666666664,0.4177922077922078,0.34175438596491226,0.5844871794871794,0.4817543859649122,0.21918681502175122,0.24650825082508251,0.4177922077922078,0.2733333333333333,0.20305259957433872,0.18105826062482408,0.5711538461538461,0.4175,0.2680879281537176,0.22316768625582828,0.034522128026231766,0.019378085666072194
rtc_83,0.7114285714285714,0.7140000000000001,0.4129616019221176,0.4129018689782014,0.5348767463974837,0.5738957958237619,0.36666666666666664,0.3577777777777778,0.4177922077922078,0.34175438596491226,0.5737728937728936,0.4817543859649122,0.21772161355654976,0.24650825082508251,0.4177922077922078,0.2733333333333333,0.20305259957433872,0.1840885636551271,0.5604395604395604,0.4175,0.2724439887597782,0.2202497644829447,0.03668356293433968,0.020000000000000004
rtc_84,0.7157142857142859,0.7153333333333334,0.4269101174472018,0.43266773248702517,0.5398110355253212,0.573796033679543,0.38571428571428573,0.3888888888888889,0.45779220779220775,0.3899336576735958,0.5559843546284224,0.45642641085472296,0.2608876367225729,0.3131749174917492,0.45779220779220775,0.30666666666666664,0.19225330225330226,0.25354026778175387,0.5318681318681319,0.3681896551724138,0.26227449723435453,0.20905466477438575,0.029569905454146277,0.029067128499108308
rtc_85,0.7257142857142858,0.688,0.46971976571924223,0.40336778878078833,0.5776033591731266,0.47961310952235514,0.42380952380952375,0.37333333333333335,0.45335064935064934,0.367895675016418,0.7006593406593408,0.30443114679593997,0.25110310217453075,0.3288744652243002,0.4063809523809524,0.19754152823920265,0.23958874458874463,0.34940828005843483,0.6647619047619049,0.2755717453278429,0.2677210773681659,0.26531322542192104,0.041988086050776696,0.011605769149479936
rtc_86,0.7057142857142857,0.7193333333333334,0.3886716408285036,0.4154914553067691,0.5259691697191698,0.5673640092741217,0.32857142857142857,0.3511111111111111,0.39922077922077925,0.2964667482660139,0.5850897736143638,0.39360902255639096,0.1901543880491249,0.272646375748686,0.39922077922077925,0.2841860465116279,0.1830525995743387,0.20615978448795785,0.544593837535014,0.33984126984126983,0.28666074650112616,0.21218045112781958,0.03346387415807361,0.025314350209527665
rtc_87,0.7057142857142857,0.7213333333333334,0.3886716408285036,0.41689285670817056,0.5259691697191698,0.5895862314963438,0.32857142857142857,0.3511111111111111,0.39922077922077925,0.2964667482660139,0.5850897736143638,0.39360902255639096,0.1901543880491249,0.26670578168928005,0.39922077922077925,0.2841860465116279,0.1830525995743387,0.19908058917346844,0.544593837535014,0.33984126984126983,0.28666074650112616,0.21218045112781958,0.03346387415807361,0.025314350209527665
rtc_88,0.7057142857142857,0.7213333333333334,0.3886716408285036,0.41689285670817056,0.5259691697191698,0.5895862314963438,0.32857142857142857,0.3511111111111111,0.39922077922077925,0.2964667482660139,0.5850897736143638,0.39360902255639096,0.1901543880491249,0.26670578168928005,0.39922077922077925,0.2841860465116279,0.1830525995743387,0.19908058917346844,0.544593837535014,0.33984126984126983,0.28666074650112616,0.21218045112781958,0.03279103730358206,0.025314350209527665
rtc_89,0.7100000000000001,0.72,0.40836923223965,0.43590175686626864,0.5286146723646723,0.5815751833688051,0.3571428571428571,0.3844444444444444,0.4392207792207792,0.34464601997469735,0.5526876513317192,0.3780053582231441,0.21934357723831405,0.3253724483559467,0.4392207792207792,0.31751937984496126,0.16952602952602955,0.2610362805409245,0.5285714285714286,0.3216420361247947,0.26187767183752914,0.2003425229741019,0.030755935019960583,0.03516723892883194
rtc_90,0.7200000000000001,0.6926666666666665,0.46451414185288425,0.4191484512820005,0.560216995536763,0.4863378481983133,0.41428571428571426,0.3844444444444444,0.460017316017316,0.3787483881947126,0.6411355311355311,0.2633056056703989,0.23035480285480286,0.3584053294218311,0.413047619047619,0.272203765227021,0.2277705627705628,0.3406229477436908,0.6052380952380952,0.23682174532784286,0.2608904512226341,0.22075334086203657,0.03890899550251859,0.013850513878332357
rtc_91,0.7057142857142857,0.7213333333333334,0.38564643074446997,0.4152496642199076,0.5276175213675215,0.5900135819236942,0.3238095238095238,0.3488888888888889,0.3858874458874459,0.2964667482660139,0.5825396825396825,0.39275132275132274,0.1901543880491249,0.26670578168928005,0.3858874458874459,0.2841860465116279,0.1830525995743387,0.19908058917346844,0.5438095238095239,0.33984126984126983,0.2841106554264449,0.21132275132275136,0.030715738162267543,0.025314350209527665
rtc_92,0.7057142857142857,0.7213333333333334,0.38564643074446997,0.4152496642199076,0.5276175213675215,0.5900135819236942,0.3238095238095238,0.3488888888888889,0.3858874458874459,0.2964667482660139,0.5825396825396825,0.39275132275132274,0.1901543880491249,0.26670578168928005,0.3858874458874459,0.2841860465116279,0.1830525995743387,0.19908058917346844,0.5438095238095239,0.33984126984126983,0.2841106554264449,0.21132275132275136,0.030715738162267543,0.025314350209527665
rtc_93,0.7100000000000001,0.7246666666666667,0.3993166875795984,0.4235955666834572,0.5379623489537282,0.596651388561501,0.33809523809523806,0.35777777777777775,0.3858874458874459,0.2964667482660139,0.5932539682539681,0.39275132275132274,0.19161958951432637,0.26670578168928005,0.3858874458874459,0.2841860465116279,0.1830525995743387,0.1960502861431654,0.5545238095238095,0.33984126984126983,0.2797545948203843,0.21456950456950458,0.029710259960346846,0.02579352869323971
rtc_94,0.7100000000000001,0.72,0.4062099879751425,0.4347526460591551,0.5302486592927769,0.5817581101980733,0.35238095238095235,0.3822222222222222,0.42588744588744587,0.34464601997469735,0.5497423887587822,0.3780053582231441,0.21934357723831405,0.3253724483559467,0.42588744588744587,0.31751937984496126,0.1727006327006327,0.2610362805409245,0.5285714285714286,0.3216420361247947,0.25893240926459216,0.19927694920361014,0.028315147569484257,0.03516723892883194
rtc_95,0.722857142857143,0.6966666666666665,0.464688433791882,0.4173246577915403,0.5655837218337219,0.4937667887667888,0.4095238095238095,0.37555555555555553,0.4497142857142856,0.3787483881947126,0.6719047619047618,0.24474684735554303,0.2022162747162747,0.3664053294218311,0.4221385281385281,0.28925802879291246,0.2174675324675325,0.3406229477436908,0.6719047619047618,0.21081709956709957,0.22755711788930083,0.2129611330698288,0.04002132566174778,0.012289036095775174
rtc_96,0.7057142857142857,0.7153333333333334,0.3741058144979713,0.40667688626202114,0.5339056776556778,0.5728176772277896,0.3095238095238095,0.3466666666666667,0.41541125541125545,0.33155446756425944,0.5934981684981685,0.3984265010351967,0.21177600967074647,0.3000391150226134,0.41541125541125545,0.2841860465116279,0.19174825174825175,0.25847104391996034,0.5934981684981685,0.30650748575292186,0.28171749303328253,0.2300931677018634,0.034832889622753924,0.021852940772540512
rtc_97,0.7057142857142857,0.7153333333333334,0.3741058144979713,0.40667688626202114,0.5339056776556778,0.5728176772277896,0.3095238095238095,0.3466666666666667,0.41541125541125545,0.33155446756425944,0.5934981684981685,0.3984265010351967,0.21177600967074647,0.3000391150226134,0.41541125541125545,0.2841860465116279,0.19174825174825175,0.25847104391996034,0.5934981684981685,0.30650748575292186,0.28171749303328253,0.2300931677018634,0.034832889622753924,0.021852940772540512
rtc_98,0.7057142857142857,0.7153333333333334,0.3741058144979713,0.40667688626202114,0.5339056776556778,0.5728176772277896,0.3095238095238095,0.3466666666666667,0.41541125541125545,0.33155446756425944,0.5934981684981685,0.3984265010351967,0.21177600967074647,0.3000391150226134,0.41541125541125545,0.2841860465116279,0.19174825174825175,0.25847104391996034,0.5934981684981685,0.30650748575292186,0.28171749303328253,0.2300931677018634,0.032441768376058985,0.021852940772540512
rtc_99,0.7014285714285714,0.7133333333333334,0.3185502589424158,0.37024915418211507,0.5450167887667888,0.5638891057992181,0.2666666666666667,0.3133333333333333,0.3696969696969697,0.3126234190126479,0.7011904761904761,0.4419047619047619,0.17718141507615193,0.28270578168928007,0.3696969696969697,0.28806201550387595,0.14492285492285492,0.23566402637610068,0.7011904761904761,0.38486042692939243,0.26631616921090606,0.22562622309197655,0.031155070422967772,0.018844151368961334
rtc_100,0.7028571428571428,0.7033333333333334,0.38480194480194474,0.4068550536351955,0.5401327838827839,0.5034525341668199,0.3476190476190476,0.3666666666666666,0.3866666666666666,0.3849041207670339,0.6971904761904762,0.30729551150603784,0.1787079587079587,0.36019753086419753,0.35909090909090907,0.2813953488372093,0.1828715728715729,0.342902711323764,0.6971904761904762,0.21093185550082097,0.24431886826623667,0.23268363935991915,0.03655846779310029,0.023299294900428702
rtc_101,0.6900000000000001,0.6973333333333332,0.44923487141674967,0.4531896120195512,0.4798188795581175,0.49037119915330624,0.42857142857142866,0.4288888888888889,0.5080952380952382,0.3407801309018099,0.5943609022556391,0.49428571428571433,0.24901267819260475,0.20491358024691358,0.5080952380952382,0.32015503875969,0.23798565752088993,0.18518488735207,0.5839712918660287,0.45619047619047615,0.278708372237784,0.19849337223428387,0.03855066644799505,0.030505937862946624
rtc_102,0.69,0.702,0.45723007363501844,0.44144120907301343,0.48527188940092164,0.5004821633897786,0.43809523809523815,0.40444444444444444,0.49142857142857144,0.29440667331804204,0.5864473684210527,0.47561904761904766,0.26078826409653477,0.18888888888888888,0.49142857142857144,0.29147286821705426,0.2579072876149338,0.13679787704555507,0.5717857142857142,0.47561904761904766,0.2646554294232313,0.17659558116593985,0.03623732096893699,0.02878491668515699
rtc_103,0.7071428571428571,0.716,0.4773427822429637,0.4687173899136269,0.5114098972922502,0.532466240115721,0.4523809523809524,0.42666666666666664,0.4161904761904762,0.32436426222875936,0.6374613003095975,0.4966666666666667,0.2404970130411641,0.19069135802469134,0.4161904761904762,0.2945736434108527,0.21225793696558312,0.16992213153203864,0.609767064720625,0.4647619047619048,0.2541720681012877,0.18161381426267545,0.031990253616443795,0.023035022137995884
rtc_104,0.7142857142857143,0.71,0.45924936441294345,0.44568528753355013,0.5404212290976997,0.5184955620776197,0.4142857142857143,0.4022222222222222,0.5571428571428572,0.32775714937137645,0.6212652844231792,0.34466666666666673,0.3289570079043763,0.2147302285784134,0.5571428571428572,0.31787375415282393,0.27483349983349986,0.11883719995175102,0.6196491228070176,0.3265714285714286,0.23270525050280338,0.1968494962562901,0.03225043328578962,0.029623487647611035
rtc_105,0.71,0.6946666666666667,0.43068186912168993,0.4347450003343612,0.5145352729040885,0.4922473207686623,0.3761904761904762,0.3911111111111111,0.46238095238095245,0.4542355889724311,0.7245962732919254,0.404317438055166,0.25552948304828005,0.3189419386383083,0.46238095238095245,0.36476190476190473,0.2554906204906205,0.3486215538847118,0.7245962732919254,0.3574731182795699,0.23662488406733928,0.2835893064026057,0.039187067447615284,0.024578072191550355
rtc_106,0.6871428571428572,0.6973333333333332,0.44635633442862355,0.4428943875287793,0.4716056910569105,0.4908299282479458,0.42857142857142866,0.4111111111111111,0.4938095238095238,0.30954746647741105,0.5691228070175438,0.48650793650793644,0.23897333352196778,0.19219753086419752,0.4938095238095238,0.27718715393134,0.21940079410844032,0.1864380201841502,0.5587331966279335,0.4506105006105006,0.27758832565284175,0.20231820931213215,0.037585617043339084,0.023647064796066923
rtc_107,0.6971428571428571,0.6986666666666668,0.4764100261330329,0.4451350021324759,0.5003978972451278,0.4946903730465374,0.4619047619047619,0.4133333333333333,0.5223809523809524,0.33381127236696395,0.5891812865497077,0.46428571428571425,0.2685935122667943,0.2122752719716416,0.5223809523809524,0.33255813953488367,0.2579072876149338,0.18105021913071445,0.5745196324143693,0.41904761904761906,0.25821102962323844,0.1942437136618171,0.04088754098028287,0.018952141659173725
rtc_108,0.7114285714285714,0.7106666666666666,0.4813698685215713,0.4577531393158685,0.5255979314802844,0.522111549474243,0.4523809523809524,0.4177777777777778,0.4161904761904762,0.3506035951712386,0.5803184431667403,0.51,0.2353779654221165,0.20125925925925925,0.4161904761904762,0.3232558139534884,0.20199819670584285,0.16824145926313108,0.5526242075777679,0.4780952380952381,0.24783548801470762,0.17903674744366047,0.032871169922367105,0.02770102775666477
rtc_109,0.7057142857142857,0.7126666666666666,0.45602421673158106,0.4555447670377764,0.5133724608724608,0.521554218366217,0.41904761904761906,0.4155555555555555,0.5571428571428572,0.3286821705426356,0.61424774056353,0.36657142857142866,0.3289570079043763,0.2110265248747097,0.5571428571428572,0.3286821705426356,0.28756077256077256,0.10065538176993286,0.6126315789473684,0.36657142857142866,0.23362690948897846,0.1687329978583698,0.03198111793926793,0.02364706479606695
rtc_110,0.71,0.6946666666666667,0.43068186912168993,0.4347450003343612,0.5145352729040885,0.4922473207686623,0.3761904761904762,0.3911111111111111,0.46238095238095245,0.4542355889724311,0.7245962732919254,0.404317438055166,0.25552948304828005,0.3189419386383083,0.46238095238095245,0.36476190476190473,0.2554906204906205,0.3486215538847118,0.7245962732919254,0.3574731182795699,0.23662488406733928,0.2835893064026057,0.0411280409931129,0.024578072191550355
rtc_111,0.7042857142857144,0.6913333333333334,0.4659411152051526,0.4409346696037323,0.5048844440086718,0.4793711877274275,0.4428571428571429,0.4177777777777777,0.4795238095238096,0.3770102410609287,0.602304625199362,0.518992673992674,0.23194931095997048,0.23488888888888892,0.4795238095238096,0.32480620155038764,0.1990392216479173,0.22257917521075415,0.5958619374523264,0.48309523809523813,0.2748322678353638,0.19688152673350043,0.03551805217259941,0.013997084244475294
rtc_112,0.712857142857143,0.6986666666666667,0.48922434626197153,0.4454558860554713,0.5276766288153618,0.4933058128814537,0.46190476190476193,0.4133333333333333,0.49974120082815743,0.39051493302339296,0.6026942355889724,0.48428571428571426,0.23955483666665695,0.26471604938271603,0.4938095238095238,0.3488372093023256,0.22546214654910307,0.23797595593261228,0.592304625199362,0.439047619047619,0.2627985739750446,0.18452839329979737,0.034443880430259546,0.011428571428571432
rtc_113,0.71,0.708,0.48034457802259656,0.4524551260708353,0.5230769230769231,0.5155541724250627,0.4523809523809524,0.4133333333333333,0.4261904761904762,0.3506035951712386,0.6077694235588972,0.51,0.23877932596633417,0.20125925925925925,0.4261904761904762,0.3232558139534884,0.20889474842998085,0.17430206532373715,0.5800751879699247,0.4780952380952381,0.25076782866256553,0.18410003858290097,0.03385590721081296,0.02982944716831588
rtc_114,0.7100000000000001,0.7093333333333333,0.4602027542434519,0.4471015638163697,0.5227741702741703,0.5160777671066332,0.41904761904761906,0.40444444444444444,0.5571428571428572,0.32775714937137645,0.6212652844231792,0.34466666666666673,0.3289570079043763,0.2147302285784134,0.5571428571428572,0.31787375415282393,0.28756077256077256,0.11883719995175102,0.6196491228070176,0.3265714285714286,0.23270525050280338,0.19730442642979837,0.03289787604649461,0.029829447168315863
rtc_115,0.71,0.6946666666666667,0.43068186912168993,0.4347450003343612,0.5145352729040885,0.4922473207686623,0.3761904761904762,0.3911111111111111,0.46238095238095245,0.4542355889724311,0.7245962732919254,0.404317438055166,0.25552948304828005,0.3189419386383083,0.46238095238095245,0.36476190476190473,0.2554906204906205,0.3486215538847118,0.7245962732919254,0.3574731182795699,0.23662488406733928,0.2835893064026057,0.04131101476077231,0.024578072191550355
rtc_116,0.7085714285714287,0.708,0.4709699770623178,0.44801876864517415,0.5138501291989664,0.5167469756201691,0.4428571428571429,0.40888888888888886,0.4261904761904762,0.3439221732979383,0.5899122807017544,0.553,0.21112626474184437,0.20087128712871288,0.4261904761904762,0.2714728682170543,0.20759684759684757,0.19078980874646506,0.5622180451127818,0.553,0.25221663785131276,0.1784738620119662,0.03453658469600924,0.020898198340468282
rtc_117,0.7057142857142858,0.7173333333333333,0.4653984373859128,0.45800561219480523,0.5059648245394681,0.5386648566305603,0.43809523809523815,0.4111111111111111,0.4261904761904762,0.309324579948815,0.6649122807017543,0.45925541125541125,0.21600721712279677,0.1880246913580247,0.4261904761904762,0.27519379844961245,0.21409035409035412,0.14928497714875424,0.6372180451127819,0.45925541125541125,0.26067331084309014,0.18700803763477647,0.034104821606249246,0.01829464067837958
rtc_118,0.7185714285714286,0.7153333333333334,0.4730725159760857,0.44712911031124064,0.5389620596205962,0.5341406688456647,0.4333333333333334,0.39777777777777773,0.4261904761904762,0.31604627162982696,0.6080719038976752,0.4811746031746032,0.2145237006392803,0.17829629629629629,0.4261904761904762,0.2992248062015504,0.1962259962259962,0.13197566107782827,0.57531328320802,0.4811746031746032,0.25282469496625576,0.18672463839866932,0.03243890781337496,0.026572964625340388
rtc_119,0.7057142857142857,0.7126666666666666,0.45602421673158106,0.4555447670377764,0.5133724608724608,0.521554218366217,0.41904761904761906,0.4155555555555555,0.5571428571428572,0.3286821705426356,0.61424774056353,0.36657142857142866,0.3289570079043763,0.2110265248747097,0.5571428571428572,0.3286821705426356,0.28756077256077256,0.10065538176993286,0.6126315789473684,0.36657142857142866,0.23362690948897846,0.1687329978583698,0.03119289634116299,0.02364706479606695
rtc_120,0.71,0.6946666666666667,0.43068186912168993,0.4347450003343612,0.5145352729040885,0.4922473207686623,0.3761904761904762,0.3911111111111111,0.46238095238095245,0.4542355889724311,0.7245962732919254,0.404317438055166,0.25552948304828005,0.3189419386383083,0.46238095238095245,0.36476190476190473,0.2554906204906205,0.3486215538847118,0.7245962732919254,0.3574731182795699,0.23662488406733928,0.2835893064026057,0.039187067447615284,0.024578072191550355
rtc_121,0.7,0.7133333333333334,0.44335166814334653,0.4401673085689374,0.4967110125646711,0.5360889716816586,0.4095238095238095,0.3844444444444444,0.4404761904761905,0.2929712666194774,0.5627736006683375,0.4919131161236424,0.23001515363073327,0.1848910891089109,0.4404761904761905,0.25813953488372093,0.20144300144300145,0.17350327690884967,0.5350793650793652,0.4896756383712906,0.25020078605604923,0.19361612897169345,0.028568969060818183,0.013552618543578768
rtc_122,0.7042857142857143,0.7186666666666668,0.4438994717609176,0.44188023566286916,0.5048928307464893,0.5508515116724071,0.40476190476190477,0.38,0.4404761904761905,0.26154068170052047,0.6665831244778613,0.4261988304093567,0.22203342605598242,0.17276543209876544,0.4404761904761905,0.24186046511627907,0.2007936507936508,0.13548443300765284,0.6388888888888888,0.42396135265700485,0.2529474646647968,0.19852491835809477,0.028526315246215177,0.012453996981544785
rtc_123,0.7142857142857144,0.7166666666666666,0.4573175165214966,0.43432064395899594,0.5324871794871795,0.5403157172271791,0.4095238095238095,0.37111111111111106,0.4404761904761905,0.2721115685619969,0.6097427476737821,0.443500417710944,0.21405632807888447,0.17370370370370372,0.4404761904761905,0.265891472868217,0.1900721500721501,0.11947381823542813,0.5769841269841269,0.44126293995859206,0.2469133649169947,0.19804913998519708,0.03023417008355788,0.024327694808466308
rtc_124,0.712857142857143,0.7106666666666668,0.4609757146508938,0.44417953337935934,0.5270090042835912,0.5194023316846608,0.4142857142857143,0.3977777777777778,0.5313492063492063,0.290968666536382,0.611990231990232,0.3196908939014202,0.30463851937536146,0.1932658599193253,0.5214285714285715,0.28108527131782945,0.2782323232323233,0.10833366839558792,0.5973748473748474,0.29935817805383025,0.2417301145276674,0.2005021345893952,0.03405210548510699,0.022767682072156036
rtc_125,0.71,0.6946666666666667,0.43068186912168993,0.4347450003343612,0.5145352729040885,0.4922473207686623,0.3761904761904762,0.3911111111111111,0.46238095238095245,0.4542355889724311,0.7245962732919254,0.404317438055166,0.25552948304828005,0.3189419386383083,0.46238095238095245,0.36476190476190473,0.2554906204906205,0.3486215538847118,0.7245962732919254,0.3574731182795699,0.23662488406733928,0.2835893064026057,0.039187067447615284,0.024578072191550355
rtc_126,0.7128571428571429,0.712,0.4625184476748421,0.4342856259195603,0.5329510155316607,0.5315015115472297,0.4142857142857143,0.37555555555555553,0.44142857142857145,0.34585883312933496,0.5984126984126984,0.445405179615706,0.23657931983775665,0.23961227233834498,0.44142857142857145,0.29909191583610184,0.22766798418972334,0.17288944285848312,0.5850793650793651,0.44316770186335397,0.23935064935064937,0.1906254611092248,0.033285901546899706,0.03175158681556126
rtc_127,0.7157142857142859,0.7186666666666667,0.47076171255865046,0.4429438026072928,0.5350137534383597,0.5476772912700146,0.4238095238095238,0.38,0.44142857142857145,0.33708690330477353,0.6641269841269841,0.4106432748538012,0.23902537876222088,0.2361469258036915,0.44142857142857145,0.32480620155038753,0.2270186335403727,0.15805690697331562,0.6507936507936508,0.4050724637681159,0.24492741453948352,0.19780824610545972,0.03230764835779218,0.02089819834046828
rtc_128,0.7142857142857144,0.7206666666666667,0.462855646022447,0.4446801725142328,0.5310967027471154,0.5530019392786475,0.4142857142857143,0.38,0.44142857142857145,0.33708690330477353,0.6641269841269841,0.4106432748538012,0.23363989123387618,0.2361469258036915,0.44142857142857145,0.32480620155038753,0.2270186335403727,0.15973757924222323,0.6507936507936508,0.4050724637681159,0.24693513654720553,0.1984449789724702,0.03361067613572419,0.022587697572631276
rtc_129,0.7214285714285715,0.7140000000000001,0.4490635172988114,0.4310346150368437,0.5582262025133613,0.5359507033253765,0.3857142857142857,0.3711111111111111,0.55,0.2799440461619164,0.633015873015873,0.35761297182349816,0.280175594912437,0.2205432098765432,0.55,0.2676633444075304,0.21948616600790513,0.12385375202712663,0.633015873015873,0.3520421607378129,0.2461210405651991,0.19759744190500572,0.03319083483304396,0.01969149821727174
rtc_130,0.71,0.6946666666666667,0.43068186912168993,0.4347450003343612,0.5145352729040885,0.4922473207686623,0.3761904761904762,0.3911111111111111,0.46238095238095245,0.4542355889724311,0.7245962732919254,0.404317438055166,0.25552948304828005,0.3189419386383083,0.46238095238095245,0.36476190476190473,0.2554906204906205,0.3486215538847118,0.7245962732919254,0.3574731182795699,0.23662488406733928,0.2835893064026057,0.039406926803740125,0.024578072191550355
rtc_131,0.7171428571428573,0.7146666666666667,0.4726012222079735,0.43356919659444104,0.5453281199087651,0.5400902580426092,0.4238095238095238,0.3711111111111111,0.44142857142857145,0.33405660027447054,0.5984126984126984,0.4106432748538012,0.2306182174480828,0.23416061606160618,0.44142857142857145,0.2983831672203765,0.21312252964426878,0.16108721000361864,0.5850793650793651,0.4075114881583598,0.23735930735930735,0.19215288633198022,0.03628471979532875,0.02695423180587602
rtc_132,0.7200000000000001,0.718,0.47498120868532306,0.4362549538935355,0.5498759235263362,0.5481757279905267,0.4238095238095238,0.3711111111111111,0.44142857142857145,0.33405660027447054,0.606984126984127,0.4106432748538012,0.22751744225428436,0.2306952695269527,0.44142857142857145,0.2983831672203765,0.21312252964426878,0.1550266039430126,0.5936507936507937,0.4050724637681159,0.23859083445290344,0.19215288633198022,0.03453381941415767,0.02490799396308957
rtc_133,0.7200000000000001,0.7173333333333334,0.47152106468786564,0.43396821438924615,0.5499062265566391,0.5462711635522696,0.41904761904761906,0.36888888888888893,0.44142857142857145,0.34483884128926967,0.6121123321123322,0.3773099415204678,0.22093580960122314,0.2422716049382716,0.44142857142857145,0.33255813953488367,0.21312252964426878,0.1462922010909627,0.5987789987789988,0.3717391304347825,0.2368448027068717,0.20031787093367023,0.03431581250070258,0.021852940772540522
rtc_134,0.7114285714285714,0.716,0.4507966790319732,0.44654049256135664,0.5282857263228851,0.5367596136322217,0.4,0.38888888888888895,0.55,0.30552544151075367,0.6066269841269841,0.31094630515683147,0.28629804389202884,0.24935386872020535,0.55,0.29324473975636767,0.24052512704686616,0.1473711015506681,0.6066269841269841,0.3053754940711462,0.2454289848731434,0.20727148545203405,0.03244926089780008,0.007284313590846844
rtc_135,0.7142857142857144,0.6933333333333332,0.4510524183549679,0.4414752512155554,0.5249749280765024,0.4874365500176741,0.4,0.40444444444444444,0.4832900432900433,0.44370927318295744,0.6845962732919254,0.41238444351347575,0.26001986109128966,0.33982716049382716,0.46238095238095245,0.29964562569213726,0.28639971139971143,0.38195488721804516,0.6336871823828345,0.38029569892473114,0.2626688401112953,0.2938785340831377,0.039080741834918414,0.027847983842311325
rtc_136,0.7157142857142859,0.7233333333333333,0.45265822519553867,0.44191027766307994,0.5431948051948052,0.5671180514400854,0.3904761904761905,0.3688888888888889,0.3961904761904762,0.29017416691835296,0.6041373926619829,0.3073099415204678,0.20350237060810966,0.224674245202298,0.3961904761904762,0.2650498338870432,0.19312252964426876,0.1783616796000697,0.563641456582633,0.29935817805383025,0.23920911832194375,0.19688947546170393,0.03094622859480085,0.026878411031752543
rtc_137,0.7085714285714287,0.7280000000000001,0.4428501228501228,0.45066357518733674,0.5223376623376623,0.5781070992221125,0.38571428571428573,0.37555555555555553,0.3961904761904762,0.28447006709660605,0.6612802498048399,0.25851767098906686,0.21112141822715724,0.2291358024691358,0.3961904761904762,0.27054263565891473,0.20701863354037267,0.16659697371771678,0.6207843137254901,0.24102484472049687,0.2455456984085239,0.20619244302554102,0.030426506274841014,0.02089819834046828
rtc_138,0.7171428571428573,0.7260000000000002,0.4538885737943083,0.44400307564987135,0.5462200152788388,0.57369533451623,0.3904761904761905,0.3688888888888889,0.3961904761904762,0.29017416691835296,0.6136612021857923,0.3073099415204678,0.1994207379550484,0.22120889866764454,0.3961904761904762,0.2650498338870432,0.19312252964426876,0.17230107353946367,0.5731652661064427,0.29935817805383025,0.2375284460530362,0.19688947546170393,0.029485087249914547,0.026572964625340388
rtc_139,0.71,0.7153333333333334,0.4506970128022759,0.45697022532173026,0.5275606746194981,0.5315245684754075,0.3952380952380953,0.40444444444444444,0.4961904761904761,0.37452934662236986,0.577310924369748,0.31276106934001674,0.2213254998598103,0.3115555555555556,0.4961904761904761,0.3697674418604651,0.221304347826087,0.2584884671571978,0.5220728291316528,0.3031859292500025,0.2600786186993084,0.22183375104427738,0.030656358588078407,0.02618614682831908
rtc_140,0.7214285714285715,0.692,0.4730847028300936,0.4389621554083442,0.5492219707203095,0.4876205369615308,0.4333333333333334,0.4066666666666666,0.46935064935064935,0.41872327878519827,0.6304212454212454,0.34022342786369403,0.2233084708084708,0.3830617283950617,0.4223809523809524,0.3258028792912514,0.2141269841269841,0.38714433141677723,0.5945238095238096,0.3074303939256219,0.2550335775335776,0.23372954674958493,0.03429871484934529,0.01498298354528788
rtc_141,0.7142857142857144,0.7193333333333334,0.4450197179608944,0.43622750159119966,0.5418431568431569,0.5492489475698431,0.380952380952381,0.36666666666666664,0.3828571428571429,0.3039867109634552,0.6015873015873016,0.26672793093845726,0.2010023706081096,0.2514320987654321,0.3828571428571429,0.29922480620155034,0.19312252964426876,0.19824963478214253,0.5628571428571428,0.2382470669427191,0.23665902724726254,0.21362924218759458,0.02658908279547035,0.02515259551665573
rtc_142,0.7085714285714287,0.7226666666666667,0.43982491276608926,0.4457865518533026,0.523986013986014,0.5578273789423921,0.380952380952381,0.37555555555555553,0.3828571428571429,0.28447006709660605,0.6587301587301587,0.2512689937403897,0.21112141822715724,0.2458024691358025,0.3828571428571429,0.27054263565891473,0.20701863354037267,0.19993030705105008,0.6199999999999999,0.2132470669427191,0.24299560733384268,0.21507851754991342,0.02658908279547035,0.02089819834046828
rtc_143,0.7114285714285715,0.724,0.44548182072099574,0.4486234312859268,0.5302131945133974,0.5617489475698431,0.38571428571428573,0.37777777777777777,0.3828571428571429,0.29623477297895906,0.6682539682539682,0.2818794460899724,0.20703978557409602,0.24183596137391522,0.3828571428571429,0.2914728682170542,0.20701863354037267,0.20563440687279697,0.6295238095238096,0.25339858209423427,0.24131493506493512,0.21387078808131443,0.028855537443011715,0.021476137683389872
rtc_144,0.7071428571428571,0.7153333333333334,0.4392741066425277,0.4530367240426064,0.5238747771836006,0.532142589016116,0.380952380952381,0.3977777777777778,0.4828571428571428,0.3791805094130675,0.5689377289377291,0.31276106934001674,0.2213254998598103,0.3152592592592593,0.4828571428571428,0.3744186046511628,0.221304347826087,0.2618498116950129,0.5131135531135531,0.3031859292500025,0.2577999777999779,0.22092466013518647,0.030522059924041917,0.027847983842311307
rtc_145,0.7200000000000001,0.696,0.44447727240425,0.401099746958615,0.5621649184149183,0.49118113912231554,0.38095238095238093,0.34888888888888886,0.4097142857142857,0.38715174953925047,0.6338095238095237,0.25437970813344196,0.1796937521937522,0.3620843417675101,0.38213852813852817,0.28228128460686597,0.19564213564213567,0.3490263090882286,0.6338095238095237,0.20605519480519482,0.24675245806824755,0.22771304146677532,0.041189394509750274,0.01228903609577518
rtc_146,0.7085714285714285,0.7106666666666668,0.42460548460548464,0.43116059300709636,0.5300595238095238,0.5214002417051198,0.36190476190476184,0.37333333333333335,0.429047619047619,0.33741330069359443,0.5823870573870574,0.2424031092223312,0.2521268868637289,0.2971358024691358,0.429047619047619,0.3023255813953488,0.21636363636363637,0.24042593113800542,0.5823870573870574,0.1806275685686568,0.25715608952451063,0.21492343442558326,0.02989795420282517,0.014568627181693666
rtc_147,0.7085714285714285,0.7106666666666668,0.42460548460548464,0.43116059300709636,0.5300595238095238,0.5214002417051198,0.36190476190476184,0.37333333333333335,0.429047619047619,0.33741330069359443,0.5823870573870574,0.2424031092223312,0.2521268868637289,0.2971358024691358,0.429047619047619,0.3023255813953488,0.21636363636363637,0.24042593113800542,0.5823870573870574,0.1806275685686568,0.25715608952451063,0.21492343442558326,0.02989795420282517,0.014568627181693666
rtc_148,0.7085714285714285,0.7106666666666668,0.42460548460548464,0.43116059300709636,0.5300595238095238,0.5214002417051198,0.36190476190476184,0.37333333333333335,0.429047619047619,0.33741330069359443,0.5823870573870574,0.2424031092223312,0.2521268868637289,0.2971358024691358,0.429047619047619,0.3023255813953488,0.21636363636363637,0.24042593113800542,0.5823870573870574,0.1806275685686568,0.25715608952451063,0.21492343442558326,0.027506832956130246,0.014568627181693666
rtc_149,0.7042857142857143,0.7086666666666666,0.36904992904992906,0.39473286092719034,0.541170634920635,0.5124716702765484,0.3190476190476191,0.33999999999999997,0.3833333333333333,0.31848225214198284,0.6900793650793651,0.28588137009189635,0.21753229226913437,0.2798024691358025,0.3833333333333333,0.3062015503875969,0.16953823953823957,0.2176189135941458,0.6900793650793651,0.2589805097451274,0.2417547657021341,0.21045648981569637,0.03177254637295178,0.010690449676496985
rtc_150,0.7028571428571428,0.7033333333333334,0.38480194480194474,0.4068550536351955,0.5401327838827839,0.5034525341668199,0.3476190476190476,0.3666666666666666,0.3866666666666666,0.3849041207670339,0.6971904761904762,0.30729551150603784,0.1787079587079587,0.36019753086419753,0.35909090909090907,0.2813953488372093,0.1828715728715729,0.342902711323764,0.6971904761904762,0.21093185550082097,0.24431886826623667,0.23268363935991915,0.03655846779310029,0.023299294900428702
rtc_151,0.6885714285714285,0.6906666666666667,0.4757107087278838,0.46092748958624813,0.48349185632324554,0.48386729227500014,0.47619047619047616,0.44666666666666666,0.45779220779220775,0.2782750995134896,0.5787719298245614,0.35936639447509017,0.2639792100773042,0.24266666666666667,0.45779220779220775,0.22566998892580287,0.27955908409431646,0.2363354911342527,0.5771428571428572,0.3482017982017982,0.24618831753852302,0.20209646508380827,0.04705677772770591,0.01948311670997979
rtc_152,0.6657142857142857,0.6993333333333334,0.44632217641272776,0.4588344999566766,0.442829970489545,0.496657307604676,0.4523809523809524,0.4311111111111111,0.4619706380575946,0.30207262341901264,0.5830502727406752,0.43166666666666664,0.2936854572455202,0.2405855029947439,0.45961038961038964,0.30081949058693247,0.3202533897886221,0.19985793360406362,0.5726606623510648,0.43166666666666664,0.2694350420821009,0.1889913518975304,0.03927000436133603,0.01456862718169367
rtc_153,0.6885714285714286,0.7126666666666666,0.466934618889261,0.49759134273825234,0.47656687144167903,0.5254839741539248,0.4619047619047619,0.47555555555555556,0.4292207792207792,0.332720035382574,0.5900584795321637,0.3753089976022307,0.2162799769444288,0.2363950617283951,0.4292207792207792,0.32285714285714284,0.18575091575091576,0.19143982952032487,0.5753968253968254,0.35381776953205524,0.2711914478710144,0.2031071147940124,0.03803365828121322,0.0318157963590287
rtc_154,0.7171428571428573,0.7093333333333334,0.4997580915165334,0.4782063902240813,0.5373074558977196,0.5224670876546031,0.47619047619047616,0.4444444444444445,0.5522943722943723,0.28047423620611034,0.5928449328449329,0.2688370520622042,0.30075114943535997,0.25076543209876545,0.5238095238095238,0.25012181616832774,0.28549783549783553,0.20394435286076149,0.5897680097680098,0.22371100164203614,0.23450845849552743,0.23506538676748664,0.03379000029733241,0.024989793835051295
rtc_155,0.7071428571428571,0.698,0.408841702864369,0.41910018003837807,0.5156163539851695,0.49767760148656376,0.34285714285714286,0.3644444444444444,0.44649859943977593,0.4286541936235938,0.7245962732919254,0.41765077138849926,0.2387494376968061,0.28560860530497495,0.44649859943977593,0.3391805094130675,0.24458152958152954,0.31528822055137845,0.7245962732919254,0.3708064516129032,0.2506027641499539,0.2835589066458037,0.04270541107474159,0.02020305089104422
rtc_156,0.6771428571428573,0.6926666666666667,0.47296130916333584,0.4693255700432661,0.4619714986336053,0.48489875389408105,0.4904761904761904,0.4622222222222222,0.5777922077922077,0.2900339083001622,0.5903185703185703,0.3811616161616162,0.30042692693855483,0.23896296296296296,0.5777922077922077,0.19588039867109636,0.2913772659124983,0.24813504349108065,0.5838758825715347,0.37116161616161614,0.3052141816993076,0.197253446447508,0.039652660446801526,0.009476070829586866
rtc_157,0.6657142857142857,0.7073333333333334,0.431170456121767,0.4608638042326326,0.4371358213171349,0.5132728438346416,0.42857142857142855,0.4222222222222222,0.4619706380575946,0.30461447736989533,0.5932602339181287,0.5033333333333333,0.27752199722823956,0.21323456790123457,0.45389610389610385,0.2866666666666667,0.3215520910873234,0.16649913553938323,0.5932602339181287,0.5033333333333333,0.2731059788038851,0.19241876242329964,0.031595036482468156,0.01590789817951437
rtc_158,0.6885714285714286,0.7173333333333334,0.4753951393847138,0.5014571210034661,0.47767711962833914,0.5352551412289148,0.47619047619047616,0.47555555555555556,0.44922077922077924,0.36487394957983194,0.5781286549707603,0.4281393638536496,0.21398853405148213,0.23864026402640262,0.44922077922077924,0.36190476190476184,0.20137881608646224,0.20587833219412163,0.5634670008354219,0.4281393638536496,0.250016589954679,0.19598408973096879,0.03979510734621865,0.030838618778461273
rtc_159,0.722857142857143,0.7100000000000001,0.5039272853076693,0.47738973036291343,0.552878787878788,0.5242770424057344,0.47619047619047616,0.44222222222222224,0.5522943722943723,0.2758230734154127,0.5928449328449329,0.2688370520622042,0.2963860700702806,0.252,0.5238095238095238,0.25583610188261346,0.27095238095238094,0.20394435286076149,0.5897680097680098,0.22371100164203614,0.2320779029399719,0.2343722382737517,0.03292301991143029,0.026108095546424383
rtc_160,0.7071428571428571,0.698,0.408841702864369,0.41910018003837807,0.5156163539851695,0.49767760148656376,0.34285714285714286,0.3644444444444444,0.44649859943977593,0.4286541936235938,0.7245962732919254,0.41765077138849926,0.2387494376968061,0.28560860530497495,0.44649859943977593,0.3391805094130675,0.24458152958152954,0.31528822055137845,0.7245962732919254,0.3708064516129032,0.2506027641499539,0.2835589066458037,0.040801323117709384,0.02020305089104422
rtc_161,0.6900000000000001,0.6926666666666665,0.46208221260739435,0.45923144511557645,0.4756393039001735,0.4832838378135783,0.46190476190476193,0.4488888888888889,0.460742518351214,0.33249299719887954,0.6118633540372671,0.4528539850953644,0.2118786264152587,0.24323456790123457,0.4435064935064935,0.2829457364341085,0.2306126482213439,0.24434615951643818,0.6118633540372671,0.44089743589743585,0.2579518105385966,0.1983564352540459,0.03940669622824336,0.015386185163241448
rtc_162,0.6871428571428572,0.7013333333333334,0.4597519877528519,0.4583419823019178,0.4749986067572275,0.500068722013385,0.4523809523809524,0.4311111111111111,0.49443817052512706,0.3264187829354508,0.6092025518341309,0.46471633629528364,0.24650394645411255,0.23987654320987656,0.45779220779220775,0.2974307862679956,0.27404856013551665,0.21948990122364737,0.6092025518341309,0.45478424801005446,0.2815003522450331,0.18990108420730428,0.03554057204513612,0.014568627181693683
rtc_163,0.6842857142857144,0.714,0.46407042135839677,0.4974757150978276,0.47007891495372245,0.5284122787260651,0.4619047619047619,0.4733333333333333,0.44922077922077924,0.332720035382574,0.5781630546955625,0.41142010871334184,0.23328677966551722,0.23864026402640262,0.44922077922077924,0.32285714285714284,0.20496273841101428,0.21631887204642625,0.5635014005602241,0.4093733250876109,0.28091264730234927,0.20070811915972264,0.04318960015340146,0.03452298849598449
rtc_164,0.7185714285714286,0.7106666666666668,0.5035858427127056,0.4793558155114376,0.5396603970741902,0.524903411021159,0.4809523809523809,0.4444444444444445,0.5522943722943723,0.28383558074392545,0.5928449328449329,0.2688370520622042,0.30075114943535997,0.25446913580246916,0.5238095238095238,0.2604872646733111,0.28549783549783553,0.20730569739857665,0.5897680097680098,0.22371100164203614,0.2320779029399719,0.23506538676748664,0.03235557669401621,0.026572964625340388
rtc_165,0.7071428571428571,0.698,0.408841702864369,0.41910018003837807,0.5156163539851695,0.49767760148656376,0.34285714285714286,0.3644444444444444,0.44649859943977593,0.4286541936235938,0.7245962732919254,0.41765077138849926,0.2387494376968061,0.28560860530497495,0.44649859943977593,0.3391805094130675,0.24458152958152954,0.31528822055137845,0.7245962732919254,0.3708064516129032,0.2506027641499539,0.2835589066458037,0.04270541107474159,0.02020305089104422
rtc_166,0.6914285714285715,0.7113333333333334,0.46086973550616567,0.48119768468899027,0.4706758685350165,0.5247004161754725,0.4666666666666667,0.45999999999999996,0.5661255411255411,0.27473979065310333,0.6099618611746759,0.4716666666666667,0.24089432667156047,0.21390123456790122,0.5492207792207793,0.23904761904761904,0.25287878787878787,0.21773551525873502,0.5953002070393375,0.4716666666666667,0.2789405165979061,0.19143636979403406,0.038841261221734494,0.019897697538834466
rtc_167,0.7057142857142857,0.7153333333333333,0.48630482351412585,0.47751503281185553,0.5030540887683744,0.5375882357145911,0.480952380952381,0.44666666666666666,0.5661255411255411,0.2590194738182354,0.6186575133485888,0.4345887445887445,0.23497612206914537,0.2,0.5492207792207793,0.2230564784053156,0.23075091575091577,0.18577459692010775,0.6039958592132504,0.4345887445887445,0.28595674793043213,0.19955869050745165,0.035508792065982744,0.02089819834046829
rtc_168,0.7057142857142857,0.724,0.4797888081406301,0.5017114801580658,0.5017343922047754,0.55338683829183,0.4714285714285714,0.4688888888888889,0.5492207792207793,0.24233380990094933,0.6202627257799672,0.3465319865319865,0.25634974844277175,0.2011604938271605,0.5492207792207793,0.2238316722037652,0.22265960426380219,0.15726213930548297,0.6009523809523809,0.3294949494949495,0.28623891625615766,0.19902797891169985,0.035007282298465475,0.021852940772540543
rtc_169,0.7271428571428572,0.7106666666666668,0.5104274518078358,0.4753788380294404,0.5636655373611895,0.5253872020985656,0.4809523809523809,0.4377777777777778,0.5522943722943723,0.2745332551625301,0.6051325145442792,0.27564632122441457,0.2963860700702806,0.24646913580246915,0.5238095238095238,0.24547065337763008,0.26731601731601734,0.20146757267500298,0.6020555914673562,0.21784520077623526,0.22544176130383028,0.23598020000683198,0.03337100833975071,0.029760952365713793
rtc_170,0.7071428571428571,0.698,0.408841702864369,0.41910018003837807,0.5156163539851695,0.49767760148656376,0.34285714285714286,0.3644444444444444,0.44649859943977593,0.4286541936235938,0.7245962732919254,0.41765077138849926,0.2387494376968061,0.28560860530497495,0.44649859943977593,0.3391805094130675,0.24458152958152954,0.31528822055137845,0.7245962732919254,0.3708064516129032,0.2506027641499539,0.2835589066458037,0.040801323117709384,0.02020305089104422
rtc_171,0.6885714285714286,0.7053333333333334,0.43139789184092986,0.4433818157259773,0.46917095667095665,0.5168548842461886,0.40952380952380957,0.3977777777777778,0.4490981240981241,0.23454249353018158,0.5974242424242424,0.39119047619047614,0.23290652499954825,0.20132159882654932,0.43441558441558437,0.2244075304540421,0.24234487734487736,0.15105410585286747,0.5974242424242424,0.38849816849816843,0.25661383419447936,0.21159862497950904,0.03283840179437582,0.01470804305855287
rtc_172,0.6971428571428572,0.7193333333333334,0.4517940656569895,0.46929035714207645,0.48956494211813356,0.5503148476401232,0.4333333333333334,0.43111111111111117,0.5490981240981241,0.2331786561291925,0.6166149068322981,0.41692474192474194,0.25062743458092296,0.19802469135802467,0.5344155844155843,0.19869324473975633,0.2508730158730159,0.15534692345837856,0.6166149068322981,0.41081363081363076,0.26880161906000144,0.18981301292446803,0.030871708095681866,0.011605769149479953
rtc_173,0.7042857142857143,0.7180000000000001,0.4527399848290902,0.45997776861941303,0.5062791429499816,0.5475032958521892,0.41904761904761906,0.4044444444444445,0.43441558441558437,0.25008365335674715,0.62,0.36761904761904757,0.21906455301804142,0.2088082141547488,0.43441558441558437,0.2368106312292359,0.20112554112554112,0.16392317692627287,0.6185714285714285,0.3674867724867725,0.2528753517788954,0.22172648844822032,0.034339955722697345,0.01470804305855285
rtc_174,0.7171428571428573,0.7066666666666667,0.4888066850589176,0.46522308814146385,0.5353485647029621,0.5161091076788158,0.4523809523809524,0.42444444444444446,0.5586219336219336,0.2720265780730897,0.6342124542124542,0.2887235051500915,0.29521534021534024,0.23266275516440532,0.5487012987012987,0.2720265780730897,0.2964141414141414,0.13571763633683137,0.6195970695970696,0.2802380952380953,0.26174126960333854,0.20311056920237403,0.03259381584548486,0.016659862556700843
rtc_175,0.7071428571428571,0.698,0.408841702864369,0.41910018003837807,0.5156163539851695,0.49767760148656376,0.34285714285714286,0.3644444444444444,0.44649859943977593,0.4286541936235938,0.7245962732919254,0.41765077138849926,0.2387494376968061,0.28560860530497495,0.44649859943977593,0.3391805094130675,0.24458152958152954,0.31528822055137845,0.7245962732919254,0.3708064516129032,0.2506027641499539,0.2835589066458037,0.040801323117709384,0.02020305089104422
rtc_176,0.7042857142857143,0.7093333333333334,0.4619120240688869,0.4503628454345672,0.5075935029882398,0.5275969649934575,0.4333333333333333,0.40444444444444444,0.5772727272727273,0.3424856258292791,0.6396491228070176,0.36735930735930733,0.25189568684585295,0.27770370370370373,0.5772727272727273,0.259047619047619,0.24039525691699604,0.24658705587498156,0.6396491228070176,0.32395271395271397,0.2582081882081882,0.21054864998226464,0.03599581480902651,0.024578072191550386
rtc_177,0.7057142857142857,0.7153333333333334,0.45292529325105446,0.44524837525358435,0.5126711239849266,0.5419180462719788,0.41428571428571426,0.38666666666666666,0.47727272727272724,0.3344360902255639,0.6513165266106442,0.3969047619047619,0.22010499691562818,0.26728395061728394,0.47727272727272724,0.28380952380952384,0.22100131752305666,0.23853752027126637,0.6513165266106442,0.3530823680823681,0.24887574777929142,0.21490020162654436,0.03381146195206811,0.021852940772540543
rtc_178,0.7100000000000002,0.718,0.4561712483495118,0.454271017044766,0.5235722228860256,0.5497849227544716,0.41428571428571426,0.39555555555555555,0.47727272727272724,0.3449624060150376,0.6531813284754462,0.4033333333333333,0.2245669078061105,0.27528395061728395,0.47727272727272724,0.28952380952380957,0.22100131752305666,0.24906383606074006,0.6531813284754462,0.3924867724867725,0.24716877765126863,0.21995510884896552,0.03458655159618932,0.01840585532389305
rtc_179,0.7257142857142858,0.714,0.47719994797255555,0.4499536098439586,0.5643947006818595,0.5328389735395385,0.4238095238095238,0.39333333333333337,0.5772727272727273,0.32200967535116864,0.6552380952380952,0.35696969696969694,0.2669542298113726,0.26382716049382715,0.5772727272727273,0.27284606866002215,0.2376679841897233,0.17210673743181482,0.6552380952380952,0.3417187317187317,0.26342898487314337,0.20858929531398934,0.03334528861771204,0.01399708424447529
rtc_180,0.7071428571428571,0.698,0.408841702864369,0.41910018003837807,0.5156163539851695,0.49767760148656376,0.34285714285714286,0.3644444444444444,0.44649859943977593,0.4286541936235938,0.7245962732919254,0.41765077138849926,0.2387494376968061,0.28560860530497495,0.44649859943977593,0.3391805094130675,0.24458152958152954,0.31528822055137845,0.7245962732919254,0.3708064516129032,0.2506027641499539,0.2835589066458037,0.042994476228578604,0.02020305089104422
rtc_181,0.7057142857142857,0.7126666666666667,0.48338627467082756,0.45634309317049454,0.5177521903383973,0.5378764902604083,0.4714285714285714,0.4111111111111111,0.5654545454545454,0.35543269939554767,0.6033333333333334,0.3551820728291316,0.25803811855219444,0.2919012345679012,0.55,0.3022148394241418,0.26104460756634673,0.2343800678166003,0.6033333333333334,0.3306190476190476,0.21323809523809523,0.2056223870231797,0.038447486796160245,0.015252968931473296
rtc_182,0.7071428571428571,0.7173333333333334,0.4740526383084678,0.4505331999011446,0.5199900857795594,0.551476214572828,0.4523809523809524,0.3933333333333333,0.4618181818181818,0.3774288662833555,0.5896825396825396,0.38518207282913164,0.2391012414757825,0.2894814814814815,0.45,0.32697674418604655,0.25026538678712595,0.2321338104619838,0.5896825396825396,0.3583333333333333,0.20543066129273027,0.21375964192514046,0.037178043920305534,0.01498298354528788
rtc_183,0.7171428571428573,0.716,0.4934244149434023,0.46296168388781256,0.5396870554765292,0.5465507146810691,0.4714285714285714,0.4155555555555555,0.5618181818181818,0.3537520271266401,0.605921855921856,0.36851540616246503,0.23501960882272127,0.2839012345679012,0.55,0.2745957918050941,0.2359796725014116,0.23269939554769276,0.605921855921856,0.34484126984126984,0.20988488090824023,0.20313334257056564,0.036531845173849546,0.01840585532389305
rtc_184,0.722857142857143,0.7086666666666667,0.48956282792392053,0.4504207184201078,0.5557306865141156,0.5269858559090344,0.4571428571428572,0.4022222222222222,0.5681818181818181,0.382718423966894,0.621904761904762,0.3221950598421186,0.28822062442975194,0.3280246913580247,0.56,0.346578073089701,0.24312252964426878,0.23072386849476634,0.621904761904762,0.2985209235209235,0.21024937173956607,0.2111783733019589,0.034526913520995586,0.011428571428571427
rtc_185,0.7085714285714285,0.6953333333333334,0.42980085836209925,0.43153453074131926,0.5164008367437903,0.4899917184265011,0.37142857142857144,0.3866666666666667,0.4791723962312198,0.43673252899691095,0.6845962732919254,0.4257177768468091,0.25435092685092686,0.30958024691358027,0.4582633053221289,0.29266888150609077,0.28639971139971143,0.3539436827362524,0.6336871823828345,0.39362903225806456,0.2780203465675363,0.29705313725774085,0.04133649802271492,0.022314999074019015
rtc_186,0.7157142857142859,0.7186666666666667,0.485044183367805,0.46543057834283097,0.5354304954304954,0.5645132495536809,0.45714285714285713,0.40888888888888897,0.4958241758241758,0.2866489753796255,0.5946135831381734,0.2995321637426901,0.19956669981499497,0.27841975308641975,0.48428571428571426,0.22972314507198227,0.21569995222169136,0.23897980244729472,0.5541176470588235,0.2770738440303658,0.22699667127078707,0.20359130756133284,0.03160524067204225,0.022767682072156056
rtc_187,0.7114285714285715,0.728,0.46749272074591997,0.4633175423822541,0.5291086563500356,0.5930194248581953,0.4333333333333334,0.39111111111111113,0.39582417582417584,0.2769924812030075,0.672391360915951,0.29801701222753857,0.18051908076737594,0.26356435643564363,0.3842857142857143,0.2487707641196013,0.2085570950788342,0.22326270221007066,0.6318954248366012,0.2755586925152142,0.22141871428153975,0.2126998346931158,0.03160524067204225,0.018952141659173725
rtc_188,0.722857142857143,0.72,0.49804908891002403,0.46906076145531045,0.554110767539339,0.575915926179084,0.4761904761904763,0.4177777777777778,0.44582417582417583,0.30125768967874234,0.6247723132969034,0.30800311175492245,0.19738982906669564,0.2924434665688791,0.4342857142857143,0.2556810631229236,0.19557008209182122,0.2535885167464115,0.5842763772175538,0.2905659075224293,0.21345557448016464,0.1962127354132048,0.029613121302522936,0.024907993963089584
rtc_189,0.7157142857142859,0.7093333333333334,0.49485752791799165,0.48202791112716936,0.5354514268799982,0.5337451601382616,0.480952380952381,0.4533333333333333,0.5458241758241758,0.38561286938275924,0.588422035480859,0.3134542395744714,0.21929459097145756,0.3827901234567902,0.5342857142857143,0.3603986710963455,0.2237519002736394,0.3397759103641457,0.5331839402427638,0.2943936587186015,0.23600574712643674,0.22115701099577825,0.029373025026896205,0.026108095546424393
rtc_190,0.7157142857142859,0.694,0.4556082034258832,0.43123051045522115,0.5414569134779004,0.4896731812503499,0.40476190476190477,0.3888888888888889,0.4369977081741788,0.38919946926138876,0.6304212454212454,0.34855676119702733,0.21568942318942322,0.35012443466568877,0.3900280112044819,0.2962790697674419,0.2141269841269841,0.3581172181791377,0.5945238095238096,0.3157637272589552,0.2621764346764347,0.24727121341625158,0.03429871484934529,0.013850513878332363
rtc_191,0.7100000000000002,0.7186666666666666,0.47676568998170765,0.46952261175734655,0.5254121804121803,0.5518906479747014,0.4523809523809524,0.4177777777777778,0.48249084249084245,0.2883296476485331,0.6031746031746031,0.27895015316067945,0.21385241410070926,0.3030864197530865,0.47095238095238096,0.25162790697674414,0.2371285236502628,0.2739938080495356,0.5644444444444444,0.23596273291925463,0.2272852898735252,0.21972310002058287,0.0269969783563766,0.01840585532389305
rtc_192,0.7157142857142859,0.7153333333333333,0.4820189732837714,0.46188612003490903,0.537078847078847,0.5459815570656105,0.4523809523809524,0.40888888888888897,0.48249084249084245,0.2866489753796255,0.5920634920634921,0.2922834864940128,0.19956669981499497,0.29508641975308647,0.47095238095238096,0.22972314507198227,0.21569995222169136,0.27231313578062805,0.5533333333333333,0.249296066252588,0.22444658019610583,0.2122812395554666,0.0269969783563766,0.022767682072156056
rtc_193,0.7185714285714286,0.7186666666666666,0.4710794022499349,0.4482438393788299,0.551437390496214,0.5618906479747013,0.42857142857142866,0.3822222222222222,0.38249084249084253,0.27093187514240147,0.6222222222222221,0.3089501531606795,0.16881840049526708,0.2762706270627063,0.370952380952381,0.22234772978959025,0.1946609911827303,0.25659603554340393,0.5834920634920635,0.26596273291925465,0.21085137085137085,0.21329452859201145,0.028421798162223927,0.024159335036125388
rtc_194,0.7085714285714285,0.7133333333333333,0.45949014518218795,0.46215451110559896,0.5274438007526242,0.5406176227543077,0.4238095238095239,0.41111111111111115,0.48249084249084245,0.3599382176371161,0.5800488400488402,0.3216499582289056,0.190723162400029,0.35365432098765437,0.47095238095238096,0.3317165005537098,0.22284280936454853,0.3128114403656199,0.5242246642246642,0.2975682618932047,0.2336729936729937,0.22844363874112159,0.030522059924041917,0.02610809554642437
rtc_195,0.7200000000000001,0.696,0.44447727240425,0.401099746958615,0.5621649184149183,0.49118113912231554,0.38095238095238093,0.34888888888888886,0.4097142857142857,0.38715174953925047,0.6338095238095237,0.25437970813344196,0.1796937521937522,0.3620843417675101,0.38213852813852817,0.28228128460686597,0.19564213564213567,0.3490263090882286,0.6338095238095237,0.20605519480519482,0.24675245806824755,0.22771304146677532,0.041189394509750274,0.01228903609577518
rtc_196,0.7085714285714285,0.7106666666666668,0.42460548460548464,0.43116059300709636,0.5300595238095238,0.5214002417051198,0.36190476190476184,0.37333333333333335,0.429047619047619,0.33741330069359443,0.5823870573870574,0.2424031092223312,0.2521268868637289,0.2971358024691358,0.429047619047619,0.3023255813953488,0.21636363636363637,0.24042593113800542,0.5823870573870574,0.1806275685686568,0.25715608952451063,0.21492343442558326,0.02989795420282517,0.014568627181693666
rtc_197,0.7085714285714285,0.7106666666666668,0.42460548460548464,0.43116059300709636,0.5300595238095238,0.5214002417051198,0.36190476190476184,0.37333333333333335,0.429047619047619,0.33741330069359443,0.5823870573870574,0.2424031092223312,0.2521268868637289,0.2971358024691358,0.429047619047619,0.3023255813953488,0.21636363636363637,0.24042593113800542,0.5823870573870574,0.1806275685686568,0.25715608952451063,0.21492343442558326,0.02989795420282517,0.014568627181693666
rtc_198,0.7085714285714285,0.7106666666666668,0.42460548460548464,0.43116059300709636,0.5300595238095238,0.5214002417051198,0.36190476190476184,0.37333333333333335,0.429047619047619,0.33741330069359443,0.5823870573870574,0.2424031092223312,0.2521268868637289,0.2971358024691358,0.429047619047619,0.3023255813953488,0.21636363636363637,0.24042593113800542,0.5823870573870574,0.1806275685686568,0.25715608952451063,0.21492343442558326,0.027506832956130246,0.014568627181693666
rtc_199,0.7042857142857143,0.7086666666666666,0.36904992904992906,0.39473286092719034,0.541170634920635,0.5124716702765484,0.3190476190476191,0.33999999999999997,0.3833333333333333,0.31848225214198284,0.6900793650793651,0.28588137009189635,0.21753229226913437,0.2798024691358025,0.3833333333333333,0.3062015503875969,0.16953823953823957,0.2176189135941458,0.6900793650793651,0.2589805097451274,0.2417547657021341,0.21045648981569637,0.03177254637295178,0.010690449676496985
rtc_200,0.7028571428571428,0.7033333333333334,0.38480194480194474,0.4068550536351955,0.5401327838827839,0.5034525341668199,0.3476190476190476,0.3666666666666666,0.3866666666666666,0.3849041207670339,0.6971904761904762,0.30729551150603784,0.1787079587079587,0.36019753086419753,0.35909090909090907,0.2813953488372093,0.1828715728715729,0.342902711323764,0.6971904761904762,0.21093185550082097,0.24431886826623667,0.23268363935991915,0.03655846779310029,0.023299294900428702
rtc_201,0.6871428571428572,0.6726666666666666,0.48816161577861406,0.46107047908717425,0.4789352920383424,0.45525493679788276,0.5000000000000001,0.4688888888888888,0.44822808649151363,0.30964469998525723,0.5661256038647344,0.32302219412838873,0.25449189034431213,0.2598518518518519,0.42229640947288,0.27809523809523806,0.2559749670619236,0.26604747162022696,0.5661256038647344,0.2970634920634921,0.25482277927856345,0.23648572698093204,0.04134790156808239,0.005345224838248469
rtc_202,0.6914285714285713,0.6873333333333334,0.4732857220738157,0.46420702608680386,0.48847189964792054,0.48077759799572,0.4619047619047619,0.4533333333333333,0.4784285714285715,0.41938375350140056,0.6015010351966874,0.4184335839598997,0.2772554325373874,0.31372839506172845,0.4331904761904761,0.3578959025470653,0.3034243917002538,0.28304048892284184,0.600072463768116,0.4141297208538587,0.2408219014101367,0.23023908026861747,0.03814487476730642,0.021852940772540495
rtc_203,0.7000000000000001,0.7006666666666665,0.4776356542944161,0.46656562645796307,0.5074513071996394,0.5030926341828598,0.45714285714285713,0.44000000000000006,0.4444444444444445,0.4163832975050486,0.5604371584699452,0.4030730717483844,0.23776112111354286,0.23144163305219415,0.4404761904761905,0.40837209302325583,0.1668963603446362,0.2353477276077895,0.5543137254901961,0.3372009291521486,0.27163578063630944,0.24985149919605965,0.03837190889983265,0.040406101782088436
rtc_204,0.7142857142857144,0.7013333333333334,0.483730996576346,0.43943551255642194,0.529091429091429,0.5040733606098557,0.4523809523809524,0.3911111111111111,0.5677489177489178,0.2251489188086495,0.5709061905836099,0.27720573805279686,0.31747561563963034,0.1945498105366092,0.5677489177489178,0.2206201550387597,0.2654978354978355,0.1722152976022945,0.5678292675066868,0.21506508943955777,0.259658860316366,0.2629200237670826,0.030749314737442728,0.023904572186687897
rtc_205,0.7071428571428571,0.698,0.408841702864369,0.41910018003837807,0.5156163539851695,0.49767760148656376,0.34285714285714286,0.3644444444444444,0.44649859943977593,0.4286541936235938,0.7245962732919254,0.41765077138849926,0.2387494376968061,0.28560860530497495,0.44649859943977593,0.3391805094130675,0.24458152958152954,0.31528822055137845,0.7245962732919254,0.3708064516129032,0.2506027641499539,0.2835589066458037,0.04270541107474159,0.02020305089104422
rtc_206,0.6871428571428572,0.6886666666666666,0.475412551543139,0.466657848324515,0.47839275103980994,0.4810188511252341,0.4761904761904763,0.45777777777777773,0.4581507512095747,0.3238242665487247,0.6087301587301587,0.3520515266277978,0.2759945737074606,0.2583703703703704,0.4581507512095747,0.30261351052048724,0.28471687316514904,0.23531422138233285,0.6087301587301587,0.3185592185592186,0.2528878543900791,0.2130464091132087,0.045262664344658386,0.009476070829586859
rtc_207,0.687142857142857,0.6893333333333332,0.46503745407233466,0.4636558644248071,0.4797589124476345,0.4833719356908757,0.45714285714285713,0.4488888888888889,0.46642857142857147,0.3665546218487395,0.596218487394958,0.413735632183908,0.2934034549701624,0.27602469135802477,0.4521428571428571,0.3419047619047619,0.31470965815793406,0.21697291356734083,0.596218487394958,0.3277777777777778,0.2365727877992029,0.2142800639246122,0.033083619007420836,0.017728105208558404
rtc_208,0.6985714285714286,0.7033333333333334,0.47861627566974335,0.4681738751393857,0.5034476261575925,0.5103911006962714,0.4619047619047619,0.4377777777777778,0.4471428571428572,0.461344537815126,0.5411111111111111,0.4260535325241207,0.2370141300094089,0.25485295196186286,0.4471428571428572,0.4533333333333333,0.17742927570513775,0.23215793494431264,0.5255555555555556,0.3804813524325719,0.26970144797731,0.24986462637946238,0.041924191311985284,0.039227229193559934
rtc_209,0.7171428571428573,0.7060000000000001,0.4889258017711512,0.45469536729163096,0.5348057148057148,0.5129448544128563,0.45714285714285713,0.41111111111111115,0.5677489177489178,0.22034792864514224,0.5769667966442159,0.2720703505644682,0.31747561563963034,0.20710939982887178,0.5677489177489178,0.21165005537098555,0.2654978354978355,0.19174674654550813,0.5738898735672928,0.21060272384815995,0.2589420144382298,0.257784636278754,0.031125697417589932,0.02695423180587602
rtc_210,0.7071428571428571,0.698,0.408841702864369,0.41910018003837807,0.5156163539851695,0.49767760148656376,0.34285714285714286,0.3644444444444444,0.44649859943977593,0.4286541936235938,0.7245962732919254,0.41765077138849926,0.2387494376968061,0.28560860530497495,0.44649859943977593,0.3391805094130675,0.24458152958152954,0.31528822055137845,0.7245962732919254,0.3708064516129032,0.2506027641499539,0.2835589066458037,0.041090388271546416,0.02020305089104422
rtc_211,0.7,0.6886666666666666,0.4969064994759669,0.4762703388083985,0.5022540392649832,0.4805868530156944,0.49523809523809526,0.47555555555555556,0.4726493506493507,0.3705373058314235,0.619843137254902,0.44011005977194023,0.25598753129484025,0.26869135802469135,0.4726493506493507,0.34476190476190477,0.25357142857142856,0.27888169621915754,0.619843137254902,0.39761904761904765,0.2488706859063504,0.22372482113747197,0.04218335541548228,0.015649215928719026
rtc_212,0.7085714285714285,0.688,0.4880403529699304,0.45566202833167324,0.5193045896286757,0.48022390931910997,0.4666666666666667,0.4355555555555556,0.4828364389233954,0.4015686274509804,0.6216880341880342,0.46016372516372517,0.25018956476291676,0.27093827160493833,0.4652380952380952,0.3780952380952381,0.25097496706192357,0.24444399769477165,0.6216880341880342,0.38573352573352576,0.23402150537634406,0.21910047404916808,0.03494530809512573,0.015907898179514345
rtc_213,0.7000000000000001,0.6960000000000001,0.4776356542944161,0.4604696552617373,0.5074513071996394,0.49532540141562703,0.45714285714285713,0.43555555555555553,0.4444444444444445,0.4163832975050486,0.5657003163646822,0.4030730717483844,0.24184275376660408,0.23144163305219415,0.4404761904761905,0.40837209302325583,0.1668963603446362,0.2353477276077895,0.5595768833849328,0.3372009291521486,0.26733470536749226,0.25806405958253303,0.039907061550634705,0.040406101782088436
rtc_214,0.7214285714285715,0.704,0.4952288763606708,0.45024199133060494,0.5442237042237041,0.5088152681521226,0.4619047619047619,0.40666666666666673,0.5677489177489178,0.21076648841354723,0.5903654894546735,0.27382028216501536,0.31588831405232876,0.1966402640264026,0.5677489177489178,0.2012846068660022,0.2618614718614719,0.18216530631391312,0.5872885663777504,0.2041712038717483,0.2524747283367973,0.2595345678793011,0.0320071605245413,0.02962348764761103
rtc_215,0.7071428571428571,0.698,0.408841702864369,0.41910018003837807,0.5156163539851695,0.49767760148656376,0.34285714285714286,0.3644444444444444,0.44649859943977593,0.4286541936235938,0.7245962732919254,0.41765077138849926,0.2387494376968061,0.28560860530497495,0.44649859943977593,0.3391805094130675,0.24458152958152954,0.31528822055137845,0.7245962732919254,0.3708064516129032,0.2506027641499539,0.2835589066458037,0.040994732016220045,0.02020305089104422
rtc_216,0.7128571428571429,0.6953333333333334,0.5094355466448489,0.4654241123513677,0.5252994227994228,0.4933698007365158,0.5047619047619047,0.4444444444444445,0.417008658008658,0.37865285649143376,0.6084711779448622,0.48308930316994825,0.21731241117104033,0.22951961862852954,0.3882857142857143,0.34994462901439644,0.22508658008658008,0.2634460482757697,0.5938095238095238,0.45648673906738424,0.2013343720983789,0.24262815304238744,0.04044555460412479,0.01456862718169367
rtc_217,0.7171428571428573,0.7013333333333334,0.5116845363938387,0.46671270509105434,0.535974025974026,0.5051821514959529,0.5,0.4377777777777778,0.4167289377289377,0.37632727509608493,0.6084711779448622,0.4658333333333333,0.1990229374868298,0.23419753086419756,0.3746493506493506,0.3419047619047619,0.22117049617049617,0.2474233712623805,0.5938095238095238,0.44523809523809516,0.23648588724989406,0.23508575055366504,0.036111229191922715,0.019483116709979823
rtc_218,0.7228571428571429,0.7153333333333334,0.5015769059763363,0.48013990188978023,0.5393003295717895,0.5326875331782909,0.47619047619047616,0.44000000000000006,0.4760779220779221,0.2666717596129361,0.6171742051052396,0.3345773933040487,0.21597247951287118,0.2100909424275761,0.4760779220779221,0.2638095238095238,0.1570313977210529,0.1889898543149317,0.5844155844155844,0.2803703703703704,0.25966452180608257,0.24308103087018623,0.03449352947694675,0.03175158681556125
rtc_219,0.7157142857142859,0.7020000000000001,0.4848392659710605,0.4383479383570917,0.5327951327951328,0.5050258650669448,0.4523809523809524,0.3888888888888889,0.5677489177489178,0.2189288231148696,0.5764617461391655,0.2769948853396185,0.31588831405232876,0.18901894633907834,0.5677489177489178,0.21596899224806201,0.2618614718614719,0.16935654644632972,0.5733848230622425,0.21750453720508167,0.2563661773895367,0.2627091710539043,0.032875930498999596,0.022767682072156063
rtc_220,0.7071428571428571,0.698,0.408841702864369,0.41910018003837807,0.5156163539851695,0.49767760148656376,0.34285714285714286,0.3644444444444444,0.44649859943977593,0.4286541936235938,0.7245962732919254,0.41765077138849926,0.2387494376968061,0.28560860530497495,0.44649859943977593,0.3391805094130675,0.24458152958152954,0.31528822055137845,0.7245962732919254,0.3708064516129032,0.2506027641499539,0.2835589066458037,0.04256830705145136,0.02020305089104422
rtc_221,0.7028571428571428,0.6986666666666667,0.4761910411718356,0.4545608605953434,0.5057158457158457,0.4991919191919192,0.4523809523809524,0.42000000000000004,0.4393520923520923,0.3051052640929522,0.6002450980392158,0.37306868557724043,0.21692427174154752,0.27037868231267576,0.42784415584415586,0.3015503875968992,0.21735209235209235,0.2159891707879324,0.6002450980392158,0.3541543513957307,0.23706631187000388,0.2031317016495179,0.035115673633251,0.013997084244475298
rtc_222,0.7114285714285715,0.708,0.47520794469468763,0.4547073016815769,0.5244920873953132,0.5188573533169977,0.43809523809523815,0.4066666666666666,0.4393520923520923,0.2696387904221441,0.6250902890800589,0.37241943241943243,0.20976074036705267,0.23910475491993646,0.42784415584415586,0.2594462901439646,0.2100793650793651,0.18320667980110705,0.6250902890800589,0.34977923736544425,0.23862772128225354,0.20680940687631688,0.03171589626782483,0.01895214165917371
rtc_223,0.7142857142857144,0.7173333333333334,0.4654335721101126,0.45381831941739775,0.5322477650063857,0.5445368349407517,0.41904761904761906,0.3933333333333333,0.43441558441558437,0.3121594684385382,0.65,0.38182194616977216,0.20381975813038938,0.2224862486248625,0.43441558441558437,0.3121594684385382,0.16779220779220777,0.1857973811534183,0.6485714285714286,0.3528571428571428,0.25193188979395875,0.2531714915646469,0.03316035969821969,0.023035022137995846
rtc_224,0.7142857142857144,0.704,0.4753523012595351,0.4466264389821548,0.5283389286235586,0.508829447150984,0.4333333333333333,0.4,0.6086219336219336,0.2948605128042093,0.5773100973100973,0.35149350649350647,0.3242205081739966,0.19543454345434547,0.5987012987012987,0.2942635658914729,0.27641414141414145,0.12998405103668262,0.5626947126947127,0.3211904761904762,0.2777804823827891,0.2153275405906375,0.030434329870906045,0.01498298354528789
rtc_225,0.7071428571428571,0.698,0.408841702864369,0.41910018003837807,0.5156163539851695,0.49767760148656376,0.34285714285714286,0.3644444444444444,0.44649859943977593,0.4286541936235938,0.7245962732919254,0.41765077138849926,0.2387494376968061,0.28560860530497495,0.44649859943977593,0.3391805094130675,0.24458152958152954,0.31528822055137845,0.7245962732919254,0.3708064516129032,0.2506027641499539,0.2835589066458037,0.04270541107474159,0.02020305089104422
rtc_226,0.7114285714285715,0.7026666666666667,0.47110851465678694,0.4365499823543143,0.5265661136249371,0.5146747412580055,0.4333333333333333,0.3888888888888889,0.46870129870129873,0.3560902255639098,0.627843137254902,0.3180952380952381,0.2221632155519199,0.29756924581347033,0.46870129870129873,0.34380952380952384,0.21130434782608692,0.24416924664602685,0.627843137254902,0.2949206349206349,0.23418911620592295,0.2241339985744833,0.03553741361539627,0.011605769149479937
rtc_227,0.7157142857142857,0.7046666666666667,0.4797326737167249,0.43903594058567547,0.5327680652680652,0.5184762254934145,0.4428571428571429,0.38888888888888895,0.4787012987012987,0.4151378446115288,0.6375066454013822,0.35809523809523813,0.22613913995973797,0.32528395061728405,0.4787012987012987,0.40285714285714286,0.22857707509881423,0.26502486161928884,0.6375066454013822,0.3344761904761905,0.23672903053230926,0.22946943668149228,0.033763277498293436,0.006998542122237628
rtc_228,0.7171428571428573,0.7106666666666668,0.4678191077108881,0.4386682599516326,0.5397126099706745,0.5308847724613104,0.41904761904761906,0.38000000000000006,0.47727272727272724,0.4333333333333333,0.6361883214824391,0.46880952380952384,0.22068832607038588,0.31133675589781207,0.47727272727272724,0.4333333333333333,0.19494071146245057,0.2857585139318885,0.6361883214824391,0.46880952380952384,0.24577505525002746,0.25412255935836686,0.03395074639514134,0.02099562636671296
rtc_229,0.7171428571428572,0.7046666666666667,0.46464603523749376,0.4276341869767756,0.5405890010051919,0.5138725933194269,0.41428571428571426,0.36888888888888893,0.5772727272727273,0.3351052048726468,0.6350063661828368,0.4274458874458874,0.26642425037773876,0.23851216232734385,0.5772727272727273,0.3351052048726468,0.23507058159232072,0.18049669628616996,0.6350063661828368,0.4274458874458874,0.2704607534838594,0.2351002996202693,0.032729581334560456,0.0124539969815448
rtc_230,0.7071428571428571,0.698,0.408841702864369,0.41910018003837807,0.5156163539851695,0.49767760148656376,0.34285714285714286,0.3644444444444444,0.44649859943977593,0.4286541936235938,0.7245962732919254,0.41765077138849926,0.2387494376968061,0.28560860530497495,0.44649859943977593,0.3391805094130675,0.24458152958152954,0.31528822055137845,0.7245962732919254,0.3708064516129032,0.2506027641499539,0.2835589066458037,0.042898819973252234,0.02020305089104422
rtc_231,0.7257142857142858,0.7033333333333333,0.5032891465603047,0.4378374560520342,0.5628904428904429,0.5247291812238418,0.47619047619047616,0.39333333333333337,0.46324675324675324,0.3931933115963644,0.6052548036758563,0.33838986503692386,0.2365667282825003,0.323679012345679,0.4514285714285714,0.3573643410852713,0.21494071146245058,0.24629220109096267,0.6052548036758563,0.3137265745007681,0.18108726053759805,0.20024773560187156,0.03883249492914973,0.017261494247992226
rtc_232,0.7242857142857143,0.7100000000000001,0.5015664771319438,0.4482316362870515,0.5543781905072227,0.5393243537868168,0.47619047619047616,0.4,0.45961038961038964,0.3690255049388177,0.6695872033023736,0.32144907022751595,0.23703461311085022,0.31681481481481477,0.4514285714285714,0.32868217054263565,0.22520045172219083,0.24797287335987023,0.6695872033023736,0.2883932411674347,0.18811130757288252,0.2008794322665736,0.03703733507644437,0.00857142857142857
rtc_233,0.7257142857142858,0.71,0.4911169598963026,0.42821263126436254,0.5658168778858435,0.5380605919903763,0.4523809523809524,0.3711111111111111,0.4581818181818182,0.4170529607191714,0.608095238095238,0.42237254901960786,0.22954252325165073,0.28787043148759317,0.45,0.404031007751938,0.19130434782608696,0.24629220109096267,0.608095238095238,0.41695238095238096,0.1969814634317677,0.23345676815123392,0.03646427944522517,0.021476137683389872
rtc_234,0.7257142857142858,0.7033333333333334,0.4840716530264343,0.4246119314873898,0.5648639577163522,0.5171662759031189,0.4428571428571429,0.3711111111111111,0.5681818181818181,0.40657807308970095,0.621904761904762,0.3983855360325948,0.28822062442975194,0.3002161104999389,0.56,0.40657807308970095,0.22312252964426876,0.23072386849476634,0.621904761904762,0.3929653679653679,0.21024937173956607,0.23767187979546542,0.03417959337977986,0.012453996981544787
rtc_235,0.7085714285714285,0.6953333333333334,0.42980085836209925,0.43153453074131926,0.5164008367437903,0.4899917184265011,0.37142857142857144,0.3866666666666667,0.4791723962312198,0.43673252899691095,0.6845962732919254,0.4257177768468091,0.25435092685092686,0.30958024691358027,0.4582633053221289,0.29266888150609077,0.28639971139971143,0.3539436827362524,0.6336871823828345,0.39362903225806456,0.2780203465675363,0.29705313725774085,0.04133649802271492,0.022314999074019015
rtc_236,0.712857142857143,0.7173333333333334,0.47426985106643144,0.4576618870130266,0.5322294372294372,0.5606602403807373,0.44761904761904764,0.4022222222222222,0.49106227106227107,0.3178534571723426,0.6176905062150964,0.295921052631579,0.2053252823177635,0.29441975308641977,0.4795238095238095,0.28115171650055365,0.2371285236502628,0.24066047471620228,0.5771945701357466,0.2734627329192546,0.2298353809482064,0.20620357579770204,0.03160524067204225,0.016536909861128903
rtc_237,0.712857142857143,0.7200000000000001,0.47426985106643144,0.4596937527384394,0.5322294372294372,0.5649239914428275,0.44761904761904764,0.4022222222222222,0.49106227106227107,0.3178534571723426,0.6176905062150964,0.295921052631579,0.2053252823177635,0.29441975308641977,0.4795238095238095,0.28115171650055365,0.2371285236502628,0.24066047471620228,0.5771945701357466,0.2734627329192546,0.2298353809482064,0.20620357579770204,0.03160524067204225,0.016536909861128903
rtc_238,0.722857142857143,0.72,0.49804908891002403,0.46906076145531045,0.554110767539339,0.575915926179084,0.4761904761904763,0.4177777777777778,0.44582417582417583,0.30125768967874234,0.6247723132969034,0.30800311175492245,0.19738982906669564,0.2924434665688791,0.4342857142857143,0.2556810631229236,0.19557008209182122,0.2535885167464115,0.5842763772175538,0.2905659075224293,0.21345557448016464,0.1962127354132048,0.029135417818763172,0.024907993963089584
rtc_239,0.7157142857142859,0.7093333333333334,0.49485752791799165,0.48202791112716936,0.5354514268799982,0.5337451601382616,0.480952380952381,0.4533333333333333,0.5458241758241758,0.38561286938275924,0.588422035480859,0.3134542395744714,0.21929459097145756,0.3827901234567902,0.5342857142857143,0.3603986710963455,0.2237519002736394,0.3397759103641457,0.5331839402427638,0.2943936587186015,0.23600574712643674,0.22115701099577825,0.029373025026896205,0.026108095546424393
rtc_240,0.7157142857142859,0.694,0.4556082034258832,0.43123051045522115,0.5414569134779004,0.4896731812503499,0.40476190476190477,0.3888888888888889,0.4369977081741788,0.38919946926138876,0.6304212454212454,0.34855676119702733,0.21568942318942322,0.35012443466568877,0.3900280112044819,0.2962790697674419,0.2141269841269841,0.3581172181791377,0.5945238095238096,0.3157637272589552,0.2621764346764347,0.24727121341625158,0.03429871484934529,0.013850513878332363
rtc_241,0.7100000000000002,0.7186666666666666,0.47676568998170765,0.46952261175734655,0.5254121804121803,0.5518906479747014,0.4523809523809524,0.4177777777777778,0.48249084249084245,0.2883296476485331,0.6031746031746031,0.27895015316067945,0.21385241410070926,0.3030864197530865,0.47095238095238096,0.25162790697674414,0.2371285236502628,0.2739938080495356,0.5644444444444444,0.23596273291925463,0.2272852898735252,0.21972310002058287,0.0269969783563766,0.01840585532389305
rtc_242,0.7100000000000002,0.7186666666666666,0.47676568998170765,0.46952261175734655,0.5254121804121803,0.5518906479747014,0.4523809523809524,0.4177777777777778,0.48249084249084245,0.2883296476485331,0.6031746031746031,0.27895015316067945,0.21385241410070926,0.3030864197530865,0.47095238095238096,0.25162790697674414,0.2371285236502628,0.2739938080495356,0.5644444444444444,0.23596273291925463,0.2272852898735252,0.21972310002058287,0.0269969783563766,0.01840585532389305
rtc_243,0.712857142857143,0.7219999999999999,0.4656978592606559,0.45774121834891934,0.5337822180824209,0.5702239813080348,0.42857142857142866,0.39111111111111113,0.38249084249084253,0.2769924812030075,0.6793650793650793,0.2907683349788613,0.1764374481143147,0.28023102310231024,0.370952380952381,0.2487707641196013,0.2085570950788342,0.25659603554340393,0.6406349206349207,0.24778091473743644,0.21718795093795099,0.22138976668724952,0.028421798162223927,0.01884415136896133
rtc_244,0.7085714285714285,0.7133333333333333,0.45949014518218795,0.46215451110559896,0.5274438007526242,0.5406176227543077,0.4238095238095239,0.41111111111111115,0.48249084249084245,0.3599382176371161,0.5800488400488402,0.3216499582289056,0.190723162400029,0.35365432098765437,0.47095238095238096,0.3317165005537098,0.22284280936454853,0.3128114403656199,0.5242246642246642,0.2975682618932047,0.2336729936729937,0.22844363874112159,0.030522059924041917,0.02610809554642437
rtc_245,0.7200000000000001,0.696,0.44447727240425,0.401099746958615,0.5621649184149183,0.49118113912231554,0.38095238095238093,0.34888888888888886,0.4097142857142857,0.38715174953925047,0.6338095238095237,0.25437970813344196,0.1796937521937522,0.3620843417675101,0.38213852813852817,0.28228128460686597,0.19564213564213567,0.3490263090882286,0.6338095238095237,0.20605519480519482,0.24675245806824755,0.22771304146677532,0.041189394509750274,0.01228903609577518
rtc_246,0.7085714285714285,0.7106666666666668,0.42460548460548464,0.43116059300709636,0.5300595238095238,0.5214002417051198,0.36190476190476184,0.37333333333333335,0.429047619047619,0.33741330069359443,0.5823870573870574,0.2424031092223312,0.2521268868637289,0.2971358024691358,0.429047619047619,0.3023255813953488,0.21636363636363637,0.24042593113800542,0.5823870573870574,0.1806275685686568,0.25715608952451063,0.21492343442558326,0.02989795420282517,0.014568627181693666
rtc_247,0.7085714285714285,0.7106666666666668,0.42460548460548464,0.43116059300709636,0.5300595238095238,0.5214002417051198,0.36190476190476184,0.37333333333333335,0.429047619047619,0.33741330069359443,0.5823870573870574,0.2424031092223312,0.2521268868637289,0.2971358024691358,0.429047619047619,0.3023255813953488,0.21636363636363637,0.24042593113800542,0.5823870573870574,0.1806275685686568,0.25715608952451063,0.21492343442558326,0.02989795420282517,0.014568627181693666
rtc_248,0.7085714285714285,0.7106666666666668,0.42460548460548464,0.43116059300709636,0.5300595238095238,0.5214002417051198,0.36190476190476184,0.37333333333333335,0.429047619047619,0.33741330069359443,0.5823870573870574,0.2424031092223312,0.2521268868637289,0.2971358024691358,0.429047619047619,0.3023255813953488,0.21636363636363637,0.24042593113800542,0.5823870573870574,0.1806275685686568,0.25715608952451063,0.21492343442558326,0.027506832956130246,0.014568627181693666
rtc_249,0.7042857142857143,0.7086666666666666,0.36904992904992906,0.39473286092719034,0.541170634920635,0.5124716702765484,0.3190476190476191,0.33999999999999997,0.3833333333333333,0.31848225214198284,0.6900793650793651,0.28588137009189635,0.21753229226913437,0.2798024691358025,0.3833333333333333,0.3062015503875969,0.16953823953823957,0.2176189135941458,0.6900793650793651,0.2589805097451274,0.2417547657021341,0.21045648981569637,0.03177254637295178,0.010690449676496985
rtc_250,0.7028571428571428,0.7033333333333334,0.38480194480194474,0.4068550536351955,0.5401327838827839,0.5034525341668199,0.3476190476190476,0.3666666666666666,0.3866666666666666,0.3849041207670339,0.6971904761904762,0.30729551150603784,0.1787079587079587,0.36019753086419753,0.35909090909090907,0.2813953488372093,0.1828715728715729,0.342902711323764,0.6971904761904762,0.21093185550082097,0.24431886826623667,0.23268363935991915,0.03655846779310029,0.023299294900428702
rtc_251,0.6657142857142857,0.6653333333333333,0.4339326720512493,0.44065944953309116,0.4404579445277119,0.44155300188683533,0.42857142857142855,0.43999999999999995,0.46590476190476193,0.3145456664918109,0.6039999999999999,0.3555555555555555,0.2743540792290574,0.1914005622784501,0.46590476190476193,0.29173864894795126,0.28552746354095676,0.19143178802621524,0.6039999999999999,0.3555555555555555,0.22972690493201328,0.23682209946915833,0.042606654256495964,0.026496052844273456
rtc_252,0.6628571428571428,0.6866666666666668,0.3964688545886301,0.441864933235134,0.42767943288814425,0.4748116883116883,0.37142857142857144,0.4133333333333334,0.4624761904761906,0.2658791363435326,0.5601680672268907,0.38190476190476186,0.27094400965357424,0.22912455690013447,0.4624761904761906,0.24644518272425248,0.3058595044801941,0.2023615187701875,0.5601680672268907,0.38190476190476186,0.23972048784548788,0.19474243934862084,0.04085891146060058,0.02610809554642437
rtc_253,0.7057142857142857,0.6973333333333334,0.47102692101978966,0.4540853317482588,0.5135746828284461,0.49581833793895597,0.43809523809523815,0.4222222222222222,0.44346320346320345,0.4504761904761905,0.5694206958145578,0.43290998217468807,0.21212893166556396,0.20806087275394206,0.42194805194805196,0.4504761904761905,0.15958799820868785,0.15821773685550772,0.5084683148621767,0.3453354053354053,0.26829859656472566,0.24532207733786823,0.03904975409298729,0.03763411392091284
rtc_254,0.712857142857143,0.6986666666666667,0.4804677022324081,0.4351810136399975,0.5278055278055278,0.4968723456908388,0.44761904761904764,0.38888888888888895,0.5586580086580086,0.22047921071176885,0.5771291543705337,0.2769948853396185,0.31224389645442274,0.19025351424031292,0.5586580086580086,0.21751937984496122,0.27822510822510826,0.1659952019085146,0.5740522312936107,0.22236372819330485,0.2563661773895367,0.2627091710539043,0.031940053466502236,0.026108095546424386
rtc_255,0.7071428571428571,0.698,0.408841702864369,0.41910018003837807,0.5156163539851695,0.49767760148656376,0.34285714285714286,0.3644444444444444,0.44649859943977593,0.4286541936235938,0.7245962732919254,0.41765077138849926,0.2387494376968061,0.28560860530497495,0.44649859943977593,0.3391805094130675,0.24458152958152954,0.31528822055137845,0.7245962732919254,0.3708064516129032,0.2506027641499539,0.2835589066458037,0.04270541107474159,0.02020305089104422
rtc_256,0.6785714285714285,0.696,0.44035101638477164,0.46149483953949194,0.4620311745311745,0.49364572717513894,0.4238095238095238,0.4355555555555556,0.60008658008658,0.28035087719298246,0.5911637382225617,0.40975579975579973,0.3160418680229836,0.22609192030314146,0.5934199134199133,0.2733333333333333,0.28751729113798075,0.21262782625011725,0.5911637382225617,0.3861141636141636,0.22669726107226112,0.22619161324346654,0.04480028855170467,0.013552618543578764
rtc_257,0.6757142857142856,0.6940000000000001,0.4225589144407709,0.4445850989804135,0.45495801495801497,0.4878146999761565,0.3952380952380953,0.40888888888888886,0.48933333333333334,0.3119842947749925,0.590828012567143,0.3965020604395605,0.28194166735520115,0.22108813103532574,0.48933333333333334,0.29683277962347726,0.2955921855921856,0.17661801562730356,0.590828012567143,0.3834199525964232,0.21606707451974022,0.1989502663344733,0.034277400645147074,0.013997084244475308
rtc_258,0.7071428571428572,0.7033333333333334,0.4753371320037987,0.4644371115877468,0.5153261358524516,0.507931387608807,0.4428571428571429,0.4311111111111111,0.4628571428571429,0.4372112098427888,0.5443211854773546,0.4400307422046552,0.22497028413097656,0.20855958929226256,0.4628571428571429,0.4228571428571429,0.16918962263789852,0.16466567488239314,0.47715858273133815,0.3765386787125917,0.2843971329217231,0.233206688827092,0.041648313827804886,0.030639443699324597
rtc_259,0.7200000000000001,0.7040000000000001,0.48538239538239536,0.44924358946364196,0.5478055278055278,0.5071473482657692,0.44761904761904764,0.40666666666666673,0.5586580086580086,0.21606019151846784,0.5831897604311398,0.2713309566250743,0.31224389645442274,0.20281310353257548,0.5586580086580086,0.20544850498338868,0.2636796536796537,0.1859086218219345,0.5801128373542167,0.21790136260190707,0.25564933151140046,0.25704524233936,0.03168068479502439,0.0279941684889506
rtc_260,0.7071428571428571,0.698,0.408841702864369,0.41910018003837807,0.5156163539851695,0.49767760148656376,0.34285714285714286,0.3644444444444444,0.44649859943977593,0.4286541936235938,0.7245962732919254,0.41765077138849926,0.2387494376968061,0.28560860530497495,0.44649859943977593,0.3391805094130675,0.24458152958152954,0.31528822055137845,0.7245962732919254,0.3708064516129032,0.2506027641499539,0.2835589066458037,0.040994732016220045,0.02020305089104422
rtc_261,0.6971428571428572,0.6839999999999999,0.464195393831505,0.4479485353463419,0.49382953310989297,0.47273447309958466,0.4428571428571429,0.428888888888889,0.4859047619047619,0.4097478991596638,0.5997101449275362,0.4773598802631061,0.26964802702300517,0.2479190807969686,0.4859047619047619,0.37047619047619046,0.22112648221343872,0.2475439936740246,0.5997101449275362,0.4530531456847246,0.22513829939826144,0.22589752475865774,0.042248943470763974,0.019483116709979802
rtc_262,0.7100000000000002,0.6886666666666666,0.4759260267093703,0.4454166679230772,0.5218567034853423,0.4783742945477744,0.4428571428571429,0.4177777777777778,0.5025714285714286,0.3654901960784314,0.6193884546825723,0.416331708536433,0.25999507671128586,0.21320816526097058,0.5025714285714286,0.3140863787375415,0.24477783086478738,0.21037218715237294,0.6193884546825723,0.3904761904761905,0.24250430690409538,0.21226057934335252,0.03305048986386046,0.017261494247992264
rtc_263,0.7157142857142857,0.6906666666666668,0.4976746072573923,0.4452957531210321,0.5363560254482985,0.4822349338403197,0.4666666666666667,0.4155555555555555,0.4928571428571429,0.39980066445182727,0.6457522994942809,0.4499838383838384,0.2451429685893753,0.1925830583058306,0.4928571428571429,0.39980066445182727,0.16881344708930915,0.19397558066288717,0.5785896967482644,0.41330876330876337,0.2732216417462319,0.23193520213848084,0.040649964052000914,0.036811710647786065
rtc_264,0.7157142857142859,0.7,0.478997113997114,0.4361900226490065,0.536896436896437,0.5000907364954366,0.4428571428571429,0.38888888888888895,0.5586580086580086,0.22669930640554875,0.5715735988149782,0.27665573805279686,0.31224389645442274,0.19825351424031293,0.5586580086580086,0.21751937984496122,0.2673160173160173,0.1722152976022945,0.5684966757380551,0.2180809624554308,0.259658860316366,0.26237002376708257,0.031009085799325254,0.025314350209527648
rtc_265,0.7071428571428571,0.698,0.408841702864369,0.41910018003837807,0.5156163539851695,0.49767760148656376,0.34285714285714286,0.3644444444444444,0.44649859943977593,0.4286541936235938,0.7245962732919254,0.41765077138849926,0.2387494376968061,0.28560860530497495,0.44649859943977593,0.3391805094130675,0.24458152958152954,0.31528822055137845,0.7245962732919254,0.3708064516129032,0.2506027641499539,0.2835589066458037,0.040801323117709384,0.02020305089104422
rtc_266,0.7057142857142857,0.7006666666666667,0.46614331882773613,0.44778333665219305,0.5060360360360361,0.5086085401132692,0.4428571428571429,0.4066666666666666,0.40903663003663004,0.40857142857142864,0.5859742141916054,0.5287980030721966,0.21578219176444388,0.23955897812003418,0.40161904761904754,0.40857142857142864,0.2236080586080586,0.21479768941069252,0.5629222661396576,0.5082027649769585,0.22301040357491972,0.2189725044756848,0.03803075958983544,0.01989769753883447
rtc_267,0.71,0.7046666666666667,0.47031694025975035,0.4513665347838173,0.515349487418453,0.5149915656204964,0.4428571428571428,0.4066666666666666,0.40903663003663004,0.38857142857142857,0.5874458874458875,0.48288961038961037,0.1938711641955216,0.22546021268793542,0.36828571428571427,0.38857142857142857,0.23075091575091577,0.1816372482007157,0.5643939393939394,0.43260159195643066,0.25526981639050605,0.20997536280678125,0.03265649074556837,0.022406267344797347
rtc_268,0.7242857142857143,0.7066666666666667,0.48297924297924294,0.4607144352389227,0.5414605353964621,0.5137020459450545,0.4428571428571428,0.42000000000000004,0.4397142857142858,0.3274197120708749,0.6694252873563218,0.43432948074473143,0.22305514830606626,0.20350323921281016,0.4397142857142858,0.3274197120708749,0.1667155067155067,0.20969536139814776,0.6366666666666666,0.40560846560846564,0.2669669123979469,0.25803688407915093,0.03148004648206393,0.03768830273792264
rtc_269,0.7171428571428573,0.7006666666666668,0.48018759018759016,0.43505068591541607,0.542091242091242,0.5009769927996393,0.4428571428571429,0.3866666666666667,0.5586580086580086,0.22086118168197508,0.5771291543705337,0.27646634411340293,0.31224389645442274,0.19272265004278205,0.5586580086580086,0.21441860465116278,0.2636796536796537,0.16973851741653595,0.5740522312936107,0.22052041022095467,0.2563661773895367,0.26218062982768864,0.031009085799325254,0.025394841192330257
rtc_270,0.7071428571428571,0.698,0.408841702864369,0.41910018003837807,0.5156163539851695,0.49767760148656376,0.34285714285714286,0.3644444444444444,0.44649859943977593,0.4286541936235938,0.7245962732919254,0.41765077138849926,0.2387494376968061,0.28560860530497495,0.44649859943977593,0.3391805094130675,0.24458152958152954,0.31528822055137845,0.7245962732919254,0.3708064516129032,0.2506027641499539,0.2835589066458037,0.040664219094419175,0.02020305089104422
rtc_271,0.7071428571428572,0.7033333333333334,0.43891011689735115,0.43677495980067443,0.5114870026634732,0.5120526532291237,0.3904761904761905,0.3844444444444445,0.3940793650793651,0.3307641196013289,0.6249673202614379,0.5210829493087558,0.1988811932661382,0.22958195819581956,0.38257142857142856,0.3307641196013289,0.20644300144300148,0.18876335223084448,0.6249673202614379,0.5210829493087558,0.23439737295812516,0.21996770828831896,0.03204574052822494,0.023473823893078546
rtc_272,0.7085714285714286,0.7106666666666668,0.4412916679544514,0.44189106853635973,0.519947233135089,0.526443002164666,0.38571428571428573,0.3822222222222222,0.3900793650793651,0.3444296788482835,0.642156862745098,0.47128851540616246,0.17982749274583512,0.24656032269893657,0.37857142857142856,0.3444296788482835,0.1991702741702742,0.19380536903756715,0.642156862745098,0.46029304029304025,0.2380423963937978,0.20027046740584412,0.02945973890045724,0.029067128499108315
rtc_273,0.7142857142857144,0.7186666666666668,0.45319367002932925,0.4486076764018767,0.5335846634021076,0.5468624163361004,0.3952380952380953,0.38222222222222224,0.40714285714285714,0.3397785160575858,0.6333333333333333,0.46182194616977224,0.18807585291279993,0.2312749052683046,0.40714285714285714,0.3397785160575858,0.1568831168831169,0.20705641108117886,0.6319047619047619,0.43285714285714283,0.24643188979395875,0.2564407177846928,0.03339874569533424,0.023035022137995846
rtc_274,0.7142857142857144,0.704,0.4753523012595351,0.4466264389821548,0.5283389286235586,0.508829447150984,0.4333333333333333,0.4,0.6086219336219336,0.2948605128042093,0.5773100973100973,0.35149350649350647,0.3242205081739966,0.19543454345434547,0.5987012987012987,0.2942635658914729,0.27641414141414145,0.12998405103668262,0.5626947126947127,0.3211904761904762,0.2777804823827891,0.2153275405906375,0.030434329870906045,0.01498298354528789
rtc_275,0.7071428571428571,0.698,0.408841702864369,0.41910018003837807,0.5156163539851695,0.49767760148656376,0.34285714285714286,0.3644444444444444,0.44649859943977593,0.4286541936235938,0.7245962732919254,0.41765077138849926,0.2387494376968061,0.28560860530497495,0.44649859943977593,0.3391805094130675,0.24458152958152954,0.31528822055137845,0.7245962732919254,0.3708064516129032,0.2506027641499539,0.2835589066458037,0.041090388271546416,0.02020305089104422
rtc_276,0.7057142857142857,0.7080000000000001,0.4483816493104419,0.4381674609030273,0.5135746606334841,0.5222654152375867,0.4,0.38222222222222224,0.42142857142857143,0.4151378446115288,0.6042510121457491,0.3859010270774977,0.1965521098656262,0.3197464857596871,0.42142857142857143,0.40285714285714286,0.221304347826087,0.2645584549609318,0.6042510121457491,0.36198568316215374,0.23981157731157735,0.23180803649652842,0.0366674512773439,0.008329931278350449
rtc_277,0.7128571428571429,0.712,0.451964585986385,0.4431753824326542,0.5304389870091957,0.5306395163201002,0.3952380952380953,0.3844444444444445,0.42142857142857143,0.37609022556390975,0.6233511586452762,0.40714285714285714,0.18216394222514173,0.30382569368047924,0.42142857142857143,0.3638095238095238,0.20403162055335972,0.2645584549609318,0.6233511586452762,0.3835238095238095,0.23588861680479872,0.22355815988684563,0.03413569139264984,0.022314999074019036
rtc_278,0.7185714285714286,0.7173333333333334,0.459651771346506,0.44639882960273203,0.5436704761083319,0.5456105219945323,0.4,0.3822222222222222,0.454,0.3780066445182724,0.6901098901098901,0.41047619047619044,0.20506346847184406,0.2579772643931059,0.454,0.3780066445182724,0.18338226990400902,0.23897980244729472,0.6901098901098901,0.41047619047619044,0.24824548535755434,0.25389223019973306,0.03602925424891741,0.022406267344797316
rtc_279,0.7171428571428572,0.7046666666666667,0.46464603523749376,0.4276341869767756,0.5405890010051919,0.5138725933194269,0.41428571428571426,0.36888888888888893,0.5772727272727273,0.3351052048726468,0.6350063661828368,0.4274458874458874,0.26642425037773876,0.23851216232734385,0.5772727272727273,0.3351052048726468,0.23507058159232072,0.18049669628616996,0.6350063661828368,0.4274458874458874,0.2704607534838594,0.2351002996202693,0.032450177769158574,0.0124539969815448
rtc_280,0.7071428571428571,0.698,0.408841702864369,0.41910018003837807,0.5156163539851695,0.49767760148656376,0.34285714285714286,0.3644444444444444,0.44649859943977593,0.4286541936235938,0.7245962732919254,0.41765077138849926,0.2387494376968061,0.28560860530497495,0.44649859943977593,0.3391805094130675,0.24458152958152954,0.31528822055137845,0.7245962732919254,0.3708064516129032,0.2506027641499539,0.2835589066458037,0.042994476228578604,0.02020305089104422
rtc_281,0.7157142857142857,0.7106666666666667,0.4845840073125297,0.4453856990269549,0.5383449883449883,0.540648124872482,0.45714285714285713,0.3933333333333333,0.43324675324675327,0.3690255049388177,0.658888888888889,0.32144907022751595,0.22246808882671795,0.31681481481481477,0.42142857142857143,0.32868217054263565,0.2288368153585545,0.24797287335987023,0.658888888888889,0.2883932411674347,0.20028098348132098,0.2005266985805066,0.03943881048202034,0.013850513878332357
rtc_282,0.7142857142857142,0.7126666666666667,0.48344613320580637,0.4509438372728387,0.5339353000643323,0.5394281140553336,0.45714285714285713,0.4,0.42961038961038966,0.41412354415450386,0.5771895424836602,0.3703723211772747,0.23686454508363936,0.33451851851851855,0.42142857142857143,0.37829457364341085,0.24662902315076227,0.26882848833313233,0.5771895424836602,0.3457090306411189,0.200346156057731,0.20391218581069498,0.03789404239914781,0.016288220358559133
rtc_283,0.72,0.7133333333333334,0.48556140434074707,0.4374404117403218,0.548380980449946,0.5461025500323344,0.4523809523809524,0.38,0.4581818181818182,0.39288515406162466,0.6652380952380953,0.4054317542101999,0.23466157087069836,0.281006233956729,0.45,0.3753488372093023,0.20520045172219087,0.24797287335987023,0.6652380952380953,0.3916190476190476,0.20331804351834779,0.23491662216583248,0.03710597673400444,0.01525296893147331
rtc_284,0.7257142857142858,0.7033333333333334,0.4840716530264343,0.4246119314873898,0.5648639577163522,0.5171662759031189,0.4428571428571429,0.3711111111111111,0.5681818181818181,0.40657807308970095,0.621904761904762,0.3983855360325948,0.28822062442975194,0.3002161104999389,0.56,0.40657807308970095,0.22312252964426876,0.23072386849476634,0.621904761904762,0.3929653679653679,0.21024937173956607,0.23767187979546542,0.03417959337977986,0.012453996981544787
rtc_285,0.7085714285714285,0.6953333333333334,0.42980085836209925,0.43153453074131926,0.5164008367437903,0.4899917184265011,0.37142857142857144,0.3866666666666667,0.4791723962312198,0.43673252899691095,0.6845962732919254,0.4257177768468091,0.25435092685092686,0.30958024691358027,0.4582633053221289,0.29266888150609077,0.28639971139971143,0.3539436827362524,0.6336871823828345,0.39362903225806456,0.2780203465675363,0.29705313725774085,0.03869686356442777,0.022314999074019015
rtc_286,0.712857142857143,0.7173333333333334,0.47426985106643144,0.4576618870130266,0.5322294372294372,0.5606602403807373,0.44761904761904764,0.4022222222222222,0.49106227106227107,0.3178534571723426,0.6176905062150964,0.295921052631579,0.2053252823177635,0.29441975308641977,0.4795238095238095,0.28115171650055365,0.2371285236502628,0.24066047471620228,0.5771945701357466,0.2734627329192546,0.2298353809482064,0.20620357579770204,0.03208294415580202,0.016536909861128903
rtc_287,0.712857142857143,0.7200000000000001,0.47426985106643144,0.4596937527384394,0.5322294372294372,0.5649239914428275,0.44761904761904764,0.4022222222222222,0.49106227106227107,0.3178534571723426,0.6176905062150964,0.295921052631579,0.2053252823177635,0.29441975308641977,0.4795238095238095,0.28115171650055365,0.2371285236502628,0.24066047471620228,0.5771945701357466,0.2734627329192546,0.2298353809482064,0.20620357579770204,0.03208294415580202,0.016536909861128903
rtc_288,0.7171428571428573,0.7233333333333333,0.492667545920745,0.4785581404253999,0.5364555951255457,0.5842492595124174,0.4761904761904763,0.42666666666666664,0.44582417582417583,0.3073182957393484,0.6819151704397607,0.28982129357310427,0.20500887668574327,0.29640386260848306,0.4342857142857143,0.28210409745293463,0.20946618598792513,0.2535885167464115,0.6414192343604108,0.27238408934061104,0.21979215456674472,0.2043079735084429,0.029613121302522936,0.02099562636671298
rtc_289,0.7157142857142859,0.7093333333333334,0.49485752791799165,0.48202791112716936,0.5354514268799982,0.5337451601382616,0.480952380952381,0.4533333333333333,0.5458241758241758,0.38561286938275924,0.588422035480859,0.3134542395744714,0.21929459097145756,0.3827901234567902,0.5342857142857143,0.3603986710963455,0.2237519002736394,0.3397759103641457,0.5331839402427638,0.2943936587186015,0.23600574712643674,0.22115701099577825,0.029373025026896205,0.026108095546424393
rtc_290,0.7157142857142859,0.694,0.4556082034258832,0.43123051045522115,0.5414569134779004,0.4896731812503499,0.40476190476190477,0.3888888888888889,0.4369977081741788,0.38919946926138876,0.6304212454212454,0.34855676119702733,0.21568942318942322,0.35012443466568877,0.3900280112044819,0.2962790697674419,0.2141269841269841,0.3581172181791377,0.5945238095238096,0.3157637272589552,0.2621764346764347,0.24727121341625158,0.03429871484934529,0.013850513878332363
rtc_291,0.7100000000000002,0.7186666666666666,0.47676568998170765,0.46952261175734655,0.5254121804121803,0.5518906479747014,0.4523809523809524,0.4177777777777778,0.48249084249084245,0.2883296476485331,0.6031746031746031,0.27895015316067945,0.21385241410070926,0.3030864197530865,0.47095238095238096,0.25162790697674414,0.2371285236502628,0.2739938080495356,0.5644444444444444,0.23596273291925463,0.2272852898735252,0.21972310002058287,0.0269969783563766,0.01840585532389305
rtc_292,0.7171428571428573,0.7186666666666666,0.46984905365116525,0.4482438393788299,0.5484121804121804,0.5618906479747013,0.42857142857142866,0.3822222222222222,0.38249084249084253,0.27093187514240147,0.6126984126984126,0.3089501531606795,0.1729000331483283,0.2762706270627063,0.370952380952381,0.22234772978959025,0.1946609911827303,0.25659603554340393,0.5739682539682539,0.26596273291925465,0.2125320431202784,0.21329452859201145,0.0269969783563766,0.024578072191550372
rtc_293,0.7171428571428573,0.7153333333333333,0.48324932188254105,0.46188612003490903,0.5401040571628807,0.5459815570656105,0.4523809523809524,0.40888888888888897,0.48249084249084245,0.2866489753796255,0.6015873015873016,0.2922834864940128,0.19548506716193376,0.29508641975308647,0.47095238095238096,0.22972314507198227,0.21569995222169136,0.27231313578062805,0.5628571428571428,0.249296066252588,0.22276590792719828,0.2122812395554666,0.028421798162223927,0.022406267344797337
rtc_294,0.7157142857142859,0.71,0.4653655858402373,0.4541948207302521,0.5448049118637354,0.5341241162608013,0.4238095238095239,0.4022222222222222,0.48249084249084245,0.33604010025062653,0.6000488400488401,0.33093567251461986,0.19035686203372865,0.34565432098765436,0.47095238095238096,0.3078183831672204,0.20920644572818486,0.31113076809671236,0.5442246642246642,0.3084773528022956,0.23201972157196044,0.2160626863601692,0.030522059924041917,0.023647064796066923
rtc_295,0.7200000000000001,0.696,0.44447727240425,0.401099746958615,0.5621649184149183,0.49118113912231554,0.38095238095238093,0.34888888888888886,0.4097142857142857,0.38715174953925047,0.6338095238095237,0.25437970813344196,0.1796937521937522,0.3620843417675101,0.38213852813852817,0.28228128460686597,0.19564213564213567,0.3490263090882286,0.6338095238095237,0.20605519480519482,0.24675245806824755,0.22771304146677532,0.041189394509750274,0.01228903609577518
rtc_296,0.7085714285714285,0.7106666666666668,0.42460548460548464,0.43116059300709636,0.5300595238095238,0.5214002417051198,0.36190476190476184,0.37333333333333335,0.429047619047619,0.33741330069359443,0.5823870573870574,0.2424031092223312,0.2521268868637289,0.2971358024691358,0.429047619047619,0.3023255813953488,0.21636363636363637,0.24042593113800542,0.5823870573870574,0.1806275685686568,0.25715608952451063,0.21492343442558326,0.02989795420282517,0.014568627181693666
rtc_297,0.7085714285714285,0.7106666666666668,0.42460548460548464,0.43116059300709636,0.5300595238095238,0.5214002417051198,0.36190476190476184,0.37333333333333335,0.429047619047619,0.33741330069359443,0.5823870573870574,0.2424031092223312,0.2521268868637289,0.2971358024691358,0.429047619047619,0.3023255813953488,0.21636363636363637,0.24042593113800542,0.5823870573870574,0.1806275685686568,0.25715608952451063,0.21492343442558326,0.02989795420282517,0.014568627181693666
rtc_298,0.7085714285714285,0.7106666666666668,0.42460548460548464,0.43116059300709636,0.5300595238095238,0.5214002417051198,0.36190476190476184,0.37333333333333335,0.429047619047619,0.33741330069359443,0.5823870573870574,0.2424031092223312,0.2521268868637289,0.2971358024691358,0.429047619047619,0.3023255813953488,0.21636363636363637,0.24042593113800542,0.5823870573870574,0.1806275685686568,0.25715608952451063,0.21492343442558326,0.027506832956130246,0.014568627181693666
rtc_299,0.7042857142857143,0.7086666666666666,0.36904992904992906,0.39473286092719034,0.541170634920635,0.5124716702765484,0.3190476190476191,0.33999999999999997,0.3833333333333333,0.31848225214198284,0.6900793650793651,0.28588137009189635,0.21753229226913437,0.2798024691358025,0.3833333333333333,0.3062015503875969,0.16953823953823957,0.2176189135941458,0.6900793650793651,0.2589805097451274,0.2417547657021341,0.21045648981569637,0.03177254637295178,0.010690449676496985
rtc_300,0.7028571428571428,0.7033333333333334,0.38480194480194474,0.4068550536351955,0.5401327838827839,0.5034525341668199,0.3476190476190476,0.3666666666666666,0.3866666666666666,0.3849041207670339,0.6971904761904762,0.30729551150603784,0.1787079587079587,0.36019753086419753,0.35909090909090907,0.2813953488372093,0.1828715728715729,0.342902711323764,0.6971904761904762,0.21093185550082097,0.24431886826623667,0.23268363935991915,0.03655846779310029,0.023299294900428702
rtc_301,0.6728571428571428,0.6666666666666667,0.45270370015690486,0.4486962043635846,0.45335915546441863,0.4462592972547454,0.45714285714285713,0.4533333333333333,0.5419047619047619,0.2709179926560587,0.5814285714285715,0.31830280830280827,0.2505094322824696,0.22274074074074074,0.49523809523809526,0.2533333333333333,0.28811707782472407,0.2087102783697211,0.5814285714285715,0.308998778998779,0.24436145378552468,0.22067741818313902,0.04797234623260782,0.02138089935299396
rtc_302,0.6671428571428571,0.6833333333333333,0.4197527038791259,0.44039754714215534,0.44369281045751635,0.46886046347145455,0.4,0.41555555555555557,0.5688888888888888,0.32746572313135774,0.5660224089635855,0.3283333333333333,0.2674597650799784,0.2621789512284562,0.5125541125541127,0.2878183831672204,0.31303577648405234,0.22052055271869508,0.5660224089635855,0.30134920634920637,0.23577561551351875,0.2139869281045752,0.03639261028750273,0.04508495382302713
rtc_303,0.7014285714285714,0.7013333333333334,0.4787049994456529,0.46254728053533745,0.5054124254124254,0.505154810513409,0.4571428571428572,0.4311111111111111,0.46346320346320347,0.3914896867838044,0.5570378255624158,0.4564393939393939,0.221763090322279,0.22227869453612029,0.43285714285714294,0.37246954595791804,0.17720505548091756,0.21905298004369214,0.4898752228163993,0.4461916461916462,0.25964665192124203,0.22307437661588886,0.04292510479837411,0.03539860483818247
rtc_304,0.722857142857143,0.7026666666666668,0.49057720057720056,0.44694473888892927,0.5535198135198135,0.5047663958848169,0.4523809523809524,0.4044444444444445,0.5586580086580086,0.2126988469806527,0.5910328976860417,0.27329174093879977,0.31224389645442274,0.20034396773010635,0.5586580086580086,0.19973421926910295,0.2636796536796537,0.18254727728411937,0.5879559746091186,0.2071870768876213,0.2524747283367973,0.2590060266530855,0.03219483110883618,0.03142857142857141
rtc_305,0.7071428571428571,0.698,0.408841702864369,0.41910018003837807,0.5156163539851695,0.49767760148656376,0.34285714285714286,0.3644444444444444,0.44649859943977593,0.4286541936235938,0.7245962732919254,0.41765077138849926,0.2387494376968061,0.28560860530497495,0.44649859943977593,0.3391805094130675,0.24458152958152954,0.31528822055137845,0.7245962732919254,0.3708064516129032,0.2506027641499539,0.2835589066458037,0.04270541107474159,0.02020305089104422
rtc_306,0.6585714285714286,0.692,0.4302834100933282,0.46385111361099607,0.43505109770671985,0.4854998725165613,0.4333333333333333,0.44666666666666666,0.4744761904761905,0.29616935635943487,0.5589886039886041,0.3907609933925723,0.2546373088355952,0.23006233956729005,0.4278095238095238,0.25893687707641194,0.2746019306364134,0.22408829560532348,0.5589886039886041,0.3726657552973342,0.2164824124501544,0.21988799267099773,0.044731769428962585,0.02941608611710571
rtc_307,0.6657142857142857,0.6900000000000001,0.4208731189719768,0.45339526432163124,0.44096130938498856,0.4838648947951273,0.40476190476190477,0.428888888888889,0.4742857142857142,0.2792350232626711,0.5960805860805861,0.37521281078803204,0.2709385675621031,0.2093416452756387,0.4124675324675325,0.2763012181616833,0.32804299149126737,0.1703255464865372,0.5960805860805861,0.37238095238095237,0.21010860107634305,0.1970506180635958,0.03745338469611654,0.022767682072156036
rtc_308,0.7028571428571428,0.6973333333333332,0.4754667495191874,0.4555130525538501,0.5113206698887265,0.49416344234668896,0.44761904761904764,0.42444444444444446,0.4588571428571429,0.34001822738664844,0.5828237259816207,0.3904761904761905,0.23115552745907703,0.20725143625473658,0.4588571428571429,0.3361904761904762,0.16965915310742896,0.15940519748569285,0.5339348370927317,0.3904761904761905,0.25383512544802866,0.20392435297226602,0.04229852355425779,0.03545621041711676
rtc_309,0.7185714285714286,0.7040000000000001,0.4815546441862232,0.44924358946364196,0.5454525866290572,0.5071473482657692,0.4428571428571429,0.40666666666666673,0.5586580086580086,0.21606019151846784,0.5831897604311398,0.2713309566250743,0.31224389645442274,0.20157853563134093,0.5586580086580086,0.19508305647840526,0.2636796536796537,0.1859086218219345,0.5801128373542167,0.21790136260190707,0.258079887066956,0.25704524233936,0.032442566004972515,0.026572964625340388
rtc_310,0.7071428571428571,0.698,0.408841702864369,0.41910018003837807,0.5156163539851695,0.49767760148656376,0.34285714285714286,0.3644444444444444,0.44649859943977593,0.4286541936235938,0.7245962732919254,0.41765077138849926,0.2387494376968061,0.28560860530497495,0.44649859943977593,0.3391805094130675,0.24458152958152954,0.31528822055137845,0.7245962732919254,0.3708064516129032,0.2506027641499539,0.2835589066458037,0.042994476228578604,0.02020305089104422
rtc_311,0.6985714285714285,0.6880000000000001,0.47999604054482103,0.4560121231505681,0.5002116402116401,0.4802360522153803,0.47142857142857136,0.4377777777777778,0.5819047619047619,0.35913621262458467,0.6091097308488613,0.47012967032967035,0.24091672340404635,0.22358831438699428,0.5485714285714286,0.35913621262458467,0.24688405797101448,0.19905914518917614,0.6091097308488613,0.44360508860508857,0.22932601880877748,0.22405292068046734,0.04194106476163238,0.014568627181693697
rtc_312,0.69,0.6953333333333334,0.439574950891398,0.45350632138062075,0.48134029516248245,0.49257828345709276,0.4142857142857143,0.4222222222222222,0.49857142857142855,0.394453781512605,0.6075070028011205,0.4211111111111111,0.24424046315635756,0.23192592592592595,0.49857142857142855,0.3745957918050941,0.2575983436853002,0.19150282122418344,0.6075070028011205,0.37333333333333335,0.2513875400364943,0.21969897852824688,0.03719583951741888,0.018405855323893067
rtc_313,0.7071428571428571,0.6926666666666667,0.49454378513253994,0.45226869028474737,0.5166146686270526,0.4858565359825227,0.47619047619047616,0.42666666666666664,0.46746320346320347,0.4034733893557423,0.570995670995671,0.416439393939394,0.22511735510511519,0.22425889255592227,0.43685714285714294,0.3858028792912514,0.17077026421854008,0.20336402503585163,0.5100432900432901,0.3630622009569378,0.24711073872364192,0.2369707931622261,0.04032291037085083,0.03499271061118824
rtc_314,0.712857142857143,0.6986666666666667,0.4804677022324081,0.4351810136399975,0.5278055278055278,0.4968723456908388,0.44761904761904764,0.38888888888888895,0.5586580086580086,0.22047921071176885,0.5771291543705337,0.2769948853396185,0.31224389645442274,0.19025351424031292,0.5586580086580086,0.21751937984496122,0.27822510822510826,0.1659952019085146,0.5740522312936107,0.22236372819330485,0.2563661773895367,0.2627091710539043,0.03208771988503578,0.026108095546424386
rtc_315,0.7071428571428571,0.698,0.408841702864369,0.41910018003837807,0.5156163539851695,0.49767760148656376,0.34285714285714286,0.3644444444444444,0.44649859943977593,0.4286541936235938,0.7245962732919254,0.41765077138849926,0.2387494376968061,0.28560860530497495,0.44649859943977593,0.3391805094130675,0.24458152958152954,0.31528822055137845,0.7245962732919254,0.3708064516129032,0.2506027641499539,0.2835589066458037,0.042898819973252234,0.02020305089104422
rtc_316,0.7,0.7013333333333334,0.45537376216738024,0.4531064550463066,0.492,0.5070888315165424,0.4333333333333333,0.4133333333333333,0.40503663003663004,0.4155481727574751,0.5820216450216451,0.49879800307219657,0.2111846860955097,0.2562256447867009,0.3976190476190476,0.4155481727574751,0.2236080586080586,0.24813102274402588,0.558969696969697,0.48139604228788285,0.23105918406272466,0.2338837232004629,0.03773936491842077,0.027479120088101903
rtc_317,0.7042857142857143,0.7113333333333333,0.4611529134668964,0.45584582520680916,0.5038644729922621,0.5315934195758757,0.4333333333333333,0.40444444444444444,0.40503663003663004,0.4028571428571429,0.5835497835497836,0.5138419913419914,0.1782872639687642,0.23608751986309745,0.36428571428571427,0.4028571428571429,0.2236080586080586,0.19271440633669737,0.5604978354978355,0.5046753246753247,0.2581619187264349,0.212920099613648,0.034626258213254615,0.029485382057928992
rtc_318,0.7214285714285714,0.7126666666666667,0.47710650792126985,0.4603615083799717,0.5348176856501642,0.5273105115535202,0.43809523809523804,0.4133333333333333,0.4357142857142858,0.31333333333333335,0.6122824302134646,0.42101364522417156,0.2318270781306277,0.21238234934604572,0.4357142857142858,0.31333333333333335,0.17035187035187035,0.19418734000777343,0.5795238095238096,0.37521885521885523,0.24839548382651827,0.24472104855859103,0.03347573162040922,0.032888184094918116
rtc_319,0.7142857142857144,0.7040000000000001,0.48455423803249886,0.4525953937615201,0.5298161098161098,0.5074924733736209,0.4523809523809524,0.41111111111111115,0.5586580086580086,0.22189831624204145,0.5776342048755841,0.2720703505644682,0.3138311980417243,0.21081310353257549,0.5586580086580086,0.2132004429678848,0.2818614718614718,0.19174674654550813,0.5745572817986611,0.21361859686403295,0.2589420144382298,0.257784636278754,0.03189961479328425,0.02996596709057576
rtc_320,0.7071428571428571,0.698,0.408841702864369,0.41910018003837807,0.5156163539851695,0.49767760148656376,0.34285714285714286,0.3644444444444444,0.44649859943977593,0.4286541936235938,0.7245962732919254,0.41765077138849926,0.2387494376968061,0.28560860530497495,0.44649859943977593,0.3391805094130675,0.24458152958152954,0.31528822055137845,0.7245962732919254,0.3708064516129032,0.2506027641499539,0.2835589066458037,0.04256830705145136,0.02020305089104422
rtc_321,0.7042857142857143,0.708,0.42809140344705876,0.437727494511685,0.5071732771732771,0.5226138551734455,0.3761904761904762,0.38,0.3900793650793651,0.31681063122923586,0.6416339869281046,0.49089776412357056,0.19388119326613817,0.22585380760298251,0.37857142857142856,0.31681063122923586,0.20644300144300148,0.1678822725262354,0.6416339869281046,0.4886755419013483,0.23733854942871338,0.20572269404330473,0.03137558838655996,0.019483116709979775
rtc_322,0.7114285714285715,0.7146666666666667,0.445199752279993,0.4517142033015646,0.5205699437577995,0.5366149030937762,0.3952380952380953,0.3933333333333333,0.40207936507936515,0.30141797099389434,0.6038959931798806,0.4799648612625712,0.19231615487735437,0.23312773499572179,0.39057142857142857,0.29171650055370985,0.20215728715728715,0.1752925093482369,0.6038959931798806,0.465406162464986,0.24145710142140597,0.19801559763391824,0.029681861455322388,0.025793528693239705
rtc_323,0.7114285714285715,0.7253333333333334,0.4559762787249815,0.47360767640187673,0.5228102526276969,0.5570476015212857,0.40476190476190477,0.4133333333333333,0.40714285714285714,0.34111748716399876,0.5866666666666667,0.5009523809523809,0.1929568052937523,0.24366947805891698,0.40714285714285714,0.31424141749723145,0.16350649350649352,0.2295926983233485,0.5852380952380952,0.4795238095238095,0.2480447930197652,0.23065887186554707,0.03397996502736885,0.01895214165917371
rtc_324,0.7142857142857144,0.704,0.4753523012595351,0.4466264389821548,0.5283389286235586,0.508829447150984,0.4333333333333333,0.4,0.6086219336219336,0.2948605128042093,0.5773100973100973,0.35149350649350647,0.3242205081739966,0.19543454345434547,0.5987012987012987,0.2942635658914729,0.27641414141414145,0.12998405103668262,0.5626947126947127,0.3211904761904762,0.2777804823827891,0.2153275405906375,0.030434329870906045,0.01498298354528789
rtc_325,0.7071428571428571,0.698,0.408841702864369,0.41910018003837807,0.5156163539851695,0.49767760148656376,0.34285714285714286,0.3644444444444444,0.44649859943977593,0.4286541936235938,0.7245962732919254,0.41765077138849926,0.2387494376968061,0.28560860530497495,0.44649859943977593,0.3391805094130675,0.24458152958152954,0.31528822055137845,0.7245962732919254,0.3708064516129032,0.2506027641499539,0.2835589066458037,0.042898819973252234,0.02020305089104422
rtc_326,0.7114285714285715,0.7053333333333334,0.4562052623972129,0.4389301212227016,0.5260746606334841,0.5153945109010226,0.40476190476190477,0.38666666666666666,0.42142857142857143,0.3818045112781955,0.6178733031674208,0.4081232492997199,0.20094771426123065,0.3197464857596871,0.42142857142857143,0.36952380952380953,0.22584980237154154,0.27508477075040544,0.6178733031674208,0.3916153127917834,0.22920225831516153,0.21930803649652844,0.036592311765557016,0.011605769149479937
rtc_327,0.7185714285714286,0.7140000000000001,0.45768227508704024,0.4401811098496287,0.5476432880844645,0.5364957187954875,0.3952380952380953,0.37777777777777777,0.42142857142857143,0.35515999300577017,0.6367965367965367,0.3629120879120879,0.17478298984418933,0.2680567167827895,0.42142857142857143,0.3428792912513842,0.18948616600790516,0.2301341589267286,0.6367965367965367,0.3383233433233433,0.2375224668257455,0.2297078925071665,0.033977899034662654,0.02982944716831586
rtc_328,0.7242857142857144,0.7140000000000001,0.4655204972152319,0.43436792452546935,0.5606347618226176,0.5386888462203976,0.4,0.3688888888888888,0.454,0.40668881506090804,0.6329670329670329,0.43306878306878305,0.20006346847184409,0.2521293240435155,0.454,0.40668881506090804,0.16948616600790514,0.23897980244729472,0.6329670329670329,0.43306878306878305,0.24190890527097425,0.2637982556281465,0.035127520511655144,0.030169588688489825
rtc_329,0.7171428571428572,0.7046666666666667,0.46464603523749376,0.4276341869767756,0.5405890010051919,0.5138725933194269,0.41428571428571426,0.36888888888888893,0.5772727272727273,0.3351052048726468,0.6350063661828368,0.4274458874458874,0.26642425037773876,0.23851216232734385,0.5772727272727273,0.3351052048726468,0.23507058159232072,0.18049669628616996,0.6350063661828368,0.4274458874458874,0.2704607534838594,0.2351002996202693,0.032729581334560456,0.0124539969815448
rtc_330,0.7071428571428571,0.698,0.408841702864369,0.41910018003837807,0.5156163539851695,0.49767760148656376,0.34285714285714286,0.3644444444444444,0.44649859943977593,0.4286541936235938,0.7245962732919254,0.41765077138849926,0.2387494376968061,0.28560860530497495,0.44649859943977593,0.3391805094130675,0.24458152958152954,0.31528822055137845,0.7245962732919254,0.3708064516129032,0.2506027641499539,0.2835589066458037,0.040664219094419175,0.02020305089104422
rtc_331,0.7157142857142857,0.7106666666666667,0.4845840073125297,0.4453856990269549,0.5383449883449883,0.540648124872482,0.45714285714285713,0.3933333333333333,0.43324675324675327,0.3690255049388177,0.658888888888889,0.32144907022751595,0.22246808882671795,0.31681481481481477,0.42142857142857143,0.32868217054263565,0.2288368153585545,0.24797287335987023,0.658888888888889,0.2883932411674347,0.20028098348132098,0.2005266985805066,0.03943881048202034,0.013850513878332357
rtc_332,0.7142857142857142,0.7126666666666667,0.48344613320580637,0.4509438372728387,0.5339353000643323,0.5394281140553336,0.45714285714285713,0.4,0.42961038961038966,0.41412354415450386,0.5771895424836602,0.3703723211772747,0.23686454508363936,0.33451851851851855,0.42142857142857143,0.37829457364341085,0.24662902315076227,0.26882848833313233,0.5771895424836602,0.3457090306411189,0.200346156057731,0.20391218581069498,0.03789404239914781,0.016288220358559133
rtc_333,0.7142857142857142,0.712,0.4805906441068289,0.4402350928311489,0.5350476471166127,0.5394647433945277,0.4523809523809524,0.3866666666666666,0.4581818181818182,0.4379831932773109,0.5763492063492064,0.4530392156862745,0.2537091899183174,0.2987099376604327,0.45,0.4249612403100775,0.2266290231507623,0.2718587913634353,0.5763492063492064,0.44761904761904764,0.2026957491460534,0.2389946718772012,0.036951469572799926,0.016288220358559133
rtc_334,0.7257142857142858,0.7033333333333334,0.4840716530264343,0.4246119314873898,0.5648639577163522,0.5171662759031189,0.4428571428571429,0.3711111111111111,0.5681818181818181,0.40657807308970095,0.621904761904762,0.3983855360325948,0.28822062442975194,0.3002161104999389,0.56,0.40657807308970095,0.22312252964426876,0.23072386849476634,0.621904761904762,0.3929653679653679,0.21024937173956607,0.23767187979546542,0.03417959337977986,0.012453996981544787
rtc_335,0.7085714285714285,0.6953333333333334,0.42980085836209925,0.43153453074131926,0.5164008367437903,0.4899917184265011,0.37142857142857144,0.3866666666666667,0.4791723962312198,0.43673252899691095,0.6845962732919254,0.4257177768468091,0.25435092685092686,0.30958024691358027,0.4582633053221289,0.29266888150609077,0.28639971139971143,0.3539436827362524,0.6336871823828345,0.39362903225806456,0.2780203465675363,0.29705313725774085,0.03869686356442777,0.022314999074019015
rtc_336,0.7200000000000001,0.7173333333333334,0.46735321473588903,0.43638311463450996,0.5552294372294372,0.5706602403807374,0.4238095238095238,0.36666666666666664,0.39106227106227104,0.30045568466621103,0.6272143157389058,0.32592105263157894,0.16437290136538257,0.2676039603960397,0.3795238095238095,0.2518715393133998,0.1946609911827303,0.22326270221007066,0.5867183796595561,0.30346273291925463,0.21508213419495964,0.19977500436913065,0.03208294415580202,0.02231499907401901
rtc_337,0.7185714285714286,0.7166666666666668,0.4795231343684952,0.4520572610160019,0.5438961038961039,0.5590149005337366,0.44761904761904764,0.39333333333333337,0.49106227106227107,0.31617278490343503,0.6065793951039853,0.3092543859649123,0.19103956803204922,0.28641975308641976,0.4795238095238095,0.25924695459579183,0.21569995222169136,0.23897980244729472,0.5660834590246355,0.286796066252588,0.22699667127078707,0.1987617153325858,0.03208294415580202,0.020503857277724753
rtc_338,0.7157142857142859,0.72,0.5049657252405664,0.4903395338338271,0.531110767539339,0.565915926179084,0.5,0.4533333333333333,0.5458241758241758,0.31865546218487395,0.6152485037730939,0.2780031117549225,0.23834221001907657,0.3192592592592593,0.5342857142857143,0.2849612403100775,0.23803761455935368,0.27098628925254314,0.574752567693744,0.26056590752242925,0.22820882123341138,0.20264130684177623,0.029613121302522936,0.020898198340468303
rtc_339,0.7157142857142859,0.7093333333333334,0.49485752791799165,0.48202791112716936,0.5354514268799982,0.5337451601382616,0.480952380952381,0.4533333333333333,0.5458241758241758,0.38561286938275924,0.588422035480859,0.3134542395744714,0.21929459097145756,0.3827901234567902,0.5342857142857143,0.3603986710963455,0.2237519002736394,0.3397759103641457,0.5331839402427638,0.2943936587186015,0.23600574712643674,0.22115701099577825,0.029373025026896205,0.026108095546424393
rtc_340,0.7157142857142859,0.694,0.4556082034258832,0.43123051045522115,0.5414569134779004,0.4896731812503499,0.40476190476190477,0.3888888888888889,0.4369977081741788,0.38919946926138876,0.6304212454212454,0.34855676119702733,0.21568942318942322,0.35012443466568877,0.3900280112044819,0.2962790697674419,0.2141269841269841,0.3581172181791377,0.5945238095238096,0.3157637272589552,0.2621764346764347,0.24727121341625158,0.03429871484934529,0.013850513878332363
rtc_341,0.7100000000000002,0.7186666666666666,0.47676568998170765,0.46952261175734655,0.5254121804121803,0.5518906479747014,0.4523809523809524,0.4177777777777778,0.48249084249084245,0.2883296476485331,0.6031746031746031,0.27895015316067945,0.21385241410070926,0.3030864197530865,0.47095238095238096,0.25162790697674414,0.2371285236502628,0.2739938080495356,0.5644444444444444,0.23596273291925463,0.2272852898735252,0.21972310002058287,0.0269969783563766,0.01840585532389305
rtc_342,0.7114285714285715,0.7219999999999999,0.46446751066188624,0.45774121834891934,0.5307570079983873,0.5702239813080348,0.42857142857142866,0.39111111111111113,0.38249084249084253,0.2769924812030075,0.6698412698412698,0.2907683349788613,0.18051908076737594,0.28023102310231024,0.370952380952381,0.2487707641196013,0.2085570950788342,0.25659603554340393,0.631111111111111,0.24778091473743644,0.21886862320685854,0.22138976668724952,0.0269969783563766,0.018952141659173725
rtc_343,0.7114285714285715,0.7186666666666666,0.4779960385804773,0.46952261175734655,0.528437390496214,0.5518906479747014,0.4523809523809524,0.4177777777777778,0.48249084249084245,0.2883296476485331,0.6126984126984126,0.27895015316067945,0.20977078144764802,0.3030864197530865,0.47095238095238096,0.25162790697674414,0.2371285236502628,0.2739938080495356,0.5739682539682539,0.23596273291925463,0.22560461760461764,0.21972310002058287,0.028421798162223927,0.018405855323893053
rtc_344,0.7085714285714285,0.7133333333333333,0.45949014518218795,0.46215451110559896,0.5274438007526242,0.5406176227543077,0.4238095238095239,0.41111111111111115,0.48249084249084245,0.3599382176371161,0.5800488400488402,0.3216499582289056,0.190723162400029,0.35365432098765437,0.47095238095238096,0.3317165005537098,0.22284280936454853,0.3128114403656199,0.5242246642246642,0.2975682618932047,0.2336729936729937,0.22844363874112159,0.030522059924041917,0.02610809554642437
rtc_345,0.7200000000000001,0.696,0.44447727240425,0.401099746958615,0.5621649184149183,0.49118113912231554,0.38095238095238093,0.34888888888888886,0.4097142857142857,0.38715174953925047,0.6338095238095237,0.25437970813344196,0.1796937521937522,0.3620843417675101,0.38213852813852817,0.28228128460686597,0.19564213564213567,0.3490263090882286,0.6338095238095237,0.20605519480519482,0.24675245806824755,0.22771304146677532,0.041189394509750274,0.01228903609577518
rtc_346,0.7085714285714285,0.7106666666666668,0.42460548460548464,0.43116059300709636,0.5300595238095238,0.5214002417051198,0.36190476190476184,0.37333333333333335,0.429047619047619,0.33741330069359443,0.5823870573870574,0.2424031092223312,0.2521268868637289,0.2971358024691358,0.429047619047619,0.3023255813953488,0.21636363636363637,0.24042593113800542,0.5823870573870574,0.1806275685686568,0.25715608952451063,0.21492343442558326,0.02989795420282517,0.014568627181693666
rtc_347,0.7085714285714285,0.7106666666666668,0.42460548460548464,0.43116059300709636,0.5300595238095238,0.5214002417051198,0.36190476190476184,0.37333333333333335,0.429047619047619,0.33741330069359443,0.5823870573870574,0.2424031092223312,0.2521268868637289,0.2971358024691358,0.429047619047619,0.3023255813953488,0.21636363636363637,0.24042593113800542,0.5823870573870574,0.1806275685686568,0.25715608952451063,0.21492343442558326,0.02989795420282517,0.014568627181693666
rtc_348,0.7085714285714285,0.7106666666666668,0.42460548460548464,0.43116059300709636,0.5300595238095238,0.5214002417051198,0.36190476190476184,0.37333333333333335,0.429047619047619,0.33741330069359443,0.5823870573870574,0.2424031092223312,0.2521268868637289,0.2971358024691358,0.429047619047619,0.3023255813953488,0.21636363636363637,0.24042593113800542,0.5823870573870574,0.1806275685686568,0.25715608952451063,0.21492343442558326,0.027506832956130246,0.014568627181693666
rtc_349,0.7042857142857143,0.7086666666666666,0.36904992904992906,0.39473286092719034,0.541170634920635,0.5124716702765484,0.3190476190476191,0.33999999999999997,0.3833333333333333,0.31848225214198284,0.6900793650793651,0.28588137009189635,0.21753229226913437,0.2798024691358025,0.3833333333333333,0.3062015503875969,0.16953823953823957,0.2176189135941458,0.6900793650793651,0.2589805097451274,0.2417547657021341,0.21045648981569637,0.03177254637295178,0.010690449676496985
rtc_350,0.7028571428571428,0.7033333333333334,0.38480194480194474,0.4068550536351955,0.5401327838827839,0.5034525341668199,0.3476190476190476,0.3666666666666666,0.3866666666666666,0.3849041207670339,0.6971904761904762,0.30729551150603784,0.1787079587079587,0.36019753086419753,0.35909090909090907,0.2813953488372093,0.1828715728715729,0.342902711323764,0.6971904761904762,0.21093185550082097,0.24431886826623667,0.23268363935991915,0.03655846779310029,0.023299294900428702
rtc_351,0.6442857142857144,0.6733333333333332,0.4186419587329788,0.4644468235381584,0.41225731359877704,0.45709016024132626,0.42857142857142855,0.47333333333333333,0.44319875776397505,0.3156774288662833,0.5148816768086545,0.4097835497835499,0.25573224993053634,0.25525925925925924,0.37619047619047613,0.20487264673311184,0.2987876516287311,0.2980150912039457,0.5090196078431373,0.372044622044622,0.23519207658075722,0.24780178943688416,0.047647225949898155,0.04318918987951706
rtc_352,0.6628571428571428,0.6893333333333335,0.40775274367237146,0.4373777986453199,0.4330447410550106,0.4801868838247424,0.38571428571428573,0.4022222222222222,0.5380952380952382,0.3607843137254902,0.5646520146520146,0.3328187403993855,0.2907433418711614,0.27018872998410953,0.5109523809523809,0.326578073089701,0.31470965815793406,0.24684572393550722,0.5646520146520146,0.3328187403993855,0.2620654229900615,0.22271400898189436,0.040493430385809825,0.027994168488950588
rtc_353,0.702857142857143,0.6980000000000001,0.47723153748641545,0.454519624492573,0.5093929992715902,0.49583956800892803,0.4523809523809524,0.4222222222222222,0.48285714285714293,0.4122260195944406,0.5712331780538302,0.42000000000000004,0.23950194294834967,0.22545043393228212,0.48285714285714293,0.41142857142857137,0.16854027198854787,0.18494632302681838,0.5326915113871635,0.42000000000000004,0.26214431401931404,0.2273900450642254,0.043780598433758186,0.023299294900428702
rtc_354,0.7171428571428573,0.7046666666666667,0.4803641679957469,0.4514498773842156,0.5402577814342521,0.5089622302984372,0.4428571428571429,0.40888888888888897,0.5586580086580086,0.22189831624204145,0.5776342048755841,0.2715203505644682,0.31224389645442274,0.20957853563134093,0.5586580086580086,0.19818383167220371,0.2673160173160173,0.19174674654550813,0.5745572817986611,0.21361859686403295,0.26137256999378533,0.2572346362787539,0.031940053466502236,0.026572964625340388
rtc_355,0.7071428571428571,0.698,0.408841702864369,0.41910018003837807,0.5156163539851695,0.49767760148656376,0.34285714285714286,0.3644444444444444,0.44649859943977593,0.4286541936235938,0.7245962732919254,0.41765077138849926,0.2387494376968061,0.28560860530497495,0.44649859943977593,0.3391805094130675,0.24458152958152954,0.31528822055137845,0.7245962732919254,0.3708064516129032,0.2506027641499539,0.2835589066458037,0.040994732016220045,0.02020305089104422
rtc_356,0.6585714285714286,0.6960000000000001,0.4256709592960946,0.4704221943737811,0.4335407500523779,0.49159063526834607,0.4238095238095238,0.4533333333333333,0.4419047619047619,0.3176116762494471,0.5666666666666667,0.3453581267217631,0.2562848086226299,0.2606172839506173,0.4043290043290043,0.2773643410852713,0.3041630591630592,0.2719003390830016,0.5666666666666667,0.27091394557248216,0.21679653679653682,0.2463033253140205,0.04641051157263818,0.021852940772540495
rtc_357,0.6557142857142857,0.6913333333333332,0.39481652619680796,0.4518543884824133,0.4232456572335138,0.48524114824494424,0.3761904761904762,0.42444444444444446,0.4778021978021978,0.37912428129146397,0.5812885154061624,0.3643785310734463,0.26887739506903696,0.2525925925925926,0.4525108225108225,0.3761904761904762,0.3204483638966398,0.1956602736788495,0.5812885154061624,0.3055221386800334,0.22837277101982983,0.21327897986985594,0.038432817360246535,0.026496052844273442
rtc_358,0.6985714285714286,0.7026666666666667,0.47102755471579283,0.4617943885938717,0.504178039782363,0.5078634959085921,0.44761904761904764,0.4288888888888889,0.47073593073593073,0.393170359052712,0.5672718253968254,0.4491666666666667,0.2219043776064234,0.22351326243735486,0.43285714285714294,0.3781838316722038,0.18447778275364485,0.2066168094031871,0.5287301587301587,0.437948717948718,0.2419345238095238,0.2237111735248975,0.03815754152926929,0.02835633320182742
rtc_359,0.7185714285714286,0.7026666666666668,0.4815546441862232,0.44809416417628556,0.5454525866290572,0.5047110248992134,0.4428571428571429,0.40666666666666673,0.5586580086580086,0.2126988469806527,0.5831897604311398,0.2713309566250743,0.31224389645442274,0.19910939982887177,0.5586580086580086,0.19508305647840526,0.2636796536796537,0.18254727728411937,0.5801128373542167,0.21790136260190707,0.258079887066956,0.25704524233936,0.03132583867508766,0.026572964625340388
rtc_360,0.7071428571428571,0.698,0.408841702864369,0.41910018003837807,0.5156163539851695,0.49767760148656376,0.34285714285714286,0.3644444444444444,0.44649859943977593,0.4286541936235938,0.7245962732919254,0.41765077138849926,0.2387494376968061,0.28560860530497495,0.44649859943977593,0.3391805094130675,0.24458152958152954,0.31528822055137845,0.7245962732919254,0.3708064516129032,0.2506027641499539,0.2835589066458037,0.040664219094419175,0.02020305089104422
rtc_361,0.6857142857142856,0.6886666666666665,0.45706998078472705,0.4568487867056935,0.4729333912425474,0.479392666157372,0.44761904761904764,0.4377777777777778,0.5985714285714285,0.39495798319327724,0.6047619047619047,0.48961538461538456,0.2687429281099504,0.2606253514240313,0.5985714285714285,0.392469545957918,0.2435714285714286,0.24158524653880692,0.6047619047619047,0.4715201465201465,0.2521928207019485,0.24378995552604818,0.042199841537735656,0.016288220358559133
rtc_362,0.6957142857142857,0.6933333333333334,0.46093735574648703,0.4464467215315538,0.4940531245757727,0.4868756958689291,0.43809523809523804,0.4133333333333333,0.5985714285714285,0.3766386554621849,0.6341736694677871,0.39377862595419844,0.24961222589654133,0.230320987654321,0.5985714285714285,0.3326910299003322,0.2575983436853002,0.2474863629662391,0.6341736694677871,0.3453530377668309,0.26057620083805827,0.22581714299271552,0.036170863458717145,0.025793528693239733
rtc_363,0.6971428571428572,0.6980000000000001,0.4591756446934575,0.4549528365149296,0.4990693072409191,0.4946431076733056,0.42857142857142855,0.42444444444444446,0.45285714285714296,0.46190476190476193,0.5752491285138843,0.43313725490196087,0.21566625482694723,0.22059601515707125,0.45285714285714296,0.46190476190476193,0.15958799820868785,0.15596745875383644,0.5326031991744066,0.36703703703703705,0.27607125401480237,0.2265409335785268,0.039700666690680696,0.03245090483314444
rtc_364,0.7142857142857144,0.7040000000000001,0.48455423803249886,0.4525953937615201,0.5298161098161098,0.5074924733736209,0.4523809523809524,0.41111111111111115,0.5586580086580086,0.22189831624204145,0.5776342048755841,0.2720703505644682,0.3138311980417243,0.21081310353257549,0.5586580086580086,0.2132004429678848,0.2818614718614718,0.19174674654550813,0.5745572817986611,0.21361859686403295,0.2589420144382298,0.257784636278754,0.03257121378898339,0.02996596709057576
rtc_365,0.7071428571428571,0.698,0.408841702864369,0.41910018003837807,0.5156163539851695,0.49767760148656376,0.34285714285714286,0.3644444444444444,0.44649859943977593,0.4286541936235938,0.7245962732919254,0.41765077138849926,0.2387494376968061,0.28560860530497495,0.44649859943977593,0.3391805094130675,0.24458152958152954,0.31528822055137845,0.7245962732919254,0.3708064516129032,0.2506027641499539,0.2835589066458037,0.040801323117709384,0.02020305089104422
rtc_366,0.6985714285714286,0.7060000000000001,0.4562174041184536,0.4554369734296994,0.49185185185185176,0.5198803667233318,0.4333333333333333,0.4111111111111111,0.40503663003663004,0.40857142857142864,0.5820216450216451,0.5287980030721966,0.18078726396876424,0.24079354602126876,0.36428571428571427,0.40857142857142864,0.2236080586080586,0.21647836167960008,0.558969696969697,0.5113960422878828,0.256343736908253,0.21988147658792823,0.0368617064319878,0.027627256579733868
rtc_367,0.7085714285714285,0.708,0.46504620834793464,0.4544120684010016,0.5141111523091502,0.5216813961154652,0.4333333333333333,0.4066666666666666,0.40503663003663004,0.38192691029900333,0.5942640692640693,0.4821788783355948,0.1782872639687642,0.21744065517662875,0.36428571428571427,0.38192691029900333,0.2134781884781885,0.1772573144090172,0.5712121212121213,0.4532467532467532,0.2530385790679908,0.21177646712673193,0.032585971871083676,0.032071349029490936
rtc_368,0.7185714285714286,0.712,0.47713128976286867,0.4720724599302807,0.5257742608866582,0.5250512522942609,0.4428571428571428,0.4311111111111111,0.4397142857142858,0.297336389101095,0.5932348111658456,0.4276803118908382,0.22555514830606632,0.21191785845251193,0.4397142857142858,0.2914285714285714,0.17697524697524697,0.19487488775414472,0.5604761904761906,0.40370370370370373,0.2685798156237533,0.2351483989859414,0.03264772207155455,0.0318157963590287
rtc_369,0.712857142857143,0.6986666666666667,0.4804677022324081,0.4351810136399975,0.5278055278055278,0.4968723456908388,0.44761904761904764,0.38888888888888895,0.5586580086580086,0.22047921071176885,0.5771291543705337,0.2769948853396185,0.31224389645442274,0.19025351424031292,0.5586580086580086,0.21751937984496122,0.27822510822510826,0.1659952019085146,0.5740522312936107,0.22236372819330485,0.2563661773895367,0.2627091710539043,0.031240486470787955,0.026108095546424386
rtc_370,0.7071428571428571,0.698,0.408841702864369,0.41910018003837807,0.5156163539851695,0.49767760148656376,0.34285714285714286,0.3644444444444444,0.44649859943977593,0.4286541936235938,0.7245962732919254,0.41765077138849926,0.2387494376968061,0.28560860530497495,0.44649859943977593,0.3391805094130675,0.24458152958152954,0.31528822055137845,0.7245962732919254,0.3708064516129032,0.2506027641499539,0.2835589066458037,0.040664219094419175,0.02020305089104422
rtc_371,0.7014285714285714,0.7126666666666667,0.42838380110787744,0.44907656280878844,0.49972229678112023,0.5334225162428226,0.38095238095238093,0.39111111111111113,0.3900793650793651,0.3165287425752542,0.586078431372549,0.5266071428571428,0.1963811932661382,0.236989365603227,0.37857142857142856,0.3044075304540421,0.20644300144300148,0.187719298245614,0.586078431372549,0.5266071428571428,0.24188400397416795,0.19424121256182325,0.03196583747268221,0.016536909861128886
rtc_372,0.7114285714285715,0.7146666666666667,0.445199752279993,0.4517142033015646,0.5205699437577995,0.5366149030937762,0.3952380952380953,0.3933333333333333,0.40207936507936515,0.30141797099389434,0.6038959931798806,0.4799648612625712,0.19231615487735437,0.23312773499572179,0.39057142857142857,0.29171650055370985,0.20215728715728715,0.1752925093482369,0.6038959931798806,0.465406162464986,0.24145710142140597,0.19801559763391824,0.029769945874879983,0.025793528693239705
rtc_373,0.7171428571428573,0.7113333333333334,0.4642319864875385,0.44551543321529385,0.5366909955406978,0.5276997754343291,0.4095238095238095,0.38666666666666666,0.41114285714285714,0.3537320044296789,0.6166666666666667,0.47610389610389614,0.19307585291279994,0.23080552499694415,0.41114285714285714,0.3537320044296789,0.1568831168831169,0.23030571080106682,0.6152380952380953,0.4546753246753247,0.24349071332337052,0.2694729613528312,0.033251662271616286,0.02770102775666471
rtc_374,0.7185714285714286,0.7060000000000001,0.4735544594616933,0.44471051703070186,0.5400272403118702,0.5143983848970339,0.42380952380952375,0.39333333333333337,0.6086219336219336,0.3030997154620166,0.5833707033707033,0.3269136745607334,0.3191184673576701,0.20796968585747466,0.5987012987012987,0.30250276854928015,0.2655050505050505,0.1405264498143755,0.5687553187553187,0.2911904761904761,0.2787730382140546,0.22773817914631422,0.03192668309095702,0.01603567451474545
rtc_375,0.7071428571428571,0.698,0.408841702864369,0.41910018003837807,0.5156163539851695,0.49767760148656376,0.34285714285714286,0.3644444444444444,0.44649859943977593,0.4286541936235938,0.7245962732919254,0.41765077138849926,0.2387494376968061,0.28560860530497495,0.44649859943977593,0.3391805094130675,0.24458152958152954,0.31528822055137845,0.7245962732919254,0.3708064516129032,0.2506027641499539,0.2835589066458037,0.04270541107474159,0.02020305089104422
rtc_376,0.7071428571428572,0.7093333333333333,0.4439880896537243,0.4359175509386698,0.5180004309416073,0.5270556936389579,0.39047619047619053,0.37777777777777777,0.42142857142857143,0.3503759398496241,0.6033333333333334,0.3347899159663866,0.18634802823297317,0.28403178095587345,0.42142857142857143,0.3380952380952381,0.20039525691699606,0.2334955034645437,0.6033333333333334,0.31161531279178334,0.24420704229527762,0.22794318662481355,0.035991440723281774,0.01916629694999821
rtc_377,0.7171428571428573,0.7113333333333334,0.46132890587702075,0.44121308186250097,0.5393465500344059,0.5293168532525029,0.40476190476190477,0.38222222222222224,0.42142857142857143,0.37609022556390975,0.6284793637734813,0.40714285714285714,0.18522516671493766,0.30382569368047924,0.42142857142857143,0.3638095238095238,0.20403162055335972,0.2645584549609318,0.6284793637734813,0.38255411255411254,0.23213486305104497,0.2215139188494696,0.03413569139264984,0.01470804305855287
rtc_378,0.7242857142857144,0.7140000000000001,0.4655204972152319,0.43436792452546935,0.5606347618226176,0.5386888462203976,0.4,0.3688888888888888,0.454,0.40668881506090804,0.6329670329670329,0.43306878306878305,0.20006346847184409,0.2521293240435155,0.454,0.40668881506090804,0.16948616600790514,0.23897980244729472,0.6329670329670329,0.43306878306878305,0.24190890527097425,0.2637982556281465,0.03516188669118083,0.030169588688489825
rtc_379,0.7171428571428572,0.7046666666666667,0.46464603523749376,0.4276341869767756,0.5405890010051919,0.5138725933194269,0.41428571428571426,0.36888888888888893,0.5772727272727273,0.3351052048726468,0.6350063661828368,0.4274458874458874,0.26642425037773876,0.23851216232734385,0.5772727272727273,0.3351052048726468,0.23507058159232072,0.18049669628616996,0.6350063661828368,0.4274458874458874,0.2704607534838594,0.2351002996202693,0.032450177769158574,0.0124539969815448
rtc_380,0.7071428571428571,0.698,0.408841702864369,0.41910018003837807,0.5156163539851695,0.49767760148656376,0.34285714285714286,0.3644444444444444,0.44649859943977593,0.4286541936235938,0.7245962732919254,0.41765077138849926,0.2387494376968061,0.28560860530497495,0.44649859943977593,0.3391805094130675,0.24458152958152954,0.31528822055137845,0.7245962732919254,0.3708064516129032,0.2506027641499539,0.2835589066458037,0.042994476228578604,0.02020305089104422
rtc_381,0.71,0.7093333333333333,0.4796132470786115,0.4482940489551724,0.525011655011655,0.5336577134898652,0.45714285714285713,0.4,0.43324675324675327,0.41412354415450386,0.5700000000000001,0.36905653170359054,0.24151570787433702,0.33451851851851855,0.42142857142857143,0.37829457364341085,0.25026538678712595,0.26882848833313233,0.5700000000000001,0.34439324116743475,0.19965868910902662,0.20460474829187536,0.039319685056724486,0.013248026422136716
rtc_382,0.72,0.714,0.4884168934397245,0.44803548734462123,0.5472686333976656,0.5464185254379504,0.45714285714285713,0.3933333333333333,0.42961038961038966,0.3690255049388177,0.6660784313725491,0.3227648597012001,0.21781692603602026,0.31681481481481477,0.42142857142857143,0.32868217054263565,0.22520045172219083,0.24797287335987023,0.6660784313725491,0.2897090306411189,0.2009684504300254,0.19983413609932624,0.037739535237943295,0.01525296893147331
rtc_383,0.72,0.7133333333333334,0.48556140434074707,0.4374404117403218,0.548380980449946,0.5461025500323344,0.4523809523809524,0.38,0.4581818181818182,0.39288515406162466,0.6652380952380953,0.4054317542101999,0.23466157087069836,0.281006233956729,0.45,0.3753488372093023,0.20520045172219087,0.24797287335987023,0.6652380952380953,0.3916190476190476,0.20331804351834779,0.23491662216583248,0.03710597673400444,0.01525296893147331
rtc_384,0.72,0.708,0.4850544540092353,0.44635607286272594,0.5461139577163523,0.5269123294377793,0.4523809523809524,0.39555555555555555,0.5681818181818181,0.378671096345515,0.6010714285714286,0.3892946269416857,0.28822062442975194,0.29280870309253154,0.56,0.378671096345515,0.22961603613777526,0.23072386849476634,0.6010714285714286,0.3838744588744588,0.21140879202942112,0.24418817052228245,0.03417959337977986,0.009476070829586859
rtc_385,0.7085714285714285,0.6953333333333334,0.42980085836209925,0.43153453074131926,0.5164008367437903,0.4899917184265011,0.37142857142857144,0.3866666666666667,0.4791723962312198,0.43673252899691095,0.6845962732919254,0.4257177768468091,0.25435092685092686,0.30958024691358027,0.4582633053221289,0.29266888150609077,0.28639971139971143,0.3539436827362524,0.6336871823828345,0.39362903225806456,0.2780203465675363,0.29705313725774085,0.03869686356442777,0.022314999074019015
rtc_386,0.7200000000000001,0.7173333333333334,0.46735321473588903,0.43638311463450996,0.5552294372294372,0.5706602403807374,0.4238095238095238,0.36666666666666664,0.39106227106227104,0.30045568466621103,0.6272143157389058,0.32592105263157894,0.16437290136538257,0.2676039603960397,0.3795238095238095,0.2518715393133998,0.1946609911827303,0.22326270221007066,0.5867183796595561,0.30346273291925463,0.21508213419495964,0.19977500436913065,0.03208294415580202,0.02231499907401901
rtc_387,0.7142857142857144,0.7233333333333334,0.46197167174661,0.44791235933001217,0.5375742648156441,0.5832573247761609,0.4238095238095238,0.37555555555555553,0.39106227106227104,0.3065162907268171,0.684357172881763,0.3077392344497608,0.17199194898443018,0.27156435643564364,0.3795238095238095,0.2782945736434108,0.2085570950788342,0.22326270221007066,0.6438612368024133,0.28528091473743644,0.22141871428153975,0.20787024246436872,0.03208294415580202,0.016903085094570336
rtc_388,0.7157142857142859,0.72,0.5049657252405664,0.4903395338338271,0.531110767539339,0.565915926179084,0.5,0.4533333333333333,0.5458241758241758,0.31865546218487395,0.6152485037730939,0.2780031117549225,0.23834221001907657,0.3192592592592593,0.5342857142857143,0.2849612403100775,0.23803761455935368,0.27098628925254314,0.574752567693744,0.26056590752242925,0.22820882123341138,0.20264130684177623,0.029613121302522936,0.020898198340468303
rtc_389,0.722857142857143,0.7059999999999998,0.5011584915947893,0.4743002586626748,0.5526928061903431,0.5275723206320887,0.480952380952381,0.4444444444444445,0.5458241758241758,0.36065162907268167,0.6025396825396825,0.32273995386018567,0.2189282906051572,0.3747901234567902,0.5342857142857143,0.335437430786268,0.21011553663727578,0.3380952380952381,0.5473015873015873,0.30530274962769244,0.23083333333333336,0.2087760586148259,0.029373025026896205,0.025714285714285724
rtc_390,0.7157142857142859,0.694,0.4556082034258832,0.43123051045522115,0.5414569134779004,0.4896731812503499,0.40476190476190477,0.3888888888888889,0.4369977081741788,0.38919946926138876,0.6304212454212454,0.34855676119702733,0.21568942318942322,0.35012443466568877,0.3900280112044819,0.2962790697674419,0.2141269841269841,0.3581172181791377,0.5945238095238096,0.3157637272589552,0.2621764346764347,0.24727121341625158,0.03429871484934529,0.013850513878332363
rtc_391,0.7171428571428573,0.7186666666666666,0.46984905365116525,0.4482438393788299,0.5484121804121804,0.5618906479747013,0.42857142857142866,0.3822222222222222,0.38249084249084253,0.27093187514240147,0.6126984126984126,0.3089501531606795,0.1729000331483283,0.2762706270627063,0.370952380952381,0.22234772978959025,0.1946609911827303,0.25659603554340393,0.5739682539682539,0.26596273291925465,0.2125320431202784,0.21329452859201145,0.0269969783563766,0.024578072191550372
rtc_392,0.7114285714285715,0.7219999999999999,0.46446751066188624,0.45774121834891934,0.5307570079983873,0.5702239813080348,0.42857142857142866,0.39111111111111113,0.38249084249084253,0.2769924812030075,0.6698412698412698,0.2907683349788613,0.18051908076737594,0.28023102310231024,0.370952380952381,0.2487707641196013,0.2085570950788342,0.25659603554340393,0.631111111111111,0.24778091473743644,0.21886862320685854,0.22138976668724952,0.0269969783563766,0.018952141659173725
rtc_393,0.712857142857143,0.7219999999999999,0.4656978592606559,0.45774121834891934,0.5337822180824209,0.5702239813080348,0.42857142857142866,0.39111111111111113,0.38249084249084253,0.2769924812030075,0.6793650793650793,0.2907683349788613,0.1764374481143147,0.28023102310231024,0.370952380952381,0.2487707641196013,0.2085570950788342,0.25659603554340393,0.6406349206349207,0.24778091473743644,0.21718795093795099,0.22138976668724952,0.028421798162223927,0.01884415136896133
rtc_394,0.7085714285714285,0.7133333333333333,0.45949014518218795,0.46215451110559896,0.5274438007526242,0.5406176227543077,0.4238095238095239,0.41111111111111115,0.48249084249084245,0.3599382176371161,0.5800488400488402,0.3216499582289056,0.190723162400029,0.35365432098765437,0.47095238095238096,0.3317165005537098,0.22284280936454853,0.3128114403656199,0.5242246642246642,0.2975682618932047,0.2336729936729937,0.22844363874112159,0.030522059924041917,0.02610809554642437
rtc_395,0.7200000000000001,0.696,0.44447727240425,0.401099746958615,0.5621649184149183,0.49118113912231554,0.38095238095238093,0.34888888888888886,0.4097142857142857,0.38715174953925047,0.6338095238095237,0.25437970813344196,0.1796937521937522,0.3620843417675101,0.38213852813852817,0.28228128460686597,0.19564213564213567,0.3490263090882286,0.6338095238095237,0.20605519480519482,0.24675245806824755,0.22771304146677532,0.041189394509750274,0.01228903609577518
rtc_396,0.7085714285714285,0.7106666666666668,0.42460548460548464,0.43116059300709636,0.5300595238095238,0.5214002417051198,0.36190476190476184,0.37333333333333335,0.429047619047619,0.33741330069359443,0.5823870573870574,0.2424031092223312,0.2521268868637289,0.2971358024691358,0.429047619047619,0.3023255813953488,0.21636363636363637,0.24042593113800542,0.5823870573870574,0.1806275685686568,0.25715608952451063,0.21492343442558326,0.02989795420282517,0.014568627181693666
rtc_397,0.7085714285714285,0.7106666666666668,0.42460548460548464,0.43116059300709636,0.5300595238095238,0.5214002417051198,0.36190476190476184,0.37333333333333335,0.429047619047619,0.33741330069359443,0.5823870573870574,0.2424031092223312,0.2521268868637289,0.2971358024691358,0.429047619047619,0.3023255813953488,0.21636363636363637,0.24042593113800542,0.5823870573870574,0.1806275685686568,0.25715608952451063,0.21492343442558326,0.02989795420282517,0.014568627181693666
rtc_398,0.7085714285714285,0.7106666666666668,0.42460548460548464,0.43116059300709636,0.5300595238095238,0.5214002417051198,0.36190476190476184,0.37333333333333335,0.429047619047619,0.33741330069359443,0.5823870573870574,0.2424031092223312,0.2521268868637289,0.2971358024691358,0.429047619047619,0.3023255813953488,0.21636363636363637,0.24042593113800542,0.5823870573870574,0.1806275685686568,0.25715608952451063,0.21492343442558326,0.027506832956130246,0.014568627181693666
rtc_399,0.7042857142857143,0.7086666666666666,0.36904992904992906,0.39473286092719034,0.541170634920635,0.5124716702765484,0.3190476190476191,0.33999999999999997,0.3833333333333333,0.31848225214198284,0.6900793650793651,0.28588137009189635,0.21753229226913437,0.2798024691358025,0.3833333333333333,0.3062015503875969,0.16953823953823957,0.2176189135941458,0.6900793650793651,0.2589805097451274,0.2417547657021341,0.21045648981569637,0.03177254637295178,0.010690449676496985
rtc_400,0.7028571428571428,0.7033333333333334,0.38480194480194474,0.4068550536351955,0.5401327838827839,0.5034525341668199,0.3476190476190476,0.3666666666666666,0.3866666666666666,0.3849041207670339,0.6971904761904762,0.30729551150603784,0.1787079587079587,0.36019753086419753,0.35909090909090907,0.2813953488372093,0.1828715728715729,0.342902711323764,0.6971904761904762,0.21093185550082097,0.24431886826623667,0.23268363935991915,0.03655846779310029,0.023299294900428702
rtc_401,0.6585714285714286,0.6813333333333332,0.4369215336867992,0.47377432487452725,0.43347985347985346,0.47196055882102395,0.4428571428571429,0.47777777777777775,0.5704761904761905,0.2965354562877783,0.5636899313501145,0.3878575300038715,0.3094686959803239,0.2553827160493828,0.5495670995670996,0.20560354374307863,0.29361523783562765,0.2594226207229303,0.5636899313501145,0.34003546116315125,0.18201677794898138,0.24409886534911251,0.05172648566952527,0.0257142857142857
rtc_402,0.6514285714285715,0.7073333333333334,0.37435059388756925,0.47152889519739566,0.4058742112302484,0.5145001735931914,0.3476190476190476,0.43555555555555553,0.4107994227994228,0.2829397021966681,0.566965944272446,0.34661904761904766,0.25142763630261444,0.1965180295807359,0.39016450216450216,0.26137320044296786,0.30131194476022066,0.18832375055285272,0.566965944272446,0.34661904761904766,0.24680737563090505,0.19285747181612167,0.039751319896709617,0.023647064796066916
rtc_403,0.7014285714285714,0.6933333333333334,0.48206631789654875,0.4583624806751196,0.5063374337792943,0.4859142407897812,0.46190476190476193,0.43555555555555553,0.572857142857143,0.39032125768967874,0.5905627705627705,0.4144444444444445,0.23999906487404302,0.20761667277838897,0.572857142857143,0.38952380952380955,0.16713390058217645,0.1742256711296959,0.5581818181818181,0.3671428571428571,0.27375661375661375,0.22880744228878994,0.04126173382421553,0.029416086117105722
rtc_404,0.7185714285714286,0.7046666666666667,0.4841919191919192,0.4514498773842156,0.5426107226107226,0.5089622302984372,0.44761904761904764,0.40888888888888897,0.5586580086580086,0.22189831624204145,0.5776342048755841,0.2715203505644682,0.31224389645442274,0.21081310353257549,0.5586580086580086,0.20854928017718716,0.2673160173160173,0.19174674654550813,0.5745572817986611,0.21361859686403295,0.2589420144382298,0.2572346362787539,0.032442566004972515,0.02806697529198357
rtc_405,0.7071428571428571,0.698,0.408841702864369,0.41910018003837807,0.5156163539851695,0.49767760148656376,0.34285714285714286,0.3644444444444444,0.44649859943977593,0.4286541936235938,0.7245962732919254,0.41765077138849926,0.2387494376968061,0.28560860530497495,0.44649859943977593,0.3391805094130675,0.24458152958152954,0.31528822055137845,0.7245962732919254,0.3708064516129032,0.2506027641499539,0.2835589066458037,0.040994732016220045,0.02020305089104422
rtc_406,0.6628571428571428,0.6940000000000001,0.4221483012785197,0.4573634159157586,0.4363059282991066,0.48951289920629665,0.41428571428571426,0.43111111111111117,0.575406162464986,0.35438383921500055,0.5961904761904762,0.41780952380952385,0.26236101370215725,0.27414814814814814,0.5378304048892284,0.32620155038759685,0.29115365477434446,0.23860185222414323,0.5961904761904762,0.3997142857142857,0.26216588940701663,0.22772727272727283,0.048542160847180174,0.018294640678379583
rtc_407,0.6685714285714285,0.7013333333333333,0.42586317589835776,0.4545820985230907,0.4459128709128709,0.5026129800786551,0.4095238095238095,0.41555555555555557,0.4595555555555556,0.3038095238095238,0.5806776556776556,0.45779761904761906,0.2683769864220992,0.17246742452022978,0.44209523809523804,0.3038095238095238,0.3058152958152959,0.13283476069853778,0.5806776556776556,0.45779761904761906,0.24868412633118514,0.1829672951720196,0.03508252444275973,0.02194613070819603
rtc_408,0.6985714285714286,0.7060000000000001,0.46992815072127697,0.46893518692854075,0.5028631119279313,0.5134419366021215,0.44761904761904764,0.43555555555555553,0.44073593073593076,0.39968209293286694,0.5849944141879626,0.43714285714285717,0.210321724670387,0.2360281139225034,0.4028571428571429,0.37246954595791804,0.17440662785490374,0.2119764652272392,0.5423484848484847,0.39827541827541824,0.22974128768483607,0.22866270248409443,0.0432646635035966,0.026108095546424376
rtc_409,0.7185714285714286,0.7046666666666667,0.4841919191919192,0.4514498773842156,0.5426107226107226,0.5089622302984372,0.44761904761904764,0.40888888888888897,0.5586580086580086,0.22189831624204145,0.5776342048755841,0.2715203505644682,0.31224389645442274,0.21081310353257549,0.5586580086580086,0.20854928017718716,0.2673160173160173,0.19174674654550813,0.5745572817986611,0.21361859686403295,0.2589420144382298,0.2572346362787539,0.03189961479328425,0.02806697529198357
rtc_410,0.7071428571428571,0.698,0.408841702864369,0.41910018003837807,0.5156163539851695,0.49767760148656376,0.34285714285714286,0.3644444444444444,0.44649859943977593,0.4286541936235938,0.7245962732919254,0.41765077138849926,0.2387494376968061,0.28560860530497495,0.44649859943977593,0.3391805094130675,0.24458152958152954,0.31528822055137845,0.7245962732919254,0.3708064516129032,0.2506027641499539,0.2835589066458037,0.040801323117709384,0.02020305089104422
rtc_411,0.6814285714285713,0.6873333333333332,0.4496307682895119,0.4492891379059306,0.46814370485036116,0.47727364927162086,0.43809523809523804,0.42666666666666664,0.5819047619047619,0.4038095238095238,0.6215909090909091,0.5062820512820514,0.24968078190582127,0.2235555555555556,0.5819047619047619,0.4038095238095238,0.22993506493506494,0.22492059024566768,0.6215909090909091,0.5062820512820514,0.2284736677336298,0.23262135947269186,0.040259249575308846,0.024578072191550355
rtc_412,0.6942857142857143,0.6926666666666667,0.45440073040323836,0.4532069250089982,0.49090675190678246,0.48690620814022545,0.42857142857142855,0.42444444444444446,0.5819047619047619,0.38666666666666666,0.6579831932773109,0.39282761166482094,0.2463502831609144,0.2457037037037037,0.5819047619047619,0.38666666666666666,0.2575983436853002,0.2178333534370686,0.6579831932773109,0.37956709956709955,0.259314939576797,0.20835885210957183,0.036187747442774705,0.031751586815561256
rtc_413,0.6885714285714286,0.6966666666666667,0.45427572427572427,0.46052431787999754,0.48313463976760235,0.497016024377423,0.4333333333333334,0.4333333333333333,0.4307359307359307,0.3949711176336564,0.5592496392496392,0.4180555555555555,0.2111770097361984,0.22432441021879965,0.3928571428571429,0.3828349944629014,0.18130317957904163,0.21458727031482447,0.5268686868686868,0.40467836257309947,0.23438371813371814,0.23397172111507453,0.04335185747407822,0.02806697529198359
rtc_414,0.7114285714285715,0.6993333333333334,0.47935943283769367,0.437335539026311,0.5241018241018242,0.4986209795706203,0.44761904761904764,0.39111111111111113,0.5586580086580086,0.22669930640554875,0.5715735988149782,0.27720573805279686,0.3138311980417243,0.19825351424031293,0.5586580086580086,0.2221705426356589,0.2818614718614718,0.1722152976022945,0.5684966757380551,0.2180809624554308,0.259658860316366,0.2629200237670826,0.032737782320524454,0.02695423180587602
rtc_415,0.7071428571428571,0.698,0.408841702864369,0.41910018003837807,0.5156163539851695,0.49767760148656376,0.34285714285714286,0.3644444444444444,0.44649859943977593,0.4286541936235938,0.7245962732919254,0.41765077138849926,0.2387494376968061,0.28560860530497495,0.44649859943977593,0.3391805094130675,0.24458152958152954,0.31528822055137845,0.7245962732919254,0.3708064516129032,0.2506027641499539,0.2835589066458037,0.042994476228578604,0.02020305089104422
rtc_416,0.7057142857142857,0.6980000000000001,0.4702388257348119,0.4531161827174012,0.5053653653653652,0.5016198560475669,0.44761904761904764,0.4177777777777778,0.50503663003663,0.4062458471760798,0.5929307359307359,0.5186904761904761,0.18732572550722576,0.21697616428309496,0.46428571428571425,0.4062458471760798,0.2171145521145521,0.21248039885810782,0.5698787878787879,0.5012885154061625,0.26827922077922084,0.23714022251386263,0.03662648895723239,0.031428571428571424
rtc_417,0.7142857142857142,0.7033333333333333,0.4851415997626057,0.45618298995776707,0.5266666666666666,0.508866146848603,0.45714285714285713,0.41555555555555557,0.50503663003663,0.4005315614617941,0.6025974025974026,0.49297579871109287,0.18237456555606585,0.2333812492360347,0.46428571428571425,0.4005315614617941,0.2134781884781885,0.23147172744695962,0.5795454545454547,0.48380913204442616,0.26827922077922084,0.23846294162826426,0.03443351088448531,0.02996596709057578
rtc_418,0.7185714285714286,0.712,0.47713128976286867,0.4720724599302807,0.5257742608866582,0.5250512522942609,0.4428571428571428,0.4311111111111111,0.4397142857142858,0.297336389101095,0.5932348111658456,0.4276803118908382,0.22555514830606632,0.21191785845251193,0.4397142857142858,0.2914285714285714,0.17697524697524697,0.19487488775414472,0.5604761904761906,0.40370370370370373,0.2685798156237533,0.2351483989859414,0.032897484451112256,0.0318157963590287
rtc_419,0.7114285714285715,0.6993333333333334,0.47935943283769367,0.437335539026311,0.5241018241018242,0.4986209795706203,0.44761904761904764,0.39111111111111113,0.5586580086580086,0.22669930640554875,0.5715735988149782,0.27720573805279686,0.3138311980417243,0.19825351424031293,0.5586580086580086,0.2221705426356589,0.2818614718614718,0.1722152976022945,0.5684966757380551,0.2180809624554308,0.259658860316366,0.2629200237670826,0.030632703119178057,0.02695423180587602
rtc_420,0.7071428571428571,0.698,0.408841702864369,0.41910018003837807,0.5156163539851695,0.49767760148656376,0.34285714285714286,0.3644444444444444,0.44649859943977593,0.4286541936235938,0.7245962732919254,0.41765077138849926,0.2387494376968061,0.28560860530497495,0.44649859943977593,0.3391805094130675,0.24458152958152954,0.31528822055137845,0.7245962732919254,0.3708064516129032,0.2506027641499539,0.2835589066458037,0.041090388271546416,0.02020305089104422
rtc_421,0.6971428571428572,0.7113333333333334,0.42111293577249603,0.4523302078285827,0.4859127729715965,0.5269897597178768,0.3761904761904762,0.39777777777777784,0.3900793650793651,0.3165287425752542,0.5794117647058823,0.5231662826420891,0.19082563771058264,0.236989365603227,0.37857142857142856,0.3044075304540421,0.20644300144300148,0.187719298245614,0.5794117647058823,0.5231662826420891,0.2502173373075013,0.195226191631018,0.031894483495189016,0.02194613070819603
rtc_422,0.7100000000000001,0.7053333333333333,0.438344687360412,0.4373124492923991,0.5150937532816091,0.5130317181604214,0.38571428571428573,0.3822222222222222,0.3940793650793651,0.32504983388704317,0.6254901960784314,0.5152227342549923,0.18426059932179883,0.21695513995844026,0.38257142857142856,0.32504983388704317,0.1991702741702742,0.187413721469449,0.6254901960784314,0.5152227342549923,0.24523635505834465,0.22122279892533525,0.02973341128571307,0.0345820526768863
rtc_423,0.7171428571428573,0.7113333333333334,0.4642319864875385,0.44551543321529385,0.5366909955406978,0.5276997754343291,0.4095238095238095,0.38666666666666666,0.41114285714285714,0.3537320044296789,0.6166666666666667,0.47610389610389614,0.19307585291279994,0.23080552499694415,0.41114285714285714,0.3537320044296789,0.1568831168831169,0.23030571080106682,0.6152380952380953,0.4546753246753247,0.24349071332337052,0.2694729613528312,0.033251662271616286,0.02770102775666471
rtc_424,0.7185714285714286,0.7060000000000001,0.4735544594616933,0.44471051703070186,0.5400272403118702,0.5143983848970339,0.42380952380952375,0.39333333333333337,0.6086219336219336,0.3030997154620166,0.5833707033707033,0.3269136745607334,0.3191184673576701,0.20796968585747466,0.5987012987012987,0.30250276854928015,0.2655050505050505,0.1405264498143755,0.5687553187553187,0.2911904761904761,0.2787730382140546,0.22773817914631422,0.03192668309095702,0.01603567451474545
rtc_425,0.7071428571428571,0.698,0.408841702864369,0.41910018003837807,0.5156163539851695,0.49767760148656376,0.34285714285714286,0.3644444444444444,0.44649859943977593,0.4286541936235938,0.7245962732919254,0.41765077138849926,0.2387494376968061,0.28560860530497495,0.44649859943977593,0.3391805094130675,0.24458152958152954,0.31528822055137845,0.7245962732919254,0.3708064516129032,0.2506027641499539,0.2835589066458037,0.042994476228578604,0.02020305089104422
rtc_426,0.7071428571428572,0.7106666666666667,0.4439880896537243,0.43698009244419733,0.5180004309416073,0.5298317703893152,0.39047619047619053,0.37777777777777777,0.42142857142857143,0.3503759398496241,0.6033333333333334,0.3347899159663866,0.18634802823297317,0.28403178095587345,0.42142857142857143,0.3380952380952381,0.20039525691699606,0.2334955034645437,0.6033333333333334,0.3042079053843759,0.24420704229527762,0.22794318662481355,0.03647784154722802,0.01916629694999821
rtc_427,0.7114285714285715,0.7126666666666667,0.45336543555738595,0.43931310469876494,0.5262478208066443,0.5338474046683002,0.4,0.37777777777777777,0.42142857142857143,0.409423558897243,0.6148570727518096,0.3821428571428571,0.1899870714768424,0.30382569368047924,0.42142857142857143,0.39714285714285713,0.21766798418972333,0.2543511184378058,0.6148570727518096,0.3575541125541125,0.24234014164342038,0.23327862473182254,0.034357813947514984,0.011605769149479937
rtc_428,0.7171428571428573,0.7133333333333333,0.4555792056301047,0.43845180973518233,0.5410495083663964,0.5357744564207618,0.3952380952380953,0.37555555555555553,0.45,0.4276190476190476,0.6195216548157725,0.4821428571428571,0.2049444208527965,0.28987849896100726,0.45,0.4276190476190476,0.1840316205533597,0.27508477075040544,0.6195216548157725,0.4821428571428571,0.24027505525002746,0.2579317474086972,0.03490823613373418,0.02099562636671296
rtc_429,0.72,0.7086666666666666,0.463873834465293,0.4322839215909792,0.547731858148049,0.5232887891763008,0.4095238095238095,0.3711111111111111,0.5772727272727273,0.3351052048726468,0.6350063661828368,0.4274458874458874,0.2613222095614122,0.23851216232734385,0.5772727272727273,0.3351052048726468,0.2241614906832298,0.18087866725637622,0.6350063661828368,0.4274458874458874,0.2704607534838594,0.23679665246166026,0.032729581334560456,0.009476070829586859
rtc_430,0.7071428571428571,0.698,0.408841702864369,0.41910018003837807,0.5156163539851695,0.49767760148656376,0.34285714285714286,0.3644444444444444,0.44649859943977593,0.4286541936235938,0.7245962732919254,0.41765077138849926,0.2387494376968061,0.28560860530497495,0.44649859943977593,0.3391805094130675,0.24458152958152954,0.31528822055137845,0.7245962732919254,0.3708064516129032,0.2506027641499539,0.2835589066458037,0.04270541107474159,0.02020305089104422
rtc_431,0.7157142857142857,0.7106666666666667,0.4845840073125297,0.4453856990269549,0.5383449883449883,0.540648124872482,0.45714285714285713,0.3933333333333333,0.43324675324675327,0.3690255049388177,0.658888888888889,0.32144907022751595,0.22246808882671795,0.31681481481481477,0.42142857142857143,0.32868217054263565,0.2288368153585545,0.24797287335987023,0.658888888888889,0.2883932411674347,0.20028098348132098,0.2005266985805066,0.039284303320815825,0.013850513878332357
rtc_432,0.72,0.7093333333333334,0.4884168934397245,0.4435972589063928,0.5472686333976656,0.5314499719788309,0.45714285714285713,0.3933333333333333,0.42961038961038966,0.3929114229423827,0.591078431372549,0.38465803546298905,0.22257883079792506,0.32794426109277597,0.42142857142857143,0.3449612403100776,0.22584980237154148,0.2718587913634353,0.591078431372549,0.3599947449268332,0.19299802032249852,0.19410826424206754,0.03789404239914781,0.01525296893147331
rtc_433,0.72,0.7086666666666667,0.48556140434074707,0.4315553542690574,0.548380980449946,0.5321631560929404,0.4523809523809524,0.37777777777777777,0.4581818181818182,0.4167710720651897,0.5902380952380952,0.4673249299719887,0.2394234756326031,0.2921356802346901,0.45,0.3916279069767442,0.20584980237154152,0.2718587913634353,0.5902380952380952,0.4619047619047619,0.1953476134108209,0.22919075030857378,0.03710597673400444,0.01525296893147331
rtc_434,0.7257142857142858,0.7033333333333334,0.4840716530264343,0.4246119314873898,0.5648639577163522,0.5171662759031189,0.4428571428571429,0.3711111111111111,0.5681818181818181,0.40657807308970095,0.621904761904762,0.3983855360325948,0.28822062442975194,0.3002161104999389,0.56,0.40657807308970095,0.22312252964426876,0.23072386849476634,0.621904761904762,0.3929653679653679,0.21024937173956607,0.23767187979546542,0.03417959337977986,0.012453996981544787
rtc_435,0.7085714285714285,0.6953333333333334,0.42980085836209925,0.43153453074131926,0.5164008367437903,0.4899917184265011,0.37142857142857144,0.3866666666666667,0.4791723962312198,0.43673252899691095,0.6845962732919254,0.4257177768468091,0.25435092685092686,0.30958024691358027,0.4582633053221289,0.29266888150609077,0.28639971139971143,0.3539436827362524,0.6336871823828345,0.39362903225806456,0.2780203465675363,0.29705313725774085,0.04133649802271492,0.022314999074019015
rtc_436,0.712857142857143,0.7173333333333334,0.47426985106643144,0.4576618870130266,0.5322294372294372,0.5606602403807373,0.44761904761904764,0.4022222222222222,0.49106227106227107,0.3178534571723426,0.6176905062150964,0.295921052631579,0.2053252823177635,0.29441975308641977,0.4795238095238095,0.28115171650055365,0.2371285236502628,0.24066047471620228,0.5771945701357466,0.2734627329192546,0.2298353809482064,0.20620357579770204,0.03160524067204225,0.016536909861128903
rtc_437,0.7185714285714286,0.7166666666666668,0.4795231343684952,0.4520572610160019,0.5438961038961039,0.5590149005337366,0.44761904761904764,0.39333333333333337,0.49106227106227107,0.31617278490343503,0.6065793951039853,0.3092543859649123,0.19103956803204922,0.28641975308641976,0.4795238095238095,0.25924695459579183,0.21569995222169136,0.23897980244729472,0.5660834590246355,0.286796066252588,0.22699667127078707,0.1987617153325858,0.03208294415580202,0.020503857277724753
rtc_438,0.7157142857142859,0.72,0.5049657252405664,0.4903395338338271,0.531110767539339,0.565915926179084,0.5,0.4533333333333333,0.5458241758241758,0.31865546218487395,0.6152485037730939,0.2780031117549225,0.23834221001907657,0.3192592592592593,0.5342857142857143,0.2849612403100775,0.23803761455935368,0.27098628925254314,0.574752567693744,0.26056590752242925,0.22820882123341138,0.20264130684177623,0.029135417818763172,0.020898198340468303
rtc_439,0.7157142857142859,0.7093333333333334,0.49485752791799165,0.48202791112716936,0.5354514268799982,0.5337451601382616,0.480952380952381,0.4533333333333333,0.5458241758241758,0.38561286938275924,0.588422035480859,0.3134542395744714,0.21929459097145756,0.3827901234567902,0.5342857142857143,0.3603986710963455,0.2237519002736394,0.3397759103641457,0.5331839402427638,0.2943936587186015,0.23600574712643674,0.22115701099577825,0.029373025026896205,0.026108095546424393
rtc_440,0.7157142857142859,0.694,0.4556082034258832,0.43123051045522115,0.5414569134779004,0.4896731812503499,0.40476190476190477,0.3888888888888889,0.4369977081741788,0.38919946926138876,0.6304212454212454,0.34855676119702733,0.21568942318942322,0.35012443466568877,0.3900280112044819,0.2962790697674419,0.2141269841269841,0.3581172181791377,0.5945238095238096,0.3157637272589552,0.2621764346764347,0.24727121341625158,0.03429871484934529,0.013850513878332363
rtc_441,0.7171428571428573,0.7186666666666666,0.46984905365116525,0.4482438393788299,0.5484121804121804,0.5618906479747013,0.42857142857142866,0.3822222222222222,0.38249084249084253,0.27093187514240147,0.6126984126984126,0.3089501531606795,0.1729000331483283,0.2762706270627063,0.370952380952381,0.22234772978959025,0.1946609911827303,0.25659603554340393,0.5739682539682539,0.26596273291925465,0.2125320431202784,0.21329452859201145,0.0269969783563766,0.024578072191550372
rtc_442,0.7114285714285715,0.7219999999999999,0.46446751066188624,0.45774121834891934,0.5307570079983873,0.5702239813080348,0.42857142857142866,0.39111111111111113,0.38249084249084253,0.2769924812030075,0.6698412698412698,0.2907683349788613,0.18051908076737594,0.28023102310231024,0.370952380952381,0.2487707641196013,0.2085570950788342,0.25659603554340393,0.631111111111111,0.24778091473743644,0.21886862320685854,0.22138976668724952,0.0269969783563766,0.018952141659173725
rtc_443,0.7185714285714286,0.7186666666666666,0.4710794022499349,0.4482438393788299,0.551437390496214,0.5618906479747013,0.42857142857142866,0.3822222222222222,0.38249084249084253,0.27093187514240147,0.6222222222222221,0.3089501531606795,0.16881840049526708,0.2762706270627063,0.370952380952381,0.22234772978959025,0.1946609911827303,0.25659603554340393,0.5834920634920635,0.26596273291925465,0.21085137085137085,0.21329452859201145,0.028421798162223927,0.024159335036125388
rtc_444,0.7085714285714285,0.7133333333333333,0.45949014518218795,0.46215451110559896,0.5274438007526242,0.5406176227543077,0.4238095238095239,0.41111111111111115,0.48249084249084245,0.3599382176371161,0.5800488400488402,0.3216499582289056,0.190723162400029,0.35365432098765437,0.47095238095238096,0.3317165005537098,0.22284280936454853,0.3128114403656199,0.5242246642246642,0.2975682618932047,0.2336729936729937,0.22844363874112159,0.030522059924041917,0.02610809554642437
rtc_445,0.7200000000000001,0.696,0.44447727240425,0.401099746958615,0.5621649184149183,0.49118113912231554,0.38095238095238093,0.34888888888888886,0.4097142857142857,0.38715174953925047,0.6338095238095237,0.25437970813344196,0.1796937521937522,0.3620843417675101,0.38213852813852817,0.28228128460686597,0.19564213564213567,0.3490263090882286,0.6338095238095237,0.20605519480519482,0.24675245806824755,0.22771304146677532,0.041189394509750274,0.01228903609577518
rtc_446,0.7085714285714285,0.7106666666666668,0.42460548460548464,0.43116059300709636,0.5300595238095238,0.5214002417051198,0.36190476190476184,0.37333333333333335,0.429047619047619,0.33741330069359443,0.5823870573870574,0.2424031092223312,0.2521268868637289,0.2971358024691358,0.429047619047619,0.3023255813953488,0.21636363636363637,0.24042593113800542,0.5823870573870574,0.1806275685686568,0.25715608952451063,0.21492343442558326,0.02989795420282517,0.014568627181693666
rtc_447,0.7085714285714285,0.7106666666666668,0.42460548460548464,0.43116059300709636,0.5300595238095238,0.5214002417051198,0.36190476190476184,0.37333333333333335,0.429047619047619,0.33741330069359443,0.5823870573870574,0.2424031092223312,0.2521268868637289,0.2971358024691358,0.429047619047619,0.3023255813953488,0.21636363636363637,0.24042593113800542,0.5823870573870574,0.1806275685686568,0.25715608952451063,0.21492343442558326,0.02989795420282517,0.014568627181693666
rtc_448,0.7085714285714285,0.7106666666666668,0.42460548460548464,0.43116059300709636,0.5300595238095238,0.5214002417051198,0.36190476190476184,0.37333333333333335,0.429047619047619,0.33741330069359443,0.5823870573870574,0.2424031092223312,0.2521268868637289,0.2971358024691358,0.429047619047619,0.3023255813953488,0.21636363636363637,0.24042593113800542,0.5823870573870574,0.1806275685686568,0.25715608952451063,0.21492343442558326,0.027506832956130246,0.014568627181693666
rtc_449,0.7042857142857143,0.7086666666666666,0.36904992904992906,0.39473286092719034,0.541170634920635,0.5124716702765484,0.3190476190476191,0.33999999999999997,0.3833333333333333,0.31848225214198284,0.6900793650793651,0.28588137009189635,0.21753229226913437,0.2798024691358025,0.3833333333333333,0.3062015503875969,0.16953823953823957,0.2176189135941458,0.6900793650793651,0.2589805097451274,0.2417547657021341,0.21045648981569637,0.03177254637295178,0.010690449676496985
rtc_450,0.7028571428571428,0.7033333333333334,0.38480194480194474,0.4068550536351955,0.5401327838827839,0.5034525341668199,0.3476190476190476,0.3666666666666666,0.3866666666666666,0.3849041207670339,0.6971904761904762,0.30729551150603784,0.1787079587079587,0.36019753086419753,0.35909090909090907,0.2813953488372093,0.1828715728715729,0.342902711323764,0.6971904761904762,0.21093185550082097,0.24431886826623667,0.23268363935991915,0.03655846779310029,0.023299294900428702
rtc_451,0.6442857142857142,0.6686666666666666,0.42691212567501224,0.4562460544654723,0.4143300110741971,0.44897767219852736,0.4428571428571429,0.4644444444444445,0.4419047619047619,0.3692112634527495,0.5656410256410257,0.4332251082251083,0.2582942277749062,0.28725925925925927,0.4043290043290043,0.24571428571428572,0.3093083003952569,0.3405277900633938,0.5656410256410257,0.3784186765615337,0.21946960467538892,0.27054165947904085,0.046127826990029035,0.028356333201827427
rtc_452,0.6685714285714286,0.6933333333333334,0.42094327238631035,0.4519978090023743,0.4459363764137326,0.48786241496320615,0.4,0.42222222222222217,0.525974025974026,0.41999999999999993,0.5490909090909091,0.36999999999999994,0.27120785608283426,0.3122716049382716,0.5119047619047619,0.41999999999999993,0.29569189431258397,0.2402557195126854,0.5490909090909091,0.36999999999999994,0.25476014813775727,0.23037192677602505,0.040042916785380876,0.03245090483314445
rtc_453,0.7042857142857144,0.698,0.48934732370786493,0.46357230518222314,0.511639480011573,0.4953615751355679,0.4714285714285714,0.4377777777777778,0.5434632034632034,0.39665178990256394,0.6481385281385281,0.4017543859649123,0.2235579621171508,0.22649578291162448,0.5128571428571429,0.3678183831672204,0.17766681594267802,0.18374680015546888,0.6157575757575757,0.2976190476190476,0.2596586448199351,0.2464382068473372,0.04464459201610586,0.03768830273792264
rtc_454,0.712857142857143,0.6986666666666667,0.4804677022324081,0.4351810136399975,0.5278055278055278,0.4968723456908388,0.44761904761904764,0.38888888888888895,0.5586580086580086,0.22047921071176885,0.5771291543705337,0.2769948853396185,0.31224389645442274,0.19025351424031292,0.5586580086580086,0.21751937984496122,0.27822510822510826,0.1659952019085146,0.5740522312936107,0.22236372819330485,0.2563661773895367,0.2627091710539043,0.031009085799325254,0.026108095546424386
rtc_455,0.7071428571428571,0.698,0.408841702864369,0.41910018003837807,0.5156163539851695,0.49767760148656376,0.34285714285714286,0.3644444444444444,0.44649859943977593,0.4286541936235938,0.7245962732919254,0.41765077138849926,0.2387494376968061,0.28560860530497495,0.44649859943977593,0.3391805094130675,0.24458152958152954,0.31528822055137845,0.7245962732919254,0.3708064516129032,0.2506027641499539,0.2835589066458037,0.040664219094419175,0.02020305089104422
rtc_456,0.6714285714285714,0.6946666666666668,0.4352676137985932,0.4533903149331862,0.45326475290725543,0.48926167289549605,0.4238095238095238,0.42444444444444446,0.5581746031746031,0.31633872643304567,0.577936507936508,0.3799487967229903,0.2383003124985989,0.21318518518518523,0.4995670995670996,0.27596899224806204,0.29233044733044733,0.21086271829305883,0.56,0.3429646697388633,0.2661809814482658,0.2353311198510412,0.047160747126934535,0.02303502213799588
rtc_457,0.6557142857142857,0.6973333333333332,0.41061253623863614,0.45630671669752454,0.4244703091407813,0.49449247906777705,0.4,0.42444444444444446,0.46114285714285713,0.3417940199335548,0.5730952380952381,0.36969834087481146,0.2526599966449591,0.22859259259259262,0.42174891774891776,0.3417940199335548,0.3373070607553366,0.20380630721187995,0.5730952380952381,0.36969834087481146,0.2256241603224362,0.20558428088769984,0.03999755701591977,0.026496052844273442
rtc_458,0.7028571428571428,0.71,0.471287894315154,0.4765704051294194,0.5091781780031474,0.5219297098432376,0.4428571428571429,0.44222222222222224,0.45285714285714296,0.4095921622237412,0.5829469164715066,0.4346339168078299,0.23051711824923923,0.2184972497249725,0.45285714285714296,0.3952380952380953,0.1703085037567796,0.18470105745647541,0.5157843137254902,0.4346339168078299,0.26609272181558785,0.20885994603726052,0.04249805199711157,0.033986792152486615
rtc_459,0.712857142857143,0.6986666666666667,0.4804677022324081,0.4351810136399975,0.5278055278055278,0.4968723456908388,0.44761904761904764,0.38888888888888895,0.5586580086580086,0.22047921071176885,0.5771291543705337,0.2769948853396185,0.31224389645442274,0.19025351424031292,0.5586580086580086,0.21751937984496122,0.27822510822510826,0.1659952019085146,0.5740522312936107,0.22236372819330485,0.2563661773895367,0.2627091710539043,0.03189961479328425,0.026108095546424386
rtc_460,0.7071428571428571,0.698,0.408841702864369,0.41910018003837807,0.5156163539851695,0.49767760148656376,0.34285714285714286,0.3644444444444444,0.44649859943977593,0.4286541936235938,0.7245962732919254,0.41765077138849926,0.2387494376968061,0.28560860530497495,0.44649859943977593,0.3391805094130675,0.24458152958152954,0.31528822055137845,0.7245962732919254,0.3708064516129032,0.2506027641499539,0.2835589066458037,0.04270541107474159,0.02020305089104422
rtc_461,0.6914285714285715,0.6846666666666668,0.46622612009070485,0.4539855874658537,0.4871170252456162,0.4724604175753601,0.4523809523809524,0.4377777777777778,0.5819047619047619,0.3985434173669467,0.6138528138528139,0.4733529261436237,0.25963509358858194,0.24948148148148147,0.5819047619047619,0.392469545957918,0.22993506493506494,0.2809282564700521,0.6138528138528139,0.4291536241536241,0.24767127014624232,0.2372840035913253,0.04334963142659798,0.02089819834046828
rtc_462,0.6914285714285714,0.696,0.43834207417906923,0.44987943771576233,0.48380266075388023,0.4925315981162899,0.4095238095238095,0.4155555555555555,0.49857142857142855,0.39781512605042013,0.6075070028011205,0.3944444444444445,0.24008841637273184,0.2498271604938272,0.49857142857142855,0.3745957918050941,0.2575983436853002,0.2178333534370686,0.6075070028011205,0.34375661375661376,0.2513875400364943,0.2254786324786325,0.035447500983627644,0.01653690986112893
rtc_463,0.7057142857142857,0.7020000000000001,0.48568757349639063,0.46345885486958294,0.5176712260433189,0.5040832399441892,0.46190476190476193,0.4333333333333333,0.4670995670995671,0.4625210084033614,0.5792600477846379,0.4564393939393939,0.2193821379413266,0.25146021268793545,0.43285714285714294,0.4459136212624585,0.1801920684679305,0.2255330840470159,0.5120974450386215,0.44832535885167457,0.2614648337394239,0.2421750485832404,0.04022706444927597,0.03948649988881502
rtc_464,0.7171428571428573,0.7026666666666668,0.48974904322730417,0.45029654318680745,0.5355303955303955,0.5051115209926685,0.45714285714285713,0.40888888888888897,0.5586580086580086,0.21853697170422634,0.5854773421304862,0.2740311348781937,0.3138311980417243,0.20834396773010636,0.5586580086580086,0.2074861572535991,0.2818614718614718,0.18838540200769302,0.5824004190535631,0.20290431114974722,0.2557674112636266,0.25974542059247946,0.03191208546648709,0.03368521749300454
rtc_465,0.7071428571428571,0.698,0.408841702864369,0.41910018003837807,0.5156163539851695,0.49767760148656376,0.34285714285714286,0.3644444444444444,0.44649859943977593,0.4286541936235938,0.7245962732919254,0.41765077138849926,0.2387494376968061,0.28560860530497495,0.44649859943977593,0.3391805094130675,0.24458152958152954,0.31528822055137845,0.7245962732919254,0.3708064516129032,0.2506027641499539,0.2835589066458037,0.04270541107474159,0.02020305089104422
rtc_466,0.7057142857142857,0.6993333333333334,0.4702388257348119,0.4554691238938718,0.5053653653653652,0.5041198560475669,0.44761904761904764,0.42000000000000004,0.50503663003663,0.4062458471760798,0.5929307359307359,0.5186904761904761,0.18732572550722576,0.21821073218432954,0.46428571428571425,0.4062458471760798,0.2171145521145521,0.21416107112701538,0.5698787878787879,0.5012885154061625,0.26827922077922084,0.23543782749860984,0.0381657425492909,0.031428571428571424
rtc_467,0.7142857142857142,0.702,0.4851415997626057,0.45377335140355024,0.5266666666666666,0.5062345679012346,0.45714285714285713,0.4133333333333334,0.50503663003663,0.4005315614617941,0.6025974025974026,0.49297579871109287,0.18237456555606585,0.23214668133480015,0.46428571428571425,0.4005315614617941,0.2134781884781885,0.22979105517805207,0.5795454545454547,0.48380913204442616,0.26827922077922084,0.23853687074328925,0.03361839231054227,0.02996596709057578
rtc_468,0.7214285714285714,0.7066666666666667,0.47997623997623995,0.45919544789715055,0.5331272020631288,0.5134499451047184,0.4428571428571428,0.4177777777777777,0.4397142857142858,0.3181173864894795,0.6027586206896551,0.4321247563352827,0.22555514830606632,0.20597726439310599,0.4397142857142858,0.3181173864894795,0.17035187035187035,0.21137603366705532,0.5700000000000001,0.40328703703703705,0.2654517608827954,0.2558321596697021,0.03331300964502265,0.034404555939406556
rtc_469,0.7114285714285715,0.6993333333333334,0.47935943283769367,0.437335539026311,0.5241018241018242,0.4986209795706203,0.44761904761904764,0.39111111111111113,0.5586580086580086,0.22669930640554875,0.5715735988149782,0.27720573805279686,0.3138311980417243,0.19825351424031293,0.5586580086580086,0.2221705426356589,0.2818614718614718,0.1722152976022945,0.5684966757380551,0.2180809624554308,0.259658860316366,0.2629200237670826,0.03208771988503578,0.02695423180587602
rtc_470,0.7071428571428571,0.698,0.408841702864369,0.41910018003837807,0.5156163539851695,0.49767760148656376,0.34285714285714286,0.3644444444444444,0.44649859943977593,0.4286541936235938,0.7245962732919254,0.41765077138849926,0.2387494376968061,0.28560860530497495,0.44649859943977593,0.3391805094130675,0.24458152958152954,0.31528822055137845,0.7245962732919254,0.3708064516129032,0.2506027641499539,0.2835589066458037,0.040994732016220045,0.02020305089104422
rtc_471,0.7028571428571428,0.7040000000000001,0.45014766026488645,0.44984029966580197,0.5032551485183064,0.5085189639127995,0.4095238095238095,0.40444444444444444,0.40207936507936515,0.3448455238332119,0.5849673202614378,0.4696947496947496,0.18675534292600213,0.27281628162816285,0.39057142857142857,0.33488372093023255,0.20644300144300148,0.2160360795035718,0.5849673202614378,0.46952380952380945,0.24070583861943212,0.19140189118852616,0.03120578898857661,0.020995626366712934
rtc_472,0.7085714285714285,0.718,0.4348047418849827,0.45112655080873887,0.5164032770911329,0.5472770545086407,0.38095238095238093,0.3866666666666666,0.3900793650793651,0.30475385080036244,0.5964425770308123,0.5158456486042693,0.18731615487735437,0.22322674489671188,0.37857142857142856,0.2986932447397564,0.1991702741702742,0.17862838915470494,0.5964425770308123,0.5158456486042693,0.24438965274105406,0.19566978399039467,0.02973341128571307,0.022767682072156036
rtc_473,0.7171428571428573,0.7113333333333334,0.4642319864875385,0.44551543321529385,0.5366909955406978,0.5276997754343291,0.4095238095238095,0.38666666666666666,0.41114285714285714,0.3537320044296789,0.6166666666666667,0.47610389610389614,0.19307585291279994,0.23080552499694415,0.41114285714285714,0.3537320044296789,0.1568831168831169,0.23030571080106682,0.6152380952380953,0.4546753246753247,0.24349071332337052,0.2694729613528312,0.03397996502736885,0.02770102775666471
rtc_474,0.7157142857142859,0.702,0.4743266602338941,0.44006078241649826,0.5328843831690131,0.5049821890401601,0.42857142857142855,0.3911111111111111,0.6086219336219336,0.3030997154620166,0.5833707033707033,0.3269136745607334,0.3242205081739966,0.20796968585747466,0.5987012987012987,0.30250276854928015,0.27641414141414145,0.14014447884416925,0.5687553187553187,0.2911904761904761,0.2787730382140546,0.22604182630492325,0.03192668309095702,0.017728105208558366
rtc_475,0.7071428571428571,0.698,0.408841702864369,0.41910018003837807,0.5156163539851695,0.49767760148656376,0.34285714285714286,0.3644444444444444,0.44649859943977593,0.4286541936235938,0.7245962732919254,0.41765077138849926,0.2387494376968061,0.28560860530497495,0.44649859943977593,0.3391805094130675,0.24458152958152954,0.31528822055137845,0.7245962732919254,0.3708064516129032,0.2506027641499539,0.2835589066458037,0.040664219094419175,0.02020305089104422
rtc_476,0.7114285714285715,0.7053333333333334,0.4562052623972129,0.4389301212227016,0.5260746606334841,0.5153945109010226,0.40476190476190477,0.38666666666666666,0.42142857142857143,0.3818045112781955,0.6178733031674208,0.4081232492997199,0.20094771426123065,0.3197464857596871,0.42142857142857143,0.36952380952380953,0.22584980237154154,0.27508477075040544,0.6178733031674208,0.3916153127917834,0.22920225831516153,0.21930803649652844,0.03606658023506866,0.011605769149479937
rtc_477,0.7128571428571429,0.7140000000000001,0.4491090968874076,0.4369175841794629,0.531551334061476,0.5391094616752914,0.39047619047619053,0.37333333333333335,0.42142857142857143,0.3427568922305765,0.6939393939393939,0.34404761904761905,0.17978298984418936,0.27215059283706156,0.42142857142857143,0.3304761904761905,0.19675889328063242,0.2334955034645437,0.6939393939393939,0.2918571428571428,0.2464325763240903,0.22984794852957546,0.03417877247367161,0.022314999074019036
rtc_478,0.7114285714285715,0.7166666666666666,0.4504555621502968,0.44976876840732594,0.5277776189654747,0.5422836174622276,0.3952380952380953,0.38888888888888884,0.45,0.4276190476190476,0.6058993637941007,0.4682539682539682,0.21923013513851072,0.2849155359980443,0.45,0.4276190476190476,0.20481084133258048,0.27508477075040544,0.6058993637941007,0.4682539682539682,0.24762319098525998,0.25731677414666504,0.035994888069391724,0.01895214165917371
rtc_479,0.7257142857142858,0.704,0.4633962225249945,0.4112558422871307,0.56664094905714,0.5128410279822709,0.4,0.3466666666666667,0.5772727272727273,0.3630121816168328,0.6506926406926407,0.43316017316017313,0.2613222095614122,0.24591956973475124,0.5772727272727273,0.3630121816168328,0.21766798418972333,0.17210673743181482,0.6506926406926407,0.43316017316017313,0.26712742015052604,0.2301299857949936,0.032729581334560456,0.015386185163241436
rtc_480,0.7071428571428571,0.698,0.408841702864369,0.41910018003837807,0.5156163539851695,0.49767760148656376,0.34285714285714286,0.3644444444444444,0.44649859943977593,0.4286541936235938,0.7245962732919254,0.41765077138849926,0.2387494376968061,0.28560860530497495,0.44649859943977593,0.3391805094130675,0.24458152958152954,0.31528822055137845,0.7245962732919254,0.3708064516129032,0.2506027641499539,0.2835589066458037,0.040994732016220045,0.02020305089104422
rtc_481,0.71,0.7093333333333333,0.4796132470786115,0.4482940489551724,0.525011655011655,0.5336577134898652,0.45714285714285713,0.4,0.43324675324675327,0.41412354415450386,0.5700000000000001,0.36905653170359054,0.24151570787433702,0.33451851851851855,0.42142857142857143,0.37829457364341085,0.25026538678712595,0.26882848833313233,0.5700000000000001,0.34439324116743475,0.19965868910902662,0.20460474829187536,0.03943881048202034,0.013248026422136716
rtc_482,0.72,0.7093333333333334,0.4884168934397245,0.4435972589063928,0.5472686333976656,0.5314499719788309,0.45714285714285713,0.3933333333333333,0.42961038961038966,0.3929114229423827,0.591078431372549,0.38465803546298905,0.22257883079792506,0.32794426109277597,0.42142857142857143,0.3449612403100776,0.22584980237154148,0.2718587913634353,0.591078431372549,0.3599947449268332,0.19299802032249852,0.19410826424206754,0.037739535237943295,0.01525296893147331
rtc_483,0.72,0.7133333333333334,0.48556140434074707,0.4374404117403218,0.548380980449946,0.5461025500323344,0.4523809523809524,0.38,0.4581818181818182,0.39288515406162466,0.6652380952380953,0.4054317542101999,0.23466157087069836,0.281006233956729,0.45,0.3753488372093023,0.20520045172219087,0.24797287335987023,0.6652380952380953,0.3916190476190476,0.20331804351834779,0.23491662216583248,0.036951469572799926,0.01525296893147331
rtc_484,0.72,0.708,0.4850544540092353,0.44635607286272594,0.5461139577163523,0.5269123294377793,0.4523809523809524,0.39555555555555555,0.5681818181818181,0.378671096345515,0.6010714285714286,0.3892946269416857,0.28822062442975194,0.29280870309253154,0.56,0.378671096345515,0.22961603613777526,0.23072386849476634,0.6010714285714286,0.3838744588744588,0.21140879202942112,0.24418817052228245,0.03417959337977986,0.009476070829586859
rtc_485,0.7085714285714285,0.6953333333333334,0.42980085836209925,0.43153453074131926,0.5164008367437903,0.4899917184265011,0.37142857142857144,0.3866666666666667,0.4791723962312198,0.43673252899691095,0.6845962732919254,0.4257177768468091,0.25435092685092686,0.30958024691358027,0.4582633053221289,0.29266888150609077,0.28639971139971143,0.3539436827362524,0.6336871823828345,0.39362903225806456,0.2780203465675363,0.29705313725774085,0.03869686356442777,0.022314999074019015
rtc_486,0.712857142857143,0.7173333333333334,0.47426985106643144,0.4576618870130266,0.5322294372294372,0.5606602403807373,0.44761904761904764,0.4022222222222222,0.49106227106227107,0.3178534571723426,0.6176905062150964,0.295921052631579,0.2053252823177635,0.29441975308641977,0.4795238095238095,0.28115171650055365,0.2371285236502628,0.24066047471620228,0.5771945701357466,0.2734627329192546,0.2298353809482064,0.20620357579770204,0.03208294415580202,0.016536909861128903
rtc_487,0.7185714285714286,0.7166666666666668,0.4795231343684952,0.4520572610160019,0.5438961038961039,0.5590149005337366,0.44761904761904764,0.39333333333333337,0.49106227106227107,0.31617278490343503,0.6065793951039853,0.3092543859649123,0.19103956803204922,0.28641975308641976,0.4795238095238095,0.25924695459579183,0.21569995222169136,0.23897980244729472,0.5660834590246355,0.286796066252588,0.22699667127078707,0.1987617153325858,0.03160524067204225,0.020503857277724753
rtc_488,0.722857142857143,0.72,0.49804908891002403,0.46906076145531045,0.554110767539339,0.575915926179084,0.4761904761904763,0.4177777777777778,0.44582417582417583,0.30125768967874234,0.6247723132969034,0.30800311175492245,0.19738982906669564,0.2924434665688791,0.4342857142857143,0.2556810631229236,0.19557008209182122,0.2535885167464115,0.5842763772175538,0.2905659075224293,0.21345557448016464,0.1962127354132048,0.029613121302522936,0.024907993963089584
rtc_489,0.7157142857142859,0.7093333333333334,0.49485752791799165,0.48202791112716936,0.5354514268799982,0.5337451601382616,0.480952380952381,0.4533333333333333,0.5458241758241758,0.38561286938275924,0.588422035480859,0.3134542395744714,0.21929459097145756,0.3827901234567902,0.5342857142857143,0.3603986710963455,0.2237519002736394,0.3397759103641457,0.5331839402427638,0.2943936587186015,0.23600574712643674,0.22115701099577825,0.029373025026896205,0.026108095546424393
rtc_490,0.7157142857142859,0.694,0.4556082034258832,0.43123051045522115,0.5414569134779004,0.4896731812503499,0.40476190476190477,0.3888888888888889,0.4369977081741788,0.38919946926138876,0.6304212454212454,0.34855676119702733,0.21568942318942322,0.35012443466568877,0.3900280112044819,0.2962790697674419,0.2141269841269841,0.3581172181791377,0.5945238095238096,0.3157637272589552,0.2621764346764347,0.24727121341625158,0.03429871484934529,0.013850513878332363
rtc_491,0.7114285714285715,0.7219999999999999,0.46446751066188624,0.45774121834891934,0.5307570079983873,0.5702239813080348,0.42857142857142866,0.39111111111111113,0.38249084249084253,0.2769924812030075,0.6698412698412698,0.2907683349788613,0.18051908076737594,0.28023102310231024,0.370952380952381,0.2487707641196013,0.2085570950788342,0.25659603554340393,0.631111111111111,0.24778091473743644,0.21886862320685854,0.22138976668724952,0.0269969783563766,0.018952141659173725
rtc_492,0.7157142857142859,0.7153333333333333,0.4820189732837714,0.46188612003490903,0.537078847078847,0.5459815570656105,0.4523809523809524,0.40888888888888897,0.48249084249084245,0.2866489753796255,0.5920634920634921,0.2922834864940128,0.19956669981499497,0.29508641975308647,0.47095238095238096,0.22972314507198227,0.21569995222169136,0.27231313578062805,0.5533333333333333,0.249296066252588,0.22444658019610583,0.2122812395554666,0.0269969783563766,0.022767682072156056
rtc_493,0.7185714285714286,0.7186666666666666,0.4710794022499349,0.4482438393788299,0.551437390496214,0.5618906479747013,0.42857142857142866,0.3822222222222222,0.38249084249084253,0.27093187514240147,0.6222222222222221,0.3089501531606795,0.16881840049526708,0.2762706270627063,0.370952380952381,0.22234772978959025,0.1946609911827303,0.25659603554340393,0.5834920634920635,0.26596273291925465,0.21085137085137085,0.21329452859201145,0.028421798162223927,0.024159335036125388
rtc_494,0.7157142857142859,0.71,0.4653655858402373,0.4541948207302521,0.5448049118637354,0.5341241162608013,0.4238095238095239,0.4022222222222222,0.48249084249084245,0.33604010025062653,0.6000488400488401,0.33093567251461986,0.19035686203372865,0.34565432098765436,0.47095238095238096,0.3078183831672204,0.20920644572818486,0.31113076809671236,0.5442246642246642,0.3084773528022956,0.23201972157196044,0.2160626863601692,0.030522059924041917,0.023647064796066923
rtc_495,0.7200000000000001,0.696,0.44447727240425,0.401099746958615,0.5621649184149183,0.49118113912231554,0.38095238095238093,0.34888888888888886,0.4097142857142857,0.38715174953925047,0.6338095238095237,0.25437970813344196,0.1796937521937522,0.3620843417675101,0.38213852813852817,0.28228128460686597,0.19564213564213567,0.3490263090882286,0.6338095238095237,0.20605519480519482,0.24675245806824755,0.22771304146677532,0.041189394509750274,0.01228903609577518
rtc_496,0.7085714285714285,0.7106666666666668,0.42460548460548464,0.43116059300709636,0.5300595238095238,0.5214002417051198,0.36190476190476184,0.37333333333333335,0.429047619047619,0.33741330069359443,0.5823870573870574,0.2424031092223312,0.2521268868637289,0.2971358024691358,0.429047619047619,0.3023255813953488,0.21636363636363637,0.24042593113800542,0.5823870573870574,0.1806275685686568,0.25715608952451063,0.21492343442558326,0.02989795420282517,0.014568627181693666
rtc_497,0.7085714285714285,0.7106666666666668,0.42460548460548464,0.43116059300709636,0.5300595238095238,0.5214002417051198,0.36190476190476184,0.37333333333333335,0.429047619047619,0.33741330069359443,0.5823870573870574,0.2424031092223312,0.2521268868637289,0.2971358024691358,0.429047619047619,0.3023255813953488,0.21636363636363637,0.24042593113800542,0.5823870573870574,0.1806275685686568,0.25715608952451063,0.21492343442558326,0.02989795420282517,0.014568627181693666
rtc_498,0.7085714285714285,0.7106666666666668,0.42460548460548464,0.43116059300709636,0.5300595238095238,0.5214002417051198,0.36190476190476184,0.37333333333333335,0.429047619047619,0.33741330069359443,0.5823870573870574,0.2424031092223312,0.2521268868637289,0.2971358024691358,0.429047619047619,0.3023255813953488,0.21636363636363637,0.24042593113800542,0.5823870573870574,0.1806275685686568,0.25715608952451063,0.21492343442558326,0.027506832956130246,0.014568627181693666
rtc_499,0.7042857142857143,0.7086666666666666,0.36904992904992906,0.39473286092719034,0.541170634920635,0.5124716702765484,0.3190476190476191,0.33999999999999997,0.3833333333333333,0.31848225214198284,0.6900793650793651,0.28588137009189635,0.21753229226913437,0.2798024691358025,0.3833333333333333,0.3062015503875969,0.16953823953823957,0.2176189135941458,0.6900793650793651,0.2589805097451274,0.2417547657021341,0.21045648981569637,0.03177254637295178,0.010690449676496985
rtc_500,0.7028571428571428,0.7033333333333334,0.38480194480194474,0.4068550536351955,0.5401327838827839,0.5034525341668199,0.3476190476190476,0.3666666666666666,0.3866666666666666,0.3849041207670339,0.6971904761904762,0.30729551150603784,0.1787079587079587,0.36019753086419753,0.35909090909090907,0.2813953488372093,0.1828715728715729,0.342902711323764,0.6971904761904762,0.21093185550082097,0.24431886826623667,0.23268363935991915,0.03655846779310029,0.023299294900428702
rtc_501,0.6900000000000001,0.6960000000000001,0.2026810954513854,0.19720234106971113,0.6551737124564542,0.4712678062678063,0.16666666666666666,0.16666666666666666,0.25209090909090903,0.2350877192982456,0.7286666666666666,0.62,0.1710837971552257,0.184,0.2342337662337662,0.16230343300110742,0.16045454545454546,0.19999999999999998,0.726,0.5676190476190477,0.2797515223330371,0.27254854378798044,0.033300922879586206,0.020995626366712986
rtc_502,0.6900000000000001,0.6966666666666667,0.2026810954513854,0.19739647813047603,0.6551737124564542,0.47884356384356386,0.16666666666666666,0.16666666666666666,0.25209090909090903,0.2350877192982456,0.7286666666666666,0.65,0.1710837971552257,0.184,0.2342337662337662,0.16230343300110742,0.16045454545454546,0.19999999999999998,0.726,0.5976190476190476,0.2797515223330371,0.27254854378798044,0.033121001040040454,0.020995626366712986
rtc_503,0.6885714285714286,0.6966666666666667,0.19581240858269852,0.19739647813047603,0.6436352509179926,0.47884356384356386,0.1619047619047619,0.16666666666666666,0.25209090909090903,0.2350877192982456,0.7286666666666666,0.65,0.1710837971552257,0.184,0.2342337662337662,0.16230343300110742,0.16045454545454546,0.19999999999999998,0.726,0.5976190476190476,0.2797515223330371,0.27254854378798044,0.035986257891979345,0.022857142857142885
rtc_504,0.6900000000000001,0.7020000000000001,0.2265100830013032,0.21996550574152046,0.5686352509179926,0.5288435638435638,0.18095238095238092,0.18,0.27936363636363637,0.2350877192982456,0.6619999999999999,0.65,0.18407081014223872,0.17723432343234322,0.2615064935064935,0.17238095238095236,0.16814685314685313,0.16666666666666666,0.6593333333333333,0.5976190476190476,0.2797515223330371,0.2697909680304046,0.033323748636923445,0.0241593350361254
rtc_505,0.6871428571428572,0.7026666666666667,0.26967846967846965,0.26566739876640605,0.354421768707483,0.40920320281222533,0.2523809523809524,0.24444444444444446,0.315,0.2740514075887393,0.507897435897436,0.46191902834008103,0.22473716759431045,0.236,0.29714285714285715,0.14006644518272424,0.20339160839160839,0.26842105263157895,0.4693333333333333,0.28692100909842844,0.23446747592030612,0.2942431918722982,0.034278914114675305,0.02490799396308957
rtc_506,0.6900000000000001,0.6966666666666667,0.2026810954513854,0.19739647813047603,0.6551737124564542,0.47884356384356386,0.16666666666666666,0.16666666666666666,0.25209090909090903,0.2350877192982456,0.7286666666666666,0.65,0.1710837971552257,0.184,0.2342337662337662,0.16230343300110742,0.16045454545454546,0.19999999999999998,0.726,0.5976190476190476,0.2797515223330371,0.27254854378798044,0.033529695570460136,0.020995626366712986
rtc_507,0.6900000000000001,0.6966666666666667,0.2026810954513854,0.19739647813047603,0.6551737124564542,0.47884356384356386,0.16666666666666666,0.16666666666666666,0.25209090909090903,0.2350877192982456,0.7286666666666666,0.65,0.1710837971552257,0.184,0.2342337662337662,0.16230343300110742,0.16045454545454546,0.19999999999999998,0.726,0.5976190476190476,0.2797515223330371,0.27254854378798044,0.033529695570460136,0.020995626366712986
rtc_508,0.6885714285714286,0.6966666666666667,0.19581240858269852,0.19739647813047603,0.6436352509179926,0.47884356384356386,0.1619047619047619,0.16666666666666666,0.25209090909090903,0.2350877192982456,0.7286666666666666,0.65,0.1710837971552257,0.184,0.2342337662337662,0.16230343300110742,0.16045454545454546,0.19999999999999998,0.726,0.5976190476190476,0.2797515223330371,0.27254854378798044,0.035986257891979345,0.022857142857142885
rtc_509,0.6900000000000001,0.7020000000000001,0.2265100830013032,0.21996550574152046,0.5686352509179926,0.5288435638435638,0.18095238095238092,0.18,0.27936363636363637,0.2350877192982456,0.6619999999999999,0.65,0.18407081014223872,0.17723432343234322,0.2615064935064935,0.17238095238095236,0.16814685314685313,0.16666666666666666,0.6593333333333333,0.5976190476190476,0.2797515223330371,0.2697909680304046,0.033323748636923445,0.0241593350361254
rtc_510,0.6871428571428572,0.7026666666666667,0.26967846967846965,0.26566739876640605,0.354421768707483,0.40920320281222533,0.2523809523809524,0.24444444444444446,0.315,0.2740514075887393,0.507897435897436,0.46191902834008103,0.22473716759431045,0.236,0.29714285714285715,0.14006644518272424,0.20339160839160839,0.26842105263157895,0.4693333333333333,0.28692100909842844,0.23446747592030612,0.2942431918722982,0.034278914114675305,0.02490799396308957
rtc_511,0.6900000000000001,0.6966666666666667,0.2026810954513854,0.19739647813047603,0.6551737124564542,0.47884356384356386,0.16666666666666666,0.16666666666666666,0.25209090909090903,0.2350877192982456,0.7286666666666666,0.65,0.1710837971552257,0.184,0.2342337662337662,0.16230343300110742,0.16045454545454546,0.19999999999999998,0.726,0.5976190476190476,0.2797515223330371,0.27254854378798044,0.03380215850692035,0.020995626366712986
rtc_512,0.6900000000000001,0.6960000000000001,0.2026810954513854,0.19720234106971113,0.6551737124564542,0.4712678062678063,0.16666666666666666,0.16666666666666666,0.25209090909090903,0.2350877192982456,0.7286666666666666,0.62,0.1710837971552257,0.184,0.2342337662337662,0.16230343300110742,0.16045454545454546,0.19999999999999998,0.726,0.5676190476190477,0.2797515223330371,0.27254854378798044,0.03302845994312598,0.020995626366712986
rtc_513,0.6885714285714286,0.6966666666666667,0.19581240858269852,0.19739647813047603,0.6436352509179926,0.47884356384356386,0.1619047619047619,0.16666666666666666,0.25209090909090903,0.2350877192982456,0.7286666666666666,0.65,0.1710837971552257,0.184,0.2342337662337662,0.16230343300110742,0.16045454545454546,0.19999999999999998,0.726,0.5976190476190476,0.2797515223330371,0.27254854378798044,0.035986257891979345,0.022857142857142885
rtc_514,0.6900000000000001,0.7020000000000001,0.2265100830013032,0.21996550574152046,0.5686352509179926,0.5288435638435638,0.18095238095238092,0.18,0.27936363636363637,0.2350877192982456,0.6619999999999999,0.65,0.18407081014223872,0.17723432343234322,0.2615064935064935,0.17238095238095236,0.16814685314685313,0.16666666666666666,0.6593333333333333,0.5976190476190476,0.2797515223330371,0.2697909680304046,0.033323748636923445,0.0241593350361254
rtc_515,0.6871428571428572,0.7026666666666667,0.26967846967846965,0.26566739876640605,0.354421768707483,0.40920320281222533,0.2523809523809524,0.24444444444444446,0.315,0.2740514075887393,0.507897435897436,0.46191902834008103,0.22473716759431045,0.236,0.29714285714285715,0.14006644518272424,0.20339160839160839,0.26842105263157895,0.4693333333333333,0.28692100909842844,0.23446747592030612,0.2942431918722982,0.034278914114675305,0.02490799396308957
rtc_516,0.6900000000000001,0.6966666666666667,0.2026810954513854,0.19739647813047603,0.6551737124564542,0.47884356384356386,0.16666666666666666,0.16666666666666666,0.25209090909090903,0.2350877192982456,0.7286666666666666,0.65,0.1710837971552257,0.184,0.2342337662337662,0.16230343300110742,0.16045454545454546,0.19999999999999998,0.726,0.5976190476190476,0.2797515223330371,0.27254854378798044,0.033529695570460136,0.020995626366712986
rtc_517,0.6900000000000001,0.6960000000000001,0.2026810954513854,0.19720234106971113,0.6551737124564542,0.4712678062678063,0.16666666666666666,0.16666666666666666,0.25209090909090903,0.2350877192982456,0.7286666666666666,0.62,0.1710837971552257,0.184,0.2342337662337662,0.16230343300110742,0.16045454545454546,0.19999999999999998,0.726,0.5676190476190477,0.2797515223330371,0.27254854378798044,0.033121001040040454,0.020995626366712986
rtc_518,0.6885714285714286,0.6966666666666667,0.19581240858269852,0.19739647813047603,0.6436352509179926,0.47884356384356386,0.1619047619047619,0.16666666666666666,0.25209090909090903,0.2350877192982456,0.7286666666666666,0.65,0.1710837971552257,0.184,0.2342337662337662,0.16230343300110742,0.16045454545454546,0.19999999999999998,0.726,0.5976190476190476,0.2797515223330371,0.27254854378798044,0.0365057746913565,0.022857142857142885
rtc_519,0.6900000000000001,0.7020000000000001,0.2265100830013032,0.21996550574152046,0.5686352509179926,0.5288435638435638,0.18095238095238092,0.18,0.27936363636363637,0.2350877192982456,0.6619999999999999,0.65,0.18407081014223872,0.17723432343234322,0.2615064935064935,0.17238095238095236,0.16814685314685313,0.16666666666666666,0.6593333333333333,0.5976190476190476,0.2797515223330371,0.2697909680304046,0.033323748636923445,0.0241593350361254
rtc_520,0.6871428571428572,0.7026666666666667,0.26967846967846965,0.26566739876640605,0.354421768707483,0.40920320281222533,0.2523809523809524,0.24444444444444446,0.315,0.2740514075887393,0.507897435897436,0.46191902834008103,0.22473716759431045,0.236,0.29714285714285715,0.14006644518272424,0.20339160839160839,0.26842105263157895,0.4693333333333333,0.28692100909842844,0.23446747592030612,0.2942431918722982,0.034278914114675305,0.02490799396308957
rtc_521,0.6900000000000001,0.6960000000000001,0.2026810954513854,0.19720234106971113,0.6551737124564542,0.4712678062678063,0.16666666666666666,0.16666666666666666,0.25209090909090903,0.2350877192982456,0.7286666666666666,0.62,0.1710837971552257,0.184,0.2342337662337662,0.16230343300110742,0.16045454545454546,0.19999999999999998,0.726,0.5676190476190477,0.2797515223330371,0.27254854378798044,0.034867801599881974,0.020995626366712986
rtc_522,0.6900000000000001,0.6960000000000001,0.2026810954513854,0.19720234106971113,0.6551737124564542,0.4712678062678063,0.16666666666666666,0.16666666666666666,0.25209090909090903,0.2350877192982456,0.7286666666666666,0.62,0.1710837971552257,0.184,0.2342337662337662,0.16230343300110742,0.16045454545454546,0.19999999999999998,0.726,0.5676190476190477,0.2797515223330371,0.27254854378798044,0.034867801599881974,0.020995626366712986
rtc_523,0.6885714285714286,0.6966666666666667,0.19581240858269852,0.19739647813047603,0.6436352509179926,0.47884356384356386,0.1619047619047619,0.16666666666666666,0.25209090909090903,0.2350877192982456,0.7286666666666666,0.65,0.1710837971552257,0.184,0.2342337662337662,0.16230343300110742,0.16045454545454546,0.19999999999999998,0.726,0.5976190476190476,0.2797515223330371,0.27254854378798044,0.0365057746913565,0.022857142857142885
rtc_524,0.6900000000000001,0.7020000000000001,0.2265100830013032,0.21996550574152046,0.5686352509179926,0.5288435638435638,0.18095238095238092,0.18,0.27936363636363637,0.2350877192982456,0.6619999999999999,0.65,0.18407081014223872,0.17723432343234322,0.2615064935064935,0.17238095238095236,0.16814685314685313,0.16666666666666666,0.6593333333333333,0.5976190476190476,0.2797515223330371,0.2697909680304046,0.03423662114437756,0.0241593350361254
rtc_525,0.6871428571428572,0.7026666666666667,0.26967846967846965,0.26566739876640605,0.354421768707483,0.40920320281222533,0.2523809523809524,0.24444444444444446,0.315,0.2740514075887393,0.507897435897436,0.46191902834008103,0.22473716759431045,0.236,0.29714285714285715,0.14006644518272424,0.20339160839160839,0.26842105263157895,0.4693333333333333,0.28692100909842844,0.23446747592030612,0.2942431918722982,0.034278914114675305,0.02490799396308957
rtc_526,0.6885714285714286,0.6966666666666667,0.19581240858269852,0.19739647813047603,0.6436352509179926,0.47884356384356386,0.1619047619047619,0.16666666666666666,0.25209090909090903,0.2350877192982456,0.7286666666666666,0.65,0.1710837971552257,0.184,0.2342337662337662,0.16230343300110742,0.16045454545454546,0.19999999999999998,0.726,0.5976190476190476,0.2797515223330371,0.27254854378798044,0.034529308710317855,0.022857142857142885
rtc_527,0.6885714285714286,0.6966666666666667,0.19581240858269852,0.19739647813047603,0.6436352509179926,0.47884356384356386,0.1619047619047619,0.16666666666666666,0.25209090909090903,0.2350877192982456,0.7286666666666666,0.65,0.1710837971552257,0.184,0.2342337662337662,0.16230343300110742,0.16045454545454546,0.19999999999999998,0.726,0.5976190476190476,0.2797515223330371,0.27254854378798044,0.034529308710317855,0.022857142857142885
rtc_528,0.6885714285714286,0.6966666666666667,0.19581240858269852,0.19739647813047603,0.6436352509179926,0.47884356384356386,0.1619047619047619,0.16666666666666666,0.25209090909090903,0.2350877192982456,0.7286666666666666,0.65,0.1710837971552257,0.184,0.2342337662337662,0.16230343300110742,0.16045454545454546,0.19999999999999998,0.726,0.5976190476190476,0.2797515223330371,0.27254854378798044,0.03618447641117911,0.022857142857142885
rtc_529,0.6900000000000001,0.7020000000000001,0.2265100830013032,0.21996550574152046,0.5686352509179926,0.5288435638435638,0.18095238095238092,0.18,0.27936363636363637,0.2350877192982456,0.6619999999999999,0.65,0.18407081014223872,0.17723432343234322,0.2615064935064935,0.17238095238095236,0.16814685314685313,0.16666666666666666,0.6593333333333333,0.5976190476190476,0.2797515223330371,0.2697909680304046,0.03319057738334811,0.0241593350361254
rtc_530,0.6871428571428572,0.7026666666666667,0.26967846967846965,0.26566739876640605,0.354421768707483,0.40920320281222533,0.2523809523809524,0.24444444444444446,0.315,0.2740514075887393,0.507897435897436,0.46191902834008103,0.22473716759431045,0.236,0.29714285714285715,0.14006644518272424,0.20339160839160839,0.26842105263157895,0.4693333333333333,0.28692100909842844,0.23446747592030612,0.2942431918722982,0.034278914114675305,0.02490799396308957
rtc_531,0.6885714285714286,0.6966666666666667,0.19581240858269852,0.19739647813047603,0.6436352509179926,0.47884356384356386,0.1619047619047619,0.16666666666666666,0.25209090909090903,0.2350877192982456,0.7286666666666666,0.65,0.1710837971552257,0.184,0.2342337662337662,0.16230343300110742,0.16045454545454546,0.19999999999999998,0.726,0.5976190476190476,0.2797515223330371,0.27254854378798044,0.034644467700308004,0.022857142857142885
rtc_532,0.6885714285714286,0.6966666666666667,0.19581240858269852,0.19739647813047603,0.6436352509179926,0.47884356384356386,0.1619047619047619,0.16666666666666666,0.25209090909090903,0.2350877192982456,0.7286666666666666,0.65,0.1710837971552257,0.184,0.2342337662337662,0.16230343300110742,0.16045454545454546,0.19999999999999998,0.726,0.5976190476190476,0.2797515223330371,0.27254854378798044,0.034644467700308004,0.022857142857142885
rtc_533,0.6885714285714286,0.6966666666666667,0.19581240858269852,0.19739647813047603,0.6436352509179926,0.47884356384356386,0.1619047619047619,0.16666666666666666,0.25209090909090903,0.2350877192982456,0.7286666666666666,0.65,0.1710837971552257,0.184,0.2342337662337662,0.16230343300110742,0.16045454545454546,0.19999999999999998,0.726,0.5976190476190476,0.2797515223330371,0.27254854378798044,0.03539319026415597,0.022857142857142885
rtc_534,0.6900000000000001,0.7020000000000001,0.2265100830013032,0.21996550574152046,0.5686352509179926,0.5288435638435638,0.18095238095238092,0.18,0.27936363636363637,0.2350877192982456,0.6619999999999999,0.65,0.18407081014223872,0.17723432343234322,0.2615064935064935,0.17238095238095236,0.16814685314685313,0.16666666666666666,0.6593333333333333,0.5976190476190476,0.2797515223330371,0.2697909680304046,0.03319057738334811,0.0241593350361254
rtc_535,0.6871428571428572,0.7026666666666667,0.26967846967846965,0.26566739876640605,0.354421768707483,0.40920320281222533,0.2523809523809524,0.24444444444444446,0.315,0.2740514075887393,0.507897435897436,0.46191902834008103,0.22473716759431045,0.236,0.29714285714285715,0.14006644518272424,0.20339160839160839,0.26842105263157895,0.4693333333333333,0.28692100909842844,0.23446747592030612,0.2942431918722982,0.032971091332642956,0.02490799396308957
rtc_536,0.6857142857142857,0.7013333333333333,0.18281260400970653,0.1942826835541031,0.44097744360902247,0.44257197828626393,0.15238095238095237,0.1622222222222222,0.24409090909090908,0.23508771929824562,0.5645641025641026,0.6037543859649123,0.1685837971552257,0.184,0.2262337662337662,0.1565891472868217,0.16045454545454546,0.2,0.526,0.4875,0.2797515223330371,0.27630292975289267,0.03638718466251446,0.02347382389307856
rtc_537,0.6857142857142857,0.7013333333333333,0.18281260400970653,0.1942826835541031,0.44097744360902247,0.44257197828626393,0.15238095238095237,0.1622222222222222,0.24409090909090908,0.23508771929824562,0.5645641025641026,0.6037543859649123,0.1685837971552257,0.184,0.2262337662337662,0.1565891472868217,0.16045454545454546,0.2,0.526,0.4875,0.2797515223330371,0.27630292975289267,0.03638718466251446,0.02347382389307856
rtc_538,0.6857142857142857,0.7013333333333333,0.18281260400970653,0.1942826835541031,0.44097744360902247,0.44257197828626393,0.15238095238095237,0.1622222222222222,0.24409090909090908,0.23508771929824562,0.5645641025641026,0.6037543859649123,0.1685837971552257,0.184,0.2262337662337662,0.1565891472868217,0.16045454545454546,0.2,0.526,0.4875,0.2797515223330371,0.27630292975289267,0.03504649458436545,0.02347382389307856
rtc_539,0.6871428571428572,0.7066666666666667,0.21351027842831122,0.2168517111651475,0.3659774436090225,0.492571978286264,0.17142857142857143,0.17555555555555555,0.27136363636363636,0.23508771929824562,0.49789743589743585,0.6037543859649123,0.18157081014223872,0.17723432343234324,0.2535064935064935,0.16666666666666666,0.16814685314685313,0.16666666666666669,0.45933333333333326,0.4875,0.2797515223330371,0.2735453539953169,0.03304926954454759,0.02490799396308957
rtc_540,0.6857142857142857,0.7013333333333333,0.2834003883184211,0.2731636741525897,0.3430182599355532,0.3971174328317185,0.26666666666666666,0.2511111111111111,0.335,0.30350877192982456,0.49789743589743596,0.47217543859649125,0.23698206555349413,0.25266666666666665,0.3171428571428571,0.16952380952380952,0.21430069930069928,0.26842105263157895,0.45933333333333337,0.29717741935483866,0.23003288611986267,0.2836330732935625,0.03411706395353417,0.02347382389307856
rtc_541,0.6857142857142857,0.7013333333333333,0.18281260400970653,0.1942826835541031,0.44097744360902247,0.44257197828626393,0.15238095238095237,0.1622222222222222,0.24409090909090908,0.23508771929824562,0.5645641025641026,0.6037543859649123,0.1685837971552257,0.184,0.2262337662337662,0.1565891472868217,0.16045454545454546,0.2,0.526,0.4875,0.2797515223330371,0.27630292975289267,0.03638718466251446,0.02347382389307856
rtc_542,0.6857142857142857,0.7013333333333333,0.18281260400970653,0.1942826835541031,0.44097744360902247,0.44257197828626393,0.15238095238095237,0.1622222222222222,0.24409090909090908,0.23508771929824562,0.5645641025641026,0.6037543859649123,0.1685837971552257,0.184,0.2262337662337662,0.1565891472868217,0.16045454545454546,0.2,0.526,0.4875,0.2797515223330371,0.27630292975289267,0.03638718466251446,0.02347382389307856
rtc_543,0.6857142857142857,0.7013333333333333,0.18281260400970653,0.1942826835541031,0.44097744360902247,0.44257197828626393,0.15238095238095237,0.1622222222222222,0.24409090909090908,0.23508771929824562,0.5645641025641026,0.6037543859649123,0.1685837971552257,0.184,0.2262337662337662,0.1565891472868217,0.16045454545454546,0.2,0.526,0.4875,0.2797515223330371,0.27630292975289267,0.03504649458436545,0.02347382389307856
rtc_544,0.6871428571428572,0.7066666666666667,0.21351027842831122,0.2168517111651475,0.3659774436090225,0.492571978286264,0.17142857142857143,0.17555555555555555,0.27136363636363636,0.23508771929824562,0.49789743589743585,0.6037543859649123,0.18157081014223872,0.17723432343234324,0.2535064935064935,0.16666666666666666,0.16814685314685313,0.16666666666666669,0.45933333333333326,0.4875,0.2797515223330371,0.2735453539953169,0.03304926954454759,0.02490799396308957
rtc_545,0.6857142857142857,0.7013333333333333,0.2834003883184211,0.2731636741525897,0.3430182599355532,0.3971174328317185,0.26666666666666666,0.2511111111111111,0.335,0.30350877192982456,0.49789743589743596,0.47217543859649125,0.23698206555349413,0.25266666666666665,0.3171428571428571,0.16952380952380952,0.21430069930069928,0.26842105263157895,0.45933333333333337,0.29717741935483866,0.23003288611986267,0.2836330732935625,0.03411706395353417,0.02347382389307856
rtc_546,0.6857142857142857,0.7013333333333333,0.18281260400970653,0.1942826835541031,0.44097744360902247,0.44257197828626393,0.15238095238095237,0.1622222222222222,0.24409090909090908,0.23508771929824562,0.5645641025641026,0.6037543859649123,0.1685837971552257,0.184,0.2262337662337662,0.1565891472868217,0.16045454545454546,0.2,0.526,0.4875,0.2797515223330371,0.27630292975289267,0.03733674424034866,0.02347382389307856
rtc_547,0.6857142857142857,0.7013333333333333,0.18281260400970653,0.1942826835541031,0.44097744360902247,0.44257197828626393,0.15238095238095237,0.1622222222222222,0.24409090909090908,0.23508771929824562,0.5645641025641026,0.6037543859649123,0.1685837971552257,0.184,0.2262337662337662,0.1565891472868217,0.16045454545454546,0.2,0.526,0.4875,0.2797515223330371,0.27630292975289267,0.03733674424034866,0.02347382389307856
rtc_548,0.6857142857142857,0.7013333333333333,0.18281260400970653,0.1942826835541031,0.44097744360902247,0.44257197828626393,0.15238095238095237,0.1622222222222222,0.24409090909090908,0.23508771929824562,0.5645641025641026,0.6037543859649123,0.1685837971552257,0.184,0.2262337662337662,0.1565891472868217,0.16045454545454546,0.2,0.526,0.4875,0.2797515223330371,0.27630292975289267,0.03548266412703459,0.02347382389307856
rtc_549,0.6871428571428572,0.7066666666666667,0.21351027842831122,0.2168517111651475,0.3659774436090225,0.492571978286264,0.17142857142857143,0.17555555555555555,0.27136363636363636,0.23508771929824562,0.49789743589743585,0.6037543859649123,0.18157081014223872,0.17723432343234324,0.2535064935064935,0.16666666666666666,0.16814685314685313,0.16666666666666669,0.45933333333333326,0.4875,0.2797515223330371,0.2735453539953169,0.03548266412703459,0.02490799396308957
rtc_550,0.6857142857142857,0.7013333333333333,0.2834003883184211,0.2731636741525897,0.3430182599355532,0.3971174328317185,0.26666666666666666,0.2511111111111111,0.335,0.30350877192982456,0.49789743589743596,0.47217543859649125,0.23698206555349413,0.25266666666666665,0.3171428571428571,0.16952380952380952,0.21430069930069928,0.26842105263157895,0.45933333333333337,0.29717741935483866,0.23003288611986267,0.2836330732935625,0.035852905877250395,0.02347382389307856
rtc_551,0.7,0.7053333333333334,0.45434831483739585,0.4697240995191409,0.5051720828191416,0.5285069826867671,0.4523809523809524,0.45555555555555555,0.5192640692640692,0.3777438248026483,0.5793790849673203,0.4652218152218152,0.27063407823680596,0.25076543209876545,0.5192640692640692,0.29778516057585824,0.21512598512598516,0.26872260866068914,0.5605555555555555,0.4211477411477412,0.276514384114504,0.23830414631815292,0.034650696613958386,0.01916629694999821
rtc_552,0.7,0.7073333333333333,0.44194430628473186,0.46594326732284674,0.5027339327339326,0.5270605095371826,0.42857142857142855,0.44666666666666666,0.4811688311688312,0.3772283650302226,0.5664377289377289,0.45326327567018343,0.2686304609507967,0.25219753086419755,0.4811688311688312,0.2907419712070875,0.219728532337228,0.26921045930333853,0.5363095238095237,0.39040831717302305,0.279188355504145,0.23871282611973385,0.03365658303996966,0.019691498217271754
rtc_553,0.7042857142857143,0.7126666666666667,0.4403520825765394,0.4697726027692924,0.5167659791189203,0.5403595322498805,0.4238095238095238,0.4444444444444445,0.533073593073593,0.37587793011941617,0.5978057889822596,0.4227755934177953,0.2842993951911595,0.27140740740740743,0.533073593073593,0.2933333333333333,0.2122688422688423,0.26614530979856055,0.5978057889822596,0.37523071244001477,0.26160948136060236,0.23133506026673575,0.03943579892088073,0.016035674514745447
rtc_554,0.6971428571428572,0.704,0.4272388227718781,0.44050562915641195,0.4945317643186307,0.5281924679613177,0.4095238095238095,0.42000000000000004,0.48969696969696974,0.3469084475895622,0.5611147022911729,0.5047239011391518,0.3159877570858512,0.2604241535264637,0.48969696969696974,0.24159468438538206,0.2563525363525364,0.2769517376328522,0.5611147022911729,0.4325505050505051,0.26340263396290564,0.23246560388085458,0.03294285454009601,0.011605769149479934
rtc_555,0.7171428571428572,0.692,0.4693778853773619,0.41406672765652275,0.5623255813953488,0.4859401158493615,0.43809523809523815,0.3888888888888889,0.4523982683982684,0.3978676638119362,0.6581196581196582,0.33014543251022577,0.2602922913637199,0.339368292384794,0.4054285714285714,0.18358803986710961,0.2423665223665224,0.37938026885395304,0.6222222222222223,0.26223841199450953,0.28284841008287875,0.2961465587552544,0.04178822797499693,0.01948311670997979
rtc_556,0.7,0.7066666666666667,0.4510454448678593,0.4655772264621046,0.5158314234784822,0.5277512337468748,0.4428571428571429,0.4488888888888889,0.4992640692640692,0.38067226890756295,0.5875140056022409,0.4548051948051949,0.2677339708254204,0.25323456790123455,0.4992640692640692,0.29778516057585824,0.21876234876234876,0.26806052564566496,0.5686904761904762,0.4101587301587301,0.28288367978770457,0.23567334112332922,0.03247489532881399,0.02213133340689953
rtc_557,0.7071428571428571,0.7093333333333334,0.46315269655620533,0.467028221333185,0.5273672868012491,0.5370700922978064,0.4523809523809524,0.44666666666666666,0.5154545454545455,0.3782308712958868,0.594017094017094,0.45765888006578787,0.28670804694235363,0.24658696980809194,0.5154545454545455,0.2920708748615725,0.2160921687008644,0.24103038344524413,0.5638888888888889,0.39395489978937315,0.2728190598309444,0.2296607795907037,0.03501285920915319,0.016288220358559143
rtc_558,0.7014285714285714,0.712,0.4378124000368569,0.46911978850291236,0.5091469314998726,0.5386118766659079,0.4238095238095238,0.4444444444444445,0.533073593073593,0.37587793011941617,0.5821195144724557,0.4227755934177953,0.2842993951911595,0.27140740740740743,0.533073593073593,0.2933333333333333,0.2122688422688423,0.26526074544650396,0.5821195144724557,0.37523071244001477,0.26160948136060236,0.2311186100502856,0.04166338581573718,0.012289036095775181
rtc_559,0.6971428571428572,0.704,0.4272388227718781,0.44050562915641195,0.4945317643186307,0.5281924679613177,0.4095238095238095,0.42000000000000004,0.48969696969696974,0.3469084475895622,0.5611147022911729,0.5047239011391518,0.3159877570858512,0.2604241535264637,0.48969696969696974,0.24159468438538206,0.2563525363525364,0.2769517376328522,0.5611147022911729,0.4325505050505051,0.26340263396290564,0.23246560388085458,0.034175294686657774,0.011605769149479934
rtc_560,0.7171428571428572,0.692,0.4693778853773619,0.41406672765652275,0.5623255813953488,0.4859401158493615,0.43809523809523815,0.3888888888888889,0.4523982683982684,0.3978676638119362,0.6581196581196582,0.33014543251022577,0.2602922913637199,0.339368292384794,0.4054285714285714,0.18358803986710961,0.2423665223665224,0.37938026885395304,0.6222222222222223,0.26223841199450953,0.28284841008287875,0.2961465587552544,0.04178822797499693,0.01948311670997979
rtc_561,0.7085714285714285,0.704,0.46617901234567893,0.46483223943832064,0.5292540792540793,0.52075839149219,0.45714285714285713,0.45111111111111113,0.5154545454545455,0.38226448474126495,0.5972190644604438,0.4478462496109555,0.28670804694235363,0.24953086419753084,0.5154545454545455,0.29778516057585824,0.2160921687008644,0.2710023722407623,0.5670908593322386,0.3904388422035481,0.2728190598309444,0.23992978987884933,0.036253403344833006,0.015252968931473335
rtc_562,0.7085714285714286,0.7066666666666667,0.4636792644011917,0.4695414053969845,0.5291154791154791,0.526339005295527,0.4523809523809524,0.4533333333333333,0.5287878787878788,0.3789152024446142,0.6016806722689075,0.4447089947089947,0.27124607334084516,0.25219753086419755,0.5287878787878788,0.29778516057585824,0.21876234876234876,0.2676530899441116,0.582857142857143,0.3976984126984127,0.27428152925007016,0.23637389413705207,0.03603014459321415,0.015907898179514376
rtc_563,0.7,0.7126666666666667,0.4366436295833739,0.47158357194374984,0.5071861471861471,0.5395827504523156,0.4238095238095238,0.4488888888888889,0.533073593073593,0.3741972578505086,0.5876750700280112,0.412450723092925,0.278893989785754,0.2701728395061728,0.533073593073593,0.28635658914728684,0.2122688422688423,0.2635800731775964,0.5876750700280112,0.3649058421151445,0.2645651463852329,0.2376349007771026,0.04142990279248568,0.012777531299998802
rtc_564,0.7014285714285714,0.7046666666666666,0.42699708224004895,0.4393083502448474,0.5042091836734695,0.5295959767332474,0.40476190476190477,0.4177777777777778,0.48969696969696974,0.3469084475895622,0.5611147022911729,0.5047239011391518,0.3159877570858512,0.2604241535264637,0.48969696969696974,0.24159468438538206,0.2563525363525364,0.2769517376328522,0.5611147022911729,0.4325505050505051,0.26340263396290564,0.23202789344314417,0.033204711872482265,0.006998542122237666
rtc_565,0.7171428571428572,0.692,0.4693778853773619,0.41406672765652275,0.5623255813953488,0.4859401158493615,0.43809523809523815,0.3888888888888889,0.4523982683982684,0.3978676638119362,0.6581196581196582,0.33014543251022577,0.2602922913637199,0.339368292384794,0.4054285714285714,0.18358803986710961,0.2423665223665224,0.37938026885395304,0.6222222222222223,0.26223841199450953,0.28284841008287875,0.2961465587552544,0.04200632156434921,0.01948311670997979
rtc_566,0.7042857142857143,0.7053333333333334,0.4626607061062348,0.46370934121096524,0.5194478777788988,0.5379319366879328,0.4619047619047619,0.4488888888888889,0.5487878787878787,0.3609654094195818,0.6133333333333334,0.4485185185185186,0.2787973435429284,0.23846864686468647,0.5487878787878787,0.2814396456256921,0.21148962148962153,0.22686261107313738,0.5945098039215686,0.40444444444444444,0.27089742043302417,0.2286832731700176,0.03722256652205546,0.020503857277724764
rtc_567,0.7071428571428572,0.7086666666666667,0.46734056028030463,0.46629279188683503,0.5234930830039526,0.5429802955665025,0.4666666666666667,0.4488888888888889,0.5487878787878787,0.36256968749444807,0.6173015873015875,0.4485185185185186,0.27414618075223074,0.24113531353135312,0.5487878787878787,0.2814396456256921,0.2123987123987124,0.22846688914800367,0.5984780578898226,0.3992857142857143,0.27335895889456263,0.22938571219440784,0.03661505819712006,0.019691498217271754
rtc_568,0.7028571428571428,0.7093333333333334,0.44763269406641426,0.463506042007465,0.5160595502058916,0.5426555519232865,0.43809523809523815,0.4444444444444445,0.553073593073593,0.3602931405120188,0.6120300751879698,0.44959358023578205,0.2859461439807654,0.24483901723505683,0.553073593073593,0.27572535991140645,0.20499611499611498,0.23661560317907063,0.6120300751879698,0.408008463008463,0.25724917053477425,0.22898464735158294,0.04017302310980699,0.016659862556700846
rtc_569,0.7014285714285714,0.7046666666666666,0.42699708224004895,0.4393083502448474,0.5042091836734695,0.5295959767332474,0.40476190476190477,0.4177777777777778,0.48969696969696974,0.3469084475895622,0.5611147022911729,0.5047239011391518,0.3159877570858512,0.2604241535264637,0.48969696969696974,0.24159468438538206,0.2563525363525364,0.2769517376328522,0.5611147022911729,0.4325505050505051,0.26340263396290564,0.23202789344314417,0.033082588071426354,0.006998542122237666
rtc_570,0.7171428571428572,0.692,0.4693778853773619,0.41406672765652275,0.5623255813953488,0.4859401158493615,0.43809523809523815,0.3888888888888889,0.4523982683982684,0.3978676638119362,0.6581196581196582,0.33014543251022577,0.2602922913637199,0.339368292384794,0.4054285714285714,0.18358803986710961,0.2423665223665224,0.37938026885395304,0.6222222222222223,0.26223841199450953,0.28284841008287875,0.2961465587552544,0.04049673633505178,0.01948311670997979
rtc_571,0.7071428571428571,0.7113333333333334,0.4385850057411698,0.4505776538781083,0.5292968948795684,0.5645436053902874,0.41904761904761906,0.41999999999999993,0.4854112554112554,0.3740923444041019,0.6088319088319089,0.488421052631579,0.246978260952732,0.26446913580246917,0.4854112554112554,0.27572535991140645,0.21730380730380733,0.25001005186763703,0.5900083794201441,0.4177777777777777,0.2735262192509974,0.2262377740627582,0.034485280298872906,0.023904572186687865
rtc_572,0.71,0.712,0.4408537047840624,0.44935540051612344,0.5331384314942142,0.5652348761897725,0.41904761904761906,0.4177777777777777,0.4854112554112554,0.3740923444041019,0.6128205128205128,0.488421052631579,0.24232709816203432,0.26446913580246917,0.4854112554112554,0.27572535991140645,0.21730380730380733,0.25001005186763703,0.5939969834087481,0.41723356009070295,0.2735262192509974,0.2255884234134075,0.03451225496192996,0.02099562636671296
rtc_573,0.7042857142857143,0.7166666666666666,0.4181038569273864,0.4512993622385393,0.5213151927437643,0.5735146886994144,0.3904761904761905,0.4155555555555555,0.48969696969696974,0.377453688941917,0.5999999999999999,0.488421052631579,0.23888896615247374,0.2693086419753087,0.48969696969696974,0.27572535991140645,0.2204784104784105,0.258795384182381,0.5965811965811965,0.4184523809523809,0.28012291462356176,0.22844074353102398,0.03752691200916105,0.013248026422136716
rtc_574,0.7028571428571428,0.708,0.4197085294539201,0.42699826627333676,0.5172794784580499,0.5553311569854996,0.3952380952380952,0.39999999999999997,0.4796969696969698,0.3411941618752764,0.5909803921568627,0.5063400627553134,0.2732165433371938,0.2580884977386627,0.4796969696969698,0.23588039867109636,0.2377511377511378,0.27114845938375354,0.5875615887380593,0.428452380952381,0.27768834824861993,0.23372101513626586,0.03276197842683477,0.008571428571428593
rtc_575,0.7171428571428572,0.692,0.4693778853773619,0.41406672765652275,0.5623255813953488,0.4859401158493615,0.43809523809523815,0.3888888888888889,0.4523982683982684,0.3978676638119362,0.6581196581196582,0.33014543251022577,0.2602922913637199,0.339368292384794,0.4054285714285714,0.18358803986710961,0.2423665223665224,0.37938026885395304,0.6222222222222223,0.26223841199450953,0.28284841008287875,0.2961465587552544,0.04049673633505178,0.01948311670997979
rtc_576,0.7028571428571428,0.7133333333333334,0.4302351995771154,0.45385426819351016,0.5216959439318923,0.5690232511065196,0.4095238095238095,0.42222222222222217,0.4996969696969697,0.3740923444041019,0.6051554382436736,0.488421052631579,0.24762176159623267,0.26446913580246917,0.4996969696969697,0.27572535991140645,0.21730380730380733,0.25001005186763703,0.6018874643874643,0.42095238095238086,0.28024479089881565,0.2277529255779097,0.04019988718778845,0.02000000000000001
rtc_577,0.7057142857142857,0.7140000000000001,0.4325038986200081,0.45266954708580637,0.5255374805465383,0.569842113612544,0.4095238095238095,0.41999999999999993,0.4996969696969697,0.3740923444041019,0.6091440422322776,0.488421052631579,0.24297059880553498,0.26446913580246917,0.4996969696969697,0.27572535991140645,0.21730380730380733,0.25001005186763703,0.6058760683760683,0.4204081632653061,0.28024479089881565,0.22693881431603727,0.04019988718778845,0.017142857142857165
rtc_578,0.7028571428571428,0.7173333333333333,0.41699558753267196,0.4537574634165892,0.5176114890400604,0.5753363361442824,0.3904761904761905,0.4177777777777777,0.48969696969696974,0.377453688941917,0.5999999999999999,0.488421052631579,0.23888896615247374,0.2681728395061728,0.48969696969696974,0.27572535991140645,0.2204784104784105,0.2550520686743597,0.5965811965811965,0.4184523809523809,0.2794125321099005,0.22643345041942525,0.04333187092555339,0.0139970842444753
rtc_579,0.7,0.71,0.4078166375620283,0.42635541434843355,0.5110294784580499,0.5601131541725601,0.38095238095238093,0.39555555555555555,0.4796969696969698,0.3462361786819991,0.5858333333333333,0.505967399414567,0.2578319279525784,0.2598168928003911,0.4796969696969698,0.2330232558139535,0.21956931956931952,0.2761904761904762,0.5824145299145298,0.428452380952381,0.2889037278510963,0.23334835179551935,0.036216326616788544,0.006388765649999425
rtc_580,0.7171428571428572,0.692,0.4693778853773619,0.41406672765652275,0.5623255813953488,0.4859401158493615,0.43809523809523815,0.3888888888888889,0.4523982683982684,0.3978676638119362,0.6581196581196582,0.33014543251022577,0.2602922913637199,0.339368292384794,0.4054285714285714,0.18358803986710961,0.2423665223665224,0.37938026885395304,0.6222222222222223,0.26223841199450953,0.28284841008287875,0.2961465587552544,0.04178822797499693,0.01948311670997979
rtc_581,0.7014285714285714,0.7133333333333334,0.42588912311836297,0.4539922819450897,0.5187402789072618,0.5690770167933357,0.40476190476190477,0.42222222222222217,0.4996969696969697,0.3740923444041019,0.6009887715770069,0.488421052631579,0.24762176159623267,0.2657037037037037,0.4996969696969697,0.27572535991140645,0.21730380730380733,0.2516907241365446,0.5977207977207978,0.42095238095238086,0.28024479089881565,0.22769074723127977,0.041704947486307445,0.017728105208558352
rtc_582,0.7042857142857143,0.7140000000000001,0.42815782216125553,0.4528122054712228,0.5225818155219077,0.5698365224432699,0.40476190476190477,0.41999999999999993,0.4996969696969697,0.3740923444041019,0.6049773755656108,0.488421052631579,0.24297059880553498,0.2657037037037037,0.4996969696969697,0.27572535991140645,0.21730380730380733,0.2516907241365446,0.6017094017094017,0.4204081632653061,0.28024479089881565,0.22687573259545357,0.041704947486307445,0.01470804305855285
rtc_583,0.7057142857142857,0.7166666666666666,0.42930450156880456,0.4550027934290425,0.524540999195377,0.573651700025684,0.40476190476190477,0.41999999999999993,0.4996969696969697,0.377453688941917,0.6051282051282051,0.488421052631579,0.24297059880553498,0.2681728395061728,0.4996969696969697,0.27572535991140645,0.2204784104784105,0.2550520686743597,0.6017094017094017,0.4184523809523809,0.2803956204614099,0.22687573259545357,0.0429877321534395,0.01309307341415954
rtc_584,0.7014285714285714,0.7106666666666667,0.4190935861524097,0.43810579486593737,0.5136961451247166,0.5632083922677983,0.3952380952380952,0.40888888888888886,0.4996969696969697,0.37956951201533246,0.5842948717948718,0.46596739941456694,0.27007682591176213,0.2895452878621196,0.4996969696969697,0.2663565891472868,0.22320568320568324,0.2537024379129642,0.5808760683760683,0.3884523809523809,0.2847516810674705,0.22792515524993853,0.03646097985984312,0.008329931278350449
rtc_585,0.7171428571428572,0.692,0.4693778853773619,0.41406672765652275,0.5623255813953488,0.4859401158493615,0.43809523809523815,0.3888888888888889,0.4523982683982684,0.3978676638119362,0.6581196581196582,0.33014543251022577,0.2602922913637199,0.339368292384794,0.4054285714285714,0.18358803986710961,0.2423665223665224,0.37938026885395304,0.6222222222222223,0.26223841199450953,0.28284841008287875,0.2961465587552544,0.04115937804191784,0.01948311670997979
rtc_586,0.7,0.724,0.40750922268398826,0.45955376741242143,0.5136108930751788,0.5887608073390214,0.37142857142857144,0.4133333333333333,0.4811255411255411,0.32930890838587573,0.5970695970695971,0.39,0.2299979678927047,0.2841728395061728,0.4811255411255411,0.2837209302325582,0.20047841047841047,0.26287912294104243,0.5936507936507937,0.35190476190476183,0.2799987950645845,0.21872053872053873,0.03988419446674458,0.020203050891044228
rtc_587,0.7,0.724,0.40750922268398826,0.45955376741242143,0.5136108930751788,0.5887608073390214,0.37142857142857144,0.4133333333333333,0.4811255411255411,0.32930890838587573,0.5970695970695971,0.39,0.2299979678927047,0.2841728395061728,0.4811255411255411,0.2837209302325582,0.20047841047841047,0.26287912294104243,0.5936507936507937,0.35190476190476183,0.2799987950645845,0.21872053872053873,0.03988419446674458,0.020203050891044228
rtc_588,0.7,0.724,0.40750922268398826,0.45955376741242143,0.5136108930751788,0.5887608073390214,0.37142857142857144,0.4133333333333333,0.4811255411255411,0.32930890838587573,0.5970695970695971,0.39,0.2299979678927047,0.2841728395061728,0.4811255411255411,0.2837209302325582,0.20047841047841047,0.26287912294104243,0.5936507936507937,0.35190476190476183,0.2799987950645845,0.21872053872053873,0.03937654195290709,0.020203050891044228
rtc_589,0.6942857142857143,0.7180000000000001,0.39591501978543747,0.44247669903112924,0.498796078260364,0.5772284072277764,0.36190476190476184,0.4022222222222222,0.4811255411255411,0.33764321885424914,0.5751648351648352,0.38812030075187975,0.22853276642750325,0.30801442366458864,0.4811255411255411,0.2772093023255814,0.20047841047841047,0.26455979520995,0.5717460317460318,0.32604269293924465,0.28435485567064517,0.21978696741854636,0.0341866164613577,0.01714285714285716
rtc_590,0.7114285714285715,0.6966666666666667,0.4641722615110039,0.42984739015773493,0.5449392177589852,0.49266485452531966,0.42857142857142855,0.39999999999999997,0.45906493506493506,0.4087203769902308,0.5985958485958486,0.2890198913846846,0.23954399204399204,0.3688991565823249,0.4120952380952382,0.258250276854928,0.23054834054834056,0.370594936539209,0.5626984126984127,0.22348841199450958,0.276017783937347,0.2515866741953699,0.0409407214853601,0.01840585532389304
rtc_591,0.6985714285714286,0.724,0.4042369394117049,0.45858975178871997,0.5114850427350428,0.5888208133396213,0.3666666666666667,0.4111111111111111,0.4677922077922078,0.3309895806547833,0.5936507936507937,0.42333333333333334,0.2299979678927047,0.2687407407407407,0.4677922077922078,0.2503875968992248,0.20047841047841047,0.26455979520995,0.5936507936507937,0.35190476190476183,0.2763703480399111,0.2520538720538721,0.03901461523794948,0.02089819834046829
rtc_592,0.6985714285714286,0.724,0.4042369394117049,0.45858975178871997,0.5114850427350428,0.5888208133396213,0.3666666666666667,0.4111111111111111,0.4677922077922078,0.3309895806547833,0.5936507936507937,0.42333333333333334,0.2299979678927047,0.2687407407407407,0.4677922077922078,0.2503875968992248,0.20047841047841047,0.26455979520995,0.5936507936507937,0.35190476190476183,0.2763703480399111,0.2520538720538721,0.03901461523794948,0.02089819834046829
rtc_593,0.6985714285714286,0.724,0.4042369394117049,0.45858975178871997,0.5114850427350428,0.5888208133396213,0.3666666666666667,0.4111111111111111,0.4677922077922078,0.3309895806547833,0.5936507936507937,0.42333333333333334,0.2299979678927047,0.2687407407407407,0.4677922077922078,0.2503875968992248,0.20047841047841047,0.26455979520995,0.5936507936507937,0.35190476190476183,0.2763703480399111,0.2520538720538721,0.03832831515402772,0.02089819834046829
rtc_594,0.6928571428571428,0.7180000000000001,0.39264273651315423,0.4415126834074277,0.49667022792022786,0.5772884132283764,0.3571428571428571,0.4,0.4677922077922078,0.3393238911231567,0.5717460317460318,0.421453634085213,0.22853276642750325,0.2925823248991566,0.4677922077922078,0.24387596899224806,0.20047841047841047,0.26624046747885755,0.5717460317460318,0.32604269293924465,0.28072640864597165,0.25312030075187975,0.03512641635320639,0.01749635530559415
rtc_595,0.7142857142857143,0.7006666666666667,0.46434655345000164,0.42802359666727485,0.5503059440559441,0.5000937950937951,0.4238095238095238,0.3911111111111111,0.4487619047619048,0.4087203769902308,0.6293650793650792,0.2704611330698287,0.2114054639054639,0.3768991565823249,0.4211861471861472,0.2753045404208195,0.22024531024531027,0.370594936539209,0.6293650793650792,0.19748376623376623,0.2426844506040137,0.2437944664031621,0.04349333430100868,0.018626292586293284
rtc_596,0.6971428571428572,0.718,0.4029947033868602,0.4540145883900271,0.5075167887667889,0.5726474971663051,0.3666666666666667,0.4133333333333333,0.4677922077922078,0.3766036157425027,0.590079365079365,0.4152380952380953,0.22853276642750325,0.3187407407407407,0.4677922077922078,0.2837209302325581,0.20047841047841047,0.3252998807178374,0.590079365079365,0.3191461412151067,0.28072640864597165,0.25599567099567105,0.041873924382927266,0.019483116709979813
rtc_597,0.6971428571428572,0.718,0.4029947033868602,0.4540145883900271,0.5075167887667889,0.5726474971663051,0.3666666666666667,0.4133333333333333,0.4677922077922078,0.3766036157425027,0.590079365079365,0.4152380952380953,0.22853276642750325,0.3187407407407407,0.4677922077922078,0.2837209302325581,0.20047841047841047,0.3252998807178374,0.590079365079365,0.3191461412151067,0.28072640864597165,0.25599567099567105,0.041873924382927266,0.019483116709979813
rtc_598,0.6971428571428572,0.718,0.4029947033868602,0.4540145883900271,0.5075167887667889,0.5726474971663051,0.3666666666666667,0.4133333333333333,0.4677922077922078,0.3766036157425027,0.590079365079365,0.4152380952380953,0.22853276642750325,0.3187407407407407,0.4677922077922078,0.2837209302325581,0.20047841047841047,0.3252998807178374,0.590079365079365,0.3191461412151067,0.28072640864597165,0.25599567099567105,0.039690664420914304,0.019483116709979813
rtc_599,0.6971428571428572,0.716,0.4029947033868602,0.44214962608258696,0.5075167887667889,0.5716813135914259,0.3666666666666667,0.40444444444444444,0.4677922077922078,0.3700919878355259,0.590079365079365,0.4152380952380953,0.22853276642750325,0.3259156582324899,0.4677922077922078,0.2772093023255814,0.20047841047841047,0.29700856419122673,0.590079365079365,0.3191461412151067,0.28072640864597165,0.2469047619047619,0.037602016255351645,0.019483116709979813
rtc_600,0.6985714285714286,0.706,0.46924638924638923,0.47875552553566736,0.5026327838827839,0.5112447419590277,0.44761904761904764,0.45777777777777773,0.48476190476190484,0.4423726895899119,0.586079365079365,0.28062884483937117,0.23005931005931002,0.40340740740740744,0.45718614718614725,0.2705426356589147,0.23842712842712843,0.40424724913889004,0.586079365079365,0.14521756978653527,0.2587291077013023,0.2539621781727045,0.04162719511777592,0.024074713637646742
rtc_601,0.69,0.6993333333333334,0.4763610145878506,0.47504832855972,0.48902827894259965,0.4951325386941825,0.4714285714285714,0.4622222222222222,0.5171325051759834,0.3128043775649795,0.5591228070175439,0.37932330827067673,0.2934009217170609,0.22096100721183234,0.5023809523809524,0.3027021040974529,0.27348041014457813,0.16218219345154328,0.5580116959064327,0.32756613756613756,0.2392063492063492,0.20787152862217573,0.0299252454836539,0.02878491668515697
rtc_602,0.6828571428571428,0.698,0.4672078370461884,0.46268919610855097,0.4810466536291435,0.49104781057722235,0.4666666666666667,0.4444444444444445,0.5880952380952381,0.32591828408229884,0.5588157894736843,0.35261862168838914,0.3245922721862572,0.23265835472436133,0.5880952380952381,0.30987818383167226,0.27709245027835727,0.1481323629930441,0.5588157894736843,0.32081411041019364,0.26638204707170227,0.2023085427924875,0.029771905278291193,0.03927922024247865
rtc_603,0.7,0.6953333333333334,0.48973762923539566,0.48889113530356293,0.5006033182503771,0.4906717934285679,0.4904761904761904,0.4955555555555556,0.5352380952380952,0.2933561175666439,0.5629293254173302,0.3360894660894661,0.27965754153724076,0.21617577313286884,0.5352380952380952,0.28380952380952384,0.20409557875075116,0.15847506466701514,0.5555099705786205,0.297041847041847,0.24852777560814737,0.21695381037486303,0.03130931412307451,0.004517539514526275
rtc_604,0.7028571428571427,0.7033333333333334,0.4763321843283614,0.4640651242526962,0.5071507703765769,0.5067823176305851,0.4523809523809524,0.4355555555555556,0.530952380952381,0.26743925477167607,0.6183959899749373,0.30393944210118795,0.31222825403276533,0.18940471824960275,0.530952380952381,0.2671982281284607,0.2752952602952603,0.13393912588959028,0.6183959899749373,0.27996283391405347,0.21579203229926253,0.22249904422072125,0.03214575718449997,0.01948311670997981
rtc_605,0.7200000000000001,0.6953333333333334,0.47170751014733103,0.4481040792158601,0.5386898622760692,0.49339674605601863,0.4238095238095238,0.4133333333333333,0.509047619047619,0.4541795665634675,0.7460248447204969,0.3659841047218326,0.2607685682873653,0.34116416086053053,0.509047619047619,0.34031007751937986,0.2523160173160173,0.3892672858617131,0.7460248447204969,0.30104454685099846,0.24206085460665977,0.3065757317419722,0.04144316289545128,0.01937808566607219
rtc_606,0.6971428571428572,0.7033333333333334,0.487093732280323,0.4791441489229058,0.49816739575973507,0.49974495462549096,0.4809523809523809,0.4666666666666666,0.5171325051759834,0.3370985603543743,0.571797139908595,0.39752747252747256,0.2876079194124307,0.24175308641975307,0.488095238095238,0.3370985603543743,0.27348041014457813,0.1840563976786887,0.571797139908595,0.3522893772893773,0.2382781813290288,0.1976967755806674,0.030660000639223618,0.024578072191550386
rtc_607,0.687142857142857,0.7073333333333334,0.46768301938856316,0.47333051511499474,0.48160522404424844,0.5097377501725328,0.4619047619047619,0.4488888888888889,0.5718944099378882,0.34617940199335545,0.5693650793650794,0.34915933243962616,0.3110236014747293,0.2557283950617284,0.5428571428571429,0.34617940199335545,0.2934804101445781,0.16825218125527722,0.5682539682539682,0.339468438538206,0.27605158730158735,0.1905188324218627,0.030567485590651738,0.03452298849598453
rtc_608,0.7,0.6993333333333334,0.4917337399652057,0.49421644009891513,0.5008211831741243,0.49638568370340225,0.49523809523809526,0.5,0.5352380952380952,0.2933561175666439,0.5574945428086344,0.33333762333762335,0.28373917419030203,0.21617577313286884,0.5352380952380952,0.28380952380952384,0.2009921304748891,0.15847506466701514,0.5500751879699248,0.2938095238095238,0.2374166644970363,0.2181946913396439,0.03227063105446618,0.007824607964359527
rtc_609,0.7028571428571427,0.7033333333333334,0.4763321843283614,0.4640651242526962,0.5071507703765769,0.5067823176305851,0.4523809523809524,0.4355555555555556,0.530952380952381,0.26743925477167607,0.6183959899749373,0.30393944210118795,0.31222825403276533,0.18940471824960275,0.530952380952381,0.2671982281284607,0.2752952602952603,0.13393912588959028,0.6183959899749373,0.27996283391405347,0.21579203229926253,0.22249904422072125,0.036099588396654135,0.01948311670997981
rtc_610,0.7200000000000001,0.6953333333333334,0.47170751014733103,0.4481040792158601,0.5386898622760692,0.49339674605601863,0.4238095238095238,0.4133333333333333,0.509047619047619,0.4541795665634675,0.7460248447204969,0.3659841047218326,0.2607685682873653,0.34116416086053053,0.509047619047619,0.34031007751937986,0.2523160173160173,0.3892672858617131,0.7460248447204969,0.30104454685099846,0.24206085460665977,0.3065757317419722,0.041425294577907126,0.01937808566607219
rtc_611,0.6971428571428572,0.696,0.4771550373163276,0.46404844116772714,0.4934124905022738,0.48742043765863147,0.4666666666666666,0.45111111111111113,0.5314182194616978,0.3303211517165006,0.5777222467934543,0.4105494505494506,0.29025546491711907,0.22793863830827527,0.5309523809523811,0.3303211517165006,0.27348041014457813,0.16956964604023428,0.5777222467934543,0.35816849816849816,0.2477712722533003,0.20291918462136155,0.030157163223709406,0.018952141659173728
rtc_612,0.6971428571428572,0.7013333333333334,0.48241937881716235,0.4725977304643879,0.4947796679647468,0.49757358130266927,0.47619047619047616,0.45777777777777773,0.5885610766045548,0.32972314507198225,0.5713981924508241,0.37747619047619047,0.31100376423684695,0.2540493827160494,0.5880952380952381,0.3249612403100775,0.27348041014457813,0.1773846380657526,0.5713981924508241,0.3347726574500768,0.2713657389327155,0.18965171034537237,0.03134661439931952,0.021476137683389872
rtc_613,0.7028571428571428,0.6946666666666668,0.49718694493068494,0.4868530810085227,0.5057899090157154,0.4890520150824469,0.5,0.49333333333333335,0.5352380952380952,0.28764183185235825,0.5629293254173302,0.3326706626706627,0.27965754153724076,0.21617577313286884,0.5352380952380952,0.2780952380952382,0.20409557875075116,0.15847506466701514,0.5555099705786205,0.2936230436230436,0.2374166644970363,0.21695381037486303,0.02988136527441091,0.0034992710611188678
rtc_614,0.7028571428571427,0.7033333333333334,0.4763321843283614,0.4640651242526962,0.5071507703765769,0.5067823176305851,0.4523809523809524,0.4355555555555556,0.530952380952381,0.26743925477167607,0.6183959899749373,0.30393944210118795,0.31222825403276533,0.18940471824960275,0.530952380952381,0.2671982281284607,0.2752952602952603,0.13393912588959028,0.6183959899749373,0.27996283391405347,0.21579203229926253,0.22249904422072125,0.03506438079502955,0.01948311670997981
rtc_615,0.7200000000000001,0.6953333333333334,0.47170751014733103,0.4481040792158601,0.5386898622760692,0.49339674605601863,0.4238095238095238,0.4133333333333333,0.509047619047619,0.4541795665634675,0.7460248447204969,0.3659841047218326,0.2607685682873653,0.34116416086053053,0.509047619047619,0.34031007751937986,0.2523160173160173,0.3892672858617131,0.7460248447204969,0.30104454685099846,0.24206085460665977,0.3065757317419722,0.04002226597521502,0.01937808566607219
rtc_616,0.6914285714285715,0.7013333333333333,0.4741055319717978,0.47265641079322096,0.4869484316852738,0.5004448086521258,0.4666666666666667,0.45555555555555555,0.49428571428571433,0.31641196013289036,0.5525593395252838,0.3767460317460317,0.28649703409101906,0.22527710548832663,0.49428571428571433,0.31641196013289036,0.22440079410844033,0.1440124375108895,0.5525593395252838,0.3688095238095238,0.23160919540229888,0.18339837318749158,0.033762758550512494,0.024907993963089556
rtc_617,0.6957142857142857,0.7033333333333334,0.4843237156028749,0.4728009653015663,0.49432548944438803,0.5033428061027547,0.4809523809523809,0.4533333333333333,0.5714285714285714,0.31641196013289036,0.5540434419381788,0.3606280193236715,0.31132696606380816,0.23347463635252413,0.5714285714285714,0.31641196013289036,0.22440079410844033,0.14704274054119257,0.5540434419381788,0.3526915113871636,0.2505565638233515,0.17954193039879818,0.03484246864620947,0.022406267344797316
rtc_618,0.7028571428571428,0.6973333333333332,0.49791350764763675,0.4862915570613658,0.5103057209161538,0.49584004723066943,0.5,0.4888888888888888,0.572857142857143,0.27377630121816166,0.608201238390093,0.3331746031746032,0.28782080684336325,0.216985698569857,0.572857142857143,0.27377630121816166,0.18930381878657745,0.13716644552557866,0.608201238390093,0.3252380952380952,0.23953421805880826,0.19066671520799966,0.035184815761502286,0.021476137683389875
rtc_619,0.7028571428571427,0.7033333333333334,0.4763321843283614,0.4640651242526962,0.5071507703765769,0.5067823176305851,0.4523809523809524,0.4355555555555556,0.530952380952381,0.26743925477167607,0.6183959899749373,0.30393944210118795,0.31222825403276533,0.18940471824960275,0.530952380952381,0.2671982281284607,0.2752952602952603,0.13393912588959028,0.6183959899749373,0.27996283391405347,0.21579203229926253,0.22249904422072125,0.0349346619651477,0.01948311670997981
rtc_620,0.7200000000000001,0.6953333333333334,0.47170751014733103,0.4481040792158601,0.5386898622760692,0.49339674605601863,0.4238095238095238,0.4133333333333333,0.509047619047619,0.4541795665634675,0.7460248447204969,0.3659841047218326,0.2607685682873653,0.34116416086053053,0.509047619047619,0.34031007751937986,0.2523160173160173,0.3892672858617131,0.7460248447204969,0.30104454685099846,0.24206085460665977,0.3065757317419722,0.04144316289545128,0.01937808566607219
rtc_621,0.6971428571428572,0.7086666666666666,0.45041114956907763,0.45931330837435036,0.49406346055174327,0.5178323311443787,0.419047619047619,0.42000000000000004,0.47000000000000003,0.2880241830792626,0.5876044277360066,0.332532299741602,0.2570525896465746,0.2345314753697592,0.47000000000000003,0.2727131782945736,0.2265810276679842,0.18005441411014164,0.5610380116959064,0.32459579180509407,0.2585682880419723,0.20317087247380536,0.03163293939045228,0.024989793835051302
rtc_622,0.7,0.7106666666666668,0.4528358761571103,0.45772004205321987,0.4979645191409897,0.5217242699867269,0.419047619047619,0.41555555555555557,0.47000000000000003,0.29253440154296945,0.5954674041425403,0.33588137009189645,0.25427481186879686,0.23100061117222834,0.47000000000000003,0.27736434108527125,0.2265810276679842,0.1712824842855803,0.5685380116959065,0.3156084656084656,0.25893126444850584,0.20406432748538011,0.031306365586663554,0.025152595516655746
rtc_623,0.7114285714285714,0.7066666666666668,0.47959553625010365,0.4719956480218011,0.5224333836098543,0.5123255229812269,0.44761904761904764,0.4444444444444445,0.5185714285714286,0.28605700297254766,0.5998981958374748,0.3715956558061821,0.292582711605268,0.21459063684146193,0.5185714285714286,0.27377630121816166,0.24563492063492065,0.13769182314073952,0.5983006535947712,0.35042844237966186,0.2393864916445562,0.19741210370559165,0.031420499498942156,0.016035674514745482
rtc_624,0.7128571428571429,0.7086666666666666,0.47646177224490477,0.45088413555170026,0.5253387533875339,0.5173494891898314,0.43809523809523804,0.40444444444444444,0.5042857142857142,0.26723044397462997,0.6123911930363544,0.3342017645740367,0.29822897010866933,0.1710751741840851,0.5042857142857142,0.26434108527131783,0.24550505050505053,0.1232023910042486,0.6107936507936509,0.3079876786345503,0.23256932907655936,0.215295126727922,0.02673424574040692,0.01937808566607221
rtc_625,0.7200000000000001,0.6953333333333334,0.47170751014733103,0.4481040792158601,0.5386898622760692,0.49339674605601863,0.4238095238095238,0.4133333333333333,0.509047619047619,0.4541795665634675,0.7460248447204969,0.3659841047218326,0.2607685682873653,0.34116416086053053,0.509047619047619,0.34031007751937986,0.2523160173160173,0.3892672858617131,0.7460248447204969,0.30104454685099846,0.24206085460665977,0.3065757317419722,0.041425294577907126,0.01937808566607219
rtc_626,0.6971428571428572,0.7073333333333334,0.45370586170586175,0.4582621295589869,0.49518398268398267,0.5163007562526497,0.42380952380952375,0.42000000000000004,0.48428571428571426,0.32297837617299063,0.5836111111111111,0.34397660818713444,0.26197046670730884,0.24643270993766048,0.48428571428571426,0.27736434108527125,0.2265810276679842,0.2015855145886106,0.5836111111111111,0.3006804478897501,0.25610139718798464,0.21946822183664288,0.03643253155617726,0.020503857277724743
rtc_627,0.7014285714285714,0.7093333333333334,0.45715539462907884,0.45824570083216704,0.5020528171743005,0.5203850714749837,0.42380952380952375,0.4177777777777778,0.48428571428571426,0.3258677348763028,0.5913738368910784,0.3477861319966583,0.26197046670730884,0.24766727783889503,0.48428571428571426,0.27736434108527125,0.2265810276679842,0.20461581761891362,0.5911111111111111,0.3022751322751323,0.25646437359451824,0.21858244095086202,0.036283106090707354,0.019378085666072208
rtc_628,0.7128571428571429,0.7066666666666667,0.48770329857017164,0.4756749659341965,0.5243204663058348,0.5140516697645082,0.4619047619047619,0.45111111111111113,0.5285714285714286,0.3556130283425265,0.6034069677672994,0.37159565580618215,0.2966643442583292,0.2638450067228945,0.5285714285714286,0.307109634551495,0.24563492063492065,0.18920697465589106,0.6018094255245958,0.32376177571299525,0.23777358841874974,0.20939722494642404,0.040318621460294864,0.01590789817951437
rtc_629,0.71,0.7053333333333334,0.4725581966471493,0.4455619309345934,0.5185755813953488,0.5138570970576175,0.43809523809523804,0.4,0.5042857142857142,0.24617781239568265,0.6057245263696877,0.3084294068504595,0.29108611296581216,0.1792345679012346,0.5042857142857142,0.2310077519379845,0.25576479076479075,0.12648734134802245,0.6041269841269841,0.2813210119678836,0.24504036294465203,0.22752269090806107,0.030614425839210646,0.01069044967649698
rtc_630,0.7200000000000001,0.6953333333333334,0.47170751014733103,0.4481040792158601,0.5386898622760692,0.49339674605601863,0.4238095238095238,0.4133333333333333,0.509047619047619,0.4541795665634675,0.7460248447204969,0.3659841047218326,0.2607685682873653,0.34116416086053053,0.509047619047619,0.34031007751937986,0.2523160173160173,0.3892672858617131,0.7460248447204969,0.30104454685099846,0.24206085460665977,0.3065757317419722,0.04002226597521502,0.01937808566607219
rtc_631,0.6971428571428572,0.708,0.450584539839046,0.4603137521548362,0.4948824104421828,0.5169999410655352,0.419047619047619,0.4222222222222222,0.48428571428571426,0.3212165720856051,0.5792986734923855,0.346031746031746,0.26197046670730884,0.25366727783889503,0.48428571428571426,0.2727131782945736,0.2265810276679842,0.21506841971238258,0.5790359477124183,0.31507198228128463,0.25646437359451824,0.2173918322939131,0.03573754398184585,0.016035674514745475
rtc_632,0.7,0.7093333333333334,0.45300878226328845,0.4583270837883841,0.4992302365291392,0.5199899425287355,0.419047619047619,0.4177777777777778,0.48428571428571426,0.3258677348763028,0.5867986734923856,0.3477861319966583,0.26197046670730884,0.2489018457401296,0.48428571428571426,0.27736434108527125,0.2265810276679842,0.20629648988782118,0.5865359477124183,0.3022751322751323,0.25646437359451824,0.21825859177205098,0.03555382376373515,0.01749635530559415
rtc_633,0.7157142857142856,0.7060000000000001,0.49653343736726346,0.47632571183633904,0.5283778636338903,0.5131479081621634,0.4761904761904761,0.4533333333333333,0.5385714285714285,0.3556130283425265,0.6065648625041414,0.37159565580618215,0.30074597691139043,0.2638450067228945,0.5385714285714285,0.307109634551495,0.24654401154401154,0.18920697465589106,0.604967320261438,0.32376177571299525,0.24148416355789631,0.2101580945116414,0.034979148214681434,0.015907898179514372
rtc_634,0.7114285714285714,0.706,0.4801836522120498,0.453832805359314,0.5196866925064599,0.5163606132320198,0.4523809523809524,0.4133333333333333,0.5242857142857142,0.279511145729016,0.6030929474223192,0.29176274018379283,0.30333101092499587,0.2125679012345679,0.5242857142857142,0.2643410852713178,0.2594011544011544,0.14945652902309248,0.6014954051796157,0.26465434530121695,0.2391965708823726,0.22406223893065996,0.03426911192341902,0.013248026422136749
rtc_635,0.7242857142857144,0.6940000000000001,0.49207805938060895,0.4548343300970544,0.5491295174484829,0.48858597530503045,0.44761904761904764,0.42666666666666664,0.52995670995671,0.44365325077399387,0.706024844720497,0.3740511101801425,0.2652589463303749,0.3620493827160494,0.509047619047619,0.2751937984496124,0.28322510822510827,0.42260061919504643,0.655115753811406,0.32386712749615976,0.2681048106506158,0.31686495942250426,0.042663224625885114,0.021476137683389872
rtc_636,0.6985714285714286,0.714,0.4505058005058006,0.46995785176776456,0.4973015873015873,0.526771140648731,0.4142857142857143,0.4311111111111111,0.47000000000000003,0.2533876975737441,0.5647721454173067,0.2488972431077694,0.2779568612651319,0.24867448967118938,0.47000000000000003,0.24573643410852714,0.24706349206349207,0.20403951054105854,0.5631746031746031,0.22291005291005295,0.2515018797352764,0.22343928928011084,0.032738752829065146,0.006998542122237654
rtc_637,0.6985714285714286,0.714,0.4505058005058006,0.46995785176776456,0.4973015873015873,0.526771140648731,0.4142857142857143,0.4311111111111111,0.47000000000000003,0.2533876975737441,0.5647721454173067,0.2488972431077694,0.2779568612651319,0.24867448967118938,0.47000000000000003,0.24573643410852714,0.24706349206349207,0.20403951054105854,0.5631746031746031,0.22291005291005295,0.2515018797352764,0.22343928928011084,0.032738752829065146,0.006998542122237654
rtc_638,0.7042857142857143,0.7086666666666667,0.47568062568062575,0.4817629673178362,0.5046485260770975,0.5183479102659913,0.45714285714285713,0.45999999999999996,0.52,0.28195912614517266,0.5742959549411163,0.2538972431077694,0.3024466571834993,0.2648473291773622,0.52,0.27906976744186046,0.247972582972583,0.20103199174406608,0.5726984126984127,0.23362433862433862,0.24987532002048135,0.19872645144227302,0.030675595162340606,0.01665986255670088
rtc_639,0.7042857142857143,0.7140000000000001,0.4561723713778508,0.46236289425319077,0.5043389789933569,0.5364090560512877,0.4238095238095238,0.4155555555555555,0.489047619047619,0.30056377730796335,0.5763845096612499,0.2783416875522139,0.2556112141455246,0.2397037037037037,0.489047619047619,0.2976744186046511,0.2194011544011544,0.18152600753219947,0.5747869674185464,0.24263338111164198,0.2427212796164409,0.19890453893743368,0.03107308919536721,0.01840585532389305
rtc_640,0.7242857142857144,0.6953333333333334,0.4932958642177255,0.45738452542908375,0.552640774139113,0.4946523151900636,0.4619047619047619,0.4333333333333333,0.5093506493506493,0.4103199174406605,0.6685164835164835,0.3296381861334141,0.2458309933309933,0.38738271604938274,0.46238095238095234,0.3327796234772979,0.23595238095238097,0.3787409700722394,0.6326190476190476,0.29314467963990765,0.23583823735463083,0.22314430501930502,0.037970327676139254,0.01470804305855285
rtc_641,0.6971428571428572,0.714,0.443606682218843,0.4633603019629017,0.4938533114395184,0.5276561938068067,0.40476190476190477,0.4177777777777778,0.44238095238095243,0.24075317007853547,0.5688888888888889,0.2635380116959064,0.2731949565032271,0.22185014056961255,0.44238095238095243,0.20330011074197119,0.24706349206349207,0.200495892136759,0.5688888888888889,0.2367989417989418,0.25448065006888543,0.22743088591876628,0.03420137764042132,0.00728431359084684
rtc_642,0.6971428571428572,0.714,0.443606682218843,0.4633603019629017,0.4938533114395184,0.5276561938068067,0.40476190476190477,0.4177777777777778,0.44238095238095243,0.24075317007853547,0.5688888888888889,0.2635380116959064,0.2731949565032271,0.22185014056961255,0.44238095238095243,0.20330011074197119,0.24706349206349207,0.200495892136759,0.5688888888888889,0.2367989417989418,0.25448065006888543,0.22743088591876628,0.03420137764042132,0.00728431359084684
rtc_643,0.6985714285714286,0.712,0.44199208060424133,0.4540694314745789,0.4972461685823755,0.5228303231600405,0.4,0.4066666666666666,0.44238095238095243,0.2468439784949253,0.5784126984126984,0.2768713450292397,0.28054189527873735,0.20888717760664957,0.44238095238095243,0.21415282392026577,0.24706349206349207,0.16846126010212698,0.5784126984126984,0.2558465608465609,0.250567122935544,0.214097552585433,0.032185828095854796,0.009476070829586859
rtc_644,0.6985714285714286,0.7173333333333334,0.42791828448166475,0.4508163410859007,0.496741118077325,0.5337461973055193,0.3761904761904762,0.3933333333333333,0.4257142857142857,0.2929290955282747,0.5795238095238096,0.2842522974101921,0.24084930938361984,0.22106172839506172,0.4257142857142857,0.22132890365448504,0.21914141414141416,0.18079021082117058,0.5795238095238096,0.24770774515339733,0.2357487468671679,0.2213951545530493,0.03153957006705669,0.012289036095775181
rtc_645,0.722857142857143,0.6993333333333334,0.464688433791882,0.4195221169793545,0.5655837218337219,0.49821291735084844,0.4095238095238095,0.37555555555555553,0.4497142857142856,0.3787483881947126,0.6719047619047618,0.24379446640316207,0.2022162747162747,0.3664053294218311,0.4221385281385281,0.28925802879291246,0.2174675324675325,0.3406229477436908,0.6719047619047618,0.19176948051948048,0.22755711788930083,0.21712779973649546,0.04364297980157705,0.012289036095775174
rtc_646,0.7014285714285714,0.7126666666666667,0.430145390708771,0.4478547422090422,0.5043890257252326,0.525595156959357,0.3761904761904762,0.39333333333333337,0.44238095238095243,0.3050925410778532,0.5834126984126984,0.24377610693400165,0.2505052652421073,0.2736296296296296,0.44238095238095243,0.26420819490586933,0.21914141414141416,0.22670982268505488,0.5834126984126984,0.19808794015690562,0.25954925191767303,0.21629643213725372,0.03593828667492247,0.011428571428571437
rtc_647,0.7014285714285714,0.7126666666666667,0.430145390708771,0.4478547422090422,0.5043890257252326,0.525595156959357,0.3761904761904762,0.39333333333333337,0.44238095238095243,0.3050925410778532,0.5834126984126984,0.24377610693400165,0.2505052652421073,0.2736296296296296,0.44238095238095243,0.26420819490586933,0.21914141414141416,0.22670982268505488,0.5834126984126984,0.19808794015690562,0.25954925191767303,0.21629643213725372,0.03593828667492247,0.011428571428571437
rtc_648,0.7014285714285714,0.7126666666666667,0.430145390708771,0.4478547422090422,0.5043890257252326,0.525595156959357,0.3761904761904762,0.39333333333333337,0.44238095238095243,0.3050925410778532,0.5834126984126984,0.24377610693400165,0.2505052652421073,0.2736296296296296,0.44238095238095243,0.26420819490586933,0.21914141414141416,0.22670982268505488,0.5834126984126984,0.19808794015690562,0.25954925191767303,0.21629643213725372,0.03170915672387192,0.011428571428571437
rtc_649,0.7014285714285714,0.71,0.430145390708771,0.4392337376428321,0.5043890257252326,0.5189284902926904,0.3761904761904762,0.3844444444444445,0.44238095238095243,0.32369719224064386,0.5834126984126984,0.24377610693400165,0.2505052652421073,0.2785679012345679,0.44238095238095243,0.28281284606866,0.21914141414141416,0.22670982268505488,0.5834126984126984,0.2161233668879845,0.25954925191767303,0.21629643213725372,0.032313908464566346,0.011428571428571437
rtc_650,0.6942857142857143,0.7026666666666667,0.40211188632241257,0.41999934546801193,0.47346611721611714,0.5019644389287247,0.3619047619047619,0.37777777777777777,0.42833333333333334,0.37193724268387673,0.6971904761904762,0.2715812257917521,0.21255411255411252,0.34633614472558366,0.3829004329004329,0.2631893687707641,0.25469696969696975,0.3338118022328549,0.6971904761904762,0.17521756978653524,0.24554453517323022,0.2330763972869236,0.04162719511777592,0.027627256579733896
rtc_651,0.687142857142857,0.696,0.4890782388343363,0.4813227755462514,0.48059523809523813,0.4924686013330831,0.5047619047619047,0.4755555555555556,0.4752866698518873,0.33226890756302524,0.5733333333333333,0.34226512226512223,0.2783383552643913,0.3022469135802469,0.45,0.3051827242524917,0.2950090164707856,0.23777089783281732,0.5722222222222222,0.32476190476190475,0.192127564464521,0.19554237690756085,0.03650831698390759,0.03510915922127002
rtc_652,0.6742857142857143,0.6900000000000001,0.4812041321181815,0.46141118053754243,0.4663636363636364,0.4833615873528383,0.5047619047619047,0.4444444444444445,0.45432393693263257,0.34411027568922303,0.5591315244633323,0.41424430641821947,0.26508832015389105,0.27978584525119177,0.41380952380952385,0.33999999999999997,0.2865406857011055,0.22976559044670494,0.5591315244633323,0.41047619047619044,0.2099695850126885,0.18107931707864738,0.0378868976440129,0.03953815000885157
rtc_653,0.7,0.7046666666666667,0.4941314464469932,0.49222121710685124,0.5014423731719093,0.5069872875144865,0.49523809523809526,0.4844444444444445,0.5391341991341991,0.3667156262749898,0.604843597262952,0.47739130434782606,0.25451876179975497,0.21730057450189463,0.5391341991341991,0.3316279069767442,0.20327329758364238,0.22670982268505488,0.5974242424242424,0.44887798036465637,0.26162328189543216,0.24284198183175162,0.03612436530935499,0.006388765649999425
rtc_654,0.7085714285714287,0.7093333333333334,0.500274888321939,0.4709587623764939,0.5167280758457229,0.5237188821857014,0.4904761904761905,0.4311111111111111,0.5547705627705628,0.2702364666796951,0.6358441558441558,0.3264519140989729,0.31029049254613167,0.22293191541376361,0.5262857142857142,0.24965669988925798,0.3091414141414141,0.17159342205781833,0.6358441558441558,0.2508456486042693,0.21976127955513064,0.20536016032429227,0.032382124678241975,0.01989769753883447
rtc_655,0.7071428571428571,0.7006666666666667,0.408841702864369,0.42133591898297773,0.5156163539851695,0.5039276014865638,0.34285714285714286,0.3644444444444444,0.44649859943977593,0.4286541936235938,0.7245962732919254,0.3989007713884993,0.2387494376968061,0.28560860530497495,0.44649859943977593,0.3391805094130675,0.24458152958152954,0.29728867623604466,0.7245962732919254,0.3520564516129032,0.2506027641499539,0.2857997179500825,0.04070043286097156,0.02020305089104422
rtc_656,0.6985714285714286,0.702,0.49462871218823495,0.4682644959466665,0.49630376223399486,0.49945541098413015,0.5,0.44666666666666666,0.469696607740086,0.33926793728507315,0.5888157894736843,0.40499999999999997,0.265139109507006,0.27516049382716046,0.43571428571428567,0.3147065337763012,0.2947391514033193,0.21654269363247688,0.5888157894736843,0.3783333333333333,0.1894211587220062,0.19042582417582418,0.03498576924014236,0.02531435020952766
rtc_657,0.6942857142857142,0.6953333333333334,0.49049501983786925,0.460100393757194,0.49116079768253673,0.4912916536200118,0.49523809523809526,0.43555555555555553,0.47402293358815106,0.3308002626888076,0.5854145166838665,0.41170426065162913,0.26311715582392275,0.2455538442733162,0.4523809523809524,0.29523809523809524,0.2883086478738653,0.1842386715451731,0.5821981424148607,0.3871428571428572,0.21271692562717676,0.19441213535888902,0.03704555256205763,0.026878411031752574
rtc_658,0.7085714285714285,0.7060000000000001,0.5002492295926401,0.4903959328635218,0.5175301948736484,0.510072844317853,0.4904761904761904,0.47777777777777775,0.5391341991341991,0.3610013405607041,0.6334321140093635,0.4910248447204969,0.24635549649363253,0.2077648209265371,0.5391341991341991,0.32591362126245854,0.2021134229754919,0.22192513368983957,0.6260127591706539,0.4571666931511203,0.2720541208976997,0.24416066315043294,0.03520673397347272,0.012289036095775181
rtc_659,0.7085714285714287,0.7093333333333334,0.500274888321939,0.4709587623764939,0.5167280758457229,0.5237188821857014,0.4904761904761905,0.4311111111111111,0.5547705627705628,0.2702364666796951,0.6358441558441558,0.3264519140989729,0.31029049254613167,0.22293191541376361,0.5262857142857142,0.24965669988925798,0.3091414141414141,0.17159342205781833,0.6358441558441558,0.2508456486042693,0.21976127955513064,0.20536016032429227,0.03436075742058376,0.01989769753883447
rtc_660,0.7071428571428571,0.7006666666666667,0.408841702864369,0.42133591898297773,0.5156163539851695,0.5039276014865638,0.34285714285714286,0.3644444444444444,0.44649859943977593,0.4286541936235938,0.7245962732919254,0.3989007713884993,0.2387494376968061,0.28560860530497495,0.44649859943977593,0.3391805094130675,0.24458152958152954,0.29728867623604466,0.7245962732919254,0.3520564516129032,0.2506027641499539,0.2857997179500825,0.040682564543427405,0.02020305089104422
rtc_661,0.7028571428571428,0.6973333333333334,0.4913135671959202,0.4574871659766263,0.5016947892988284,0.49016347849681186,0.4904761904761905,0.4377777777777778,0.4982680363115145,0.32058676102019756,0.6060784313725491,0.47402255639097735,0.27438371189114324,0.22416966141058547,0.47857142857142854,0.2850719822812846,0.2765573332215011,0.20849449827778002,0.6060784313725491,0.4554761904761905,0.20569148763114278,0.2017944575490211,0.037869580560821965,0.026572964625340412
rtc_662,0.6957142857142857,0.7026666666666667,0.4808621886924195,0.46104903659647023,0.48957646864623605,0.5010779949144729,0.4809523809523809,0.43555555555555553,0.5089823220258003,0.3445614035087719,0.5906295149638804,0.38449852507374627,0.28493926744669884,0.2536164283094976,0.4642857142857143,0.31999999999999995,0.30155733322150113,0.18792033559835417,0.5906295149638804,0.355,0.20376841070806587,0.22387207982163257,0.03220378795158367,0.025793528693239733
rtc_663,0.7028571428571428,0.706,0.48453768734554953,0.4850194134940482,0.5048895014707896,0.5085725139334751,0.4714285714285714,0.4688888888888889,0.5247985347985348,0.3772419420644635,0.6162072336265884,0.4906521739130435,0.21805747872193054,0.21061410585503,0.520952380952381,0.3246511627906977,0.1944211152831842,0.23723613847452857,0.6087878787878787,0.4326892109500805,0.23430757278810668,0.25661181611646,0.0321972223128484,0.005714285714285744
rtc_664,0.7085714285714287,0.7093333333333334,0.500274888321939,0.4709587623764939,0.5167280758457229,0.5237188821857014,0.4904761904761905,0.4311111111111111,0.5547705627705628,0.2702364666796951,0.6358441558441558,0.3264519140989729,0.31029049254613167,0.22293191541376361,0.5262857142857142,0.24965669988925798,0.3091414141414141,0.17159342205781833,0.6358441558441558,0.2508456486042693,0.21976127955513064,0.20536016032429227,0.032653411761004295,0.01989769753883447
rtc_665,0.7071428571428571,0.7006666666666667,0.408841702864369,0.42133591898297773,0.5156163539851695,0.5039276014865638,0.34285714285714286,0.3644444444444444,0.44649859943977593,0.4286541936235938,0.7245962732919254,0.3989007713884993,0.2387494376968061,0.28560860530497495,0.44649859943977593,0.3391805094130675,0.24458152958152954,0.29728867623604466,0.7245962732919254,0.3520564516129032,0.2506027641499539,0.2857997179500825,0.04137844098370839,0.02020305089104422
rtc_666,0.6928571428571428,0.7086666666666667,0.49224623240998183,0.4838307230243317,0.4899716766597383,0.5176453493032428,0.5,0.45777777777777773,0.5175164835164836,0.3285150508406322,0.581265664160401,0.4552380952380952,0.25828405979481345,0.24110939982887175,0.49828571428571433,0.3130675526024363,0.2274777171853634,0.1893302775655717,0.581265664160401,0.4552380952380952,0.19978176357486707,0.15773950890410574,0.038240395453046604,0.02747912008810195
rtc_667,0.6957142857142857,0.7113333333333334,0.4917980788502415,0.4770860408744695,0.49442911077057417,0.5215078433042665,0.49523809523809526,0.4444444444444445,0.5175164835164836,0.2924977348233162,0.5801031991744067,0.4204761904761905,0.2629352225855111,0.2371932526585992,0.49828571428571433,0.27973421926910297,0.2274777171853634,0.18514467988152197,0.5801031991744067,0.4204761904761905,0.20478733305412078,0.1743633635425419,0.0354522255161389,0.03149343955006943
rtc_668,0.7028571428571428,0.708,0.4902303910076726,0.48591862726771523,0.5077368577368577,0.5150246305418719,0.4809523809523809,0.4666666666666666,0.5767032967032968,0.30111992454709713,0.658888888888889,0.45077816492450645,0.23134894915625814,0.1992455690013446,0.572857142857143,0.25211517165005537,0.18182371268578162,0.2037433155080214,0.658888888888889,0.414824016563147,0.23698669612085244,0.20853175305545305,0.03780869167014309,0.017261494247992268
rtc_669,0.712857142857143,0.7100000000000001,0.5008520888991396,0.4701456941526784,0.5262518853695324,0.5249805981193713,0.48571428571428577,0.4288888888888889,0.5547705627705628,0.27359781121751026,0.6358441558441558,0.3264519140989729,0.31029049254613167,0.22663561911746735,0.5262857142857142,0.24965669988925798,0.3091414141414141,0.17495476659563344,0.6358441558441558,0.2508456486042693,0.21970273154576297,0.2047695364778545,0.034264981600795844,0.018294640678379583
rtc_670,0.7071428571428571,0.7006666666666667,0.408841702864369,0.42133591898297773,0.5156163539851695,0.5039276014865638,0.34285714285714286,0.3644444444444444,0.44649859943977593,0.4286541936235938,0.7245962732919254,0.3989007713884993,0.2387494376968061,0.28560860530497495,0.44649859943977593,0.3391805094130675,0.24458152958152954,0.29728867623604466,0.7245962732919254,0.3520564516129032,0.2506027641499539,0.2857997179500825,0.04137844098370839,0.02020305089104422
rtc_671,0.7057142857142857,0.7133333333333334,0.4791401166234376,0.4564338364338364,0.5154503722981276,0.5342468386876282,0.45714285714285713,0.40444444444444444,0.4815384615384615,0.27608397314639666,0.6183612878349721,0.42738095238095236,0.2310478629905103,0.2114257425742574,0.47000000000000003,0.2641860465116279,0.2274701385570951,0.15407100639298782,0.5917948717948718,0.4272486772486773,0.21331522278890702,0.2023894316923646,0.03666480316844736,0.028356333201827445
rtc_672,0.7,0.7166666666666667,0.44813457287141495,0.44318205875279776,0.49282460725856947,0.544250755442117,0.4238095238095238,0.3844444444444445,0.4815384615384615,0.2748080560810059,0.6221674876847291,0.42077885391444714,0.22730372967827067,0.22066031047549198,0.47000000000000003,0.2641860465116279,0.2274701385570951,0.1690858161446397,0.5952380952380951,0.40992673992674,0.2307216921010024,0.19686475833066006,0.03580682276505427,0.03410667538946662
rtc_673,0.7114285714285714,0.712,0.47836199095022625,0.45831170961061696,0.5239370448672773,0.5286780667181296,0.4428571428571429,0.4066666666666666,0.5352380952380953,0.2880456956344349,0.6423258335592302,0.5040476190476191,0.25449455100443036,0.2072020535386872,0.5352380952380953,0.26704318936877075,0.23948107448107447,0.21125139050835645,0.6407282913165265,0.4729523809523809,0.2531513396585699,0.2140011794191361,0.040587324760626986,0.014708043058552889
rtc_674,0.722857142857143,0.718,0.5006806885499009,0.46461735432223616,0.5476377117074791,0.5398731653364421,0.4666666666666667,0.41111111111111115,0.5348917748917749,0.2381117699110355,0.6758441558441558,0.3399700037495313,0.2879157682729111,0.1965925925925926,0.5348917748917749,0.22354374307862682,0.260050505050505,0.11567019152158471,0.6758441558441558,0.3337662337662338,0.23778974627851263,0.17182789651293587,0.02635970455995624,0.01456862718169367
rtc_675,0.7071428571428571,0.7006666666666667,0.408841702864369,0.42133591898297773,0.5156163539851695,0.5039276014865638,0.34285714285714286,0.3644444444444444,0.44649859943977593,0.4286541936235938,0.7245962732919254,0.3989007713884993,0.2387494376968061,0.28560860530497495,0.44649859943977593,0.3391805094130675,0.24458152958152954,0.29728867623604466,0.7245962732919254,0.3520564516129032,0.2506027641499539,0.2857997179500825,0.040682564543427405,0.02020305089104422
rtc_676,0.6971428571428572,0.7126666666666667,0.459400630851088,0.457322039209886,0.4960467682393512,0.5329333924403532,0.43809523809523815,0.4066666666666666,0.4958241758241758,0.33669003375245726,0.6094117647058824,0.42142857142857143,0.22483195320317195,0.2614257425742575,0.48428571428571426,0.29751937984496124,0.2274701385570951,0.2175478803961776,0.6094117647058824,0.4105820105820106,0.22742061850720593,0.20477038407331696,0.04124708626936902,0.026954231805876028
rtc_677,0.7042857142857143,0.7153333333333334,0.47502020874972245,0.45839406178610353,0.5114263067426219,0.5388703870182703,0.4523809523809524,0.40444444444444444,0.4958241758241758,0.33844441971736955,0.6182459190572781,0.4148264729620662,0.22445516682970784,0.270660310475492,0.48428571428571426,0.29751937984496124,0.2274701385570951,0.22511492635331645,0.617983193277311,0.3932600732600733,0.2216019945942082,0.20371802001150793,0.041443923373848314,0.024989793835051313
rtc_678,0.7157142857142856,0.7140000000000001,0.47921456742161633,0.45508569110637864,0.5318581081081082,0.5336584432969975,0.43809523809523815,0.39999999999999997,0.5319047619047619,0.3652386780905753,0.6529467485919098,0.488422619047619,0.23813872637792902,0.2403640141791957,0.5285714285714286,0.2765891472868217,0.23896825396825397,0.22521276453164996,0.6513492063492063,0.4212698412698413,0.2287663629748644,0.23076727378791811,0.044703320930523406,0.015907898179514372
rtc_679,0.7185714285714286,0.712,0.48894740118269536,0.43727435763446304,0.5380163612037757,0.5288882029304272,0.4523809523809524,0.3777777777777778,0.5112447160682454,0.236796985624115,0.6671704623878536,0.4222222222222222,0.28115839865839864,0.18523505683901725,0.5112447160682454,0.18735326688815063,0.25277777777777777,0.16127082411912133,0.6671704623878536,0.36837222315483187,0.2576793543119151,0.20737663754201777,0.033079233536324554,0.00728431359084681
rtc_680,0.7071428571428571,0.7006666666666667,0.408841702864369,0.42133591898297773,0.5156163539851695,0.5039276014865638,0.34285714285714286,0.3644444444444444,0.44649859943977593,0.4286541936235938,0.7245962732919254,0.3989007713884993,0.2387494376968061,0.28560860530497495,0.44649859943977593,0.3391805094130675,0.24458152958152954,0.29728867623604466,0.7245962732919254,0.3520564516129032,0.2506027641499539,0.2857997179500825,0.04136057266616422,0.02020305089104422
rtc_681,0.7,0.7140000000000001,0.46829446595100166,0.4589251077495651,0.5031236805089612,0.5354733170030496,0.44761904761904764,0.4066666666666666,0.4958241758241758,0.33844441971736955,0.6052627257799672,0.4148264729620662,0.22910632962040553,0.26389487837672654,0.48428571428571426,0.29751937984496124,0.2274701385570951,0.2249554367201426,0.605,0.39724867724867724,0.22037046750061212,0.20428179731947133,0.04212120081411634,0.021189138534559074
rtc_682,0.7028571428571428,0.7146666666666667,0.47079485663704634,0.457945445060291,0.5086676860529667,0.5371103295470059,0.44761904761904764,0.40444444444444444,0.4958241758241758,0.33844441971736955,0.6138341543513957,0.4148264729620662,0.22445516682970784,0.26389487837672654,0.48428571428571426,0.29751937984496124,0.2274701385570951,0.2249554367201426,0.6135714285714285,0.3932600732600733,0.2216019945942082,0.20339417083269695,0.04038764143910899,0.02285714285714289
rtc_683,0.7185714285714285,0.712,0.5009382224572099,0.4642505281948729,0.5355537602820212,0.5300784451469382,0.47619047619047616,0.4177777777777777,0.5552380952380952,0.3880456956344349,0.6485023041474653,0.4807781649245064,0.26147629106887715,0.2656973475125291,0.5552380952380952,0.3308527131782946,0.23896825396825397,0.21771675177247932,0.6469047619047619,0.44050793650793646,0.2567709284031586,0.21779298458234667,0.040198042953650606,0.01665986255670088
rtc_684,0.7171428571428572,0.7086666666666666,0.509716667520798,0.4600752068111083,0.5328996234656612,0.5251022012586478,0.49523809523809526,0.4133333333333333,0.5156832187420423,0.29955120359037124,0.6316149068322982,0.3524920143495994,0.3068465619842609,0.22645862364014185,0.5075014005602241,0.2634108527131783,0.25823232323232326,0.1797836838084516,0.6316149068322982,0.3048412698412698,0.20301207568611107,0.2116962750012285,0.03620134087170891,0.008571428571428542
rtc_685,0.7085714285714285,0.6966666666666665,0.42540525396649487,0.4197442956599449,0.5151586007189455,0.4939917184265011,0.3666666666666667,0.36888888888888893,0.4557596978185214,0.4208078335373317,0.6679296066252588,0.4107177768468091,0.24358169608169605,0.30279012345679013,0.4249299719887955,0.2767441860465116,0.2895743145743146,0.3420047444815246,0.6170205157161679,0.3786290322580645,0.2927615473956937,0.3083728959304407,0.041975950161608204,0.022314999074019015
rtc_686,0.6985714285714286,0.718,0.4611033274757297,0.468129390643352,0.4973352573352573,0.5530003556306331,0.4428571428571429,0.41555555555555557,0.45296703296703295,0.28784519438130207,0.5827086533538146,0.3606432748538012,0.23385241410070928,0.2759012345679013,0.44142857142857145,0.2549723145071982,0.2486019536019536,0.2527937490785788,0.581111111111111,0.33568726781492736,0.21015267338607,0.21653318077803205,0.0384767549598067,0.0053452248382485044
rtc_687,0.6985714285714286,0.718,0.4611033274757297,0.468129390643352,0.4973352573352573,0.5530003556306331,0.4428571428571429,0.41555555555555557,0.45296703296703295,0.28784519438130207,0.5827086533538146,0.3606432748538012,0.23385241410070928,0.2759012345679013,0.44142857142857145,0.2549723145071982,0.2486019536019536,0.2527937490785788,0.581111111111111,0.33568726781492736,0.21015267338607,0.21653318077803205,0.0384767549598067,0.0053452248382485044
rtc_688,0.7,0.7193333333333334,0.4594887258611281,0.4692471223055669,0.5007281144781144,0.5561232029325849,0.43809523809523815,0.41555555555555557,0.45296703296703295,0.2830832896193973,0.5922324628776241,0.37397660818713446,0.24119935287621946,0.2587407407407407,0.44142857142857145,0.2549723145071982,0.2486019536019536,0.22075911704394677,0.5906349206349206,0.35473488686254645,0.20623914625272857,0.2031998474446987,0.032446677434872596,0.007824607964359527
rtc_689,0.7,0.7186666666666666,0.4589119105133008,0.4661368733185681,0.5001429453199713,0.5606820052006187,0.43809523809523815,0.40888888888888897,0.45632837750484806,0.2535594800955878,0.587495620772361,0.32175438596491224,0.21738982906669566,0.23713678034470115,0.44478991596638656,0.23009966777408639,0.22093961593961592,0.18633482100974358,0.5858980785296575,0.27153952327865366,0.2257371526323139,0.20925089849574974,0.034280067274413226,0.006388765649999425
rtc_690,0.7142857142857144,0.6966666666666667,0.4544146825392678,0.43333473534425615,0.5374683094892965,0.49555553419152637,0.40476190476190477,0.3888888888888889,0.4369977081741788,0.38919946926138876,0.6304212454212454,0.3513048528000808,0.2290227565227565,0.35012443466568877,0.3900280112044819,0.2962790697674419,0.23912698412698413,0.3581172181791377,0.5945238095238096,0.3019974934927214,0.2621764346764347,0.250019305019305,0.03775104329821829,0.01428571428571428
rtc_691,0.6971428571428572,0.7126666666666667,0.456643233579016,0.4679994617528491,0.49388698147318844,0.5362334295791644,0.43809523809523815,0.42444444444444446,0.42534798534798535,0.24011552946537465,0.5911111111111111,0.29909356725146197,0.22909050933880448,0.2485168072362792,0.41380952380952385,0.1745514950166113,0.2486019536019536,0.23630600565585086,0.5911111111111111,0.27338568051334006,0.21090922149745683,0.22623906313097325,0.03756000804874611,0.005714285714285733
rtc_692,0.6971428571428572,0.7126666666666667,0.456643233579016,0.4679994617528491,0.49388698147318844,0.5362334295791644,0.43809523809523815,0.42444444444444446,0.42534798534798535,0.24011552946537465,0.5911111111111111,0.29909356725146197,0.22909050933880448,0.2485168072362792,0.41380952380952385,0.1745514950166113,0.2486019536019536,0.23630600565585086,0.5911111111111111,0.27338568051334006,0.21090922149745683,0.22623906313097325,0.03756000804874611,0.005714285714285733
rtc_693,0.6985714285714286,0.7106666666666668,0.4550286319644144,0.45870859126452646,0.49727983861604547,0.5314075589323982,0.4333333333333334,0.4133333333333334,0.42534798534798535,0.24620633788176444,0.6006349206349206,0.31242690058479533,0.2364374481143147,0.23555384427331622,0.41380952380952385,0.18540420819490583,0.2486019536019536,0.2042713736212188,0.6006349206349206,0.29243329956095915,0.2069956943641154,0.21290572979763986,0.03217047309776886,0.008329931278350442
rtc_694,0.7,0.7153333333333333,0.448134323021325,0.45993412814889323,0.5003101416463485,0.542221231043711,0.419047619047619,0.4066666666666666,0.42534798534798535,0.2736868037523232,0.5906349206349206,0.29314118629908104,0.2102469719238385,0.25945679012345685,0.41380952380952385,0.1786267995570321,0.2206798756798757,0.23175183949177755,0.5906349206349206,0.24209007779659952,0.2116217627401838,0.22891413315898443,0.031975340021344646,0.009035079029052533
rtc_695,0.7185714285714286,0.6986666666666667,0.44328375151763455,0.40320397184765006,0.5581763144263144,0.4970634920634921,0.38095238095238093,0.34888888888888886,0.4097142857142857,0.38715174953925047,0.6338095238095237,0.25712779973649547,0.19302708552708553,0.3620843417675101,0.38213852813852817,0.28228128460686597,0.22064213564213567,0.3490263090882286,0.6338095238095237,0.19228896103896104,0.24675245806824755,0.2304611330698288,0.04364297980157705,0.013248026422136714
rtc_696,0.7014285714285714,0.7126666666666667,0.430145390708771,0.4478547422090422,0.5043890257252326,0.525595156959357,0.3761904761904762,0.39333333333333337,0.44238095238095243,0.3050925410778532,0.5834126984126984,0.24377610693400165,0.2505052652421073,0.2736296296296296,0.44238095238095243,0.26420819490586933,0.21914141414141416,0.22670982268505488,0.5834126984126984,0.19808794015690562,0.25954925191767303,0.21629643213725372,0.03661078668337167,0.011428571428571437
rtc_697,0.7014285714285714,0.7126666666666667,0.430145390708771,0.4478547422090422,0.5043890257252326,0.525595156959357,0.3761904761904762,0.39333333333333337,0.44238095238095243,0.3050925410778532,0.5834126984126984,0.24377610693400165,0.2505052652421073,0.2736296296296296,0.44238095238095243,0.26420819490586933,0.21914141414141416,0.22670982268505488,0.5834126984126984,0.19808794015690562,0.25954925191767303,0.21629643213725372,0.03661078668337167,0.011428571428571437
rtc_698,0.7014285714285714,0.7126666666666667,0.430145390708771,0.4478547422090422,0.5043890257252326,0.525595156959357,0.3761904761904762,0.39333333333333337,0.44238095238095243,0.3050925410778532,0.5834126984126984,0.24377610693400165,0.2505052652421073,0.2736296296296296,0.44238095238095243,0.26420819490586933,0.21914141414141416,0.22670982268505488,0.5834126984126984,0.19808794015690562,0.25954925191767303,0.21629643213725372,0.03170915672387192,0.011428571428571437
rtc_699,0.7014285714285714,0.71,0.430145390708771,0.4392337376428321,0.5043890257252326,0.5189284902926904,0.3761904761904762,0.3844444444444445,0.44238095238095243,0.32369719224064386,0.5834126984126984,0.24377610693400165,0.2505052652421073,0.2785679012345679,0.44238095238095243,0.28281284606866,0.21914141414141416,0.22670982268505488,0.5834126984126984,0.2161233668879845,0.25954925191767303,0.21629643213725372,0.032313908464566346,0.011428571428571437
rtc_700,0.6942857142857143,0.7026666666666667,0.40211188632241257,0.41999934546801193,0.47346611721611714,0.5019644389287247,0.3619047619047619,0.37777777777777777,0.42833333333333334,0.37193724268387673,0.6971904761904762,0.2715812257917521,0.21255411255411252,0.34633614472558366,0.3829004329004329,0.2631893687707641,0.25469696969696975,0.3338118022328549,0.6971904761904762,0.17521756978653524,0.24554453517323022,0.2330763972869236,0.04162719511777592,0.027627256579733896
rtc_701,0.6814285714285714,0.6906666666666667,0.4591944634979887,0.4663037613018,0.46737883560258575,0.48188691915122217,0.45714285714285713,0.4533333333333333,0.4643809523809524,0.34685434516523866,0.5869747899159664,0.4012907268170426,0.2774685115548903,0.2755912480136903,0.4477142857142857,0.30124031007751934,0.28924789769617354,0.25088121372951094,0.5869747899159664,0.35049707602339175,0.17911616161616167,0.22346806330490931,0.036800143421687734,0.03213491965486282
rtc_702,0.6728571428571428,0.6953333333333334,0.44193331221914234,0.45521560182603127,0.45517330792508287,0.49076717891149235,0.43809523809523815,0.42666666666666664,0.5007701863354037,0.3603870140467448,0.586211827388298,0.3813492063492063,0.2824302547143079,0.2613135313531353,0.46594805194805194,0.2814396456256921,0.287580755077007,0.2507927572943053,0.586211827388298,0.3003968253968254,0.1915390326519359,0.2772940648723258,0.03302134707759743,0.04659858980085741
rtc_703,0.6971428571428572,0.702,0.4670695261427011,0.47604605601955396,0.4937020424499202,0.5040882645270853,0.44761904761904764,0.45555555555555555,0.4747985347985348,0.510375939849624,0.5499313858416532,0.5219157088122606,0.25236071099508767,0.27808531964307537,0.47095238095238096,0.4314285714285714,0.2184645264780197,0.24177556189940086,0.5428822055137844,0.4741832825084057,0.2198525597441515,0.27675172780435936,0.028141288442357842,0.02948538205792897
rtc_704,0.7028571428571428,0.7086666666666667,0.48229430231199333,0.4625744129024068,0.5036049733610709,0.5197146365849419,0.4666666666666667,0.4177777777777778,0.5725108225108225,0.25583870757605365,0.6315821812596005,0.3412578683786114,0.34517735191279514,0.17335973597359736,0.5725108225108225,0.25275747508305646,0.29779942279942284,0.1517885623148781,0.6315821812596005,0.25329296661193207,0.22773946360153258,0.24253520871106984,0.030710035036314122,0.016659862556700888
rtc_705,0.7071428571428571,0.7006666666666667,0.408841702864369,0.42133591898297773,0.5156163539851695,0.5039276014865638,0.34285714285714286,0.3644444444444444,0.44649859943977593,0.4286541936235938,0.7245962732919254,0.3989007713884993,0.2387494376968061,0.28560860530497495,0.44649859943977593,0.3391805094130675,0.24458152958152954,0.29728867623604466,0.7245962732919254,0.3520564516129032,0.2506027641499539,0.2857997179500825,0.04136057266616422,0.02020305089104422
rtc_706,0.6885714285714286,0.7066666666666667,0.46165123356347315,0.47610835893600917,0.47482578898427424,0.5117323567275062,0.4523809523809524,0.44666666666666666,0.46723809523809523,0.3411785277146354,0.6149197860962567,0.34324746291959407,0.26303798084528984,0.2740740740740741,0.4505714285714286,0.3060908084163898,0.24961133069828723,0.23921300577647328,0.6149197860962567,0.29891764149828665,0.17095238095238097,0.21859993724265664,0.03234017272806001,0.032763842689084915
rtc_707,0.6785714285714286,0.7020000000000001,0.4265158500422165,0.4519388667981522,0.45832445553375784,0.5022578830729079,0.40476190476190477,0.4133333333333334,0.48089440993788823,0.4018045112781955,0.58,0.3732773109243698,0.253347050722466,0.278,0.43737662337662336,0.32285714285714284,0.29414474580891375,0.25745781566215004,0.58,0.2827777777777778,0.20061363636363644,0.25959848339058034,0.02842358187242544,0.043330716823151726
rtc_708,0.6957142857142857,0.6980000000000001,0.46577124636340866,0.4684399104209517,0.49069903944691723,0.4958695432534442,0.44761904761904764,0.4488888888888889,0.46813186813186813,0.48398938522777535,0.5470757539008811,0.493968253968254,0.25236071099508767,0.2805544554455445,0.4642857142857143,0.40143964562569207,0.2148281628416561,0.24345623416830842,0.5428822055137844,0.4462358276643991,0.21699692780337942,0.2759163059163059,0.026618787556415852,0.028066975291983553
rtc_709,0.7028571428571428,0.7086666666666667,0.48229430231199333,0.4625744129024068,0.5036049733610709,0.5197146365849419,0.4666666666666667,0.4177777777777778,0.5725108225108225,0.25583870757605365,0.6315821812596005,0.3412578683786114,0.34517735191279514,0.17335973597359736,0.5725108225108225,0.25275747508305646,0.29779942279942284,0.1517885623148781,0.6315821812596005,0.25329296661193207,0.22773946360153258,0.24253520871106984,0.03472631863450959,0.016659862556700888
rtc_710,0.7071428571428571,0.7006666666666667,0.408841702864369,0.42133591898297773,0.5156163539851695,0.5039276014865638,0.34285714285714286,0.3644444444444444,0.44649859943977593,0.4286541936235938,0.7245962732919254,0.3989007713884993,0.2387494376968061,0.28560860530497495,0.44649859943977593,0.3391805094130675,0.24458152958152954,0.29728867623604466,0.7245962732919254,0.3520564516129032,0.2506027641499539,0.2857997179500825,0.04070043286097156,0.02020305089104422
rtc_711,0.6928571428571428,0.7026666666666667,0.4498717332050665,0.45912035862876516,0.47413919413919414,0.5024256620014839,0.4333333333333334,0.42666666666666664,0.5038095238095238,0.29327737949524973,0.6207919254658385,0.34043417366946777,0.25037167560423373,0.2362505806136169,0.4871428571428571,0.24766334440753046,0.24739789196310932,0.2269443662632517,0.6207919254658385,0.2882068311195446,0.19841269841269843,0.23080065942194086,0.03311212849024621,0.04379917061930252
rtc_712,0.6900000000000001,0.7066666666666667,0.4420391293223078,0.46318446018325404,0.4695984801487369,0.5114794313705154,0.4238095238095238,0.42666666666666664,0.5007701863354037,0.381937401643644,0.6088095238095239,0.3984523809523809,0.25296907820163633,0.260359124801369,0.4682857142857143,0.3029900332225913,0.2857312252964427,0.2587967244313994,0.6088095238095239,0.3034920634920635,0.2193551587301587,0.2728529969201611,0.03141141463334772,0.03686710828732554
rtc_713,0.6942857142857143,0.6973333333333334,0.4667774945178662,0.46829839699107306,0.4894894894894895,0.49822646972139867,0.4523809523809524,0.44666666666666666,0.520952380952381,0.4864661654135339,0.5857793390580276,0.5323444873444874,0.26158317190927793,0.2520557389072241,0.520952380952381,0.4428571428571429,0.224087868653086,0.22627022100706312,0.5787301587301588,0.48531746031746037,0.20849567290339371,0.2851513038509942,0.026913160389371055,0.03110220151011035
rtc_714,0.6942857142857143,0.7066666666666668,0.47355661987492803,0.46086916163193814,0.4889138386506808,0.5156669659457218,0.4619047619047619,0.4177777777777778,0.5622251082251082,0.28609080841638984,0.6149155145929339,0.35236897948972257,0.34517735191279514,0.1758288717760665,0.5622251082251082,0.28609080841638984,0.29779942279942284,0.14842721777706297,0.6149155145929339,0.2595429666119321,0.23440613026819923,0.2542686210667834,0.032197728422853795,0.013850513878332388
rtc_715,0.7071428571428571,0.7006666666666667,0.408841702864369,0.42133591898297773,0.5156163539851695,0.5039276014865638,0.34285714285714286,0.3644444444444444,0.44649859943977593,0.4286541936235938,0.7245962732919254,0.3989007713884993,0.2387494376968061,0.28560860530497495,0.44649859943977593,0.3391805094130675,0.24458152958152954,0.29728867623604466,0.7245962732919254,0.3520564516129032,0.2506027641499539,0.2857997179500825,0.04136057266616422,0.02020305089104422
rtc_716,0.6942857142857143,0.7126666666666667,0.4614252593221229,0.47937999465838105,0.48370505144066955,0.5229692345051743,0.4428571428571429,0.4444444444444445,0.48428571428571426,0.351608364275943,0.5950541125541126,0.4359523809523809,0.25739326317049693,0.2248756875687569,0.48428571428571426,0.34852713178294575,0.20545399045399043,0.1958197633120234,0.5950541125541126,0.4359523809523809,0.1745290181330226,0.1789642309487898,0.037853839126515625,0.04725095831011779
rtc_717,0.6985714285714286,0.7186666666666666,0.48296339429485025,0.4880411451553595,0.4930853167837414,0.534664075253566,0.47619047619047616,0.4533333333333333,0.49428571428571433,0.3043497314359147,0.5778040636544473,0.40285714285714286,0.27414181048382835,0.23805256081163675,0.49428571428571433,0.2967441860465116,0.20095251824637134,0.1944460080682991,0.5778040636544473,0.40285714285714286,0.18611780692425856,0.1655218915056236,0.036536872157892544,0.04025429372458676
rtc_718,0.6985714285714286,0.7,0.4738438196410035,0.47176987515553537,0.49583272705473147,0.5008777308322626,0.4571428571428572,0.4488888888888889,0.5133699633699633,0.32771333257905366,0.6091228070175438,0.4187946428571429,0.24099318962756627,0.22073218432954408,0.5095238095238095,0.2786710963455149,0.18670105756312652,0.19958854355139183,0.6091228070175438,0.36564425770308123,0.1803073256912774,0.19999204135677262,0.035218957143080806,0.0353986048381825
rtc_719,0.6942857142857143,0.7066666666666668,0.47355661987492803,0.46086916163193814,0.4889138386506808,0.5156669659457218,0.4619047619047619,0.4177777777777778,0.5622251082251082,0.28609080841638984,0.6149155145929339,0.35236897948972257,0.34517735191279514,0.1758288717760665,0.5622251082251082,0.28609080841638984,0.29779942279942284,0.14842721777706297,0.6149155145929339,0.2595429666119321,0.23440613026819923,0.2542686210667834,0.03277961778711256,0.013850513878332388
rtc_720,0.7071428571428571,0.7006666666666667,0.408841702864369,0.42133591898297773,0.5156163539851695,0.5039276014865638,0.34285714285714286,0.3644444444444444,0.44649859943977593,0.4286541936235938,0.7245962732919254,0.3989007713884993,0.2387494376968061,0.28560860530497495,0.44649859943977593,0.3391805094130675,0.24458152958152954,0.29728867623604466,0.7245962732919254,0.3520564516129032,0.2506027641499539,0.2857997179500825,0.040682564543427405,0.02020305089104422
rtc_721,0.7085714285714285,0.718,0.46494992972452104,0.45606179753681325,0.5129631512306029,0.5405811896856674,0.42857142857142866,0.39777777777777773,0.43307453416149067,0.3264381261573284,0.6004891882311237,0.4152380952380952,0.23300275020855543,0.24723310108788654,0.4309523809523809,0.3026578073089701,0.20593167701863355,0.19735166793990325,0.5892948717948718,0.4152380952380952,0.19902023572768845,0.19903012123484567,0.037101596576821126,0.043892261416392034
rtc_722,0.7057142857142857,0.72,0.4354752634536602,0.445236557745328,0.4956571015107601,0.5503003158974272,0.3952380952380952,0.38,0.4424603174603175,0.3187566603363277,0.6054212454212454,0.4063754961664275,0.22925861689631583,0.25044297763109646,0.4309523809523809,0.2980066445182724,0.21531746031746035,0.2019286183372871,0.5885714285714285,0.39845648604269296,0.21755256238014856,0.19298486625342048,0.03657221903154867,0.043892261416392055
rtc_723,0.7085714285714285,0.71,0.4281888653981677,0.42748448124339655,0.5112121212121212,0.524519095172974,0.3761904761904762,0.36444444444444446,0.4288095238095238,0.38983971556798974,0.602481684981685,0.5493734335839598,0.2448681039343743,0.23687250947316957,0.42523809523809525,0.360265780730897,0.20782051282051284,0.22521276453165,0.602481684981685,0.5152380952380952,0.18179744749160603,0.22020344346908796,0.03934049025505139,0.033319725113401734
rtc_724,0.7114285714285715,0.7106666666666668,0.47483492449088593,0.44322498389523873,0.518890158385022,0.5202709265344365,0.4428571428571428,0.3911111111111111,0.5928917748917748,0.287418652339093,0.6253520553520554,0.3726046176046176,0.33412179093242217,0.17233223322332236,0.5928917748917748,0.28682170542635654,0.26596681096681096,0.11381394663128411,0.6253520553520554,0.3314157014157014,0.24486737481996101,0.20803889925691105,0.026543882954550062,0.01895214165917371
rtc_725,0.7071428571428571,0.7006666666666667,0.408841702864369,0.42133591898297773,0.5156163539851695,0.5039276014865638,0.34285714285714286,0.3644444444444444,0.44649859943977593,0.4286541936235938,0.7245962732919254,0.3989007713884993,0.2387494376968061,0.28560860530497495,0.44649859943977593,0.3391805094130675,0.24458152958152954,0.29728867623604466,0.7245962732919254,0.3520564516129032,0.2506027641499539,0.2857997179500825,0.04070043286097156,0.02020305089104422
rtc_726,0.7028571428571428,0.718,0.4502154816937159,0.4620400031264801,0.49837650218082485,0.539845756410954,0.4142857142857143,0.4066666666666666,0.44523809523809527,0.37633241791208527,0.5974603174603175,0.3988713910761155,0.23982275246045132,0.29722821171005986,0.44523809523809527,0.3355038759689922,0.2192857142857143,0.2518971224853578,0.5974603174603175,0.35868637110016416,0.2067878390611984,0.20012373453318338,0.04003486392213826,0.031167748898959187
rtc_727,0.7071428571428571,0.72,0.45356838729877164,0.4622740272292357,0.5067695105738332,0.5456315219250727,0.4142857142857143,0.40444444444444444,0.44523809523809527,0.37633241791208527,0.6073504273504273,0.3988713910761155,0.23517158966975363,0.2984627796112944,0.44523809523809527,0.3355038759689922,0.22246031746031747,0.25492742551566083,0.6073504273504273,0.35523809523809524,0.20841803357932392,0.19915932020125396,0.03988903004961897,0.029623487647611035
rtc_728,0.7114285714285714,0.7073333333333334,0.44477163242357143,0.42903210417736004,0.5176479156734997,0.5216829877112136,0.4,0.3688888888888888,0.43880952380952387,0.4177772063537777,0.6038095238095238,0.5076190476190476,0.24260053023822917,0.2614897934237868,0.4352380952380952,0.39359911406423037,0.20893939393939392,0.21747148620213635,0.6038095238095238,0.48952380952380947,0.1812114419670759,0.22596438540084093,0.044256949865717196,0.03338091841585124
rtc_729,0.7157142857142857,0.7026666666666667,0.47262971785131336,0.4109287044761197,0.5334827754557687,0.5072198476585925,0.42857142857142855,0.3488888888888889,0.5192447160682454,0.27779949188977915,0.6707936507936508,0.4701670843776107,0.2821080110614994,0.17856692335900254,0.5192447160682454,0.2775193798449612,0.2296031746031746,0.17839652607454465,0.6707936507936508,0.4461904761904762,0.25038051699258596,0.24181500619091273,0.03324960750863431,0.015252968931473312
rtc_730,0.7071428571428571,0.7006666666666667,0.408841702864369,0.42133591898297773,0.5156163539851695,0.5039276014865638,0.34285714285714286,0.3644444444444444,0.44649859943977593,0.4286541936235938,0.7245962732919254,0.3989007713884993,0.2387494376968061,0.28560860530497495,0.44649859943977593,0.3391805094130675,0.24458152958152954,0.29728867623604466,0.7245962732919254,0.3520564516129032,0.2506027641499539,0.2857997179500825,0.04136057266616422,0.02020305089104422
rtc_731,0.6985714285714286,0.7166666666666666,0.44957674925977875,0.45454731782155305,0.4916010465855667,0.5432836093638793,0.4238095238095238,0.4,0.4354978354978355,0.3522643818849449,0.5928851540616247,0.41761904761904756,0.2216481492858482,0.2567246057939127,0.4309523809523809,0.32183831672203767,0.2266883116883117,0.22084623323013414,0.5928851540616247,0.41047619047619044,0.2132394519644242,0.2110863141460208,0.04296218936795411,0.02687841103175253
rtc_732,0.7014285714285714,0.7193333333333334,0.45217277548746837,0.4581907299939646,0.4983540427759495,0.5491970913586881,0.4238095238095238,0.4022222222222222,0.4354978354978355,0.35529468491524796,0.6002380952380952,0.41761904761904756,0.2216481492858482,0.2619195697347513,0.4309523809523809,0.31612403100775194,0.2266883116883117,0.2238765362604372,0.6002380952380952,0.4027838827838828,0.2132394519644242,0.21009103855546965,0.04135430591145341,0.029416086117105722
rtc_733,0.7114285714285715,0.7086666666666667,0.4466653628345215,0.4206907965487341,0.5220655481082987,0.524433140781978,0.3952380952380953,0.35777777777777775,0.4701659451659451,0.4166593638679462,0.621904761904762,0.5514285714285714,0.23854760964395516,0.22880723627918345,0.4634199134199134,0.4048062015503876,0.211984126984127,0.1945277632584134,0.621904761904762,0.5514285714285714,0.2502895727412132,0.25102481507993324,0.040772286577508435,0.025793528693239705
rtc_734,0.7157142857142857,0.7026666666666667,0.48469608085860594,0.42381719966894593,0.5329419855769888,0.5146752440350805,0.45714285714285713,0.3688888888888888,0.5156832187420423,0.3373643410852713,0.6316149068322982,0.41534915720674237,0.3068465619842609,0.20556851240679624,0.5075014005602241,0.3373643410852713,0.2445815295815296,0.17467867529787034,0.6316149068322982,0.38595238095238094,0.20365095777838196,0.2402950446526298,0.03620134087170891,0.013850513878332377
rtc_735,0.7085714285714285,0.6966666666666665,0.42540525396649487,0.4197442956599449,0.5151586007189455,0.4939917184265011,0.3666666666666667,0.36888888888888893,0.4557596978185214,0.4208078335373317,0.6679296066252588,0.4107177768468091,0.24358169608169605,0.30279012345679013,0.4249299719887955,0.2767441860465116,0.2895743145743146,0.3420047444815246,0.6170205157161679,0.3786290322580645,0.2927615473956937,0.3083728959304407,0.041975950161608204,0.022314999074019015
rtc_736,0.7,0.7173333333333334,0.462211596870444,0.46603148854544996,0.501038961038961,0.5517424939954131,0.4428571428571429,0.4133333333333334,0.45296703296703295,0.29355948009558774,0.5965975422427036,0.365218438252494,0.23249827809835427,0.2759012345679013,0.44142857142857145,0.26068660022148393,0.2486019536019536,0.2527937490785788,0.595,0.34026243121362015,0.21015267338607,0.21653318077803205,0.0384767549598067,0.004517539514526275
rtc_737,0.7,0.7173333333333334,0.462211596870444,0.46603148854544996,0.501038961038961,0.5517424939954131,0.4428571428571429,0.4133333333333334,0.45296703296703295,0.29355948009558774,0.5965975422427036,0.365218438252494,0.23249827809835427,0.2759012345679013,0.44142857142857145,0.26068660022148393,0.2486019536019536,0.2527937490785788,0.595,0.34026243121362015,0.21015267338607,0.21653318077803205,0.038135555375231445,0.004517539514526275
rtc_738,0.7,0.7193333333333334,0.4594887258611281,0.4692471223055669,0.5007281144781144,0.5561232029325849,0.43809523809523815,0.41555555555555557,0.45296703296703295,0.2830832896193973,0.5922324628776241,0.37397660818713446,0.24119935287621946,0.2587407407407407,0.44142857142857145,0.2549723145071982,0.2486019536019536,0.22075911704394677,0.5906349206349206,0.35473488686254645,0.20623914625272857,0.2031998474446987,0.032446677434872596,0.007824607964359527
rtc_739,0.7,0.7186666666666666,0.4589119105133008,0.4661368733185681,0.5001429453199713,0.5606820052006187,0.43809523809523815,0.40888888888888897,0.45632837750484806,0.2535594800955878,0.587495620772361,0.32175438596491224,0.21738982906669566,0.23713678034470115,0.44478991596638656,0.23009966777408639,0.22093961593961592,0.18633482100974358,0.5858980785296575,0.27153952327865366,0.2257371526323139,0.20925089849574974,0.034280067274413226,0.006388765649999425
rtc_740,0.7142857142857144,0.6966666666666667,0.4544146825392678,0.43333473534425615,0.5374683094892965,0.49555553419152637,0.40476190476190477,0.3888888888888889,0.4369977081741788,0.38919946926138876,0.6304212454212454,0.3513048528000808,0.2290227565227565,0.35012443466568877,0.3900280112044819,0.2962790697674419,0.23912698412698413,0.3581172181791377,0.5945238095238096,0.3019974934927214,0.2621764346764347,0.250019305019305,0.03775104329821829,0.01428571428571428
rtc_741,0.6971428571428572,0.7126666666666667,0.456643233579016,0.4679994617528491,0.49388698147318844,0.5362334295791644,0.43809523809523815,0.42444444444444446,0.42534798534798535,0.24011552946537465,0.5911111111111111,0.29909356725146197,0.22909050933880448,0.2485168072362792,0.41380952380952385,0.1745514950166113,0.2486019536019536,0.23630600565585086,0.5911111111111111,0.27338568051334006,0.21090922149745683,0.22623906313097325,0.03756000804874611,0.005714285714285733
rtc_742,0.6971428571428572,0.7126666666666667,0.456643233579016,0.4679994617528491,0.49388698147318844,0.5362334295791644,0.43809523809523815,0.42444444444444446,0.42534798534798535,0.24011552946537465,0.5911111111111111,0.29909356725146197,0.22909050933880448,0.2485168072362792,0.41380952380952385,0.1745514950166113,0.2486019536019536,0.23630600565585086,0.5911111111111111,0.27338568051334006,0.21090922149745683,0.22623906313097325,0.03756000804874611,0.005714285714285733
rtc_743,0.6985714285714286,0.7106666666666668,0.4550286319644144,0.45870859126452646,0.49727983861604547,0.5314075589323982,0.4333333333333334,0.4133333333333334,0.42534798534798535,0.24620633788176444,0.6006349206349206,0.31242690058479533,0.2364374481143147,0.23555384427331622,0.41380952380952385,0.18540420819490583,0.2486019536019536,0.2042713736212188,0.6006349206349206,0.29243329956095915,0.2069956943641154,0.21290572979763986,0.03217047309776886,0.008329931278350442
rtc_744,0.7,0.7153333333333333,0.448134323021325,0.45993412814889323,0.5003101416463485,0.542221231043711,0.419047619047619,0.4066666666666666,0.42534798534798535,0.2736868037523232,0.5906349206349206,0.29314118629908104,0.2102469719238385,0.25945679012345685,0.41380952380952385,0.1786267995570321,0.2206798756798757,0.23175183949177755,0.5906349206349206,0.24209007779659952,0.2116217627401838,0.22891413315898443,0.031975340021344646,0.009035079029052533
rtc_745,0.7185714285714286,0.6986666666666667,0.44328375151763455,0.40320397184765006,0.5581763144263144,0.4970634920634921,0.38095238095238093,0.34888888888888886,0.4097142857142857,0.38715174953925047,0.6338095238095237,0.25712779973649547,0.19302708552708553,0.3620843417675101,0.38213852813852817,0.28228128460686597,0.22064213564213567,0.3490263090882286,0.6338095238095237,0.19228896103896104,0.24675245806824755,0.2304611330698288,0.04364297980157705,0.013248026422136714
rtc_746,0.7014285714285714,0.7126666666666667,0.430145390708771,0.4478547422090422,0.5043890257252326,0.525595156959357,0.3761904761904762,0.39333333333333337,0.44238095238095243,0.3050925410778532,0.5834126984126984,0.24377610693400165,0.2505052652421073,0.2736296296296296,0.44238095238095243,0.26420819490586933,0.21914141414141416,0.22670982268505488,0.5834126984126984,0.19808794015690562,0.25954925191767303,0.21629643213725372,0.03661078668337167,0.011428571428571437
rtc_747,0.7014285714285714,0.7126666666666667,0.430145390708771,0.4478547422090422,0.5043890257252326,0.525595156959357,0.3761904761904762,0.39333333333333337,0.44238095238095243,0.3050925410778532,0.5834126984126984,0.24377610693400165,0.2505052652421073,0.2736296296296296,0.44238095238095243,0.26420819490586933,0.21914141414141416,0.22670982268505488,0.5834126984126984,0.19808794015690562,0.25954925191767303,0.21629643213725372,0.03661078668337167,0.011428571428571437
rtc_748,0.7014285714285714,0.7126666666666667,0.430145390708771,0.4478547422090422,0.5043890257252326,0.525595156959357,0.3761904761904762,0.39333333333333337,0.44238095238095243,0.3050925410778532,0.5834126984126984,0.24377610693400165,0.2505052652421073,0.2736296296296296,0.44238095238095243,0.26420819490586933,0.21914141414141416,0.22670982268505488,0.5834126984126984,0.19808794015690562,0.25954925191767303,0.21629643213725372,0.03170915672387192,0.011428571428571437
rtc_749,0.7014285714285714,0.71,0.430145390708771,0.4392337376428321,0.5043890257252326,0.5189284902926904,0.3761904761904762,0.3844444444444445,0.44238095238095243,0.32369719224064386,0.5834126984126984,0.24377610693400165,0.2505052652421073,0.2785679012345679,0.44238095238095243,0.28281284606866,0.21914141414141416,0.22670982268505488,0.5834126984126984,0.2161233668879845,0.25954925191767303,0.21629643213725372,0.032313908464566346,0.011428571428571437
rtc_750,0.6942857142857143,0.7026666666666667,0.40211188632241257,0.41999934546801193,0.47346611721611714,0.5019644389287247,0.3619047619047619,0.37777777777777777,0.42833333333333334,0.37193724268387673,0.6971904761904762,0.2715812257917521,0.21255411255411252,0.34633614472558366,0.3829004329004329,0.2631893687707641,0.25469696969696975,0.3338118022328549,0.6971904761904762,0.17521756978653524,0.24554453517323022,0.2330763972869236,0.04162719511777592,0.027627256579733896
rtc_751,0.6728571428571428,0.6933333333333334,0.48647656921286064,0.4986499141987316,0.45895238095238095,0.4921082448311071,0.519047619047619,0.5066666666666666,0.5180952380952382,0.3441182236775872,0.5893400167084378,0.3291011625889294,0.26085109272030066,0.31963256325632566,0.4747619047619048,0.30874861572535994,0.3265478624324202,0.2953908836261777,0.5893400167084378,0.2648924731182796,0.16624561403508772,0.24309644173507056,0.032204798438395486,0.0320713490294909
rtc_752,0.6728571428571428,0.686,0.4788677988677989,0.4765701080343865,0.46275609659068306,0.48230194954069355,0.5,0.47555555555555556,0.5519047619047619,0.3952380952380953,0.5770707070707071,0.34518018018018015,0.3025004412309885,0.31528052805280526,0.47523809523809524,0.3952380952380953,0.3055033089515848,0.26246498599439777,0.5770707070707071,0.34518018018018015,0.20595098858256752,0.1952974736095507,0.0283395559334085,0.03681171064778605
rtc_753,0.6957142857142858,0.692,0.4515690009938897,0.4554945727776406,0.49119531442112085,0.4825053659790502,0.419047619047619,0.43555555555555553,0.5819047619047619,0.38725555338414436,0.5571521942110178,0.4757142857142857,0.25083557364288267,0.24076200953428675,0.5467532467532468,0.3280398671096345,0.21998979947255806,0.21737364802380288,0.5525490196078431,0.40858585858585855,0.2756254184883217,0.25347231200172377,0.03161371028821989,0.022857142857142864
rtc_754,0.6957142857142857,0.7060000000000001,0.47758940524000765,0.4612836438923395,0.4911193556122953,0.5132369537739256,0.4666666666666667,0.42000000000000004,0.5634199134199134,0.2543078626799557,0.6322495894909687,0.3412578683786114,0.3415329343148892,0.17335973597359738,0.5634199134199134,0.2543078626799557,0.3141630591630592,0.14842721777706297,0.6322495894909687,0.25329296661193207,0.22773946360153258,0.24315750995567234,0.03168873678734845,0.02240626734479734
rtc_755,0.7071428571428571,0.7006666666666667,0.408841702864369,0.42133591898297773,0.5156163539851695,0.5039276014865638,0.34285714285714286,0.3644444444444444,0.44649859943977593,0.4286541936235938,0.7245962732919254,0.3989007713884993,0.2387494376968061,0.28560860530497495,0.44649859943977593,0.3391805094130675,0.24458152958152954,0.29728867623604466,0.7245962732919254,0.3520564516129032,0.2506027641499539,0.2857997179500825,0.040682564543427405,0.02020305089104422
rtc_756,0.7014285714285714,0.6913333333333332,0.5127487967631181,0.48133967443208026,0.5018907038907039,0.4888131083569512,0.5285714285714286,0.47777777777777775,0.5171428571428571,0.4485478401887071,0.5988405797101449,0.3838095238095238,0.31075391998980034,0.38614814814814813,0.5171428571428571,0.4449612403100775,0.24510767343600928,0.32780346588396125,0.5988405797101449,0.3738095238095238,0.16671804249390457,0.19358717654172203,0.028373858193583974,0.029416086117105732
rtc_757,0.6842857142857143,0.696,0.47931357355030346,0.48195901176628864,0.4766001884142982,0.49812498912606207,0.48571428571428577,0.47111111111111115,0.5055320910973086,0.39568572594276386,0.6133500417710944,0.3591468253968254,0.2944778665708898,0.3171358024691358,0.4597142857142857,0.3939313399778516,0.3238607968742901,0.2760551110396312,0.6133500417710944,0.3591468253968254,0.16718992884510125,0.17923404115084124,0.029188786161540727,0.04025429372458677
rtc_758,0.6985714285714286,0.692,0.4444223602484472,0.4563579664042491,0.49155464418622313,0.4847176947400146,0.4095238095238095,0.43555555555555553,0.5676190476190477,0.38011014976815255,0.5722435897435897,0.42850319615025495,0.246354895590776,0.23463366336633662,0.5642857142857143,0.318250276854928,0.19839105339105337,0.20229584656829241,0.5722435897435897,0.37516095016095014,0.23322344322344324,0.25560168245926757,0.030738610921408015,0.029760952365713782
rtc_759,0.7,0.7066666666666667,0.477922738573341,0.46050442311311884,0.498615368371466,0.5144677230046948,0.46190476190476193,0.4177777777777778,0.5634199134199134,0.2573890951729529,0.6322495894909687,0.3412578683786114,0.3415329343148892,0.17706343967730107,0.5634199134199134,0.2543078626799557,0.3141630591630592,0.1517885623148781,0.6322495894909687,0.25329296661193207,0.22773946360153258,0.24253520871106984,0.032718144130472304,0.01916629694999821
rtc_760,0.7071428571428571,0.7006666666666667,0.408841702864369,0.42133591898297773,0.5156163539851695,0.5039276014865638,0.34285714285714286,0.3644444444444444,0.44649859943977593,0.4286541936235938,0.7245962732919254,0.3989007713884993,0.2387494376968061,0.28560860530497495,0.44649859943977593,0.3391805094130675,0.24458152958152954,0.29728867623604466,0.7245962732919254,0.3520564516129032,0.2506027641499539,0.2857997179500825,0.04137844098370839,0.02020305089104422
rtc_761,0.7028571428571428,0.6913333333333334,0.5051560792553588,0.4740757569379018,0.5050451162132805,0.4879584150769022,0.5095238095238095,0.4644444444444445,0.5585714285714285,0.4830989237800384,0.6389105339105339,0.4977633739521218,0.3005260107585689,0.3256773010634396,0.5585714285714285,0.45488372093023255,0.2545729408023261,0.29632369694289207,0.6389105339105339,0.4628571428571429,0.1734428024083196,0.19472504131701487,0.026594790288543696,0.04393873285494199
rtc_762,0.7,0.6946666666666667,0.5001898261376545,0.4797918133565413,0.49866548312368747,0.48989206793740203,0.5047619047619047,0.47333333333333333,0.5399792960662526,0.46651629072681705,0.6063450292397661,0.43755855155129203,0.28027595313309595,0.32624691358024693,0.4885714285714286,0.4647619047619048,0.3082685929762391,0.29322102046560256,0.6063450292397661,0.43137740100049643,0.18358092662352296,0.21386200280413367,0.03165254408157199,0.03288818409491812
rtc_763,0.7,0.6986666666666668,0.4644171009051786,0.46585396853070427,0.4982922909238699,0.4969205837597868,0.43809523809523804,0.4422222222222222,0.570952380952381,0.4017270261837906,0.5766760037348273,0.4499025341130604,0.241172458979768,0.2518682312675712,0.5542857142857143,0.31021040974529346,0.22172438672438669,0.22088241995362737,0.5720728291316527,0.3835565306153542,0.23600981620718464,0.2558699728204371,0.031073278028188787,0.02672612419124242
rtc_764,0.6957142857142857,0.7053333333333335,0.469518389469609,0.45801995106342935,0.49142024642024645,0.5116508215962441,0.4523809523809524,0.41555555555555557,0.5531341991341991,0.2907224285062862,0.615582922824302,0.35236897948972257,0.3415329343148892,0.1832362791834739,0.5531341991341991,0.287641196013289,0.3141630591630592,0.1517885623148781,0.615582922824302,0.2595429666119321,0.23440613026819923,0.253646319822181,0.031137634010020943,0.011605769149479937
rtc_765,0.7071428571428571,0.7006666666666667,0.408841702864369,0.42133591898297773,0.5156163539851695,0.5039276014865638,0.34285714285714286,0.3644444444444444,0.44649859943977593,0.4286541936235938,0.7245962732919254,0.3989007713884993,0.2387494376968061,0.28560860530497495,0.44649859943977593,0.3391805094130675,0.24458152958152954,0.29728867623604466,0.7245962732919254,0.3520564516129032,0.2506027641499539,0.2857997179500825,0.04137844098370839,0.02020305089104422
rtc_766,0.7085714285714286,0.6966666666666667,0.5242212051818635,0.4792575009782062,0.5175736389776628,0.49490168987425387,0.5333333333333333,0.4666666666666666,0.6128571428571429,0.36281545176210017,0.6146969696969696,0.4002380952380952,0.32518513667665616,0.27035374648575966,0.6128571428571429,0.359734219269103,0.1819674004156763,0.24337313872917585,0.6146969696969696,0.4002380952380952,0.1928111757523522,0.16322874026591067,0.03905135139841517,0.043892261416392034
rtc_767,0.7057142857142857,0.7033333333333334,0.5106645488491609,0.4842208794483325,0.5110703515815407,0.5073151058875628,0.5142857142857143,0.4666666666666666,0.5528571428571428,0.3968796821054003,0.5950541125541126,0.4438095238095238,0.3066702763013307,0.28466764454223203,0.5528571428571428,0.39379844961240307,0.1788085902103893,0.2673099861954351,0.5950541125541126,0.4438095238095238,0.19246950710108604,0.15099891718961486,0.035137934478848915,0.04100771455544949
rtc_768,0.6885714285714286,0.692,0.46621689017153234,0.4678252569070896,0.48415861294122775,0.4847044266313791,0.4523809523809524,0.4533333333333333,0.6052380952380952,0.2970612577956519,0.6261536193424738,0.4412730751610209,0.3061068052674977,0.16440801857963575,0.6052380952380952,0.28473975636766335,0.20900264486471382,0.1894508999772158,0.6261536193424738,0.4172964669738863,0.18511856988512337,0.20432874084149838,0.04231689124226089,0.036589281356759165
rtc_769,0.7,0.7066666666666667,0.477922738573341,0.46050442311311884,0.498615368371466,0.5144677230046948,0.46190476190476193,0.4177777777777778,0.5634199134199134,0.2573890951729529,0.6322495894909687,0.3412578683786114,0.3415329343148892,0.17706343967730107,0.5634199134199134,0.2543078626799557,0.3141630591630592,0.1517885623148781,0.6322495894909687,0.25329296661193207,0.22773946360153258,0.24253520871106984,0.030640035370097008,0.01916629694999821
rtc_770,0.7071428571428571,0.7006666666666667,0.408841702864369,0.42133591898297773,0.5156163539851695,0.5039276014865638,0.34285714285714286,0.3644444444444444,0.44649859943977593,0.4286541936235938,0.7245962732919254,0.3989007713884993,0.2387494376968061,0.28560860530497495,0.44649859943977593,0.3391805094130675,0.24458152958152954,0.29728867623604466,0.7245962732919254,0.3520564516129032,0.2506027641499539,0.2857997179500825,0.04137844098370839,0.02020305089104422
rtc_771,0.7114285714285714,0.7093333333333334,0.4805953892901684,0.4593593336252845,0.5162303820840406,0.5195004995004995,0.4523809523809524,0.4155555555555555,0.4492857142857143,0.39451423609390346,0.5982738095238095,0.41777265745007675,0.238011451363436,0.2913580246913581,0.440952380952381,0.37038759689922474,0.21214285714285713,0.23442831678125797,0.5819047619047619,0.41777265745007675,0.19639871622630245,0.18457703470508716,0.03222751180387485,0.036867108287325555
rtc_772,0.7114285714285715,0.7113333333333334,0.48094151836582916,0.4569041981422538,0.5165124754695822,0.5262410571884256,0.4523809523809524,0.40888888888888886,0.4461111111111111,0.3961350958542981,0.6076678876678876,0.40934758155230594,0.2333602885727383,0.2995061728395062,0.440952380952381,0.3750387596899224,0.20896825396825397,0.23674560733384267,0.5917948717948718,0.40142857142857136,0.19705210976762702,0.18379555142281107,0.03244727913029473,0.03901857223927904
rtc_773,0.7114285714285714,0.7153333333333334,0.43909023908879713,0.4478165108492239,0.5217474555804726,0.5364865127711276,0.380952380952381,0.38666666666666666,0.48517316017316026,0.3273570382865508,0.6052380952380952,0.4931829573934837,0.2577553002802172,0.19114411441144114,0.4816017316017316,0.3021705426356589,0.20012820512820512,0.1986021202739469,0.6052380952380952,0.4376190476190476,0.1817912755312965,0.2272305764411028,0.037406082263112775,0.028784916685156987
rtc_774,0.7114285714285715,0.7106666666666668,0.47483492449088593,0.44322498389523873,0.518890158385022,0.5202709265344365,0.4428571428571428,0.3911111111111111,0.5928917748917748,0.287418652339093,0.6253520553520554,0.3726046176046176,0.33412179093242217,0.17233223322332236,0.5928917748917748,0.28682170542635654,0.26596681096681096,0.11381394663128411,0.6253520553520554,0.3314157014157014,0.24486737481996101,0.20803889925691105,0.025718151521936388,0.01895214165917371
rtc_775,0.7071428571428571,0.7006666666666667,0.408841702864369,0.42133591898297773,0.5156163539851695,0.5039276014865638,0.34285714285714286,0.3644444444444444,0.44649859943977593,0.4286541936235938,0.7245962732919254,0.3989007713884993,0.2387494376968061,0.28560860530497495,0.44649859943977593,0.3391805094130675,0.24458152958152954,0.29728867623604466,0.7245962732919254,0.3520564516129032,0.2506027641499539,0.2857997179500825,0.04070043286097156,0.02020305089104422
rtc_776,0.7042857142857143,0.7086666666666667,0.4603862209400984,0.45148845085100237,0.501781481764661,0.5193237823128384,0.42857142857142855,0.40444444444444444,0.4609523809523809,0.4143169140361163,0.5938729175880878,0.4057142857142857,0.25634202683686863,0.32387996577435524,0.4609523809523809,0.39122923588039865,0.19445384450631828,0.25492742551566083,0.5938729175880878,0.38920634920634917,0.18668854443047994,0.18769005847953218,0.040030802480161345,0.0387561713321444
rtc_777,0.7114285714285715,0.7153333333333334,0.4771235393654183,0.46712467713046557,0.5153829470902641,0.5350453514739228,0.44761904761904764,0.41999999999999993,0.47523809523809524,0.4143169140361163,0.6180487417639121,0.4125618672665917,0.2516908640461709,0.3215589781200342,0.47523809523809524,0.37634551495016605,0.21611111111111114,0.2579577285459639,0.6180487417639121,0.3689285714285714,0.1938672438672439,0.1933787802386771,0.03892803943484406,0.03602720060833853
rtc_778,0.7114285714285714,0.71,0.43421607686801594,0.42875513422859945,0.5198408981296401,0.5266955190395344,0.3761904761904762,0.3644444444444444,0.456991341991342,0.38808532960307746,0.5890726817042606,0.5133333333333333,0.2531268460277028,0.23062559589292264,0.4534199134199134,0.3659800664451828,0.20012820512820512,0.18777960945143607,0.5890726817042606,0.49523809523809526,0.1831162038718378,0.23167867111512663,0.043786737322082686,0.03338091841585124
rtc_779,0.7185714285714286,0.7066666666666666,0.4717639169855124,0.41580265405595157,0.5430065849795782,0.5195676737455491,0.42380952380952375,0.3511111111111111,0.5074800101858925,0.2775193798449612,0.6707936507936508,0.4701670843776107,0.27162048271682826,0.17041388583302775,0.5074800101858925,0.2775193798449612,0.2186940836940837,0.17636202806481444,0.6707936507936508,0.4461904761904762,0.249456017763002,0.24351848363452175,0.03299925579776909,0.016035674514745465
rtc_780,0.7071428571428571,0.7006666666666667,0.408841702864369,0.42133591898297773,0.5156163539851695,0.5039276014865638,0.34285714285714286,0.3644444444444444,0.44649859943977593,0.4286541936235938,0.7245962732919254,0.3989007713884993,0.2387494376968061,0.28560860530497495,0.44649859943977593,0.3391805094130675,0.24458152958152954,0.29728867623604466,0.7245962732919254,0.3520564516129032,0.2506027641499539,0.2857997179500825,0.04136057266616422,0.02020305089104422
rtc_781,0.7042857142857143,0.7040000000000001,0.4606956745751387,0.4451885157990265,0.5022708618331053,0.5164231520993108,0.43809523809523815,0.40444444444444444,0.45160894660894657,0.3809465524275806,0.5821082117057349,0.4264935064935065,0.24205631255115428,0.2776875687568757,0.44666666666666666,0.36194905869324473,0.21441682838234563,0.20744910404353128,0.5821082117057349,0.41880952380952385,0.1975602891731924,0.1988705072636858,0.042748530171879594,0.022406267344797323
rtc_782,0.7071428571428572,0.7053333333333333,0.4630980769775411,0.44400330813707034,0.508937528499772,0.5188992163295061,0.43809523809523815,0.4,0.45160894660894657,0.3809465524275806,0.5908994204969438,0.41935064935064936,0.23740514976045662,0.2789221366581103,0.44666666666666666,0.36194905869324473,0.21303751803751805,0.20744910404353128,0.5908994204969438,0.4076811594202899,0.1975602891731924,0.19633606259576925,0.041567965107527916,0.022587697572631286
rtc_783,0.7114285714285715,0.7106666666666667,0.43611823033616953,0.4165460492189078,0.5233155481082987,0.5287231450719823,0.3761904761904762,0.3488888888888889,0.451984126984127,0.42338205294357645,0.621904761904762,0.5576623376623376,0.23936784204313494,0.2201405696125168,0.44523809523809527,0.37922480620155036,0.211984126984127,0.20125045233404365,0.621904761904762,0.5426190476190476,0.22632080240939798,0.2653463203463204,0.04197758877824207,0.025793528693239705
rtc_784,0.7157142857142857,0.7026666666666667,0.48469608085860594,0.42381719966894593,0.5329419855769888,0.5146752440350805,0.45714285714285713,0.3688888888888888,0.5156832187420423,0.3373643410852713,0.6316149068322982,0.41534915720674237,0.3068465619842609,0.20556851240679624,0.5075014005602241,0.3373643410852713,0.2445815295815296,0.17467867529787034,0.6316149068322982,0.38595238095238094,0.20365095777838196,0.2402950446526298,0.03620134087170891,0.013850513878332377
rtc_785,0.7085714285714285,0.6966666666666665,0.42540525396649487,0.4197442956599449,0.5151586007189455,0.4939917184265011,0.3666666666666667,0.36888888888888893,0.4557596978185214,0.4208078335373317,0.6679296066252588,0.4107177768468091,0.24358169608169605,0.30279012345679013,0.4249299719887955,0.2767441860465116,0.2895743145743146,0.3420047444815246,0.6170205157161679,0.3786290322580645,0.2927615473956937,0.3083728959304407,0.041975950161608204,0.022314999074019015
rtc_786,0.6985714285714286,0.7186666666666667,0.4611033274757297,0.4688286913426527,0.4973352573352573,0.5555160789010734,0.4428571428571429,0.41555555555555557,0.45296703296703295,0.28784519438130207,0.5827086533538146,0.3606432748538012,0.23385241410070928,0.2759012345679013,0.44142857142857145,0.2549723145071982,0.2486019536019536,0.2527937490785788,0.581111111111111,0.33568726781492736,0.21015267338607,0.2167293233082707,0.038135555375231445,0.0053452248382485044
rtc_787,0.7,0.7173333333333334,0.462211596870444,0.46603148854544996,0.501038961038961,0.5517424939954131,0.4428571428571429,0.4133333333333334,0.45296703296703295,0.29355948009558774,0.5965975422427036,0.365218438252494,0.23249827809835427,0.2759012345679013,0.44142857142857145,0.26068660022148393,0.2486019536019536,0.2527937490785788,0.595,0.34026243121362015,0.21015267338607,0.21653318077803205,0.038135555375231445,0.004517539514526275
rtc_788,0.7,0.7193333333333334,0.4594887258611281,0.4692471223055669,0.5007281144781144,0.5561232029325849,0.43809523809523815,0.41555555555555557,0.45296703296703295,0.2830832896193973,0.5922324628776241,0.37397660818713446,0.24119935287621946,0.2587407407407407,0.44142857142857145,0.2549723145071982,0.2486019536019536,0.22075911704394677,0.5906349206349206,0.35473488686254645,0.20623914625272857,0.2031998474446987,0.032446677434872596,0.007824607964359527
rtc_789,0.7,0.7186666666666666,0.4589119105133008,0.4661368733185681,0.5001429453199713,0.5606820052006187,0.43809523809523815,0.40888888888888897,0.45632837750484806,0.2535594800955878,0.587495620772361,0.32175438596491224,0.21738982906669566,0.23713678034470115,0.44478991596638656,0.23009966777408639,0.22093961593961592,0.18633482100974358,0.5858980785296575,0.27153952327865366,0.2257371526323139,0.20925089849574974,0.034280067274413226,0.006388765649999425
rtc_790,0.7142857142857144,0.6966666666666667,0.4544146825392678,0.43333473534425615,0.5374683094892965,0.49555553419152637,0.40476190476190477,0.3888888888888889,0.4369977081741788,0.38919946926138876,0.6304212454212454,0.3513048528000808,0.2290227565227565,0.35012443466568877,0.3900280112044819,0.2962790697674419,0.23912698412698413,0.3581172181791377,0.5945238095238096,0.3019974934927214,0.2621764346764347,0.250019305019305,0.03775104329821829,0.01428571428571428
rtc_791,0.6971428571428572,0.7126666666666667,0.456643233579016,0.4679994617528491,0.49388698147318844,0.5362334295791644,0.43809523809523815,0.42444444444444446,0.42534798534798535,0.24011552946537465,0.5911111111111111,0.29909356725146197,0.22909050933880448,0.2485168072362792,0.41380952380952385,0.1745514950166113,0.2486019536019536,0.23630600565585086,0.5911111111111111,0.27338568051334006,0.21090922149745683,0.22623906313097325,0.03756000804874611,0.005714285714285733
rtc_792,0.6971428571428572,0.7126666666666667,0.456643233579016,0.4679994617528491,0.49388698147318844,0.5362334295791644,0.43809523809523815,0.42444444444444446,0.42534798534798535,0.24011552946537465,0.5911111111111111,0.29909356725146197,0.22909050933880448,0.2485168072362792,0.41380952380952385,0.1745514950166113,0.2486019536019536,0.23630600565585086,0.5911111111111111,0.27338568051334006,0.21090922149745683,0.22623906313097325,0.03756000804874611,0.005714285714285733
rtc_793,0.6985714285714286,0.7106666666666668,0.4550286319644144,0.45870859126452646,0.49727983861604547,0.5314075589323982,0.4333333333333334,0.4133333333333334,0.42534798534798535,0.24620633788176444,0.6006349206349206,0.31242690058479533,0.2364374481143147,0.23555384427331622,0.41380952380952385,0.18540420819490583,0.2486019536019536,0.2042713736212188,0.6006349206349206,0.29243329956095915,0.2069956943641154,0.21290572979763986,0.03217047309776886,0.008329931278350442
rtc_794,0.7,0.7153333333333333,0.448134323021325,0.45993412814889323,0.5003101416463485,0.542221231043711,0.419047619047619,0.4066666666666666,0.42534798534798535,0.2736868037523232,0.5906349206349206,0.29314118629908104,0.2102469719238385,0.25945679012345685,0.41380952380952385,0.1786267995570321,0.2206798756798757,0.23175183949177755,0.5906349206349206,0.24209007779659952,0.2116217627401838,0.22891413315898443,0.031975340021344646,0.009035079029052533
rtc_795,0.7185714285714286,0.6986666666666667,0.44328375151763455,0.40320397184765006,0.5581763144263144,0.4970634920634921,0.38095238095238093,0.34888888888888886,0.4097142857142857,0.38715174953925047,0.6338095238095237,0.25712779973649547,0.19302708552708553,0.3620843417675101,0.38213852813852817,0.28228128460686597,0.22064213564213567,0.3490263090882286,0.6338095238095237,0.19228896103896104,0.24675245806824755,0.2304611330698288,0.04364297980157705,0.013248026422136714
rtc_796,0.7014285714285714,0.7126666666666667,0.430145390708771,0.4478547422090422,0.5043890257252326,0.525595156959357,0.3761904761904762,0.39333333333333337,0.44238095238095243,0.3050925410778532,0.5834126984126984,0.24377610693400165,0.2505052652421073,0.2736296296296296,0.44238095238095243,0.26420819490586933,0.21914141414141416,0.22670982268505488,0.5834126984126984,0.19808794015690562,0.25954925191767303,0.21629643213725372,0.03661078668337167,0.011428571428571437
rtc_797,0.7014285714285714,0.7126666666666667,0.430145390708771,0.4478547422090422,0.5043890257252326,0.525595156959357,0.3761904761904762,0.39333333333333337,0.44238095238095243,0.3050925410778532,0.5834126984126984,0.24377610693400165,0.2505052652421073,0.2736296296296296,0.44238095238095243,0.26420819490586933,0.21914141414141416,0.22670982268505488,0.5834126984126984,0.19808794015690562,0.25954925191767303,0.21629643213725372,0.03661078668337167,0.011428571428571437
rtc_798,0.7014285714285714,0.7126666666666667,0.430145390708771,0.4478547422090422,0.5043890257252326,0.525595156959357,0.3761904761904762,0.39333333333333337,0.44238095238095243,0.3050925410778532,0.5834126984126984,0.24377610693400165,0.2505052652421073,0.2736296296296296,0.44238095238095243,0.26420819490586933,0.21914141414141416,0.22670982268505488,0.5834126984126984,0.19808794015690562,0.25954925191767303,0.21629643213725372,0.03170915672387192,0.011428571428571437
rtc_799,0.7014285714285714,0.71,0.430145390708771,0.4392337376428321,0.5043890257252326,0.5189284902926904,0.3761904761904762,0.3844444444444445,0.44238095238095243,0.32369719224064386,0.5834126984126984,0.24377610693400165,0.2505052652421073,0.2785679012345679,0.44238095238095243,0.28281284606866,0.21914141414141416,0.22670982268505488,0.5834126984126984,0.2161233668879845,0.25954925191767303,0.21629643213725372,0.032313908464566346,0.011428571428571437
rtc_800,0.6942857142857143,0.7026666666666667,0.40211188632241257,0.41999934546801193,0.47346611721611714,0.5019644389287247,0.3619047619047619,0.37777777777777777,0.42833333333333334,0.37193724268387673,0.6971904761904762,0.2715812257917521,0.21255411255411252,0.34633614472558366,0.3829004329004329,0.2631893687707641,0.25469696969696975,0.3338118022328549,0.6971904761904762,0.17521756978653524,0.24554453517323022,0.2330763972869236,0.04162719511777592,0.027627256579733896
